# Converted from Roblox mesh format
# Vertices: 1566, Faces: 1920

v -0.054476 -0.259421 0.424987 1.000000 1.000000 1.000000
v -0.054506 -0.282903 0.237208 1.000000 1.000000 1.000000
v -0.022637 -0.283709 0.226722 1.000000 1.000000 1.000000
v -0.022625 -0.257302 0.440653 1.000000 1.000000 1.000000
v -0.054476 0.085606 0.371773 1.000000 1.000000 1.000000
v -0.054476 0.067551 0.359793 1.000000 1.000000 1.000000
v -0.022625 0.067551 0.374118 1.000000 1.000000 1.000000
v -0.022625 0.085584 0.386683 1.000000 1.000000 1.000000
v -0.054476 0.085753 0.178484 1.000000 1.000000 1.000000
v -0.054476 0.067551 0.188054 1.000000 1.000000 1.000000
v -0.054476 0.067551 0.359793 1.000000 1.000000 1.000000
v -0.054476 0.085606 0.371773 1.000000 1.000000 1.000000
v -0.054476 0.085753 0.178484 1.000000 1.000000 1.000000
v -0.022625 0.072849 0.167924 1.000000 1.000000 1.000000
v -0.022625 0.067551 0.173774 1.000000 1.000000 1.000000
v -0.054476 0.067551 0.188054 1.000000 1.000000 1.000000
v -0.054476 0.027735 0.343958 1.000000 1.000000 1.000000
v -0.054476 -0.000881 0.344738 1.000000 1.000000 1.000000
v -0.022625 0.000114 0.358858 1.000000 1.000000 1.000000
v -0.022625 0.029047 0.357808 1.000000 1.000000 1.000000
v -0.065216 0.017704 0.330002 1.000000 1.000000 1.000000
v -0.065216 0.010146 0.200059 1.000000 1.000000 1.000000
v -0.065216 -0.004374 0.202649 1.000000 1.000000 1.000000
v -0.065216 -0.007830 0.331158 1.000000 1.000000 1.000000
v -0.065216 -0.050676 0.352048 1.000000 1.000000 1.000000
v -0.065216 -0.046168 0.224049 1.000000 1.000000 1.000000
v -0.065216 -0.064981 0.221054 1.000000 1.000000 1.000000
v -0.065216 -0.066064 0.361158 1.000000 1.000000 1.000000
v -0.022625 -0.045068 0.379903 1.000000 1.000000 1.000000
v -0.054476 -0.044360 0.365368 1.000000 1.000000 1.000000
v -0.054476 -0.059084 0.375138 1.000000 1.000000 1.000000
v -0.022625 -0.058432 0.388868 1.000000 1.000000 1.000000
v -0.022625 -0.039303 0.198114 1.000000 1.000000 1.000000
v -0.022625 -0.058378 0.193115 1.000000 1.000000 1.000000
v -0.054476 -0.057671 0.203864 1.000000 1.000000 1.000000
v -0.054476 -0.038479 0.208889 1.000000 1.000000 1.000000
v -0.065216 -0.188754 0.245409 1.000000 1.000000 1.000000
v -0.065216 -0.240274 0.251397 1.000000 1.000000 1.000000
v -0.065216 -0.227711 0.412708 1.000000 1.000000 1.000000
v -0.065216 -0.182111 0.413383 1.000000 1.000000 1.000000
v -0.054476 -0.187202 0.432458 1.000000 1.000000 1.000000
v -0.054476 -0.238791 0.431037 1.000000 1.000000 1.000000
v -0.022625 -0.238276 0.444948 1.000000 1.000000 1.000000
v -0.022625 -0.187187 0.446308 1.000000 1.000000 1.000000
v -0.054476 -0.199622 0.228622 1.000000 1.000000 1.000000
v -0.022625 -0.199551 0.218029 1.000000 1.000000 1.000000
v -0.022625 -0.258457 0.224844 1.000000 1.000000 1.000000
v -0.054476 -0.258932 0.235353 1.000000 1.000000 1.000000
v -0.054476 -0.259421 0.424987 1.000000 1.000000 1.000000
v -0.022625 -0.257302 0.440653 1.000000 1.000000 1.000000
v -0.022637 -0.283709 0.226722 1.000000 1.000000 1.000000
v -0.054506 -0.282903 0.237208 1.000000 1.000000 1.000000
v -0.065217 -0.246391 0.406608 1.000000 1.000000 1.000000
v -0.065243 -0.264395 0.253003 1.000000 1.000000 1.000000
v -0.065216 -0.034145 0.342848 1.000000 1.000000 1.000000
v -0.065216 -0.016148 0.218119 1.000000 1.000000 1.000000
v -0.022625 -0.026306 0.369563 1.000000 1.000000 1.000000
v -0.054476 -0.025887 0.355183 1.000000 1.000000 1.000000
v -0.054476 -0.018065 0.203709 1.000000 1.000000 1.000000
v -0.022625 -0.019052 0.192899 1.000000 1.000000 1.000000
v -0.022625 0.015762 0.174049 1.000000 1.000000 1.000000
v -0.022625 -0.008027 0.176584 1.000000 1.000000 1.000000
v -0.054476 -0.006123 0.187134 1.000000 1.000000 1.000000
v -0.054476 0.017877 0.184604 1.000000 1.000000 1.000000
v -0.065216 -0.135153 0.236148 1.000000 1.000000 1.000000
v -0.065216 -0.124063 0.391933 1.000000 1.000000 1.000000
v -0.022625 -0.140220 0.208874 1.000000 1.000000 1.000000
v -0.054476 -0.139879 0.219549 1.000000 1.000000 1.000000
v -0.054476 -0.125417 0.409992 1.000000 1.000000 1.000000
v -0.022625 -0.125066 0.423777 1.000000 1.000000 1.000000
v -0.049380 0.246890 0.415433 1.000000 1.000000 1.000000
v 0.000000 0.246890 0.415433 1.000000 1.000000 1.000000
v 0.000000 0.264634 0.415433 1.000000 1.000000 1.000000
v -0.049380 0.264634 0.415433 1.000000 1.000000 1.000000
v -0.022625 0.072849 0.167924 1.000000 1.000000 1.000000
v -0.054476 0.085753 0.178484 1.000000 1.000000 1.000000
v -0.054417 0.085753 0.053932 1.000000 1.000000 1.000000
v -0.022566 0.072849 0.053924 1.000000 1.000000 1.000000
v -0.022625 0.085584 0.386683 1.000000 1.000000 1.000000
v -0.022625 0.085584 0.412003 1.000000 1.000000 1.000000
v -0.054476 0.085606 0.411983 1.000000 1.000000 1.000000
v -0.054476 0.085606 0.371773 1.000000 1.000000 1.000000
v -0.049380 0.264634 0.327963 1.000000 1.000000 1.000000
v -0.049380 0.246890 0.313303 1.000000 1.000000 1.000000
v -0.049380 0.246890 0.415433 1.000000 1.000000 1.000000
v -0.049380 0.264634 0.415433 1.000000 1.000000 1.000000
v -0.049380 0.228084 0.293662 1.000000 1.000000 1.000000
v -0.049380 0.228084 0.415433 1.000000 1.000000 1.000000
v -0.022625 0.054935 0.179799 1.000000 1.000000 1.000000
v -0.022625 0.035491 0.179704 1.000000 1.000000 1.000000
v -0.054476 0.037015 0.190259 1.000000 1.000000 1.000000
v -0.054476 0.055876 0.190359 1.000000 1.000000 1.000000
v -0.065216 0.043711 0.205459 1.000000 1.000000 1.000000
v -0.065216 0.027288 0.204945 1.000000 1.000000 1.000000
v -0.065216 0.032275 0.331672 1.000000 1.000000 1.000000
v -0.065216 0.046163 0.337403 1.000000 1.000000 1.000000
v -0.054476 0.059074 0.354168 1.000000 1.000000 1.000000
v -0.054476 0.043518 0.347697 1.000000 1.000000 1.000000
v -0.022625 0.044455 0.361843 1.000000 1.000000 1.000000
v -0.022625 0.059639 0.368608 1.000000 1.000000 1.000000
v -0.054476 0.112454 0.166581 1.000000 1.000000 1.000000
v -0.054417 0.112454 0.053932 1.000000 1.000000 1.000000
v -0.054476 0.085606 0.371773 1.000000 1.000000 1.000000
v -0.054476 0.112308 0.361167 1.000000 1.000000 1.000000
v -0.054476 0.116884 0.414343 1.000000 1.000000 1.000000
v -0.054476 0.085606 0.411983 1.000000 1.000000 1.000000
v -0.022625 0.085584 0.441643 1.000000 1.000000 1.000000
v -0.022625 0.096474 0.441538 1.000000 1.000000 1.000000
v -0.054476 0.096496 0.441523 1.000000 1.000000 1.000000
v -0.054476 0.085606 0.441623 1.000000 1.000000 1.000000
v -0.049380 0.169421 0.143010 1.000000 1.000000 1.000000
v -0.049328 0.169421 0.053927 1.000000 1.000000 1.000000
v -0.054417 0.165321 0.053932 1.000000 1.000000 1.000000
v -0.054476 0.165321 0.143015 1.000000 1.000000 1.000000
v -0.054476 0.165175 0.340168 1.000000 1.000000 1.000000
v -0.049380 0.169274 0.338827 1.000000 1.000000 1.000000
v -0.049380 0.169274 0.415433 1.000000 1.000000 1.000000
v -0.054476 0.165175 0.416773 1.000000 1.000000 1.000000
v -0.022625 0.165154 0.416788 1.000000 1.000000 1.000000
v 0.000000 0.169248 0.415458 1.000000 1.000000 1.000000
v -0.049380 0.169274 0.415433 1.000000 1.000000 1.000000
v -0.054476 0.165175 0.416773 1.000000 1.000000 1.000000
v 0.000000 0.072837 0.165324 1.000000 1.000000 1.000000
v 0.000000 0.072837 0.053939 1.000000 1.000000 1.000000
v 0.000000 0.067551 0.171044 1.000000 1.000000 1.000000
v 0.000000 0.054265 0.177205 1.000000 1.000000 1.000000
v 0.000000 0.034408 0.177109 1.000000 1.000000 1.000000
v 0.000000 0.014259 0.171455 1.000000 1.000000 1.000000
v 0.000000 -0.009380 0.173989 1.000000 1.000000 1.000000
v 0.000000 -0.019755 0.190124 1.000000 1.000000 1.000000
v 0.000000 -0.039889 0.195359 1.000000 1.000000 1.000000
v 0.000000 -0.058881 0.190374 1.000000 1.000000 1.000000
v 0.000000 -0.140463 0.206189 1.000000 1.000000 1.000000
v 0.000000 -0.199500 0.215409 1.000000 1.000000 1.000000
v 0.000000 -0.258120 0.222284 1.000000 1.000000 1.000000
v 0.000000 -0.283904 0.224174 1.000000 1.000000 1.000000
v 0.000000 -0.283904 0.224174 1.000000 1.000000 1.000000
v 0.000000 -0.256388 0.445743 1.000000 1.000000 1.000000
v 0.000000 -0.256388 0.445743 1.000000 1.000000 1.000000
v 0.000000 -0.238501 0.448792 1.000000 1.000000 1.000000
v 0.000000 -0.187176 0.450108 1.000000 1.000000 1.000000
v 0.000000 -0.124817 0.427532 1.000000 1.000000 1.000000
v 0.000000 -0.057969 0.392578 1.000000 1.000000 1.000000
v 0.000000 -0.045570 0.384198 1.000000 1.000000 1.000000
v 0.000000 -0.026603 0.373738 1.000000 1.000000 1.000000
v 0.000000 0.000820 0.362848 1.000000 1.000000 1.000000
v 0.000000 0.029980 0.361607 1.000000 1.000000 1.000000
v 0.000000 0.045120 0.365858 1.000000 1.000000 1.000000
v 0.000000 0.060041 0.372828 1.000000 1.000000 1.000000
v 0.000000 0.067551 0.378238 1.000000 1.000000 1.000000
v 0.000000 0.085569 0.391228 1.000000 1.000000 1.000000
v 0.000000 0.085569 0.391228 1.000000 1.000000 1.000000
v 0.000000 0.085569 0.412017 1.000000 1.000000 1.000000
v 0.000000 0.085569 0.441658 1.000000 1.000000 1.000000
v 0.000000 0.096459 0.441553 1.000000 1.000000 1.000000
v 0.000000 0.165138 0.416803 1.000000 1.000000 1.000000
v -0.049380 0.275075 0.337027 1.000000 1.000000 1.000000
v -0.049380 0.275075 0.407012 1.000000 1.000000 1.000000
v 0.000000 0.275075 0.407012 1.000000 1.000000 1.000000
v 0.000000 0.275075 0.337027 1.000000 1.000000 1.000000
v -0.022625 0.116862 0.414362 1.000000 1.000000 1.000000
v 0.000000 0.116847 0.414373 1.000000 1.000000 1.000000
v 0.000000 0.133052 0.415188 1.000000 1.000000 1.000000
v -0.022625 0.133068 0.415177 1.000000 1.000000 1.000000
v -0.054476 0.133089 0.415157 1.000000 1.000000 1.000000
v -0.054476 0.116884 0.414343 1.000000 1.000000 1.000000
v -0.054476 0.133089 0.415157 1.000000 1.000000 1.000000
v -0.049316 0.169421 0.029652 1.000000 1.000000 1.000000
v -0.049137 0.169421 -0.079867 1.000000 1.000000 1.000000
v -0.054193 0.165321 -0.079867 1.000000 1.000000 1.000000
v -0.054402 0.165321 0.029652 1.000000 1.000000 1.000000
v -0.054193 0.110085 -0.065812 1.000000 1.000000 1.000000
v -0.054402 0.110085 0.029652 1.000000 1.000000 1.000000
v -0.054402 0.128621 0.029652 1.000000 1.000000 1.000000
v -0.054193 0.128621 -0.075598 1.000000 1.000000 1.000000
v -0.045183 0.089767 -0.047952 1.000000 1.000000 1.000000
v -0.049621 0.088730 0.029652 1.000000 1.000000 1.000000
v -0.022341 0.072849 -0.019077 1.000000 1.000000 1.000000
v -0.022551 0.072849 0.029652 1.000000 1.000000 1.000000
v -0.022551 0.072849 0.029652 1.000000 1.000000 1.000000
v -0.022341 0.072849 -0.019077 1.000000 1.000000 1.000000
v 0.000000 0.072843 -0.019085 1.000000 1.000000 1.000000
v 0.000000 0.072837 0.029652 1.000000 1.000000 1.000000
v -0.049316 0.169421 0.029652 1.000000 1.000000 1.000000
v -0.054402 0.165321 0.029652 1.000000 1.000000 1.000000
v -0.054402 0.110085 0.029652 1.000000 1.000000 1.000000
v -0.054402 0.128621 0.029652 1.000000 1.000000 1.000000
v -0.049621 0.088730 0.029652 1.000000 1.000000 1.000000
v -0.022551 0.072849 0.029652 1.000000 1.000000 1.000000
v 0.000000 0.072837 0.029652 1.000000 1.000000 1.000000
v -0.022625 0.085584 0.424708 1.000000 1.000000 1.000000
v -0.054476 0.085606 0.424688 1.000000 1.000000 1.000000
v -0.054476 0.103217 0.425993 1.000000 1.000000 1.000000
v -0.022625 0.103195 0.426008 1.000000 1.000000 1.000000
v -0.054476 0.085606 0.424688 1.000000 1.000000 1.000000
v -0.054476 0.103217 0.425993 1.000000 1.000000 1.000000
v 0.000000 0.085569 0.424717 1.000000 1.000000 1.000000
v 0.000000 0.103180 0.426023 1.000000 1.000000 1.000000
v 0.000000 0.085569 0.441658 1.000000 1.000000 1.000000
v -0.022625 0.085584 0.441643 1.000000 1.000000 1.000000
v -0.054476 0.085606 0.441623 1.000000 1.000000 1.000000
v -0.054476 0.085606 0.441623 1.000000 1.000000 1.000000
v -0.054476 0.096496 0.441523 1.000000 1.000000 1.000000
v -0.049316 0.210681 0.029653 1.000000 1.000000 1.000000
v -0.049137 0.210681 -0.079888 1.000000 1.000000 1.000000
v -0.049328 0.210681 0.053902 1.000000 1.000000 1.000000
v -0.049316 0.210681 0.029653 1.000000 1.000000 1.000000
v -0.049380 0.210681 0.143015 1.000000 1.000000 1.000000
v -0.049380 0.169421 0.143010 1.000000 1.000000 1.000000
v -0.049380 0.169274 0.338827 1.000000 1.000000 1.000000
v -0.049380 0.210536 0.265348 1.000000 1.000000 1.000000
v -0.049380 0.210681 0.143015 1.000000 1.000000 1.000000
v -0.049380 0.210536 0.415433 1.000000 1.000000 1.000000
v -0.049380 0.169274 0.415433 1.000000 1.000000 1.000000
v -0.049380 0.210536 0.415433 1.000000 1.000000 1.000000
v -0.049380 0.169274 0.415433 1.000000 1.000000 1.000000
v 0.000000 0.169248 0.415458 1.000000 1.000000 1.000000
v 0.000000 0.210482 0.415437 1.000000 1.000000 1.000000
v -0.065216 0.053519 0.203734 1.000000 1.000000 1.000000
v -0.065216 0.053519 0.342162 1.000000 1.000000 1.000000
v 0.000000 0.072837 0.165324 1.000000 1.000000 1.000000
v -0.054476 -0.006123 0.187134 1.000000 1.000000 1.000000
v -0.054476 -0.003969 0.198189 1.000000 1.000000 1.000000
v -0.054476 0.011415 0.195444 1.000000 1.000000 1.000000
v -0.054476 0.017877 0.184604 1.000000 1.000000 1.000000
v -0.054476 -0.000881 0.344738 1.000000 1.000000 1.000000
v -0.054476 0.027735 0.343958 1.000000 1.000000 1.000000
v -0.054476 0.019422 0.333553 1.000000 1.000000 1.000000
v -0.054476 -0.006758 0.334778 1.000000 1.000000 1.000000
v -0.054476 -0.057671 0.203864 1.000000 1.000000 1.000000
v -0.054476 -0.062514 0.215949 1.000000 1.000000 1.000000
v -0.054476 -0.042581 0.219120 1.000000 1.000000 1.000000
v -0.054476 -0.038479 0.208889 1.000000 1.000000 1.000000
v -0.054476 -0.044360 0.365368 1.000000 1.000000 1.000000
v -0.054476 -0.047359 0.354733 1.000000 1.000000 1.000000
v -0.054476 -0.063662 0.364388 1.000000 1.000000 1.000000
v -0.054476 -0.059084 0.375138 1.000000 1.000000 1.000000
v -0.054476 -0.199622 0.228622 1.000000 1.000000 1.000000
v -0.054476 -0.258932 0.235353 1.000000 1.000000 1.000000
v -0.054477 -0.248235 0.248097 1.000000 1.000000 1.000000
v -0.054476 -0.193647 0.241748 1.000000 1.000000 1.000000
v -0.054476 -0.187202 0.432458 1.000000 1.000000 1.000000
v -0.054476 -0.183558 0.418407 1.000000 1.000000 1.000000
v -0.054477 -0.231874 0.417688 1.000000 1.000000 1.000000
v -0.054476 -0.238791 0.431037 1.000000 1.000000 1.000000
v -0.054478 -0.251233 0.412537 1.000000 1.000000 1.000000
v -0.054476 -0.259421 0.424987 1.000000 1.000000 1.000000
v -0.054506 -0.282903 0.237208 1.000000 1.000000 1.000000
v -0.054504 -0.270308 0.249793 1.000000 1.000000 1.000000
v -0.054476 -0.259421 0.424987 1.000000 1.000000 1.000000
v -0.054478 -0.251233 0.412537 1.000000 1.000000 1.000000
v -0.054504 -0.270308 0.249793 1.000000 1.000000 1.000000
v -0.054506 -0.282903 0.237208 1.000000 1.000000 1.000000
v -0.054476 -0.016443 0.213709 1.000000 1.000000 1.000000
v -0.054476 -0.018065 0.203709 1.000000 1.000000 1.000000
v -0.054476 -0.025887 0.355183 1.000000 1.000000 1.000000
v -0.054476 -0.029844 0.344983 1.000000 1.000000 1.000000
v -0.054476 -0.139879 0.219549 1.000000 1.000000 1.000000
v -0.054476 -0.136858 0.231938 1.000000 1.000000 1.000000
v -0.054476 -0.125109 0.396987 1.000000 1.000000 1.000000
v -0.054476 -0.125417 0.409992 1.000000 1.000000 1.000000
v -0.054476 0.037015 0.190259 1.000000 1.000000 1.000000
v -0.054476 0.029577 0.200624 1.000000 1.000000 1.000000
v -0.054476 0.046976 0.201170 1.000000 1.000000 1.000000
v -0.054476 0.055876 0.190359 1.000000 1.000000 1.000000
v -0.054476 0.043518 0.347697 1.000000 1.000000 1.000000
v -0.054476 0.059074 0.354168 1.000000 1.000000 1.000000
v -0.054476 0.049575 0.343138 1.000000 1.000000 1.000000
v -0.054476 0.034860 0.337068 1.000000 1.000000 1.000000
v -0.054476 0.057368 0.199344 1.000000 1.000000 1.000000
v -0.054476 0.057368 0.348177 1.000000 1.000000 1.000000
v -0.054476 0.057368 0.199344 1.000000 1.000000 1.000000
v -0.054476 0.067551 0.188054 1.000000 1.000000 1.000000
v -0.054476 0.067551 0.359793 1.000000 1.000000 1.000000
v -0.054476 0.057368 0.348177 1.000000 1.000000 1.000000
v -0.054476 -0.003969 0.198189 1.000000 1.000000 1.000000
v -0.054476 0.011415 0.195444 1.000000 1.000000 1.000000
v -0.054476 -0.006758 0.334778 1.000000 1.000000 1.000000
v -0.054476 0.019422 0.333553 1.000000 1.000000 1.000000
v -0.054476 -0.062514 0.215949 1.000000 1.000000 1.000000
v -0.054476 -0.042581 0.219120 1.000000 1.000000 1.000000
v -0.054476 -0.063662 0.364388 1.000000 1.000000 1.000000
v -0.054476 -0.047359 0.354733 1.000000 1.000000 1.000000
v -0.054476 -0.193647 0.241748 1.000000 1.000000 1.000000
v -0.054477 -0.248235 0.248097 1.000000 1.000000 1.000000
v -0.054476 -0.183558 0.418407 1.000000 1.000000 1.000000
v -0.054477 -0.231874 0.417688 1.000000 1.000000 1.000000
v -0.054478 -0.251233 0.412537 1.000000 1.000000 1.000000
v -0.054504 -0.270308 0.249793 1.000000 1.000000 1.000000
v -0.054504 -0.270308 0.249793 1.000000 1.000000 1.000000
v -0.054478 -0.251233 0.412537 1.000000 1.000000 1.000000
v -0.054476 -0.016443 0.213709 1.000000 1.000000 1.000000
v -0.054476 -0.029844 0.344983 1.000000 1.000000 1.000000
v -0.054476 -0.136858 0.231938 1.000000 1.000000 1.000000
v -0.054476 -0.125109 0.396987 1.000000 1.000000 1.000000
v -0.054476 0.029577 0.200624 1.000000 1.000000 1.000000
v -0.054476 0.046976 0.201170 1.000000 1.000000 1.000000
v -0.054476 0.034860 0.337068 1.000000 1.000000 1.000000
v -0.054476 0.049575 0.343138 1.000000 1.000000 1.000000
v -0.054476 0.057368 0.199344 1.000000 1.000000 1.000000
v -0.054476 0.057368 0.348177 1.000000 1.000000 1.000000
v -0.054476 0.057368 0.199344 1.000000 1.000000 1.000000
v -0.054476 0.057368 0.348177 1.000000 1.000000 1.000000
v 0.000000 0.228086 0.415437 1.000000 1.000000 1.000000
v -0.049380 0.228084 0.415433 1.000000 1.000000 1.000000
v -0.049380 0.236538 0.143015 1.000000 1.000000 1.000000
v -0.049328 0.236538 0.053902 1.000000 1.000000 1.000000
v -0.049316 0.236538 0.029653 1.000000 1.000000 1.000000
v -0.049380 0.210536 0.265348 1.000000 1.000000 1.000000
v 0.000000 0.210536 0.265348 1.000000 1.000000 1.000000
v 0.000000 0.210681 0.143015 1.000000 1.000000 1.000000
v -0.049380 0.210681 0.143015 1.000000 1.000000 1.000000
v -0.049380 0.228084 0.293662 1.000000 1.000000 1.000000
v 0.000000 0.228084 0.293662 1.000000 1.000000 1.000000
v -0.049380 0.264634 0.327963 1.000000 1.000000 1.000000
v 0.000000 0.264634 0.327963 1.000000 1.000000 1.000000
v 0.000000 0.246890 0.313303 1.000000 1.000000 1.000000
v -0.049380 0.246890 0.313303 1.000000 1.000000 1.000000
v -0.045183 0.089767 -0.047952 1.000000 1.000000 1.000000
v 0.000000 0.089767 -0.047952 1.000000 1.000000 1.000000
v -0.054193 0.110085 -0.065812 1.000000 1.000000 1.000000
v 0.000000 0.110085 -0.065812 1.000000 1.000000 1.000000
v -0.049137 0.169421 -0.079867 1.000000 1.000000 1.000000
v 0.000000 0.169421 -0.079867 1.000000 1.000000 1.000000
v 0.000000 0.165321 -0.079867 1.000000 1.000000 1.000000
v -0.054193 0.165321 -0.079867 1.000000 1.000000 1.000000
v -0.054193 0.128621 -0.075598 1.000000 1.000000 1.000000
v 0.000000 0.128621 -0.075598 1.000000 1.000000 1.000000
v -0.049316 0.210681 0.029653 1.000000 1.000000 1.000000
v 0.000000 0.210681 0.029653 1.000000 1.000000 1.000000
v 0.000000 0.210681 -0.079888 1.000000 1.000000 1.000000
v -0.049137 0.210681 -0.079888 1.000000 1.000000 1.000000
v -0.049137 0.210681 -0.079888 1.000000 1.000000 1.000000
v 0.000000 0.210681 -0.079888 1.000000 1.000000 1.000000
v 0.000000 0.236538 0.143015 1.000000 1.000000 1.000000
v -0.049380 0.236538 0.143015 1.000000 1.000000 1.000000
v 0.000000 0.236538 0.053902 1.000000 1.000000 1.000000
v -0.049328 0.236538 0.053902 1.000000 1.000000 1.000000
v -0.049316 0.236538 0.029653 1.000000 1.000000 1.000000
v 0.000000 0.236538 0.029653 1.000000 1.000000 1.000000
v -0.049380 0.270485 0.331268 1.000000 1.000000 1.000000
v 0.000000 0.270485 0.331268 1.000000 1.000000 1.000000
v -0.049380 0.270485 0.413453 1.000000 1.000000 1.000000
v -0.049380 0.270485 0.331268 1.000000 1.000000 1.000000
v 0.000000 0.270485 0.413453 1.000000 1.000000 1.000000
v -0.049380 0.270485 0.413453 1.000000 1.000000 1.000000
v -0.049380 0.275075 0.407012 1.000000 1.000000 1.000000
v -0.049380 0.275075 0.337027 1.000000 1.000000 1.000000
v -0.054402 0.149871 0.029652 1.000000 1.000000 1.000000
v -0.054193 0.149871 -0.079859 1.000000 1.000000 1.000000
v -0.054193 0.149871 -0.079859 1.000000 1.000000 1.000000
v 0.000000 0.149871 -0.079859 1.000000 1.000000 1.000000
v -0.022625 0.151646 0.416113 1.000000 1.000000 1.000000
v 0.000000 0.151631 0.416122 1.000000 1.000000 1.000000
v -0.054476 0.151668 0.416093 1.000000 1.000000 1.000000
v -0.054476 0.142919 0.349007 1.000000 1.000000 1.000000
v -0.054476 0.151668 0.416093 1.000000 1.000000 1.000000
v -0.054476 0.143065 0.152935 1.000000 1.000000 1.000000
v -0.054417 0.143065 0.053932 1.000000 1.000000 1.000000
v -0.054402 0.149871 0.029652 1.000000 1.000000 1.000000
v -0.008675 0.002730 0.145596 1.000000 1.000000 1.000000
v -0.008675 0.018529 0.150172 1.000000 1.000000 1.000000
v 0.000000 0.018529 0.150172 1.000000 1.000000 1.000000
v 0.000000 0.002730 0.145596 1.000000 1.000000 1.000000
v -0.008675 0.002692 0.173383 1.000000 1.000000 1.000000
v -0.008675 0.017801 0.182987 1.000000 1.000000 1.000000
v -0.008675 0.057903 0.139465 1.000000 1.000000 1.000000
v -0.008675 0.058202 0.183303 1.000000 1.000000 1.000000
v -0.008675 0.082617 0.170812 1.000000 1.000000 1.000000
v -0.008675 0.082617 0.109595 1.000000 1.000000 1.000000
v 0.000000 0.082617 0.109595 1.000000 1.000000 1.000000
v 0.000000 0.057903 0.139465 1.000000 1.000000 1.000000
v -0.008675 0.046039 0.146868 1.000000 1.000000 1.000000
v -0.008675 0.045508 0.187078 1.000000 1.000000 1.000000
v 0.000000 0.046039 0.146868 1.000000 1.000000 1.000000
v -0.008675 0.033184 0.187457 1.000000 1.000000 1.000000
v -0.008675 0.034052 0.150311 1.000000 1.000000 1.000000
v 0.000000 0.034052 0.150311 1.000000 1.000000 1.000000
v 0.000000 0.002730 0.145596 1.000000 1.000000 1.000000
v 0.000000 0.002692 0.173383 1.000000 1.000000 1.000000
v 0.000000 0.006886 0.058130 1.000000 1.000000 1.000000
v -0.013226 0.006886 0.058130 1.000000 1.000000 1.000000
v -0.013226 0.000047 0.083462 1.000000 1.000000 1.000000
v 0.000000 0.000047 0.083462 1.000000 1.000000 1.000000
v 0.000000 0.015498 0.040964 1.000000 1.000000 1.000000
v -0.013226 0.015498 0.040964 1.000000 1.000000 1.000000
v 0.000000 0.044374 0.021514 1.000000 1.000000 1.000000
v 0.000000 0.063975 0.016859 1.000000 1.000000 1.000000
v -0.013226 0.063975 0.016859 1.000000 1.000000 1.000000
v -0.013226 0.044374 0.021514 1.000000 1.000000 1.000000
v -0.013226 -0.008251 0.082883 1.000000 1.000000 1.000000
v -0.013226 -0.001412 0.054690 1.000000 1.000000 1.000000
v 0.000000 -0.001412 0.054690 1.000000 1.000000 1.000000
v 0.000000 -0.008251 0.082883 1.000000 1.000000 1.000000
v -0.013226 0.008439 0.035839 1.000000 1.000000 1.000000
v 0.000000 0.008439 0.035839 1.000000 1.000000 1.000000
v -0.013226 0.060355 0.008109 1.000000 1.000000 1.000000
v 0.000000 0.060355 0.008109 1.000000 1.000000 1.000000
v 0.000000 0.039680 0.013385 1.000000 1.000000 1.000000
v -0.013226 0.039680 0.013385 1.000000 1.000000 1.000000
v -0.013226 0.000047 0.083462 1.000000 1.000000 1.000000
v -0.013226 0.006886 0.058130 1.000000 1.000000 1.000000
v -0.013226 -0.001412 0.054690 1.000000 1.000000 1.000000
v -0.013226 -0.008251 0.082883 1.000000 1.000000 1.000000
v -0.013226 0.015498 0.040964 1.000000 1.000000 1.000000
v -0.013226 0.008439 0.035839 1.000000 1.000000 1.000000
v -0.013226 0.044374 0.021514 1.000000 1.000000 1.000000
v -0.013226 0.063975 0.016859 1.000000 1.000000 1.000000
v -0.013226 0.060355 0.008109 1.000000 1.000000 1.000000
v -0.013226 0.039680 0.013385 1.000000 1.000000 1.000000
v -0.013226 0.076373 0.021705 1.000000 1.000000 1.000000
v -0.013226 0.075124 0.001434 1.000000 1.000000 1.000000
v -0.013226 0.075124 0.001434 1.000000 1.000000 1.000000
v 0.000000 0.075124 0.001434 1.000000 1.000000 1.000000
v 0.000000 0.076373 0.021705 1.000000 1.000000 1.000000
v -0.013226 0.076373 0.021705 1.000000 1.000000 1.000000
v -0.013226 0.029809 0.029286 1.000000 1.000000 1.000000
v -0.013226 0.023932 0.022658 1.000000 1.000000 1.000000
v -0.013226 0.023932 0.022658 1.000000 1.000000 1.000000
v 0.000000 0.023932 0.022658 1.000000 1.000000 1.000000
v 0.000000 0.029809 0.029286 1.000000 1.000000 1.000000
v -0.013226 0.029809 0.029286 1.000000 1.000000 1.000000
v -0.013226 0.086290 0.040254 1.000000 1.000000 1.000000
v -0.013226 0.086119 -0.015131 1.000000 1.000000 1.000000
v -0.013226 0.086119 -0.015131 1.000000 1.000000 1.000000
v 0.000000 0.086119 -0.015131 1.000000 1.000000 1.000000
v 0.000000 0.086290 0.040254 1.000000 1.000000 1.000000
v -0.013226 0.086290 0.040254 1.000000 1.000000 1.000000
v 0.000000 0.001957 0.122805 1.000000 1.000000 1.000000
v -0.013226 0.001957 0.122805 1.000000 1.000000 1.000000
v -0.013226 0.010555 0.152474 1.000000 1.000000 1.000000
v 0.000000 0.010555 0.152474 1.000000 1.000000 1.000000
v -0.013226 -0.001885 0.154947 1.000000 1.000000 1.000000
v -0.013226 -0.007083 0.124419 1.000000 1.000000 1.000000
v 0.000000 -0.007083 0.124419 1.000000 1.000000 1.000000
v 0.000000 -0.001885 0.154947 1.000000 1.000000 1.000000
v -0.013226 -0.001885 0.154947 1.000000 1.000000 1.000000
v -0.013226 0.010555 0.152474 1.000000 1.000000 1.000000
v -0.013226 0.001957 0.122805 1.000000 1.000000 1.000000
v -0.013226 -0.007083 0.124419 1.000000 1.000000 1.000000
v -0.013226 0.022007 0.167031 1.000000 1.000000 1.000000
v 0.000000 0.022007 0.167031 1.000000 1.000000 1.000000
v -0.013226 -0.001885 0.170210 1.000000 1.000000 1.000000
v 0.000000 -0.001885 0.170210 1.000000 1.000000 1.000000
v -0.013226 -0.001885 0.170210 1.000000 1.000000 1.000000
v -0.013226 0.022007 0.167031 1.000000 1.000000 1.000000
v -0.013226 0.045132 0.185480 1.000000 1.000000 1.000000
v 0.000000 0.045132 0.185480 1.000000 1.000000 1.000000
v -0.013226 -0.006977 0.187493 1.000000 1.000000 1.000000
v 0.000000 -0.006977 0.187493 1.000000 1.000000 1.000000
v -0.013226 -0.006977 0.187493 1.000000 1.000000 1.000000
v -0.013226 0.045132 0.185480 1.000000 1.000000 1.000000
v -0.005927 0.255138 -0.443668 1.000000 1.000000 1.000000
v 0.000000 0.255138 -0.443668 1.000000 1.000000 1.000000
v 0.000000 0.252266 -0.444866 1.000000 1.000000 1.000000
v -0.005927 0.252266 -0.444866 1.000000 1.000000 1.000000
v -0.005927 0.263932 -0.438429 1.000000 1.000000 1.000000
v -0.005927 0.272839 -0.429212 1.000000 1.000000 1.000000
v 0.000000 0.272839 -0.429212 1.000000 1.000000 1.000000
v 0.000000 0.263932 -0.438429 1.000000 1.000000 1.000000
v -0.005927 0.277689 -0.417996 1.000000 1.000000 1.000000
v -0.005927 0.252266 -0.398381 1.000000 1.000000 1.000000
v 0.000000 0.252266 -0.398381 1.000000 1.000000 1.000000
v 0.000000 0.277689 -0.417996 1.000000 1.000000 1.000000
v -0.005927 0.252266 -0.433566 1.000000 1.000000 1.000000
v -0.005927 0.252266 -0.415904 1.000000 1.000000 1.000000
v -0.005927 0.263932 -0.438429 1.000000 1.000000 1.000000
v -0.005927 0.255138 -0.443668 1.000000 1.000000 1.000000
v -0.005927 0.252266 -0.444866 1.000000 1.000000 1.000000
v -0.005927 0.252266 -0.398381 1.000000 1.000000 1.000000
v -0.020125 0.267238 0.045718 1.000000 1.000000 1.000000
v -0.020125 0.269953 0.051847 1.000000 1.000000 1.000000
v 0.000000 0.269953 0.051847 1.000000 1.000000 1.000000
v 0.000000 0.267238 0.045718 1.000000 1.000000 1.000000
v -0.020125 0.262271 0.045718 1.000000 1.000000 1.000000
v 0.000000 0.267238 0.045718 1.000000 1.000000 1.000000
v 0.000000 0.262271 0.045718 1.000000 1.000000 1.000000
v -0.020125 0.262271 0.051847 1.000000 1.000000 1.000000
v -0.020125 0.275587 0.061056 1.000000 1.000000 1.000000
v -0.020125 0.262271 0.061056 1.000000 1.000000 1.000000
v -0.020125 0.262271 0.067038 1.000000 1.000000 1.000000
v -0.020125 0.276778 0.067038 1.000000 1.000000 1.000000
v 0.000000 0.276778 0.067038 1.000000 1.000000 1.000000
v 0.000000 0.275587 0.061056 1.000000 1.000000 1.000000
v -0.020125 0.262271 0.096889 1.000000 1.000000 1.000000
v -0.020125 0.262271 0.109387 1.000000 1.000000 1.000000
v -0.020125 0.268682 0.109387 1.000000 1.000000 1.000000
v -0.020125 0.275587 0.096889 1.000000 1.000000 1.000000
v 0.000000 0.268682 0.109387 1.000000 1.000000 1.000000
v 0.000000 0.275587 0.096889 1.000000 1.000000 1.000000
v -0.020125 0.262271 0.251633 1.000000 1.000000 1.000000
v -0.020125 0.268682 0.251633 1.000000 1.000000 1.000000
v 0.000000 0.268682 0.251633 1.000000 1.000000 1.000000
v -0.020125 0.276778 0.091320 1.000000 1.000000 1.000000
v 0.000000 0.276778 0.091320 1.000000 1.000000 1.000000
v -0.020125 0.262271 0.091320 1.000000 1.000000 1.000000
v -0.027505 0.263939 0.424443 1.000000 1.000000 1.000000
v 0.000000 0.263939 0.424443 1.000000 1.000000 1.000000
v 0.000000 0.273058 0.418608 1.000000 1.000000 1.000000
v -0.027505 0.273058 0.418608 1.000000 1.000000 1.000000
v -0.027505 0.283356 0.404532 1.000000 1.000000 1.000000
v -0.027505 0.283904 0.407012 1.000000 1.000000 1.000000
v 0.000000 0.283904 0.407012 1.000000 1.000000 1.000000
v 0.000000 0.283356 0.404532 1.000000 1.000000 1.000000
v -0.027505 0.244199 0.429462 1.000000 1.000000 1.000000
v 0.000000 0.244202 0.429462 1.000000 1.000000 1.000000
v 0.000000 0.278524 0.413093 1.000000 1.000000 1.000000
v -0.027505 0.278524 0.413093 1.000000 1.000000 1.000000
v 0.000000 0.280899 0.407012 1.000000 1.000000 1.000000
v -0.027505 0.280899 0.407012 1.000000 1.000000 1.000000
v -0.027505 0.282065 0.402458 1.000000 1.000000 1.000000
v -0.027505 0.280899 0.407012 1.000000 1.000000 1.000000
v -0.027505 0.283904 0.407012 1.000000 1.000000 1.000000
v -0.027505 0.283356 0.404532 1.000000 1.000000 1.000000
v -0.027505 0.273058 0.418608 1.000000 1.000000 1.000000
v -0.027505 0.269515 0.414297 1.000000 1.000000 1.000000
v -0.027505 0.262841 0.414658 1.000000 1.000000 1.000000
v -0.027505 0.263939 0.424443 1.000000 1.000000 1.000000
v -0.027505 0.246325 0.414127 1.000000 1.000000 1.000000
v -0.027505 0.244199 0.429462 1.000000 1.000000 1.000000
v 0.000000 0.281285 0.326447 1.000000 1.000000 1.000000
v 0.000000 0.259920 0.325628 1.000000 1.000000 1.000000
v -0.027505 0.259920 0.325628 1.000000 1.000000 1.000000
v -0.027505 0.281285 0.326447 1.000000 1.000000 1.000000
v -0.027505 0.278524 0.413093 1.000000 1.000000 1.000000
v -0.027505 0.274662 0.409923 1.000000 1.000000 1.000000
v -0.027505 0.277365 0.405358 1.000000 1.000000 1.000000
v -0.027505 0.277676 0.401637 1.000000 1.000000 1.000000
v 0.000000 0.282065 0.402458 1.000000 1.000000 1.000000
v -0.027505 0.282065 0.402458 1.000000 1.000000 1.000000
v -0.027505 0.277676 0.401637 1.000000 1.000000 1.000000
v 0.000000 0.277676 0.401637 1.000000 1.000000 1.000000
v -0.027505 0.282065 0.402458 1.000000 1.000000 1.000000
v -0.027505 0.281285 0.326447 1.000000 1.000000 1.000000
v -0.051755 0.270180 0.275672 1.000000 1.000000 1.000000
v -0.026182 0.270180 0.275672 1.000000 1.000000 1.000000
v -0.026182 0.277551 0.264643 1.000000 1.000000 1.000000
v -0.051755 0.277551 0.264643 1.000000 1.000000 1.000000
v -0.051755 0.259150 0.283042 1.000000 1.000000 1.000000
v -0.026182 0.259150 0.283042 1.000000 1.000000 1.000000
v -0.051755 0.246139 0.285632 1.000000 1.000000 1.000000
v -0.026182 0.246139 0.285632 1.000000 1.000000 1.000000
v -0.051755 0.233127 0.283042 1.000000 1.000000 1.000000
v -0.026182 0.233127 0.283042 1.000000 1.000000 1.000000
v -0.051755 0.222097 0.275672 1.000000 1.000000 1.000000
v -0.026182 0.222097 0.275672 1.000000 1.000000 1.000000
v -0.051755 0.214726 0.264643 1.000000 1.000000 1.000000
v -0.026182 0.214726 0.264643 1.000000 1.000000 1.000000
v -0.051755 0.212138 0.251633 1.000000 1.000000 1.000000
v -0.026182 0.212138 0.251633 1.000000 1.000000 1.000000
v -0.051755 0.214726 0.238623 1.000000 1.000000 1.000000
v -0.026182 0.214726 0.238623 1.000000 1.000000 1.000000
v -0.026182 0.212138 0.251633 1.000000 1.000000 1.000000
v -0.051755 0.212138 0.251633 1.000000 1.000000 1.000000
v -0.051755 0.222097 0.227588 1.000000 1.000000 1.000000
v -0.026182 0.222097 0.227588 1.000000 1.000000 1.000000
v -0.051755 0.233127 0.220219 1.000000 1.000000 1.000000
v -0.026182 0.233127 0.220219 1.000000 1.000000 1.000000
v -0.051755 0.246139 0.217632 1.000000 1.000000 1.000000
v -0.026182 0.246139 0.217632 1.000000 1.000000 1.000000
v -0.051755 0.259150 0.220219 1.000000 1.000000 1.000000
v -0.026182 0.259150 0.220219 1.000000 1.000000 1.000000
v -0.051755 0.270180 0.227588 1.000000 1.000000 1.000000
v -0.026182 0.270180 0.227588 1.000000 1.000000 1.000000
v -0.051755 0.277551 0.238623 1.000000 1.000000 1.000000
v -0.026182 0.277551 0.238623 1.000000 1.000000 1.000000
v -0.051755 0.280139 0.251633 1.000000 1.000000 1.000000
v -0.026182 0.280139 0.251633 1.000000 1.000000 1.000000
v -0.043798 0.255906 0.261398 1.000000 1.000000 1.000000
v -0.043798 0.258900 0.256918 1.000000 1.000000 1.000000
v -0.043798 0.246139 0.251633 1.000000 1.000000 1.000000
v -0.043798 0.251424 0.264392 1.000000 1.000000 1.000000
v -0.043798 0.246139 0.265442 1.000000 1.000000 1.000000
v -0.043798 0.240853 0.264392 1.000000 1.000000 1.000000
v -0.043798 0.236372 0.261398 1.000000 1.000000 1.000000
v -0.043798 0.233378 0.256918 1.000000 1.000000 1.000000
v -0.043798 0.232326 0.251633 1.000000 1.000000 1.000000
v -0.043798 0.233378 0.246348 1.000000 1.000000 1.000000
v -0.043798 0.236372 0.241867 1.000000 1.000000 1.000000
v -0.043798 0.240853 0.238873 1.000000 1.000000 1.000000
v -0.043798 0.246139 0.237823 1.000000 1.000000 1.000000
v -0.043798 0.251424 0.238873 1.000000 1.000000 1.000000
v -0.043798 0.255906 0.241867 1.000000 1.000000 1.000000
v -0.043798 0.258900 0.246348 1.000000 1.000000 1.000000
v -0.043798 0.259951 0.251633 1.000000 1.000000 1.000000
v -0.024630 0.272508 0.240708 1.000000 1.000000 1.000000
v -0.024630 0.266321 0.231448 1.000000 1.000000 1.000000
v -0.024630 0.257061 0.225262 1.000000 1.000000 1.000000
v -0.024630 0.246139 0.223090 1.000000 1.000000 1.000000
v -0.024630 0.235215 0.225262 1.000000 1.000000 1.000000
v -0.024630 0.225956 0.231448 1.000000 1.000000 1.000000
v -0.024630 0.219768 0.240708 1.000000 1.000000 1.000000
v -0.024630 0.217596 0.251633 1.000000 1.000000 1.000000
v -0.024630 0.217596 0.251633 1.000000 1.000000 1.000000
v -0.024630 0.219768 0.262558 1.000000 1.000000 1.000000
v -0.024630 0.225956 0.271812 1.000000 1.000000 1.000000
v -0.024630 0.235216 0.278003 1.000000 1.000000 1.000000
v -0.024630 0.246139 0.280173 1.000000 1.000000 1.000000
v -0.024630 0.257061 0.278003 1.000000 1.000000 1.000000
v -0.024630 0.266321 0.271812 1.000000 1.000000 1.000000
v -0.024630 0.272508 0.262558 1.000000 1.000000 1.000000
v -0.024630 0.274681 0.251633 1.000000 1.000000 1.000000
v 0.000000 0.272508 0.240708 1.000000 1.000000 1.000000
v 0.000000 0.266321 0.231448 1.000000 1.000000 1.000000
v 0.000000 0.257061 0.225262 1.000000 1.000000 1.000000
v 0.000000 0.246139 0.223090 1.000000 1.000000 1.000000
v 0.000000 0.235215 0.225262 1.000000 1.000000 1.000000
v 0.000000 0.225956 0.231448 1.000000 1.000000 1.000000
v 0.000000 0.219768 0.240708 1.000000 1.000000 1.000000
v 0.000000 0.217596 0.251633 1.000000 1.000000 1.000000
v 0.000000 0.217596 0.251633 1.000000 1.000000 1.000000
v 0.000000 0.219768 0.262558 1.000000 1.000000 1.000000
v 0.000000 0.225956 0.271812 1.000000 1.000000 1.000000
v 0.000000 0.235216 0.278003 1.000000 1.000000 1.000000
v 0.000000 0.246139 0.280173 1.000000 1.000000 1.000000
v 0.000000 0.257061 0.278003 1.000000 1.000000 1.000000
v 0.000000 0.266321 0.271812 1.000000 1.000000 1.000000
v 0.000000 0.272508 0.262558 1.000000 1.000000 1.000000
v 0.000000 0.274681 0.251633 1.000000 1.000000 1.000000
v -0.051755 0.277551 0.264643 1.000000 1.000000 1.000000
v -0.053879 0.276249 0.264103 1.000000 1.000000 1.000000
v -0.053879 0.269184 0.274678 1.000000 1.000000 1.000000
v -0.051755 0.270180 0.275672 1.000000 1.000000 1.000000
v -0.053879 0.258611 0.281743 1.000000 1.000000 1.000000
v -0.051755 0.259150 0.283042 1.000000 1.000000 1.000000
v -0.053879 0.246139 0.284223 1.000000 1.000000 1.000000
v -0.051755 0.246139 0.285632 1.000000 1.000000 1.000000
v -0.053879 0.233666 0.281743 1.000000 1.000000 1.000000
v -0.051755 0.233127 0.283042 1.000000 1.000000 1.000000
v -0.053879 0.223092 0.274678 1.000000 1.000000 1.000000
v -0.051755 0.222097 0.275672 1.000000 1.000000 1.000000
v -0.053879 0.216027 0.264103 1.000000 1.000000 1.000000
v -0.051755 0.214726 0.264643 1.000000 1.000000 1.000000
v -0.053879 0.213546 0.251633 1.000000 1.000000 1.000000
v -0.051755 0.212138 0.251633 1.000000 1.000000 1.000000
v -0.053879 0.216027 0.239163 1.000000 1.000000 1.000000
v -0.051755 0.214726 0.238623 1.000000 1.000000 1.000000
v -0.053879 0.223092 0.228587 1.000000 1.000000 1.000000
v -0.051755 0.222097 0.227588 1.000000 1.000000 1.000000
v -0.053879 0.233666 0.221521 1.000000 1.000000 1.000000
v -0.051755 0.233127 0.220219 1.000000 1.000000 1.000000
v -0.053879 0.246139 0.219041 1.000000 1.000000 1.000000
v -0.051755 0.246139 0.217632 1.000000 1.000000 1.000000
v -0.053879 0.258611 0.221521 1.000000 1.000000 1.000000
v -0.051755 0.259150 0.220219 1.000000 1.000000 1.000000
v -0.053879 0.269184 0.228587 1.000000 1.000000 1.000000
v -0.051755 0.270180 0.227588 1.000000 1.000000 1.000000
v -0.053879 0.276249 0.239163 1.000000 1.000000 1.000000
v -0.051755 0.277551 0.238623 1.000000 1.000000 1.000000
v -0.053879 0.278731 0.251633 1.000000 1.000000 1.000000
v -0.051755 0.280139 0.251633 1.000000 1.000000 1.000000
v -0.053879 0.258900 0.256918 1.000000 1.000000 1.000000
v -0.043798 0.258900 0.256918 1.000000 1.000000 1.000000
v -0.043798 0.255906 0.261398 1.000000 1.000000 1.000000
v -0.053879 0.255906 0.261398 1.000000 1.000000 1.000000
v -0.043798 0.251424 0.264392 1.000000 1.000000 1.000000
v -0.053879 0.251424 0.264392 1.000000 1.000000 1.000000
v -0.043798 0.246139 0.265442 1.000000 1.000000 1.000000
v -0.053879 0.246139 0.265442 1.000000 1.000000 1.000000
v -0.043798 0.240853 0.264392 1.000000 1.000000 1.000000
v -0.053879 0.240853 0.264392 1.000000 1.000000 1.000000
v -0.043798 0.236372 0.261398 1.000000 1.000000 1.000000
v -0.053879 0.236372 0.261398 1.000000 1.000000 1.000000
v -0.053879 0.233378 0.256918 1.000000 1.000000 1.000000
v -0.053879 0.232326 0.251633 1.000000 1.000000 1.000000
v -0.053879 0.233378 0.246348 1.000000 1.000000 1.000000
v -0.043798 0.236372 0.241867 1.000000 1.000000 1.000000
v -0.053879 0.236372 0.241867 1.000000 1.000000 1.000000
v -0.043798 0.240853 0.238873 1.000000 1.000000 1.000000
v -0.053879 0.240853 0.238873 1.000000 1.000000 1.000000
v -0.043798 0.246139 0.237823 1.000000 1.000000 1.000000
v -0.053879 0.246139 0.237823 1.000000 1.000000 1.000000
v -0.043798 0.251424 0.238873 1.000000 1.000000 1.000000
v -0.053879 0.251424 0.238873 1.000000 1.000000 1.000000
v -0.043798 0.255906 0.241867 1.000000 1.000000 1.000000
v -0.053879 0.255906 0.241867 1.000000 1.000000 1.000000
v -0.043798 0.258900 0.246348 1.000000 1.000000 1.000000
v -0.053879 0.258900 0.246348 1.000000 1.000000 1.000000
v -0.043798 0.259951 0.251633 1.000000 1.000000 1.000000
v -0.053879 0.259951 0.251633 1.000000 1.000000 1.000000
v -0.053879 0.259951 0.251633 1.000000 1.000000 1.000000
v -0.043798 0.259951 0.251633 1.000000 1.000000 1.000000
v -0.053879 0.255906 0.241867 1.000000 1.000000 1.000000
v -0.053879 0.258900 0.246348 1.000000 1.000000 1.000000
v -0.053879 0.259951 0.251633 1.000000 1.000000 1.000000
v -0.053879 0.258900 0.256918 1.000000 1.000000 1.000000
v -0.053879 0.255906 0.261398 1.000000 1.000000 1.000000
v -0.053879 0.251424 0.264392 1.000000 1.000000 1.000000
v -0.053879 0.246139 0.265442 1.000000 1.000000 1.000000
v -0.053879 0.240853 0.264392 1.000000 1.000000 1.000000
v -0.053879 0.236372 0.261398 1.000000 1.000000 1.000000
v -0.053879 0.233378 0.256918 1.000000 1.000000 1.000000
v -0.053879 0.232326 0.251633 1.000000 1.000000 1.000000
v -0.053879 0.233378 0.246348 1.000000 1.000000 1.000000
v -0.053879 0.236372 0.241867 1.000000 1.000000 1.000000
v -0.053879 0.240853 0.238873 1.000000 1.000000 1.000000
v -0.053879 0.246139 0.237823 1.000000 1.000000 1.000000
v -0.053879 0.251424 0.238873 1.000000 1.000000 1.000000
v -0.037756 0.271194 0.415288 1.000000 1.000000 1.000000
v -0.027151 0.271194 0.415288 1.000000 1.000000 1.000000
v -0.027151 0.278565 0.404258 1.000000 1.000000 1.000000
v -0.037756 0.278565 0.404258 1.000000 1.000000 1.000000
v -0.037756 0.260163 0.422658 1.000000 1.000000 1.000000
v -0.027151 0.260163 0.422658 1.000000 1.000000 1.000000
v -0.037756 0.247151 0.425247 1.000000 1.000000 1.000000
v -0.027151 0.247151 0.425247 1.000000 1.000000 1.000000
v -0.037756 0.234140 0.422658 1.000000 1.000000 1.000000
v -0.027151 0.234140 0.422658 1.000000 1.000000 1.000000
v -0.037756 0.223109 0.415288 1.000000 1.000000 1.000000
v -0.027151 0.223109 0.415288 1.000000 1.000000 1.000000
v -0.037756 0.215739 0.404258 1.000000 1.000000 1.000000
v -0.027151 0.215739 0.404258 1.000000 1.000000 1.000000
v -0.037756 0.213151 0.391248 1.000000 1.000000 1.000000
v -0.027151 0.213151 0.391248 1.000000 1.000000 1.000000
v -0.037756 0.215739 0.378233 1.000000 1.000000 1.000000
v -0.027151 0.215739 0.378233 1.000000 1.000000 1.000000
v -0.027151 0.213151 0.391248 1.000000 1.000000 1.000000
v -0.037756 0.213151 0.391248 1.000000 1.000000 1.000000
v -0.037756 0.223109 0.367203 1.000000 1.000000 1.000000
v -0.027151 0.223109 0.367203 1.000000 1.000000 1.000000
v -0.037756 0.234140 0.359833 1.000000 1.000000 1.000000
v -0.027151 0.234140 0.359833 1.000000 1.000000 1.000000
v -0.037756 0.247151 0.357243 1.000000 1.000000 1.000000
v -0.027151 0.247151 0.357243 1.000000 1.000000 1.000000
v -0.037756 0.260163 0.359833 1.000000 1.000000 1.000000
v -0.027151 0.260163 0.359833 1.000000 1.000000 1.000000
v -0.037756 0.271194 0.367203 1.000000 1.000000 1.000000
v -0.027151 0.271194 0.367203 1.000000 1.000000 1.000000
v -0.037756 0.278565 0.378233 1.000000 1.000000 1.000000
v -0.027151 0.278565 0.378233 1.000000 1.000000 1.000000
v -0.037756 0.281152 0.391248 1.000000 1.000000 1.000000
v -0.027151 0.281152 0.391248 1.000000 1.000000 1.000000
v -0.027151 0.271194 0.367203 1.000000 1.000000 1.000000
v -0.027151 0.278565 0.378233 1.000000 1.000000 1.000000
v -0.026019 0.247151 0.391248 1.000000 1.000000 1.000000
v -0.027151 0.260163 0.359833 1.000000 1.000000 1.000000
v -0.027151 0.247151 0.357243 1.000000 1.000000 1.000000
v -0.027151 0.234140 0.359833 1.000000 1.000000 1.000000
v -0.027151 0.223109 0.367203 1.000000 1.000000 1.000000
v -0.027151 0.215739 0.378233 1.000000 1.000000 1.000000
v -0.027151 0.213151 0.391248 1.000000 1.000000 1.000000
v -0.027151 0.215739 0.404258 1.000000 1.000000 1.000000
v -0.027151 0.223109 0.415288 1.000000 1.000000 1.000000
v -0.027151 0.234140 0.422658 1.000000 1.000000 1.000000
v -0.027151 0.247151 0.425247 1.000000 1.000000 1.000000
v -0.027151 0.260163 0.422658 1.000000 1.000000 1.000000
v -0.027151 0.271194 0.415288 1.000000 1.000000 1.000000
v -0.027151 0.278565 0.404258 1.000000 1.000000 1.000000
v -0.027151 0.281152 0.391248 1.000000 1.000000 1.000000
v -0.037756 0.271194 0.415288 1.000000 1.000000 1.000000
v -0.037756 0.278565 0.404258 1.000000 1.000000 1.000000
v -0.037756 0.247151 0.391248 1.000000 1.000000 1.000000
v -0.037756 0.260163 0.422658 1.000000 1.000000 1.000000
v -0.037756 0.247151 0.425247 1.000000 1.000000 1.000000
v -0.037756 0.234140 0.422658 1.000000 1.000000 1.000000
v -0.037756 0.223109 0.415288 1.000000 1.000000 1.000000
v -0.037756 0.215739 0.404258 1.000000 1.000000 1.000000
v -0.037756 0.213151 0.391248 1.000000 1.000000 1.000000
v -0.037756 0.215739 0.378233 1.000000 1.000000 1.000000
v -0.037756 0.223109 0.367203 1.000000 1.000000 1.000000
v -0.037756 0.234140 0.359833 1.000000 1.000000 1.000000
v -0.037756 0.247151 0.357243 1.000000 1.000000 1.000000
v -0.037756 0.260163 0.359833 1.000000 1.000000 1.000000
v -0.037756 0.271194 0.367203 1.000000 1.000000 1.000000
v -0.037756 0.278565 0.378233 1.000000 1.000000 1.000000
v -0.037756 0.281152 0.391248 1.000000 1.000000 1.000000
v -0.016019 0.249858 -0.395770 1.000000 1.000000 1.000000
v -0.016019 0.249858 -0.450108 1.000000 1.000000 1.000000
v -0.027746 0.238133 -0.450108 1.000000 1.000000 1.000000
v -0.027746 0.238133 -0.395770 1.000000 1.000000 1.000000
v 0.000000 0.254151 -0.395770 1.000000 1.000000 1.000000
v 0.000000 0.254151 -0.450108 1.000000 1.000000 1.000000
v -0.016019 0.194368 -0.395770 1.000000 1.000000 1.000000
v -0.016019 0.194368 -0.450108 1.000000 1.000000 1.000000
v 0.000000 0.190077 -0.450108 1.000000 1.000000 1.000000
v 0.000000 0.190077 -0.395770 1.000000 1.000000 1.000000
v -0.027746 0.206095 -0.395770 1.000000 1.000000 1.000000
v -0.027746 0.206095 -0.450108 1.000000 1.000000 1.000000
v -0.032038 0.222114 -0.395770 1.000000 1.000000 1.000000
v -0.032038 0.222114 -0.450108 1.000000 1.000000 1.000000
v -0.017412 0.232166 -0.389849 1.000000 1.000000 1.000000
v -0.010053 0.239525 -0.389849 1.000000 1.000000 1.000000
v 0.000000 0.222114 -0.389849 1.000000 1.000000 1.000000
v 0.000000 0.242219 -0.389849 1.000000 1.000000 1.000000
v 0.000000 0.202009 -0.389849 1.000000 1.000000 1.000000
v -0.010053 0.204701 -0.389849 1.000000 1.000000 1.000000
v -0.017412 0.212061 -0.389849 1.000000 1.000000 1.000000
v -0.020105 0.222114 -0.389849 1.000000 1.000000 1.000000
v -0.023443 0.235649 -0.391478 1.000000 1.000000 1.000000
v -0.013535 0.245557 -0.391478 1.000000 1.000000 1.000000
v 0.000000 0.249185 -0.391478 1.000000 1.000000 1.000000
v 0.000000 0.195044 -0.391478 1.000000 1.000000 1.000000
v -0.013535 0.198670 -0.391478 1.000000 1.000000 1.000000
v -0.023443 0.208578 -0.391478 1.000000 1.000000 1.000000
v -0.027070 0.222114 -0.391478 1.000000 1.000000 1.000000
v -0.023443 0.235649 -0.106808 1.000000 1.000000 1.000000
v -0.013535 0.245557 -0.106808 1.000000 1.000000 1.000000
v 0.000000 0.249185 -0.106808 1.000000 1.000000 1.000000
v 0.000000 0.195044 -0.106808 1.000000 1.000000 1.000000
v -0.013535 0.198670 -0.106808 1.000000 1.000000 1.000000
v -0.023443 0.208578 -0.106808 1.000000 1.000000 1.000000
v -0.027070 0.222114 -0.106808 1.000000 1.000000 1.000000
v -0.028170 0.238377 -0.094722 1.000000 1.000000 1.000000
v -0.016263 0.250283 -0.094722 1.000000 1.000000 1.000000
v 0.000000 0.254642 -0.094722 1.000000 1.000000 1.000000
v 0.000000 0.189587 -0.094722 1.000000 1.000000 1.000000
v -0.016263 0.193944 -0.094722 1.000000 1.000000 1.000000
v -0.028170 0.205850 -0.094722 1.000000 1.000000 1.000000
v -0.032527 0.222114 -0.094722 1.000000 1.000000 1.000000
v -0.040294 0.245378 -0.085137 1.000000 1.000000 1.000000
v -0.040158 0.245300 -0.079907 1.000000 1.000000 1.000000
v -0.023185 0.262271 -0.079907 1.000000 1.000000 1.000000
v -0.023263 0.262408 -0.085137 1.000000 1.000000 1.000000
v 0.000000 0.268485 -0.079907 1.000000 1.000000 1.000000
v 0.000000 0.268642 -0.085137 1.000000 1.000000 1.000000
v 0.000000 0.175586 -0.085137 1.000000 1.000000 1.000000
v 0.000000 0.175744 -0.079907 1.000000 1.000000 1.000000
v -0.023185 0.181955 -0.079907 1.000000 1.000000 1.000000
v -0.023263 0.181819 -0.085137 1.000000 1.000000 1.000000
v -0.040158 0.198929 -0.079907 1.000000 1.000000 1.000000
v -0.040294 0.198850 -0.085137 1.000000 1.000000 1.000000
v -0.046371 0.222114 -0.079907 1.000000 1.000000 1.000000
v -0.046528 0.222114 -0.085137 1.000000 1.000000 1.000000
v -0.040294 0.245378 -0.085137 1.000000 1.000000 1.000000
v -0.023263 0.262408 -0.085137 1.000000 1.000000 1.000000
v 0.000000 0.268642 -0.085137 1.000000 1.000000 1.000000
v 0.000000 0.175586 -0.085137 1.000000 1.000000 1.000000
v -0.023263 0.181819 -0.085137 1.000000 1.000000 1.000000
v -0.040294 0.198850 -0.085137 1.000000 1.000000 1.000000
v -0.046528 0.222114 -0.085137 1.000000 1.000000 1.000000
v -0.040158 0.245300 -0.000813 1.000000 1.000000 1.000000
v -0.023185 0.262271 -0.000813 1.000000 1.000000 1.000000
v 0.000000 0.268485 -0.000813 1.000000 1.000000 1.000000
v 0.000000 0.175744 -0.000813 1.000000 1.000000 1.000000
v -0.023185 0.181955 -0.000813 1.000000 1.000000 1.000000
v -0.040158 0.198929 -0.000813 1.000000 1.000000 1.000000
v -0.046371 0.222114 -0.000813 1.000000 1.000000 1.000000
v 0.000000 0.268485 -0.000813 1.000000 1.000000 1.000000
v -0.023185 0.262271 -0.000813 1.000000 1.000000 1.000000
v 0.000000 0.262271 -0.000813 1.000000 1.000000 1.000000
v -0.023185 0.262271 0.337602 1.000000 1.000000 1.000000
v 0.000000 0.262271 0.337602 1.000000 1.000000 1.000000
v 0.000000 0.175744 0.337602 1.000000 1.000000 1.000000
v -0.023185 0.181955 0.337602 1.000000 1.000000 1.000000
v -0.040158 0.198929 0.337602 1.000000 1.000000 1.000000
v -0.046371 0.222114 0.337602 1.000000 1.000000 1.000000
v -0.040158 0.245300 0.337602 1.000000 1.000000 1.000000
v -0.023185 0.262271 0.337602 1.000000 1.000000 1.000000
v -0.016019 0.249858 -0.450108 1.000000 1.000000 1.000000
v -0.011394 0.241849 -0.450108 1.000000 1.000000 1.000000
v -0.019736 0.233508 -0.450108 1.000000 1.000000 1.000000
v -0.027746 0.238133 -0.450108 1.000000 1.000000 1.000000
v 0.000000 0.254151 -0.450108 1.000000 1.000000 1.000000
v 0.000000 0.244903 -0.450108 1.000000 1.000000 1.000000
v -0.016019 0.194368 -0.450108 1.000000 1.000000 1.000000
v -0.011394 0.202377 -0.450108 1.000000 1.000000 1.000000
v 0.000000 0.199325 -0.450108 1.000000 1.000000 1.000000
v 0.000000 0.190077 -0.450108 1.000000 1.000000 1.000000
v -0.027746 0.206095 -0.450108 1.000000 1.000000 1.000000
v -0.019736 0.210719 -0.450108 1.000000 1.000000 1.000000
v -0.032038 0.222114 -0.450108 1.000000 1.000000 1.000000
v -0.022789 0.222114 -0.450108 1.000000 1.000000 1.000000
v -0.011394 0.241849 -0.450108 1.000000 1.000000 1.000000
v -0.010053 0.239525 -0.389849 1.000000 1.000000 1.000000
v -0.019736 0.233508 -0.450108 1.000000 1.000000 1.000000
v 0.000000 0.244903 -0.450108 1.000000 1.000000 1.000000
v 0.000000 0.242219 -0.389849 1.000000 1.000000 1.000000
v -0.011394 0.202377 -0.450108 1.000000 1.000000 1.000000
v -0.010053 0.204701 -0.389849 1.000000 1.000000 1.000000
v 0.000000 0.202009 -0.389849 1.000000 1.000000 1.000000
v 0.000000 0.199325 -0.450108 1.000000 1.000000 1.000000
v -0.019736 0.210719 -0.450108 1.000000 1.000000 1.000000
v -0.022789 0.222114 -0.450108 1.000000 1.000000 1.000000
v 0.022637 -0.283709 0.226722 1.000000 1.000000 1.000000
v 0.054506 -0.282903 0.237208 1.000000 1.000000 1.000000
v 0.054476 -0.259421 0.424987 1.000000 1.000000 1.000000
v 0.022625 -0.257302 0.440653 1.000000 1.000000 1.000000
v 0.022625 0.067551 0.374118 1.000000 1.000000 1.000000
v 0.054476 0.067551 0.359793 1.000000 1.000000 1.000000
v 0.054476 0.085606 0.371773 1.000000 1.000000 1.000000
v 0.022625 0.085584 0.386683 1.000000 1.000000 1.000000
v 0.054476 0.067551 0.359793 1.000000 1.000000 1.000000
v 0.054476 0.067551 0.188054 1.000000 1.000000 1.000000
v 0.054476 0.085753 0.178484 1.000000 1.000000 1.000000
v 0.054476 0.085606 0.371773 1.000000 1.000000 1.000000
v 0.054476 0.085753 0.178484 1.000000 1.000000 1.000000
v 0.054476 0.067551 0.188054 1.000000 1.000000 1.000000
v 0.022625 0.067551 0.173774 1.000000 1.000000 1.000000
v 0.022625 0.072849 0.167924 1.000000 1.000000 1.000000
v 0.022625 0.000114 0.358858 1.000000 1.000000 1.000000
v 0.054476 -0.000881 0.344738 1.000000 1.000000 1.000000
v 0.054476 0.027735 0.343958 1.000000 1.000000 1.000000
v 0.022625 0.029047 0.357808 1.000000 1.000000 1.000000
v 0.065216 0.017704 0.330002 1.000000 1.000000 1.000000
v 0.065216 -0.007830 0.331158 1.000000 1.000000 1.000000
v 0.065216 -0.004374 0.202649 1.000000 1.000000 1.000000
v 0.065216 0.010146 0.200059 1.000000 1.000000 1.000000
v 0.065216 -0.050676 0.352048 1.000000 1.000000 1.000000
v 0.065216 -0.066064 0.361158 1.000000 1.000000 1.000000
v 0.065216 -0.064981 0.221054 1.000000 1.000000 1.000000
v 0.065216 -0.046168 0.224049 1.000000 1.000000 1.000000
v 0.022625 -0.045068 0.379903 1.000000 1.000000 1.000000
v 0.022625 -0.058432 0.388868 1.000000 1.000000 1.000000
v 0.054476 -0.059084 0.375138 1.000000 1.000000 1.000000
v 0.054476 -0.044360 0.365368 1.000000 1.000000 1.000000
v 0.054476 -0.057671 0.203864 1.000000 1.000000 1.000000
v 0.022625 -0.058378 0.193115 1.000000 1.000000 1.000000
v 0.022625 -0.039303 0.198114 1.000000 1.000000 1.000000
v 0.054476 -0.038479 0.208889 1.000000 1.000000 1.000000
v 0.065216 -0.227711 0.412708 1.000000 1.000000 1.000000
v 0.065216 -0.240274 0.251397 1.000000 1.000000 1.000000
v 0.065216 -0.188754 0.245409 1.000000 1.000000 1.000000
v 0.065216 -0.182111 0.413383 1.000000 1.000000 1.000000
v 0.022625 -0.238276 0.444948 1.000000 1.000000 1.000000
v 0.054476 -0.238791 0.431037 1.000000 1.000000 1.000000
v 0.054476 -0.187202 0.432458 1.000000 1.000000 1.000000
v 0.022625 -0.187187 0.446308 1.000000 1.000000 1.000000
v 0.054476 -0.199622 0.228622 1.000000 1.000000 1.000000
v 0.054476 -0.258932 0.235353 1.000000 1.000000 1.000000
v 0.022625 -0.258457 0.224844 1.000000 1.000000 1.000000
v 0.022625 -0.199551 0.218029 1.000000 1.000000 1.000000
v 0.022625 -0.257302 0.440653 1.000000 1.000000 1.000000
v 0.054476 -0.259421 0.424987 1.000000 1.000000 1.000000
v 0.022637 -0.283709 0.226722 1.000000 1.000000 1.000000
v 0.054506 -0.282903 0.237208 1.000000 1.000000 1.000000
v 0.065217 -0.246391 0.406608 1.000000 1.000000 1.000000
v 0.065243 -0.264395 0.253003 1.000000 1.000000 1.000000
v 0.065216 -0.034145 0.342848 1.000000 1.000000 1.000000
v 0.065216 -0.016148 0.218119 1.000000 1.000000 1.000000
v 0.022625 -0.026306 0.369563 1.000000 1.000000 1.000000
v 0.054476 -0.025887 0.355183 1.000000 1.000000 1.000000
v 0.054476 -0.018065 0.203709 1.000000 1.000000 1.000000
v 0.022625 -0.019052 0.192899 1.000000 1.000000 1.000000
v 0.054476 -0.006123 0.187134 1.000000 1.000000 1.000000
v 0.022625 -0.008027 0.176584 1.000000 1.000000 1.000000
v 0.022625 0.015762 0.174049 1.000000 1.000000 1.000000
v 0.054476 0.017877 0.184604 1.000000 1.000000 1.000000
v 0.065216 -0.124063 0.391933 1.000000 1.000000 1.000000
v 0.065216 -0.135153 0.236148 1.000000 1.000000 1.000000
v 0.054476 -0.139879 0.219549 1.000000 1.000000 1.000000
v 0.022625 -0.140220 0.208874 1.000000 1.000000 1.000000
v 0.022625 -0.125066 0.423777 1.000000 1.000000 1.000000
v 0.054476 -0.125417 0.409992 1.000000 1.000000 1.000000
v 0.049380 0.246890 0.415433 1.000000 1.000000 1.000000
v 0.049380 0.264634 0.415433 1.000000 1.000000 1.000000
v 0.022625 0.072849 0.167924 1.000000 1.000000 1.000000
v 0.022566 0.072849 0.053924 1.000000 1.000000 1.000000
v 0.054417 0.085753 0.053932 1.000000 1.000000 1.000000
v 0.054476 0.085753 0.178484 1.000000 1.000000 1.000000
v 0.054476 0.085606 0.411983 1.000000 1.000000 1.000000
v 0.022625 0.085584 0.412003 1.000000 1.000000 1.000000
v 0.022625 0.085584 0.386683 1.000000 1.000000 1.000000
v 0.054476 0.085606 0.371773 1.000000 1.000000 1.000000
v 0.049380 0.264634 0.327963 1.000000 1.000000 1.000000
v 0.049380 0.264634 0.415433 1.000000 1.000000 1.000000
v 0.049380 0.246890 0.415433 1.000000 1.000000 1.000000
v 0.049380 0.246890 0.313303 1.000000 1.000000 1.000000
v 0.049380 0.228084 0.415433 1.000000 1.000000 1.000000
v 0.049380 0.228084 0.293662 1.000000 1.000000 1.000000
v 0.054476 0.037015 0.190259 1.000000 1.000000 1.000000
v 0.022625 0.035491 0.179704 1.000000 1.000000 1.000000
v 0.022625 0.054935 0.179799 1.000000 1.000000 1.000000
v 0.054476 0.055876 0.190359 1.000000 1.000000 1.000000
v 0.065216 0.032275 0.331672 1.000000 1.000000 1.000000
v 0.065216 0.027288 0.204945 1.000000 1.000000 1.000000
v 0.065216 0.043711 0.205459 1.000000 1.000000 1.000000
v 0.065216 0.046163 0.337403 1.000000 1.000000 1.000000
v 0.022625 0.044455 0.361843 1.000000 1.000000 1.000000
v 0.054476 0.043518 0.347697 1.000000 1.000000 1.000000
v 0.054476 0.059074 0.354168 1.000000 1.000000 1.000000
v 0.022625 0.059639 0.368608 1.000000 1.000000 1.000000
v 0.054417 0.112454 0.053932 1.000000 1.000000 1.000000
v 0.054476 0.112454 0.166581 1.000000 1.000000 1.000000
v 0.054476 0.112308 0.361167 1.000000 1.000000 1.000000
v 0.054476 0.085606 0.371773 1.000000 1.000000 1.000000
v 0.054476 0.116884 0.414343 1.000000 1.000000 1.000000
v 0.054476 0.085606 0.411983 1.000000 1.000000 1.000000
v 0.054476 0.096496 0.441523 1.000000 1.000000 1.000000
v 0.022625 0.096474 0.441538 1.000000 1.000000 1.000000
v 0.022625 0.085584 0.441643 1.000000 1.000000 1.000000
v 0.054476 0.085606 0.441623 1.000000 1.000000 1.000000
v 0.054417 0.165321 0.053932 1.000000 1.000000 1.000000
v 0.049328 0.169421 0.053927 1.000000 1.000000 1.000000
v 0.049380 0.169421 0.143010 1.000000 1.000000 1.000000
v 0.054476 0.165321 0.143015 1.000000 1.000000 1.000000
v 0.049380 0.169274 0.338827 1.000000 1.000000 1.000000
v 0.054476 0.165175 0.340168 1.000000 1.000000 1.000000
v 0.049380 0.169274 0.415433 1.000000 1.000000 1.000000
v 0.054476 0.165175 0.416773 1.000000 1.000000 1.000000
v 0.049380 0.169274 0.415433 1.000000 1.000000 1.000000
v 0.022625 0.165154 0.416788 1.000000 1.000000 1.000000
v 0.054476 0.165175 0.416773 1.000000 1.000000 1.000000
v 0.049380 0.275075 0.407012 1.000000 1.000000 1.000000
v 0.049380 0.275075 0.337027 1.000000 1.000000 1.000000
v 0.022625 0.116862 0.414362 1.000000 1.000000 1.000000
v 0.022625 0.133068 0.415177 1.000000 1.000000 1.000000
v 0.054476 0.133089 0.415157 1.000000 1.000000 1.000000
v 0.054476 0.116884 0.414343 1.000000 1.000000 1.000000
v 0.054476 0.133089 0.415157 1.000000 1.000000 1.000000
v 0.054193 0.165321 -0.079867 1.000000 1.000000 1.000000
v 0.049137 0.169421 -0.079867 1.000000 1.000000 1.000000
v 0.049316 0.169421 0.029652 1.000000 1.000000 1.000000
v 0.054402 0.165321 0.029652 1.000000 1.000000 1.000000
v 0.054193 0.110085 -0.065812 1.000000 1.000000 1.000000
v 0.054193 0.128621 -0.075598 1.000000 1.000000 1.000000
v 0.054402 0.128621 0.029652 1.000000 1.000000 1.000000
v 0.054402 0.110085 0.029652 1.000000 1.000000 1.000000
v 0.045183 0.089767 -0.047952 1.000000 1.000000 1.000000
v 0.049621 0.088730 0.029652 1.000000 1.000000 1.000000
v 0.022341 0.072849 -0.019077 1.000000 1.000000 1.000000
v 0.022551 0.072849 0.029652 1.000000 1.000000 1.000000
v 0.022341 0.072849 -0.019077 1.000000 1.000000 1.000000
v 0.022551 0.072849 0.029652 1.000000 1.000000 1.000000
v 0.054402 0.165321 0.029652 1.000000 1.000000 1.000000
v 0.049316 0.169421 0.029652 1.000000 1.000000 1.000000
v 0.054402 0.110085 0.029652 1.000000 1.000000 1.000000
v 0.054402 0.128621 0.029652 1.000000 1.000000 1.000000
v 0.049621 0.088730 0.029652 1.000000 1.000000 1.000000
v 0.022551 0.072849 0.029652 1.000000 1.000000 1.000000
v 0.054476 0.085606 0.424688 1.000000 1.000000 1.000000
v 0.022625 0.085584 0.424708 1.000000 1.000000 1.000000
v 0.022625 0.103195 0.426008 1.000000 1.000000 1.000000
v 0.054476 0.103217 0.425993 1.000000 1.000000 1.000000
v 0.054476 0.103217 0.425993 1.000000 1.000000 1.000000
v 0.054476 0.085606 0.424688 1.000000 1.000000 1.000000
v 0.022625 0.085584 0.441643 1.000000 1.000000 1.000000
v 0.054476 0.085606 0.441623 1.000000 1.000000 1.000000
v 0.054476 0.096496 0.441523 1.000000 1.000000 1.000000
v 0.054476 0.085606 0.441623 1.000000 1.000000 1.000000
v 0.049137 0.210681 -0.079888 1.000000 1.000000 1.000000
v 0.049316 0.210681 0.029653 1.000000 1.000000 1.000000
v 0.049316 0.210681 0.029653 1.000000 1.000000 1.000000
v 0.049328 0.210681 0.053902 1.000000 1.000000 1.000000
v 0.049380 0.210681 0.143015 1.000000 1.000000 1.000000
v 0.049380 0.169421 0.143010 1.000000 1.000000 1.000000
v 0.049380 0.210681 0.143015 1.000000 1.000000 1.000000
v 0.049380 0.210536 0.265348 1.000000 1.000000 1.000000
v 0.049380 0.169274 0.338827 1.000000 1.000000 1.000000
v 0.049380 0.210536 0.415433 1.000000 1.000000 1.000000
v 0.049380 0.169274 0.415433 1.000000 1.000000 1.000000
v 0.049380 0.169274 0.415433 1.000000 1.000000 1.000000
v 0.049380 0.210536 0.415433 1.000000 1.000000 1.000000
v 0.065216 0.053519 0.203734 1.000000 1.000000 1.000000
v 0.065216 0.053519 0.342162 1.000000 1.000000 1.000000
v 0.054476 0.011415 0.195444 1.000000 1.000000 1.000000
v 0.054476 -0.003969 0.198189 1.000000 1.000000 1.000000
v 0.054476 -0.006123 0.187134 1.000000 1.000000 1.000000
v 0.054476 0.017877 0.184604 1.000000 1.000000 1.000000
v 0.054476 -0.000881 0.344738 1.000000 1.000000 1.000000
v 0.054476 -0.006758 0.334778 1.000000 1.000000 1.000000
v 0.054476 0.019422 0.333553 1.000000 1.000000 1.000000
v 0.054476 0.027735 0.343958 1.000000 1.000000 1.000000
v 0.054476 -0.042581 0.219120 1.000000 1.000000 1.000000
v 0.054476 -0.062514 0.215949 1.000000 1.000000 1.000000
v 0.054476 -0.057671 0.203864 1.000000 1.000000 1.000000
v 0.054476 -0.038479 0.208889 1.000000 1.000000 1.000000
v 0.054476 -0.063662 0.364388 1.000000 1.000000 1.000000
v 0.054476 -0.047359 0.354733 1.000000 1.000000 1.000000
v 0.054476 -0.044360 0.365368 1.000000 1.000000 1.000000
v 0.054476 -0.059084 0.375138 1.000000 1.000000 1.000000
v 0.054476 -0.199622 0.228622 1.000000 1.000000 1.000000
v 0.054476 -0.193647 0.241748 1.000000 1.000000 1.000000
v 0.054477 -0.248235 0.248097 1.000000 1.000000 1.000000
v 0.054476 -0.258932 0.235353 1.000000 1.000000 1.000000
v 0.054477 -0.231874 0.417688 1.000000 1.000000 1.000000
v 0.054476 -0.183558 0.418407 1.000000 1.000000 1.000000
v 0.054476 -0.187202 0.432458 1.000000 1.000000 1.000000
v 0.054476 -0.238791 0.431037 1.000000 1.000000 1.000000
v 0.054478 -0.251233 0.412537 1.000000 1.000000 1.000000
v 0.054476 -0.259421 0.424987 1.000000 1.000000 1.000000
v 0.054504 -0.270308 0.249793 1.000000 1.000000 1.000000
v 0.054506 -0.282903 0.237208 1.000000 1.000000 1.000000
v 0.054504 -0.270308 0.249793 1.000000 1.000000 1.000000
v 0.054478 -0.251233 0.412537 1.000000 1.000000 1.000000
v 0.054476 -0.259421 0.424987 1.000000 1.000000 1.000000
v 0.054506 -0.282903 0.237208 1.000000 1.000000 1.000000
v 0.054476 -0.016443 0.213709 1.000000 1.000000 1.000000
v 0.054476 -0.018065 0.203709 1.000000 1.000000 1.000000
v 0.054476 -0.029844 0.344983 1.000000 1.000000 1.000000
v 0.054476 -0.025887 0.355183 1.000000 1.000000 1.000000
v 0.054476 -0.136858 0.231938 1.000000 1.000000 1.000000
v 0.054476 -0.139879 0.219549 1.000000 1.000000 1.000000
v 0.054476 -0.125109 0.396987 1.000000 1.000000 1.000000
v 0.054476 -0.125417 0.409992 1.000000 1.000000 1.000000
v 0.054476 0.046976 0.201170 1.000000 1.000000 1.000000
v 0.054476 0.029577 0.200624 1.000000 1.000000 1.000000
v 0.054476 0.037015 0.190259 1.000000 1.000000 1.000000
v 0.054476 0.055876 0.190359 1.000000 1.000000 1.000000
v 0.054476 0.043518 0.347697 1.000000 1.000000 1.000000
v 0.054476 0.034860 0.337068 1.000000 1.000000 1.000000
v 0.054476 0.049575 0.343138 1.000000 1.000000 1.000000
v 0.054476 0.059074 0.354168 1.000000 1.000000 1.000000
v 0.054476 0.057368 0.348177 1.000000 1.000000 1.000000
v 0.054476 0.057368 0.199344 1.000000 1.000000 1.000000
v 0.054476 0.057368 0.199344 1.000000 1.000000 1.000000
v 0.054476 0.067551 0.188054 1.000000 1.000000 1.000000
v 0.054476 0.057368 0.348177 1.000000 1.000000 1.000000
v 0.054476 0.067551 0.359793 1.000000 1.000000 1.000000
v 0.054476 -0.003969 0.198189 1.000000 1.000000 1.000000
v 0.054476 0.011415 0.195444 1.000000 1.000000 1.000000
v 0.054476 -0.006758 0.334778 1.000000 1.000000 1.000000
v 0.054476 0.019422 0.333553 1.000000 1.000000 1.000000
v 0.054476 -0.062514 0.215949 1.000000 1.000000 1.000000
v 0.054476 -0.042581 0.219120 1.000000 1.000000 1.000000
v 0.054476 -0.063662 0.364388 1.000000 1.000000 1.000000
v 0.054476 -0.047359 0.354733 1.000000 1.000000 1.000000
v 0.054476 -0.193647 0.241748 1.000000 1.000000 1.000000
v 0.054477 -0.248235 0.248097 1.000000 1.000000 1.000000
v 0.054476 -0.183558 0.418407 1.000000 1.000000 1.000000
v 0.054477 -0.231874 0.417688 1.000000 1.000000 1.000000
v 0.054478 -0.251233 0.412537 1.000000 1.000000 1.000000
v 0.054504 -0.270308 0.249793 1.000000 1.000000 1.000000
v 0.054504 -0.270308 0.249793 1.000000 1.000000 1.000000
v 0.054478 -0.251233 0.412537 1.000000 1.000000 1.000000
v 0.054476 -0.016443 0.213709 1.000000 1.000000 1.000000
v 0.054476 -0.029844 0.344983 1.000000 1.000000 1.000000
v 0.054476 -0.136858 0.231938 1.000000 1.000000 1.000000
v 0.054476 -0.125109 0.396987 1.000000 1.000000 1.000000
v 0.054476 0.029577 0.200624 1.000000 1.000000 1.000000
v 0.054476 0.046976 0.201170 1.000000 1.000000 1.000000
v 0.054476 0.034860 0.337068 1.000000 1.000000 1.000000
v 0.054476 0.049575 0.343138 1.000000 1.000000 1.000000
v 0.054476 0.057368 0.199344 1.000000 1.000000 1.000000
v 0.054476 0.057368 0.348177 1.000000 1.000000 1.000000
v 0.054476 0.057368 0.199344 1.000000 1.000000 1.000000
v 0.054476 0.057368 0.348177 1.000000 1.000000 1.000000
v 0.049380 0.228084 0.415433 1.000000 1.000000 1.000000
v 0.049328 0.236538 0.053902 1.000000 1.000000 1.000000
v 0.049380 0.236538 0.143015 1.000000 1.000000 1.000000
v 0.049316 0.236538 0.029653 1.000000 1.000000 1.000000
v 0.049380 0.210536 0.265348 1.000000 1.000000 1.000000
v 0.049380 0.210681 0.143015 1.000000 1.000000 1.000000
v 0.049380 0.228084 0.293662 1.000000 1.000000 1.000000
v 0.049380 0.264634 0.327963 1.000000 1.000000 1.000000
v 0.049380 0.246890 0.313303 1.000000 1.000000 1.000000
v 0.045183 0.089767 -0.047952 1.000000 1.000000 1.000000
v 0.054193 0.110085 -0.065812 1.000000 1.000000 1.000000
v 0.049137 0.169421 -0.079867 1.000000 1.000000 1.000000
v 0.054193 0.165321 -0.079867 1.000000 1.000000 1.000000
v 0.054193 0.128621 -0.075598 1.000000 1.000000 1.000000
v 0.049316 0.210681 0.029653 1.000000 1.000000 1.000000
v 0.049137 0.210681 -0.079888 1.000000 1.000000 1.000000
v 0.049137 0.210681 -0.079888 1.000000 1.000000 1.000000
v 0.049380 0.236538 0.143015 1.000000 1.000000 1.000000
v 0.049328 0.236538 0.053902 1.000000 1.000000 1.000000
v 0.049316 0.236538 0.029653 1.000000 1.000000 1.000000
v 0.049380 0.270485 0.331268 1.000000 1.000000 1.000000
v 0.049380 0.270485 0.331268 1.000000 1.000000 1.000000
v 0.049380 0.270485 0.413453 1.000000 1.000000 1.000000
v 0.049380 0.270485 0.413453 1.000000 1.000000 1.000000
v 0.049380 0.275075 0.337027 1.000000 1.000000 1.000000
v 0.049380 0.275075 0.407012 1.000000 1.000000 1.000000
v 0.054402 0.149871 0.029652 1.000000 1.000000 1.000000
v 0.054193 0.149871 -0.079859 1.000000 1.000000 1.000000
v 0.054193 0.149871 -0.079859 1.000000 1.000000 1.000000
v 0.022625 0.151646 0.416113 1.000000 1.000000 1.000000
v 0.054476 0.151668 0.416093 1.000000 1.000000 1.000000
v 0.054476 0.151668 0.416093 1.000000 1.000000 1.000000
v 0.054476 0.142919 0.349007 1.000000 1.000000 1.000000
v 0.054476 0.143065 0.152935 1.000000 1.000000 1.000000
v 0.054417 0.143065 0.053932 1.000000 1.000000 1.000000
v 0.054402 0.149871 0.029652 1.000000 1.000000 1.000000
v 0.008675 0.018529 0.150172 1.000000 1.000000 1.000000
v 0.008675 0.002730 0.145596 1.000000 1.000000 1.000000
v 0.008675 0.017801 0.182987 1.000000 1.000000 1.000000
v 0.008675 0.002692 0.173383 1.000000 1.000000 1.000000
v 0.008675 0.057903 0.139465 1.000000 1.000000 1.000000
v 0.008675 0.082617 0.109595 1.000000 1.000000 1.000000
v 0.008675 0.082617 0.170812 1.000000 1.000000 1.000000
v 0.008675 0.058202 0.183303 1.000000 1.000000 1.000000
v 0.008675 0.046039 0.146868 1.000000 1.000000 1.000000
v 0.008675 0.045508 0.187078 1.000000 1.000000 1.000000
v 0.008675 0.034052 0.150311 1.000000 1.000000 1.000000
v 0.008675 0.033184 0.187457 1.000000 1.000000 1.000000
v 0.013226 0.000047 0.083462 1.000000 1.000000 1.000000
v 0.013226 0.006886 0.058130 1.000000 1.000000 1.000000
v 0.013226 0.015498 0.040964 1.000000 1.000000 1.000000
v 0.013226 0.063975 0.016859 1.000000 1.000000 1.000000
v 0.013226 0.044374 0.021514 1.000000 1.000000 1.000000
v 0.013226 -0.001412 0.054690 1.000000 1.000000 1.000000
v 0.013226 -0.008251 0.082883 1.000000 1.000000 1.000000
v 0.013226 0.008439 0.035839 1.000000 1.000000 1.000000
v 0.013226 0.060355 0.008109 1.000000 1.000000 1.000000
v 0.013226 0.039680 0.013385 1.000000 1.000000 1.000000
v 0.013226 -0.001412 0.054690 1.000000 1.000000 1.000000
v 0.013226 0.006886 0.058130 1.000000 1.000000 1.000000
v 0.013226 0.000047 0.083462 1.000000 1.000000 1.000000
v 0.013226 -0.008251 0.082883 1.000000 1.000000 1.000000
v 0.013226 0.008439 0.035839 1.000000 1.000000 1.000000
v 0.013226 0.015498 0.040964 1.000000 1.000000 1.000000
v 0.013226 0.060355 0.008109 1.000000 1.000000 1.000000
v 0.013226 0.063975 0.016859 1.000000 1.000000 1.000000
v 0.013226 0.044374 0.021514 1.000000 1.000000 1.000000
v 0.013226 0.039680 0.013385 1.000000 1.000000 1.000000
v 0.013226 0.075124 0.001434 1.000000 1.000000 1.000000
v 0.013226 0.076373 0.021705 1.000000 1.000000 1.000000
v 0.013226 0.075124 0.001434 1.000000 1.000000 1.000000
v 0.013226 0.076373 0.021705 1.000000 1.000000 1.000000
v 0.013226 0.023932 0.022658 1.000000 1.000000 1.000000
v 0.013226 0.029809 0.029286 1.000000 1.000000 1.000000
v 0.013226 0.023932 0.022658 1.000000 1.000000 1.000000
v 0.013226 0.029809 0.029286 1.000000 1.000000 1.000000
v 0.013226 0.086119 -0.015131 1.000000 1.000000 1.000000
v 0.013226 0.086290 0.040254 1.000000 1.000000 1.000000
v 0.013226 0.086119 -0.015131 1.000000 1.000000 1.000000
v 0.013226 0.086290 0.040254 1.000000 1.000000 1.000000
v 0.013226 0.010555 0.152474 1.000000 1.000000 1.000000
v 0.013226 0.001957 0.122805 1.000000 1.000000 1.000000
v 0.013226 -0.007083 0.124419 1.000000 1.000000 1.000000
v 0.013226 -0.001885 0.154947 1.000000 1.000000 1.000000
v 0.013226 -0.001885 0.154947 1.000000 1.000000 1.000000
v 0.013226 -0.007083 0.124419 1.000000 1.000000 1.000000
v 0.013226 0.001957 0.122805 1.000000 1.000000 1.000000
v 0.013226 0.010555 0.152474 1.000000 1.000000 1.000000
v 0.013226 0.022007 0.167031 1.000000 1.000000 1.000000
v 0.013226 -0.001885 0.170210 1.000000 1.000000 1.000000
v 0.013226 -0.001885 0.170210 1.000000 1.000000 1.000000
v 0.013226 0.022007 0.167031 1.000000 1.000000 1.000000
v 0.013226 0.045132 0.185480 1.000000 1.000000 1.000000
v 0.013226 -0.006977 0.187493 1.000000 1.000000 1.000000
v 0.013226 -0.006977 0.187493 1.000000 1.000000 1.000000
v 0.013226 0.045132 0.185480 1.000000 1.000000 1.000000
v 0.005927 0.255138 -0.443668 1.000000 1.000000 1.000000
v 0.005927 0.252266 -0.444866 1.000000 1.000000 1.000000
v 0.005927 0.272839 -0.429212 1.000000 1.000000 1.000000
v 0.005927 0.263932 -0.438429 1.000000 1.000000 1.000000
v 0.005927 0.252266 -0.398381 1.000000 1.000000 1.000000
v 0.005927 0.277689 -0.417996 1.000000 1.000000 1.000000
v 0.005927 0.252266 -0.433566 1.000000 1.000000 1.000000
v 0.005927 0.263932 -0.438429 1.000000 1.000000 1.000000
v 0.005927 0.252266 -0.415904 1.000000 1.000000 1.000000
v 0.005927 0.252266 -0.444866 1.000000 1.000000 1.000000
v 0.005927 0.255138 -0.443668 1.000000 1.000000 1.000000
v 0.005927 0.252266 -0.398381 1.000000 1.000000 1.000000
v 0.020125 0.269953 0.051847 1.000000 1.000000 1.000000
v 0.020125 0.267238 0.045718 1.000000 1.000000 1.000000
v 0.020125 0.262271 0.045718 1.000000 1.000000 1.000000
v 0.020125 0.262271 0.051847 1.000000 1.000000 1.000000
v 0.020125 0.275587 0.061056 1.000000 1.000000 1.000000
v 0.020125 0.276778 0.067038 1.000000 1.000000 1.000000
v 0.020125 0.262271 0.067038 1.000000 1.000000 1.000000
v 0.020125 0.262271 0.061056 1.000000 1.000000 1.000000
v 0.020125 0.268682 0.109387 1.000000 1.000000 1.000000
v 0.020125 0.262271 0.109387 1.000000 1.000000 1.000000
v 0.020125 0.262271 0.096889 1.000000 1.000000 1.000000
v 0.020125 0.275587 0.096889 1.000000 1.000000 1.000000
v 0.020125 0.268682 0.251633 1.000000 1.000000 1.000000
v 0.020125 0.262271 0.251633 1.000000 1.000000 1.000000
v 0.020125 0.276778 0.091320 1.000000 1.000000 1.000000
v 0.020125 0.262271 0.091320 1.000000 1.000000 1.000000
v 0.027505 0.263939 0.424443 1.000000 1.000000 1.000000
v 0.027505 0.273058 0.418608 1.000000 1.000000 1.000000
v 0.027505 0.283904 0.407012 1.000000 1.000000 1.000000
v 0.027505 0.283356 0.404532 1.000000 1.000000 1.000000
v 0.027505 0.244199 0.429462 1.000000 1.000000 1.000000
v 0.027505 0.278524 0.413093 1.000000 1.000000 1.000000
v 0.027505 0.280899 0.407012 1.000000 1.000000 1.000000
v 0.027505 0.282065 0.402458 1.000000 1.000000 1.000000
v 0.027505 0.283356 0.404532 1.000000 1.000000 1.000000
v 0.027505 0.283904 0.407012 1.000000 1.000000 1.000000
v 0.027505 0.280899 0.407012 1.000000 1.000000 1.000000
v 0.027505 0.262841 0.414658 1.000000 1.000000 1.000000
v 0.027505 0.269515 0.414297 1.000000 1.000000 1.000000
v 0.027505 0.273058 0.418608 1.000000 1.000000 1.000000
v 0.027505 0.263939 0.424443 1.000000 1.000000 1.000000
v 0.027505 0.246325 0.414127 1.000000 1.000000 1.000000
v 0.027505 0.244199 0.429462 1.000000 1.000000 1.000000
v 0.027505 0.259920 0.325628 1.000000 1.000000 1.000000
v 0.027505 0.281285 0.326447 1.000000 1.000000 1.000000
v 0.027505 0.274662 0.409923 1.000000 1.000000 1.000000
v 0.027505 0.278524 0.413093 1.000000 1.000000 1.000000
v 0.027505 0.277365 0.405358 1.000000 1.000000 1.000000
v 0.027505 0.277676 0.401637 1.000000 1.000000 1.000000
v 0.027505 0.282065 0.402458 1.000000 1.000000 1.000000
v 0.027505 0.277676 0.401637 1.000000 1.000000 1.000000
v 0.027505 0.281285 0.326447 1.000000 1.000000 1.000000
v 0.027505 0.282065 0.402458 1.000000 1.000000 1.000000
v 0.026182 0.277551 0.264643 1.000000 1.000000 1.000000
v 0.026182 0.270180 0.275672 1.000000 1.000000 1.000000
v 0.051755 0.270180 0.275672 1.000000 1.000000 1.000000
v 0.051755 0.277551 0.264643 1.000000 1.000000 1.000000
v 0.026182 0.259150 0.283042 1.000000 1.000000 1.000000
v 0.051755 0.259150 0.283042 1.000000 1.000000 1.000000
v 0.026182 0.246139 0.285632 1.000000 1.000000 1.000000
v 0.051755 0.246139 0.285632 1.000000 1.000000 1.000000
v 0.026182 0.233127 0.283042 1.000000 1.000000 1.000000
v 0.051755 0.233127 0.283042 1.000000 1.000000 1.000000
v 0.026182 0.222097 0.275672 1.000000 1.000000 1.000000
v 0.051755 0.222097 0.275672 1.000000 1.000000 1.000000
v 0.026182 0.214726 0.264643 1.000000 1.000000 1.000000
v 0.051755 0.214726 0.264643 1.000000 1.000000 1.000000
v 0.026182 0.212138 0.251633 1.000000 1.000000 1.000000
v 0.051755 0.212138 0.251633 1.000000 1.000000 1.000000
v 0.026182 0.212138 0.251633 1.000000 1.000000 1.000000
v 0.026182 0.214726 0.238623 1.000000 1.000000 1.000000
v 0.051755 0.214726 0.238623 1.000000 1.000000 1.000000
v 0.051755 0.212138 0.251633 1.000000 1.000000 1.000000
v 0.026182 0.222097 0.227588 1.000000 1.000000 1.000000
v 0.051755 0.222097 0.227588 1.000000 1.000000 1.000000
v 0.026182 0.233127 0.220219 1.000000 1.000000 1.000000
v 0.051755 0.233127 0.220219 1.000000 1.000000 1.000000
v 0.026182 0.246139 0.217632 1.000000 1.000000 1.000000
v 0.051755 0.246139 0.217632 1.000000 1.000000 1.000000
v 0.026182 0.259150 0.220219 1.000000 1.000000 1.000000
v 0.051755 0.259150 0.220219 1.000000 1.000000 1.000000
v 0.026182 0.270180 0.227588 1.000000 1.000000 1.000000
v 0.051755 0.270180 0.227588 1.000000 1.000000 1.000000
v 0.026182 0.277551 0.238623 1.000000 1.000000 1.000000
v 0.051755 0.277551 0.238623 1.000000 1.000000 1.000000
v 0.026182 0.280139 0.251633 1.000000 1.000000 1.000000
v 0.051755 0.280139 0.251633 1.000000 1.000000 1.000000
v 0.043798 0.255906 0.261398 1.000000 1.000000 1.000000
v 0.043798 0.246139 0.251633 1.000000 1.000000 1.000000
v 0.043798 0.258900 0.256918 1.000000 1.000000 1.000000
v 0.043798 0.251424 0.264392 1.000000 1.000000 1.000000
v 0.043798 0.246139 0.265442 1.000000 1.000000 1.000000
v 0.043798 0.240853 0.264392 1.000000 1.000000 1.000000
v 0.043798 0.236372 0.261398 1.000000 1.000000 1.000000
v 0.043798 0.233378 0.256918 1.000000 1.000000 1.000000
v 0.043798 0.232326 0.251633 1.000000 1.000000 1.000000
v 0.043798 0.233378 0.246348 1.000000 1.000000 1.000000
v 0.043798 0.236372 0.241867 1.000000 1.000000 1.000000
v 0.043798 0.240853 0.238873 1.000000 1.000000 1.000000
v 0.043798 0.246139 0.237823 1.000000 1.000000 1.000000
v 0.043798 0.251424 0.238873 1.000000 1.000000 1.000000
v 0.043798 0.255906 0.241867 1.000000 1.000000 1.000000
v 0.043798 0.258900 0.246348 1.000000 1.000000 1.000000
v 0.043798 0.259951 0.251633 1.000000 1.000000 1.000000
v 0.024630 0.266321 0.231448 1.000000 1.000000 1.000000
v 0.024630 0.272508 0.240708 1.000000 1.000000 1.000000
v 0.024630 0.257061 0.225262 1.000000 1.000000 1.000000
v 0.024630 0.246139 0.223090 1.000000 1.000000 1.000000
v 0.024630 0.235215 0.225262 1.000000 1.000000 1.000000
v 0.024630 0.225956 0.231448 1.000000 1.000000 1.000000
v 0.024630 0.219768 0.240708 1.000000 1.000000 1.000000
v 0.024630 0.217596 0.251633 1.000000 1.000000 1.000000
v 0.024630 0.219768 0.262558 1.000000 1.000000 1.000000
v 0.024630 0.217596 0.251633 1.000000 1.000000 1.000000
v 0.024630 0.225956 0.271812 1.000000 1.000000 1.000000
v 0.024630 0.235216 0.278003 1.000000 1.000000 1.000000
v 0.024630 0.246139 0.280173 1.000000 1.000000 1.000000
v 0.024630 0.257061 0.278003 1.000000 1.000000 1.000000
v 0.024630 0.266321 0.271812 1.000000 1.000000 1.000000
v 0.024630 0.272508 0.262558 1.000000 1.000000 1.000000
v 0.024630 0.274681 0.251633 1.000000 1.000000 1.000000
v 0.053879 0.269184 0.274678 1.000000 1.000000 1.000000
v 0.053879 0.276249 0.264103 1.000000 1.000000 1.000000
v 0.051755 0.277551 0.264643 1.000000 1.000000 1.000000
v 0.051755 0.270180 0.275672 1.000000 1.000000 1.000000
v 0.053879 0.258611 0.281743 1.000000 1.000000 1.000000
v 0.051755 0.259150 0.283042 1.000000 1.000000 1.000000
v 0.053879 0.246139 0.284223 1.000000 1.000000 1.000000
v 0.051755 0.246139 0.285632 1.000000 1.000000 1.000000
v 0.053879 0.233666 0.281743 1.000000 1.000000 1.000000
v 0.051755 0.233127 0.283042 1.000000 1.000000 1.000000
v 0.053879 0.223092 0.274678 1.000000 1.000000 1.000000
v 0.051755 0.222097 0.275672 1.000000 1.000000 1.000000
v 0.053879 0.216027 0.264103 1.000000 1.000000 1.000000
v 0.051755 0.214726 0.264643 1.000000 1.000000 1.000000
v 0.053879 0.213546 0.251633 1.000000 1.000000 1.000000
v 0.051755 0.212138 0.251633 1.000000 1.000000 1.000000
v 0.053879 0.216027 0.239163 1.000000 1.000000 1.000000
v 0.051755 0.214726 0.238623 1.000000 1.000000 1.000000
v 0.053879 0.223092 0.228587 1.000000 1.000000 1.000000
v 0.051755 0.222097 0.227588 1.000000 1.000000 1.000000
v 0.053879 0.233666 0.221521 1.000000 1.000000 1.000000
v 0.051755 0.233127 0.220219 1.000000 1.000000 1.000000
v 0.053879 0.246139 0.219041 1.000000 1.000000 1.000000
v 0.051755 0.246139 0.217632 1.000000 1.000000 1.000000
v 0.053879 0.258611 0.221521 1.000000 1.000000 1.000000
v 0.051755 0.259150 0.220219 1.000000 1.000000 1.000000
v 0.053879 0.269184 0.228587 1.000000 1.000000 1.000000
v 0.051755 0.270180 0.227588 1.000000 1.000000 1.000000
v 0.053879 0.276249 0.239163 1.000000 1.000000 1.000000
v 0.051755 0.277551 0.238623 1.000000 1.000000 1.000000
v 0.053879 0.278731 0.251633 1.000000 1.000000 1.000000
v 0.051755 0.280139 0.251633 1.000000 1.000000 1.000000
v 0.043798 0.255906 0.261398 1.000000 1.000000 1.000000
v 0.043798 0.258900 0.256918 1.000000 1.000000 1.000000
v 0.053879 0.258900 0.256918 1.000000 1.000000 1.000000
v 0.053879 0.255906 0.261398 1.000000 1.000000 1.000000
v 0.043798 0.251424 0.264392 1.000000 1.000000 1.000000
v 0.053879 0.251424 0.264392 1.000000 1.000000 1.000000
v 0.043798 0.246139 0.265442 1.000000 1.000000 1.000000
v 0.053879 0.246139 0.265442 1.000000 1.000000 1.000000
v 0.043798 0.240853 0.264392 1.000000 1.000000 1.000000
v 0.053879 0.240853 0.264392 1.000000 1.000000 1.000000
v 0.043798 0.236372 0.261398 1.000000 1.000000 1.000000
v 0.053879 0.236372 0.261398 1.000000 1.000000 1.000000
v 0.053879 0.233378 0.256918 1.000000 1.000000 1.000000
v 0.053879 0.232326 0.251633 1.000000 1.000000 1.000000
v 0.053879 0.233378 0.246348 1.000000 1.000000 1.000000
v 0.043798 0.236372 0.241867 1.000000 1.000000 1.000000
v 0.053879 0.236372 0.241867 1.000000 1.000000 1.000000
v 0.043798 0.240853 0.238873 1.000000 1.000000 1.000000
v 0.053879 0.240853 0.238873 1.000000 1.000000 1.000000
v 0.043798 0.246139 0.237823 1.000000 1.000000 1.000000
v 0.053879 0.246139 0.237823 1.000000 1.000000 1.000000
v 0.043798 0.251424 0.238873 1.000000 1.000000 1.000000
v 0.053879 0.251424 0.238873 1.000000 1.000000 1.000000
v 0.043798 0.255906 0.241867 1.000000 1.000000 1.000000
v 0.053879 0.255906 0.241867 1.000000 1.000000 1.000000
v 0.043798 0.258900 0.246348 1.000000 1.000000 1.000000
v 0.053879 0.258900 0.246348 1.000000 1.000000 1.000000
v 0.043798 0.259951 0.251633 1.000000 1.000000 1.000000
v 0.053879 0.259951 0.251633 1.000000 1.000000 1.000000
v 0.043798 0.259951 0.251633 1.000000 1.000000 1.000000
v 0.053879 0.259951 0.251633 1.000000 1.000000 1.000000
v 0.053879 0.255906 0.241867 1.000000 1.000000 1.000000
v 0.053879 0.258900 0.246348 1.000000 1.000000 1.000000
v 0.053879 0.259951 0.251633 1.000000 1.000000 1.000000
v 0.053879 0.258900 0.256918 1.000000 1.000000 1.000000
v 0.053879 0.255906 0.261398 1.000000 1.000000 1.000000
v 0.053879 0.251424 0.264392 1.000000 1.000000 1.000000
v 0.053879 0.246139 0.265442 1.000000 1.000000 1.000000
v 0.053879 0.240853 0.264392 1.000000 1.000000 1.000000
v 0.053879 0.236372 0.261398 1.000000 1.000000 1.000000
v 0.053879 0.233378 0.256918 1.000000 1.000000 1.000000
v 0.053879 0.232326 0.251633 1.000000 1.000000 1.000000
v 0.053879 0.233378 0.246348 1.000000 1.000000 1.000000
v 0.053879 0.236372 0.241867 1.000000 1.000000 1.000000
v 0.053879 0.240853 0.238873 1.000000 1.000000 1.000000
v 0.053879 0.246139 0.237823 1.000000 1.000000 1.000000
v 0.053879 0.251424 0.238873 1.000000 1.000000 1.000000
v 0.027151 0.278565 0.404258 1.000000 1.000000 1.000000
v 0.027151 0.271194 0.415288 1.000000 1.000000 1.000000
v 0.037756 0.271194 0.415288 1.000000 1.000000 1.000000
v 0.037756 0.278565 0.404258 1.000000 1.000000 1.000000
v 0.027151 0.260163 0.422658 1.000000 1.000000 1.000000
v 0.037756 0.260163 0.422658 1.000000 1.000000 1.000000
v 0.027151 0.247151 0.425247 1.000000 1.000000 1.000000
v 0.037756 0.247151 0.425247 1.000000 1.000000 1.000000
v 0.027151 0.234140 0.422658 1.000000 1.000000 1.000000
v 0.037756 0.234140 0.422658 1.000000 1.000000 1.000000
v 0.027151 0.223109 0.415288 1.000000 1.000000 1.000000
v 0.037756 0.223109 0.415288 1.000000 1.000000 1.000000
v 0.027151 0.215739 0.404258 1.000000 1.000000 1.000000
v 0.037756 0.215739 0.404258 1.000000 1.000000 1.000000
v 0.027151 0.213151 0.391248 1.000000 1.000000 1.000000
v 0.037756 0.213151 0.391248 1.000000 1.000000 1.000000
v 0.027151 0.213151 0.391248 1.000000 1.000000 1.000000
v 0.027151 0.215739 0.378233 1.000000 1.000000 1.000000
v 0.037756 0.215739 0.378233 1.000000 1.000000 1.000000
v 0.037756 0.213151 0.391248 1.000000 1.000000 1.000000
v 0.027151 0.223109 0.367203 1.000000 1.000000 1.000000
v 0.037756 0.223109 0.367203 1.000000 1.000000 1.000000
v 0.027151 0.234140 0.359833 1.000000 1.000000 1.000000
v 0.037756 0.234140 0.359833 1.000000 1.000000 1.000000
v 0.027151 0.247151 0.357243 1.000000 1.000000 1.000000
v 0.037756 0.247151 0.357243 1.000000 1.000000 1.000000
v 0.027151 0.260163 0.359833 1.000000 1.000000 1.000000
v 0.037756 0.260163 0.359833 1.000000 1.000000 1.000000
v 0.027151 0.271194 0.367203 1.000000 1.000000 1.000000
v 0.037756 0.271194 0.367203 1.000000 1.000000 1.000000
v 0.027151 0.278565 0.378233 1.000000 1.000000 1.000000
v 0.037756 0.278565 0.378233 1.000000 1.000000 1.000000
v 0.027151 0.281152 0.391248 1.000000 1.000000 1.000000
v 0.037756 0.281152 0.391248 1.000000 1.000000 1.000000
v 0.027151 0.271194 0.367203 1.000000 1.000000 1.000000
v 0.026019 0.247151 0.391248 1.000000 1.000000 1.000000
v 0.027151 0.278565 0.378233 1.000000 1.000000 1.000000
v 0.027151 0.260163 0.359833 1.000000 1.000000 1.000000
v 0.027151 0.247151 0.357243 1.000000 1.000000 1.000000
v 0.027151 0.234140 0.359833 1.000000 1.000000 1.000000
v 0.027151 0.223109 0.367203 1.000000 1.000000 1.000000
v 0.027151 0.215739 0.378233 1.000000 1.000000 1.000000
v 0.027151 0.213151 0.391248 1.000000 1.000000 1.000000
v 0.027151 0.215739 0.404258 1.000000 1.000000 1.000000
v 0.027151 0.223109 0.415288 1.000000 1.000000 1.000000
v 0.027151 0.234140 0.422658 1.000000 1.000000 1.000000
v 0.027151 0.247151 0.425247 1.000000 1.000000 1.000000
v 0.027151 0.260163 0.422658 1.000000 1.000000 1.000000
v 0.027151 0.271194 0.415288 1.000000 1.000000 1.000000
v 0.027151 0.278565 0.404258 1.000000 1.000000 1.000000
v 0.027151 0.281152 0.391248 1.000000 1.000000 1.000000
v 0.037756 0.271194 0.415288 1.000000 1.000000 1.000000
v 0.037756 0.247151 0.391248 1.000000 1.000000 1.000000
v 0.037756 0.278565 0.404258 1.000000 1.000000 1.000000
v 0.037756 0.260163 0.422658 1.000000 1.000000 1.000000
v 0.037756 0.247151 0.425247 1.000000 1.000000 1.000000
v 0.037756 0.234140 0.422658 1.000000 1.000000 1.000000
v 0.037756 0.223109 0.415288 1.000000 1.000000 1.000000
v 0.037756 0.215739 0.404258 1.000000 1.000000 1.000000
v 0.037756 0.213151 0.391248 1.000000 1.000000 1.000000
v 0.037756 0.215739 0.378233 1.000000 1.000000 1.000000
v 0.037756 0.223109 0.367203 1.000000 1.000000 1.000000
v 0.037756 0.234140 0.359833 1.000000 1.000000 1.000000
v 0.037756 0.247151 0.357243 1.000000 1.000000 1.000000
v 0.037756 0.260163 0.359833 1.000000 1.000000 1.000000
v 0.037756 0.271194 0.367203 1.000000 1.000000 1.000000
v 0.037756 0.278565 0.378233 1.000000 1.000000 1.000000
v 0.037756 0.281152 0.391248 1.000000 1.000000 1.000000
v 0.027746 0.238133 -0.450108 1.000000 1.000000 1.000000
v 0.016019 0.249858 -0.450108 1.000000 1.000000 1.000000
v 0.016019 0.249858 -0.395770 1.000000 1.000000 1.000000
v 0.027746 0.238133 -0.395770 1.000000 1.000000 1.000000
v 0.016019 0.194368 -0.450108 1.000000 1.000000 1.000000
v 0.016019 0.194368 -0.395770 1.000000 1.000000 1.000000
v 0.027746 0.206095 -0.450108 1.000000 1.000000 1.000000
v 0.027746 0.206095 -0.395770 1.000000 1.000000 1.000000
v 0.032038 0.222114 -0.450108 1.000000 1.000000 1.000000
v 0.032038 0.222114 -0.395770 1.000000 1.000000 1.000000
v 0.017412 0.232166 -0.389849 1.000000 1.000000 1.000000
v 0.010053 0.239525 -0.389849 1.000000 1.000000 1.000000
v 0.010053 0.204701 -0.389849 1.000000 1.000000 1.000000
v 0.017412 0.212061 -0.389849 1.000000 1.000000 1.000000
v 0.020105 0.222114 -0.389849 1.000000 1.000000 1.000000
v 0.013535 0.245557 -0.391478 1.000000 1.000000 1.000000
v 0.023443 0.235649 -0.391478 1.000000 1.000000 1.000000
v 0.013535 0.198670 -0.391478 1.000000 1.000000 1.000000
v 0.023443 0.208578 -0.391478 1.000000 1.000000 1.000000
v 0.027070 0.222114 -0.391478 1.000000 1.000000 1.000000
v 0.013535 0.245557 -0.106808 1.000000 1.000000 1.000000
v 0.023443 0.235649 -0.106808 1.000000 1.000000 1.000000
v 0.013535 0.198670 -0.106808 1.000000 1.000000 1.000000
v 0.023443 0.208578 -0.106808 1.000000 1.000000 1.000000
v 0.027070 0.222114 -0.106808 1.000000 1.000000 1.000000
v 0.016263 0.250283 -0.094722 1.000000 1.000000 1.000000
v 0.028170 0.238377 -0.094722 1.000000 1.000000 1.000000
v 0.016263 0.193944 -0.094722 1.000000 1.000000 1.000000
v 0.028170 0.205850 -0.094722 1.000000 1.000000 1.000000
v 0.032527 0.222114 -0.094722 1.000000 1.000000 1.000000
v 0.023185 0.262271 -0.079907 1.000000 1.000000 1.000000
v 0.040158 0.245300 -0.079907 1.000000 1.000000 1.000000
v 0.040294 0.245378 -0.085137 1.000000 1.000000 1.000000
v 0.023263 0.262408 -0.085137 1.000000 1.000000 1.000000
v 0.023185 0.181955 -0.079907 1.000000 1.000000 1.000000
v 0.023263 0.181819 -0.085137 1.000000 1.000000 1.000000
v 0.040158 0.198929 -0.079907 1.000000 1.000000 1.000000
v 0.040294 0.198850 -0.085137 1.000000 1.000000 1.000000
v 0.046371 0.222114 -0.079907 1.000000 1.000000 1.000000
v 0.046528 0.222114 -0.085137 1.000000 1.000000 1.000000
v 0.023263 0.262408 -0.085137 1.000000 1.000000 1.000000
v 0.040294 0.245378 -0.085137 1.000000 1.000000 1.000000
v 0.023263 0.181819 -0.085137 1.000000 1.000000 1.000000
v 0.040294 0.198850 -0.085137 1.000000 1.000000 1.000000
v 0.046528 0.222114 -0.085137 1.000000 1.000000 1.000000
v 0.023185 0.262271 -0.000813 1.000000 1.000000 1.000000
v 0.040158 0.245300 -0.000813 1.000000 1.000000 1.000000
v 0.023185 0.181955 -0.000813 1.000000 1.000000 1.000000
v 0.040158 0.198929 -0.000813 1.000000 1.000000 1.000000
v 0.046371 0.222114 -0.000813 1.000000 1.000000 1.000000
v 0.023185 0.262271 -0.000813 1.000000 1.000000 1.000000
v 0.023185 0.262271 0.337602 1.000000 1.000000 1.000000
v 0.023185 0.181955 0.337602 1.000000 1.000000 1.000000
v 0.040158 0.198929 0.337602 1.000000 1.000000 1.000000
v 0.046371 0.222114 0.337602 1.000000 1.000000 1.000000
v 0.040158 0.245300 0.337602 1.000000 1.000000 1.000000
v 0.023185 0.262271 0.337602 1.000000 1.000000 1.000000
v 0.019736 0.233508 -0.450108 1.000000 1.000000 1.000000
v 0.011394 0.241849 -0.450108 1.000000 1.000000 1.000000
v 0.016019 0.249858 -0.450108 1.000000 1.000000 1.000000
v 0.027746 0.238133 -0.450108 1.000000 1.000000 1.000000
v 0.011394 0.202377 -0.450108 1.000000 1.000000 1.000000
v 0.016019 0.194368 -0.450108 1.000000 1.000000 1.000000
v 0.019736 0.210719 -0.450108 1.000000 1.000000 1.000000
v 0.027746 0.206095 -0.450108 1.000000 1.000000 1.000000
v 0.022789 0.222114 -0.450108 1.000000 1.000000 1.000000
v 0.032038 0.222114 -0.450108 1.000000 1.000000 1.000000
v 0.010053 0.239525 -0.389849 1.000000 1.000000 1.000000
v 0.011394 0.241849 -0.450108 1.000000 1.000000 1.000000
v 0.019736 0.233508 -0.450108 1.000000 1.000000 1.000000
v 0.010053 0.204701 -0.389849 1.000000 1.000000 1.000000
v 0.011394 0.202377 -0.450108 1.000000 1.000000 1.000000
v 0.019736 0.210719 -0.450108 1.000000 1.000000 1.000000
v 0.022789 0.222114 -0.450108 1.000000 1.000000 1.000000

vn 0.016121 -0.992184 0.123595
vn 0.016121 -0.992184 0.123595
vn 0.016121 -0.992184 0.123595
vn 0.005374 -0.992184 0.122618
vn -0.351246 -0.517342 0.780166
vn -0.351246 -0.517342 0.780166
vn -0.351246 -0.517342 0.780166
vn -0.359062 -0.533952 0.765511
vn -1.000000 0.000489 0.000489
vn -1.000000 0.000489 0.000489
vn -0.351246 -0.517342 0.780166
vn -0.351246 -0.517342 0.780166
vn -1.000000 0.000489 0.000489
vn -0.463605 -0.657059 -0.594529
vn -0.463605 -0.657059 -0.594529
vn -1.000000 0.000489 0.000489
vn -0.405960 0.024915 0.914021
vn -0.405960 0.024915 0.914021
vn -0.405960 0.024915 0.914021
vn -0.400098 0.033708 0.915975
vn -1.000000 0.000489 0.000489
vn -1.000000 0.000489 0.000489
vn -1.000000 0.000489 0.000489
vn -1.000000 0.000489 0.000489
vn -1.000000 0.000489 0.000489
vn -1.000000 0.000489 0.000489
vn -1.000000 0.000489 0.000489
vn -1.000000 0.000489 0.000489
vn -0.345383 0.519297 0.782120
vn -0.345383 0.519297 0.782120
vn -0.345383 0.519297 0.782120
vn -0.346361 0.522228 0.779189
vn -0.305325 0.241817 -0.920860
vn -0.305325 0.241817 -0.920860
vn -0.305325 0.241817 -0.920860
vn -0.305325 0.240840 -0.920860
vn -1.000000 0.000489 -0.000489
vn -1.000000 0.000489 -0.000489
vn -1.000000 0.000489 -0.000489
vn -1.000000 0.000489 -0.000489
vn -0.400098 -0.024915 0.915975
vn -0.400098 -0.024915 0.915975
vn -0.400098 -0.024915 0.915975
vn -0.399121 -0.023937 0.916952
vn -0.313141 -0.108940 -0.943332
vn -0.313141 -0.108940 -0.943332
vn -0.313141 -0.108940 -0.943332
vn -0.310210 -0.106986 -0.944309
vn 0.016121 -0.992184 0.123595
vn 0.005374 -0.992184 0.122618
vn 0.016121 -0.992184 0.123595
vn 0.016121 -0.992184 0.123595
vn -1.000000 0.000489 -0.000489
vn -1.000000 0.001466 0.000489
vn -1.000000 0.000489 0.000489
vn -1.000000 0.000489 0.000489
vn -0.362970 0.449927 0.816317
vn -0.362970 0.449927 0.816317
vn -0.319003 -0.235955 -0.917929
vn -0.319003 -0.235955 -0.917929
vn -0.318026 -0.100147 -0.942355
vn -0.318026 -0.100147 -0.942355
vn -0.318026 -0.100147 -0.942355
vn -0.319003 -0.099169 -0.942355
vn -1.000000 0.000489 0.000489
vn -1.000000 0.000489 0.000489
vn -0.318026 -0.179287 -0.930630
vn -0.314118 -0.178310 -0.932584
vn -0.363947 0.433317 0.824133
vn -0.361993 0.432340 0.826087
vn -0.000489 0.000489 1.000000
vn 0.000489 0.000489 1.000000
vn 0.000489 0.162677 0.986321
vn 0.000489 0.162677 0.986321
vn -0.463605 -0.657059 -0.594529
vn -1.000000 0.000489 0.000489
vn -0.375672 -0.926722 -0.000489
vn -0.375672 -0.926722 -0.000489
vn -0.359062 -0.533952 0.765511
vn -0.000489 -1.000000 0.000489
vn -0.000489 -1.000000 0.000489
vn -0.351246 -0.517342 0.780166
vn -1.000000 0.000489 0.000489
vn -1.000000 0.000489 0.000489
vn -0.000489 0.000489 1.000000
vn 0.000489 0.162677 0.986321
vn -1.000000 0.000489 0.000489
vn -1.000000 0.000489 0.000489
vn -0.314118 0.004397 -0.949194
vn -0.314118 0.004397 -0.949194
vn -0.314118 0.004397 -0.949194
vn -0.314118 0.005374 -0.949194
vn -1.000000 0.000489 0.000489
vn -1.000000 0.000489 0.000489
vn -1.000000 0.000489 0.000489
vn -1.000000 0.000489 0.000489
vn -0.370786 -0.357108 0.857352
vn -0.370786 -0.357108 0.857352
vn -0.370786 -0.357108 0.857352
vn -0.376649 -0.376649 0.845628
vn -1.000000 -0.000489 -0.000489
vn -1.000000 0.000489 -0.000489
vn -0.351246 -0.517342 0.780166
vn -1.000000 0.000489 0.000489
vn -1.000000 0.000489 0.000489
vn -0.000489 -1.000000 0.000489
vn -0.000489 0.009282 1.000000
vn -0.000489 0.009282 1.000000
vn -0.000489 0.009282 1.000000
vn -0.000489 0.009282 1.000000
vn -0.627748 0.778212 -0.000489
vn -0.627748 0.778212 -0.000489
vn -0.627748 0.778212 -0.000489
vn -0.626771 0.779189 -0.000489
vn -0.626771 0.779189 0.000489
vn -0.626771 0.779189 0.000489
vn -0.626771 0.779189 0.000489
vn -0.626771 0.779189 0.000489
vn -0.000489 0.310210 0.950171
vn -0.000489 0.310210 0.950171
vn -0.626771 0.779189 0.000489
vn -0.626771 0.779189 0.000489
vn 0.000489 -0.940401 -0.340498
vn 0.000489 -1.000000 0.000489
vn 0.000489 -0.596483 -0.802638
vn -0.110894 -0.421593 -0.900342
vn 0.000489 0.145090 -0.989253
vn 0.000489 0.074744 -0.997069
vn 0.000489 -0.523205 -0.852467
vn 0.000489 -0.591597 -0.806546
vn -0.124573 -0.248657 -0.960918
vn 0.000489 0.028823 -1.000000
vn 0.000489 -0.171470 -0.985344
vn 0.000489 -0.135320 -0.991207
vn 0.000489 -0.094284 -0.995115
vn 0.000489 -0.749878 -0.660967
vn 0.000489 -0.749878 -0.660967
vn 0.000489 -0.684416 0.729360
vn 0.000489 -0.684416 0.729360
vn 0.000489 -0.097215 0.995115
vn -0.165608 -0.024915 0.986321
vn 0.000489 0.401075 0.915975
vn 0.000489 0.510503 0.859306
vn 0.000489 0.524182 0.851490
vn 0.000489 0.430386 0.903273
vn 0.000489 0.209575 0.977528
vn 0.000489 -0.117733 0.993161
vn 0.000489 -0.348315 0.937469
vn 0.000489 -0.509526 0.860283
vn 0.000489 -0.580850 0.813385
vn 0.000489 -0.913043 0.407914
vn 0.000489 -0.913043 0.407914
vn 0.000489 -1.000000 0.000489
vn -0.000489 0.009282 1.000000
vn 0.000489 0.552516 0.832926
vn 0.000489 0.132389 0.991207
vn 0.000489 0.944309 -0.329751
vn 0.000489 0.952125 0.304348
vn 0.000489 0.952125 0.304348
vn 0.000489 0.944309 -0.329751
vn -0.000489 -0.050318 0.999023
vn -0.000489 -0.050318 0.999023
vn 0.000489 -0.050318 0.999023
vn -0.000489 -0.050318 0.999023
vn -0.000489 -0.050318 0.999023
vn -1.000000 0.000489 0.000489
vn -0.000489 -0.050318 0.999023
vn -0.629702 0.776258 -0.001466
vn -0.629702 0.776258 -0.001466
vn -0.629702 0.776258 -0.001466
vn -0.627748 0.778212 -0.001466
vn -1.000000 0.000489 -0.002443
vn -1.000000 0.000489 -0.002443
vn -1.000000 0.000489 -0.002443
vn -1.000000 -0.001466 -0.002443
vn -0.913043 -0.406937 -0.002443
vn -0.974597 -0.218368 -0.059111
vn -0.559355 -0.828041 -0.043478
vn -0.505618 -0.862237 -0.002443
vn -0.505618 -0.862237 -0.002443
vn -0.559355 -0.828041 -0.043478
vn 0.000489 -0.964827 -0.262335
vn 0.000489 -1.000000 -0.000489
vn -0.629702 0.776258 -0.001466
vn -0.627748 0.778212 -0.001466
vn -1.000000 0.000489 -0.002443
vn -1.000000 0.000489 -0.002443
vn -0.974597 -0.218368 -0.059111
vn -0.505618 -0.862237 -0.002443
vn 0.000489 -1.000000 -0.000489
vn -0.000489 -1.000000 0.000489
vn -0.000489 -1.000000 0.000489
vn 0.000489 0.648266 0.760625
vn 0.000489 0.648266 0.760625
vn -0.000489 -1.000000 0.000489
vn 0.000489 0.648266 0.760625
vn 0.000489 -1.000000 0.000489
vn 0.000489 0.804592 0.594529
vn -0.000489 0.009282 1.000000
vn -0.000489 0.009282 1.000000
vn -0.000489 0.009282 1.000000
vn -0.000489 0.009282 1.000000
vn -0.000489 0.009282 1.000000
vn -1.000000 -0.000489 -0.001466
vn -1.000000 -0.000489 -0.001466
vn -1.000000 0.000489 -0.000489
vn -1.000000 -0.000489 -0.001466
vn -1.000000 -0.000489 -0.000489
vn -0.627748 0.778212 -0.000489
vn -0.626771 0.779189 0.000489
vn -1.000000 0.000489 0.000489
vn -1.000000 -0.000489 -0.000489
vn -1.000000 0.000489 0.000489
vn -0.626771 0.779189 0.000489
vn -1.000000 0.000489 0.000489
vn -0.626771 0.779189 0.000489
vn -0.000489 0.310210 0.950171
vn 0.000489 0.000489 1.000000
vn -1.000000 0.000489 0.000489
vn -1.000000 0.000489 0.000489
vn 0.000489 -0.940401 -0.340498
vn -0.318026 -0.100147 -0.942355
vn -1.000000 0.000489 0.000489
vn -1.000000 0.000489 0.000489
vn -0.319003 -0.099169 -0.942355
vn -0.405960 0.024915 0.914021
vn -0.405960 0.024915 0.914021
vn -1.000000 0.000489 0.000489
vn -1.000000 0.000489 0.000489
vn -0.305325 0.241817 -0.920860
vn -1.000000 0.000489 0.000489
vn -1.000000 0.000489 0.000489
vn -0.305325 0.240840 -0.920860
vn -0.345383 0.519297 0.782120
vn -1.000000 0.000489 0.000489
vn -1.000000 0.000489 0.000489
vn -0.345383 0.519297 0.782120
vn -0.313141 -0.108940 -0.943332
vn -0.310210 -0.106986 -0.944309
vn -1.000000 -0.000489 -0.000489
vn -1.000000 0.000489 -0.000489
vn -0.400098 -0.024915 0.915975
vn -1.000000 0.000489 0.000489
vn -1.000000 0.000489 0.000489
vn -0.400098 -0.024915 0.915975
vn -1.000000 0.000489 0.000489
vn 0.016121 -0.992184 0.123595
vn 0.016121 -0.992184 0.123595
vn -1.000000 0.001466 -0.000489
vn 0.016121 -0.992184 0.123595
vn -1.000000 0.000489 0.000489
vn -1.000000 0.001466 -0.000489
vn 0.016121 -0.992184 0.123595
vn -1.000000 0.000489 0.000489
vn -0.319003 -0.235955 -0.917929
vn -0.362970 0.449927 0.816317
vn -1.000000 0.000489 0.000489
vn -0.314118 -0.178310 -0.932584
vn -1.000000 0.000489 0.000489
vn -1.000000 0.000489 0.000489
vn -0.363947 0.433317 0.824133
vn -0.314118 0.004397 -0.949194
vn -1.000000 0.000489 0.000489
vn -1.000000 0.000489 0.000489
vn -0.314118 0.005374 -0.949194
vn -0.370786 -0.357108 0.857352
vn -0.370786 -0.357108 0.857352
vn -1.000000 0.000489 0.000489
vn -1.000000 0.000489 0.000489
vn -1.000000 0.000489 0.000489
vn -1.000000 0.000489 0.000489
vn -1.000000 0.000489 0.000489
vn -1.000000 0.000489 0.000489
vn -0.351246 -0.517342 0.780166
vn -1.000000 0.000489 0.000489
vn -1.000000 0.000489 0.000489
vn -1.000000 0.000489 0.000489
vn -1.000000 0.000489 0.000489
vn -1.000000 0.000489 0.000489
vn -1.000000 0.000489 0.000489
vn -1.000000 0.000489 0.000489
vn -1.000000 0.000489 0.000489
vn -1.000000 0.000489 0.000489
vn -1.000000 0.000489 -0.000489
vn -1.000000 -0.000489 -0.000489
vn -1.000000 0.000489 0.000489
vn -1.000000 0.000489 0.000489
vn -1.000000 0.000489 0.000489
vn -1.000000 0.001466 -0.000489
vn -1.000000 0.001466 -0.000489
vn -1.000000 0.000489 0.000489
vn -1.000000 0.000489 0.000489
vn -1.000000 0.000489 0.000489
vn -1.000000 0.000489 0.000489
vn -1.000000 0.000489 0.000489
vn -1.000000 0.000489 0.000489
vn -1.000000 0.000489 0.000489
vn -1.000000 0.000489 0.000489
vn -1.000000 0.000489 0.000489
vn -1.000000 0.000489 0.000489
vn -1.000000 0.000489 0.000489
vn -1.000000 0.000489 0.000489
vn -1.000000 0.000489 0.000489
vn 0.000489 0.000489 1.000000
vn -1.000000 0.000489 0.000489
vn -1.000000 0.000489 -0.000489
vn -1.000000 0.000489 -0.000489
vn -1.000000 0.000489 -0.000489
vn -1.000000 0.000489 0.000489
vn 0.000489 0.961895 -0.273083
vn 0.000489 0.706888 0.707865
vn -1.000000 -0.000489 -0.000489
vn -1.000000 0.000489 0.000489
vn 0.000489 0.790914 -0.612115
vn -1.000000 0.000489 0.000489
vn 0.000489 0.566194 -0.824133
vn 0.000489 0.680508 -0.732291
vn -1.000000 0.000489 0.000489
vn -0.913043 -0.406937 -0.002443
vn 0.000489 -0.771373 -0.636541
vn -1.000000 0.000489 -0.002443
vn 0.000489 -0.567171 -0.823156
vn -0.629702 0.776258 -0.001466
vn 0.000489 -0.000489 -1.000000
vn 0.000489 -0.000489 -1.000000
vn -0.629702 0.776258 -0.001466
vn -1.000000 -0.001466 -0.002443
vn 0.000489 -0.335613 -0.942355
vn -1.000000 -0.000489 -0.001466
vn 0.000489 0.706888 -0.706888
vn 0.000489 0.706888 -0.706888
vn -1.000000 -0.000489 -0.001466
vn -1.000000 -0.000489 -0.001466
vn 0.000489 0.706888 -0.706888
vn 0.000489 0.706888 0.706888
vn -1.000000 0.000489 -0.000489
vn 0.000489 1.000000 0.000489
vn -1.000000 0.000489 -0.000489
vn -1.000000 0.000489 -0.000489
vn 0.000489 0.706888 -0.706888
vn 0.000489 0.649243 -0.760625
vn 0.000489 0.649243 -0.760625
vn -1.000000 0.000489 0.000489
vn 0.000489 0.649243 -0.760625
vn 0.000489 0.596483 0.802638
vn -1.000000 0.000489 0.000489
vn 0.000489 0.952125 0.304348
vn 0.000489 0.944309 -0.329751
vn -1.000000 0.000489 -0.001466
vn -1.000000 -0.000489 -0.001466
vn -1.000000 -0.000489 -0.001466
vn 0.000489 -0.099169 -0.995115
vn -0.000489 -0.050318 0.999023
vn 0.000489 -0.050318 0.999023
vn -0.000489 -0.050318 0.999023
vn -1.000000 0.000489 0.000489
vn -0.000489 -0.050318 0.999023
vn -1.000000 0.000489 0.000489
vn -1.000000 -0.000489 -0.000489
vn -1.000000 0.000489 -0.001466
vn 0.000489 0.277968 -0.960918
vn 0.000489 0.277968 -0.960918
vn 0.000489 0.277968 -0.960918
vn 0.000489 0.277968 -0.960918
vn -1.000000 0.000489 0.000489
vn -1.000000 0.000489 0.000489
vn -1.000000 0.000489 0.000489
vn -1.000000 0.000489 0.000489
vn -1.000000 0.000489 0.000489
vn -1.000000 0.000489 0.000489
vn 0.000489 -0.770396 -0.637518
vn 0.000489 -0.770396 -0.637518
vn -1.000000 0.000489 0.000489
vn -1.000000 0.000489 0.000489
vn 0.000489 -0.529067 -0.848559
vn -1.000000 0.000489 0.000489
vn -1.000000 0.000489 0.000489
vn 0.000489 0.009282 -1.000000
vn 0.000489 0.277968 -0.960918
vn 0.000489 -1.000000 -0.001466
vn 0.000489 0.965804 0.260381
vn 0.000489 0.965804 0.260381
vn 0.000489 0.965804 0.260381
vn 0.000489 0.965804 0.260381
vn 0.000489 0.893503 0.447973
vn 0.000489 0.893503 0.447973
vn 0.000489 0.231070 0.972643
vn 0.000489 0.231070 0.972643
vn 0.000489 0.231070 0.972643
vn 0.000489 0.231070 0.972643
vn 0.000489 -0.971666 -0.235955
vn 0.000489 -0.971666 -0.235955
vn 0.000489 -0.971666 -0.235955
vn 0.000489 -0.971666 -0.235955
vn 0.000489 -0.886663 -0.463605
vn 0.000489 -0.886663 -0.463605
vn 0.000489 -0.247680 -0.968735
vn 0.000489 -0.247680 -0.968735
vn 0.000489 -0.247680 -0.968735
vn 0.000489 -0.247680 -0.968735
vn 0.000489 0.965804 0.260381
vn 0.000489 0.965804 0.260381
vn 0.000489 -0.971666 -0.235955
vn 0.000489 -0.971666 -0.235955
vn 0.000489 0.893503 0.447973
vn 0.000489 -0.886663 -0.463605
vn 0.000489 0.231070 0.972643
vn 0.000489 0.231070 0.972643
vn 0.000489 -0.247680 -0.968735
vn 0.000489 -0.247680 -0.968735
vn -1.000000 0.000489 0.000489
vn -1.000000 0.000489 0.000489
vn -1.000000 0.000489 0.000489
vn 0.000489 -0.411822 -0.911089
vn 0.000489 -0.363947 0.931607
vn -1.000000 0.000489 0.000489
vn -1.000000 0.000489 0.000489
vn -1.000000 0.000489 0.000489
vn -1.000000 0.000489 0.000489
vn 0.000489 -0.648266 -0.761602
vn 0.000489 0.632633 0.774304
vn -1.000000 0.000489 0.000489
vn -1.000000 0.000489 0.000489
vn -1.000000 0.000489 0.000489
vn -1.000000 0.000489 0.000489
vn 0.000489 -0.832926 -0.553493
vn 0.000489 -0.881778 0.471422
vn -1.000000 0.000489 0.000489
vn 0.000489 0.960918 -0.277968
vn 0.000489 0.960918 -0.277968
vn 0.000489 0.960918 -0.277968
vn 0.000489 0.960918 -0.277968
vn 0.000489 -0.985344 0.167562
vn 0.000489 -0.985344 0.167562
vn 0.000489 -0.985344 0.167562
vn 0.000489 -0.985344 0.167562
vn 0.000489 -0.985344 0.167562
vn 0.000489 0.960918 -0.277968
vn 0.000489 0.960918 -0.277968
vn 0.000489 -0.985344 0.167562
vn 0.000489 0.786028 -0.617977
vn 0.000489 0.786028 -0.617977
vn 0.000489 -1.000000 0.000489
vn 0.000489 -1.000000 0.000489
vn 0.000489 -1.000000 0.000489
vn 0.000489 0.786028 -0.617977
vn 0.000489 0.623840 -0.782120
vn 0.000489 0.623840 -0.782120
vn 0.000489 -0.958964 -0.282853
vn 0.000489 -0.958964 -0.282853
vn 0.000489 -0.958964 -0.282853
vn 0.000489 0.623840 -0.782120
vn 0.000489 0.385442 -0.922814
vn 0.000489 0.385442 -0.922814
vn 0.000489 0.385442 -0.922814
vn 0.000489 0.385442 -0.922814
vn 0.000489 0.718613 -0.695164
vn 0.000489 0.718613 -0.695164
vn 0.000489 0.718613 -0.695164
vn 0.000489 0.718613 -0.695164
vn 0.000489 0.611138 0.791891
vn 0.000489 0.611138 0.791891
vn 0.000489 0.611138 0.791891
vn 0.000489 0.611138 0.791891
vn -1.000000 0.000489 0.000489
vn -1.000000 0.000489 0.000489
vn 0.000489 0.718613 -0.695164
vn 0.000489 0.385442 -0.922814
vn 0.000489 0.385442 -0.922814
vn 0.000489 0.611138 0.791891
vn 0.000489 0.914021 -0.404983
vn 0.000489 0.914021 -0.404983
vn 0.000489 0.914021 -0.404983
vn 0.000489 0.914021 -0.404983
vn 0.000489 0.000489 -1.000000
vn 0.000489 0.914021 -0.404983
vn 0.000489 0.000489 -1.000000
vn -1.000000 0.000489 0.000489
vn -1.000000 0.000489 0.000489
vn -1.000000 0.000489 0.000489
vn -1.000000 0.000489 0.000489
vn -1.000000 0.000489 0.000489
vn 0.000489 0.980459 -0.194919
vn 0.000489 0.980459 -0.194919
vn -1.000000 0.000489 0.000489
vn -1.000000 0.000489 0.000489
vn -1.000000 0.000489 0.000489
vn -1.000000 0.000489 0.000489
vn 0.000489 0.874939 0.483146
vn 0.000489 0.874939 0.483146
vn -1.000000 0.000489 0.000489
vn -1.000000 0.000489 0.000489
vn 0.000489 1.000000 0.000489
vn 0.000489 1.000000 0.000489
vn 0.000489 1.000000 0.000489
vn -1.000000 0.000489 0.000489
vn 0.000489 0.538837 0.842697
vn 0.000489 0.538837 0.842697
vn 0.000489 0.538837 0.842697
vn 0.000489 0.538837 0.842697
vn 0.000489 0.976551 -0.216414
vn 0.000489 0.976551 -0.216414
vn 0.000489 0.976551 -0.216414
vn 0.000489 0.976551 -0.216414
vn -0.000489 0.246702 0.968735
vn -0.000489 0.246702 0.968735
vn 0.000489 0.709819 0.703957
vn 0.000489 0.709819 0.703957
vn 0.000489 0.000489 1.000000
vn 0.000489 0.000489 1.000000
vn -1.000000 0.000489 0.000489
vn 0.000489 0.000489 1.000000
vn 0.000489 0.976551 -0.216414
vn 0.000489 0.976551 -0.216414
vn 0.000489 0.538837 0.842697
vn -1.000000 0.000489 0.000489
vn -1.000000 0.000489 0.000489
vn 0.000489 0.538837 0.842697
vn -1.000000 0.000489 0.000489
vn -0.000489 0.246702 0.968735
vn 0.000489 0.038593 -0.999023
vn 0.000489 0.038593 -0.999023
vn 0.000489 0.038593 -0.999023
vn 0.000489 0.038593 -0.999023
vn 0.000489 0.709819 0.703957
vn -1.000000 0.000489 0.000489
vn -1.000000 0.000489 0.000489
vn -1.000000 0.000489 0.000489
vn 0.000489 1.000000 -0.010259
vn -1.000000 0.000489 0.000489
vn -1.000000 0.000489 0.000489
vn 0.000489 -0.973620 0.227162
vn -1.000000 0.000489 0.000489
vn 0.000489 0.038593 -0.999023
vn 0.000489 0.830972 0.555447
vn 0.000489 0.830972 0.555447
vn 0.000489 0.830972 0.555447
vn 0.000489 0.830972 0.555447
vn 0.000489 0.555447 0.831949
vn 0.000489 0.555447 0.831949
vn 0.000489 0.194919 0.980459
vn 0.000489 0.194919 0.980459
vn 0.000489 -0.194919 0.980459
vn 0.000489 -0.194919 0.980459
vn 0.000489 -0.555447 0.831949
vn 0.000489 -0.555447 0.831949
vn 0.000489 -0.830972 0.555447
vn 0.000489 -0.830972 0.555447
vn 0.000489 -0.980459 0.194919
vn 0.000489 -0.980459 0.194919
vn 0.000489 -0.980459 -0.194919
vn 0.000489 -0.980459 -0.194919
vn 0.000489 -0.980459 0.194919
vn 0.000489 -0.980459 0.194919
vn 0.000489 -0.831949 -0.555447
vn 0.000489 -0.831949 -0.555447
vn 0.000489 -0.555447 -0.831949
vn 0.000489 -0.555447 -0.831949
vn 0.000489 -0.194919 -0.980459
vn 0.000489 -0.194919 -0.980459
vn 0.000489 0.194919 -0.980459
vn 0.000489 0.194919 -0.980459
vn 0.000489 0.555447 -0.831949
vn 0.000489 0.555447 -0.831949
vn 0.000489 0.831949 -0.555447
vn 0.000489 0.831949 -0.555447
vn 0.000489 0.980459 -0.194919
vn 0.000489 0.980459 -0.194919
vn -1.000000 0.000489 0.000489
vn -1.000000 0.000489 0.000489
vn -1.000000 0.000489 0.000489
vn -1.000000 0.000489 0.000489
vn -1.000000 0.000489 0.000489
vn -1.000000 0.000489 0.000489
vn -1.000000 0.000489 0.000489
vn -1.000000 0.000489 0.000489
vn -1.000000 0.000489 0.000489
vn -1.000000 0.000489 0.000489
vn -1.000000 0.000489 0.000489
vn -1.000000 0.000489 0.000489
vn -1.000000 0.000489 0.000489
vn -1.000000 0.000489 0.000489
vn -1.000000 0.000489 0.000489
vn -1.000000 0.000489 0.000489
vn -1.000000 0.000489 0.000489
vn 0.959941 0.232047 -0.154861
vn 0.959941 0.232047 -0.154861
vn 0.960918 0.154861 -0.231070
vn 0.960918 0.054226 -0.273083
vn 0.960918 -0.054226 -0.273083
vn 0.960918 -0.154861 -0.231070
vn 0.960918 -0.231070 -0.154861
vn 0.960918 -0.273083 -0.054226
vn 0.960918 -0.273083 -0.054226
vn 0.960918 -0.273083 0.054226
vn 0.959941 -0.232047 0.154861
vn 0.960918 -0.154861 0.231070
vn 0.959941 -0.054226 0.273083
vn 0.960918 0.054226 0.273083
vn 0.959941 0.154861 0.232047
vn 0.960918 0.231070 0.154861
vn 0.960918 0.273083 0.054226
vn 0.000489 0.831949 -0.555447
vn 0.000489 0.831949 -0.555447
vn 0.000489 0.555447 -0.831949
vn 0.000489 0.194919 -0.980459
vn 0.000489 -0.194919 -0.980459
vn 0.000489 -0.555447 -0.831949
vn 0.000489 -0.831949 -0.555447
vn 0.000489 -0.980459 -0.194919
vn 0.000489 -0.980459 -0.194919
vn 0.000489 -0.980459 0.194919
vn 0.000489 -0.830972 0.555447
vn 0.000489 -0.555447 0.830972
vn 0.000489 -0.194919 0.980459
vn 0.000489 0.194919 0.980459
vn 0.000489 0.555447 0.830972
vn 0.000489 0.830972 0.555447
vn 0.000489 0.980459 0.194919
vn 0.000489 0.830972 0.555447
vn -0.545677 0.697118 0.465559
vn -0.545677 0.697118 0.465559
vn 0.000489 0.830972 0.555447
vn -0.544700 0.465559 0.697118
vn 0.000489 0.555447 0.831949
vn -0.544700 0.163654 0.822179
vn 0.000489 0.194919 0.980459
vn -0.545677 -0.163654 0.822179
vn 0.000489 -0.194919 0.980459
vn -0.544700 -0.465559 0.697118
vn 0.000489 -0.555447 0.831949
vn -0.544700 -0.697118 0.465559
vn 0.000489 -0.830972 0.555447
vn -0.545677 -0.822179 0.163654
vn 0.000489 -0.980459 0.194919
vn -0.545677 -0.822179 -0.163654
vn 0.000489 -0.980459 -0.194919
vn -0.545677 -0.697118 -0.465559
vn 0.000489 -0.831949 -0.555447
vn -0.545677 -0.465559 -0.696141
vn 0.000489 -0.555447 -0.831949
vn -0.545677 -0.163654 -0.822179
vn 0.000489 -0.194919 -0.980459
vn -0.545677 0.163654 -0.822179
vn 0.000489 0.194919 -0.980459
vn -0.545677 0.465559 -0.697118
vn 0.000489 0.555447 -0.831949
vn -0.545677 0.697118 -0.465559
vn 0.000489 0.831949 -0.555447
vn -0.545677 0.822179 -0.163654
vn 0.000489 0.980459 -0.194919
vn 0.000489 -0.830972 -0.555447
vn -1.000000 0.000489 0.000489
vn -1.000000 0.000489 0.000489
vn 0.000489 -0.830972 -0.555447
vn -1.000000 0.000489 0.000489
vn 0.000489 -0.555447 -0.830972
vn -1.000000 0.000489 0.000489
vn 0.000489 -0.194919 -0.980459
vn -1.000000 0.000489 0.000489
vn 0.000489 0.194919 -0.980459
vn -1.000000 0.000489 0.000489
vn 0.000489 0.555447 -0.830972
vn 0.000489 0.830972 -0.555447
vn 0.000489 0.980459 -0.194919
vn 0.000489 0.980459 0.194919
vn -1.000000 0.000489 0.000489
vn 0.000489 0.830972 0.555447
vn -1.000000 0.000489 0.000489
vn 0.000489 0.555447 0.830972
vn -1.000000 0.000489 0.000489
vn 0.000489 0.194919 0.980459
vn -1.000000 0.000489 0.000489
vn 0.000489 -0.194919 0.980459
vn -1.000000 0.000489 0.000489
vn 0.000489 -0.555447 0.830972
vn -1.000000 0.000489 0.000489
vn 0.000489 -0.830972 0.555447
vn -1.000000 0.000489 0.000489
vn 0.000489 -0.980459 0.194919
vn 0.000489 -0.980459 0.194919
vn -1.000000 0.000489 0.000489
vn 0.000489 -0.555447 0.830972
vn 0.000489 -0.830972 0.555447
vn 0.000489 -0.980459 0.194919
vn 0.000489 -0.830972 -0.555447
vn 0.000489 -0.830972 -0.555447
vn 0.000489 -0.555447 -0.830972
vn 0.000489 -0.194919 -0.980459
vn 0.000489 0.194919 -0.980459
vn 0.000489 0.555447 -0.830972
vn 0.000489 0.830972 -0.555447
vn 0.000489 0.980459 -0.194919
vn 0.000489 0.980459 0.194919
vn 0.000489 0.830972 0.555447
vn 0.000489 0.555447 0.830972
vn 0.000489 0.194919 0.980459
vn 0.000489 -0.194919 0.980459
vn 0.000489 0.830972 0.555447
vn 0.000489 0.830972 0.555447
vn 0.000489 0.830972 0.555447
vn 0.000489 0.830972 0.555447
vn 0.000489 0.555447 0.831949
vn 0.000489 0.555447 0.831949
vn 0.000489 0.194919 0.980459
vn 0.000489 0.194919 0.980459
vn 0.000489 -0.194919 0.980459
vn 0.000489 -0.194919 0.980459
vn 0.000489 -0.555447 0.831949
vn 0.000489 -0.555447 0.831949
vn 0.000489 -0.831949 0.555447
vn 0.000489 -0.831949 0.555447
vn 0.000489 -0.980459 0.194919
vn 0.000489 -0.980459 0.194919
vn 0.000489 -0.980459 -0.194919
vn 0.000489 -0.980459 -0.194919
vn 0.000489 -0.980459 0.194919
vn 0.000489 -0.980459 0.194919
vn 0.000489 -0.830972 -0.555447
vn 0.000489 -0.830972 -0.555447
vn 0.000489 -0.555447 -0.831949
vn 0.000489 -0.555447 -0.831949
vn 0.000489 -0.194919 -0.980459
vn 0.000489 -0.194919 -0.980459
vn 0.000489 0.194919 -0.980459
vn 0.000489 0.194919 -0.980459
vn 0.000489 0.555447 -0.831949
vn 0.000489 0.555447 -0.831949
vn 0.000489 0.830972 -0.555447
vn 0.000489 0.830972 -0.555447
vn 0.000489 0.980459 -0.194919
vn 0.000489 0.980459 -0.194919
vn 0.000489 0.555447 -0.831949
vn 0.000489 0.830972 -0.555447
vn 0.999023 0.027846 -0.019052
vn 0.000489 0.194919 -0.980459
vn 0.000489 -0.194919 -0.980459
vn 0.000489 -0.555447 -0.831949
vn 0.000489 -0.830972 -0.555447
vn 0.000489 -0.980459 -0.194919
vn 0.000489 -0.980459 0.194919
vn 0.000489 -0.831949 0.555447
vn 0.000489 -0.555447 0.831949
vn 0.000489 -0.194919 0.980459
vn 0.000489 0.194919 0.980459
vn 0.000489 0.555447 0.831949
vn 0.000489 0.830972 0.555447
vn 0.000489 0.830972 0.555447
vn 0.000489 0.980459 -0.194919
vn 0.000489 0.830972 0.555447
vn 0.000489 0.830972 0.555447
vn -1.000000 0.000489 0.000489
vn 0.000489 0.555447 0.831949
vn 0.000489 0.194919 0.980459
vn 0.000489 -0.194919 0.980459
vn 0.000489 -0.555447 0.831949
vn 0.000489 -0.831949 0.555447
vn 0.000489 -0.980459 0.194919
vn 0.000489 -0.980459 -0.194919
vn 0.000489 -0.830972 -0.555447
vn 0.000489 -0.555447 -0.831949
vn 0.000489 -0.194919 -0.980459
vn 0.000489 0.194919 -0.980459
vn 0.000489 0.555447 -0.831949
vn 0.000489 0.830972 -0.555447
vn 0.000489 0.980459 -0.194919
vn -0.706888 0.706888 0.000489
vn -0.706888 0.706888 0.000489
vn -0.706888 0.706888 0.000489
vn -0.706888 0.706888 0.000489
vn 0.000489 0.919883 0.392281
vn 0.000489 0.756717 -0.653151
vn -0.238886 -0.893503 0.380557
vn -0.198828 -0.742062 -0.640449
vn 0.000489 -0.756717 -0.653151
vn 0.000489 -0.919883 0.392281
vn -0.706888 -0.706888 0.000489
vn -0.706888 -0.706888 0.000489
vn -0.965804 -0.258427 0.000489
vn -0.965804 -0.258427 0.000489
vn 0.000489 0.000489 -1.000000
vn 0.000489 0.000489 -1.000000
vn 0.000489 0.000489 -1.000000
vn 0.000489 -0.743039 -0.669761
vn 0.000489 0.743039 -0.669761
vn 0.194919 0.728383 -0.657059
vn 0.000489 0.000489 -1.000000
vn 0.000489 0.000489 -1.000000
vn -0.471422 0.471422 0.744993
vn -0.471422 0.471422 0.744993
vn 0.000489 0.895457 0.444064
vn 0.000489 -0.895457 0.444064
vn -0.233024 -0.871031 0.432340
vn -0.471422 -0.471422 0.744993
vn -0.644358 -0.172448 0.744993
vn -0.706888 0.706888 0.000489
vn -0.706888 0.706888 0.000489
vn 0.000489 0.975574 -0.218368
vn 0.000489 -0.975574 -0.218368
vn -0.252565 -0.944309 -0.210552
vn -0.706888 -0.706888 0.000489
vn -0.965804 -0.258427 0.000489
vn -0.648266 0.648266 -0.400098
vn -0.648266 0.648266 -0.400098
vn 0.000489 0.746947 -0.664875
vn 0.000489 -0.746947 -0.664875
vn -0.195896 -0.732291 -0.652174
vn -0.648266 -0.648266 -0.400098
vn -0.885686 -0.236932 -0.400098
vn -0.706888 0.706888 0.028823
vn -0.706888 0.706888 0.028823
vn -0.706888 0.706888 0.028823
vn -0.706888 0.706888 0.028823
vn 0.000489 1.000000 0.015144
vn 0.000489 0.906204 -0.423547
vn 0.000489 -0.906204 -0.423547
vn 0.000489 -1.000000 0.015144
vn -0.258427 -0.965804 0.014167
vn -0.235955 -0.879824 -0.411822
vn -0.706888 -0.706888 0.028823
vn -0.706888 -0.706888 0.028823
vn -0.965804 -0.258427 0.028823
vn -0.965804 -0.258427 0.028823
vn -0.706888 0.706888 0.028823
vn -0.706888 0.706888 0.028823
vn 0.000489 0.906204 -0.423547
vn 0.000489 -0.906204 -0.423547
vn -0.235955 -0.879824 -0.411822
vn -0.706888 -0.706888 0.028823
vn -0.965804 -0.258427 0.028823
vn -0.706888 0.706888 0.000489
vn -0.706888 0.706888 0.000489
vn 0.000489 0.756717 0.653151
vn 0.000489 -1.000000 0.000489
vn -0.258427 -0.965804 0.000489
vn -0.706888 -0.706888 0.000489
vn -0.965804 -0.258427 0.000489
vn 0.000489 0.756717 0.653151
vn -0.706888 0.706888 0.000489
vn 0.000489 0.706888 0.706888
vn 0.000489 1.000000 0.000489
vn 0.000489 1.000000 0.000489
vn 0.000489 -1.000000 0.000489
vn -0.258427 -0.965804 0.000489
vn -0.706888 -0.706888 0.000489
vn -0.965804 -0.258427 0.000489
vn -0.965804 0.258427 0.000489
vn 0.000489 1.000000 0.000489
vn -0.706888 0.706888 0.000489
vn 0.000489 0.000489 -1.000000
vn 0.000489 0.000489 -1.000000
vn -0.706888 0.706888 0.000489
vn 0.000489 0.756717 -0.653151
vn 0.000489 -0.620909 -0.784074
vn -0.198828 -0.742062 -0.640449
vn 0.163654 0.612115 -0.773327
vn 0.000489 0.620909 -0.784074
vn 0.000489 -0.756717 -0.653151
vn -0.706888 -0.706888 0.000489
vn 0.000489 0.000489 -1.000000
vn -0.965804 -0.258427 0.000489
vn 0.000489 0.000489 -1.000000
vn 0.000489 0.000489 -1.000000
vn 0.000489 0.000489 -1.000000
vn 0.000489 0.000489 -1.000000
vn 0.000489 -0.620909 -0.784074
vn 0.000489 -0.743039 -0.669761
vn 0.163654 0.612115 -0.773327
vn 0.194919 0.728383 -0.657059
vn 0.000489 0.743039 -0.669761
vn 0.000489 0.620909 -0.784074
vn 0.000489 0.000489 -1.000000
vn 0.000489 0.000489 -1.000000
vn -0.016121 -0.992184 0.123595
vn -0.016121 -0.992184 0.123595
vn -0.016121 -0.992184 0.123595
vn -0.005374 -0.992184 0.122618
vn 0.351246 -0.517342 0.780166
vn 0.351246 -0.517342 0.780166
vn 0.351246 -0.517342 0.780166
vn 0.359062 -0.533952 0.765511
vn 0.351246 -0.517342 0.780166
vn 1.000000 0.000489 0.000489
vn 1.000000 0.000489 0.000489
vn 0.351246 -0.517342 0.780166
vn 1.000000 0.000489 0.000489
vn 1.000000 0.000489 0.000489
vn 0.368832 -0.432340 -0.823156
vn 0.463605 -0.657059 -0.594529
vn 0.405960 0.024915 0.914021
vn 0.405960 0.024915 0.914021
vn 0.405960 0.024915 0.914021
vn 0.400098 0.033708 0.915975
vn 1.000000 0.000489 0.000489
vn 1.000000 0.000489 0.000489
vn 1.000000 0.000489 0.000489
vn 1.000000 0.000489 0.000489
vn 1.000000 0.000489 0.000489
vn 1.000000 0.000489 0.000489
vn 1.000000 0.000489 0.000489
vn 1.000000 0.000489 0.000489
vn 0.346361 0.522228 0.779189
vn 0.346361 0.522228 0.779189
vn 0.346361 0.522228 0.779189
vn 0.345384 0.519297 0.782120
vn 0.305325 0.241817 -0.920860
vn 0.305325 0.241817 -0.920860
vn 0.305325 0.241817 -0.920860
vn 0.305325 0.240840 -0.920860
vn 1.000000 0.000489 -0.000489
vn 1.000000 0.000489 -0.000489
vn 1.000000 0.000489 -0.000489
vn 1.000000 0.000489 -0.000489
vn 0.400098 -0.024915 0.915975
vn 0.400098 -0.024915 0.915975
vn 0.400098 -0.024915 0.915975
vn 0.399121 -0.023937 0.916952
vn 0.310210 -0.106986 -0.944309
vn 0.310210 -0.106986 -0.944309
vn 0.310210 -0.106986 -0.944309
vn 0.313141 -0.108940 -0.943332
vn -0.005374 -0.992184 0.122618
vn -0.016121 -0.992184 0.123595
vn -0.016121 -0.992184 0.123595
vn -0.016121 -0.992184 0.123595
vn 1.000000 0.001466 0.000489
vn 1.000000 0.001466 0.000489
vn 1.000000 0.000489 0.000489
vn 1.000000 0.000489 0.000489
vn 0.361993 0.449927 0.816317
vn 0.362970 0.449927 0.816317
vn 0.317049 -0.233024 -0.918906
vn 0.319003 -0.235955 -0.917929
vn 0.318026 -0.100147 -0.942355
vn 0.318026 -0.100147 -0.942355
vn 0.318026 -0.100147 -0.942355
vn 0.319003 -0.099169 -0.942355
vn 1.000000 0.000489 0.000489
vn 1.000000 0.000489 0.000489
vn 0.314118 -0.178310 -0.932584
vn 0.314118 -0.178310 -0.932584
vn 0.361993 0.432340 0.826087
vn 0.361993 0.432340 0.826087
vn 0.000489 0.000489 1.000000
vn 0.000489 0.162677 0.986321
vn 0.463605 -0.657059 -0.594529
vn 0.375672 -0.926722 -0.000489
vn 0.375672 -0.926722 -0.000489
vn 1.000000 0.000489 0.000489
vn 0.000489 -1.000000 0.000489
vn 0.000489 -1.000000 0.000489
vn 0.359062 -0.533952 0.765511
vn 0.351246 -0.517342 0.780166
vn 1.000000 0.000489 0.000489
vn 0.000489 0.162677 0.986321
vn 0.000489 0.000489 1.000000
vn 1.000000 0.000489 0.000489
vn 1.000000 0.000489 0.000489
vn 1.000000 0.000489 0.000489
vn 0.314118 0.004397 -0.949194
vn 0.314118 0.004397 -0.949194
vn 0.314118 0.004397 -0.949194
vn 0.314118 0.005374 -0.949194
vn 1.000000 0.000489 0.000489
vn 1.000000 0.000489 0.000489
vn 1.000000 0.000489 0.000489
vn 1.000000 0.000489 0.000489
vn 0.370787 -0.357108 0.857352
vn 0.370787 -0.357108 0.857352
vn 0.370787 -0.357108 0.857352
vn 0.376649 -0.376649 0.845628
vn 1.000000 0.000489 -0.000489
vn 1.000000 0.000489 -0.000489
vn 1.000000 0.000489 0.000489
vn 0.351246 -0.517342 0.780166
vn 1.000000 0.000489 0.000489
vn 0.000489 -1.000000 0.000489
vn 0.000489 0.009282 1.000000
vn 0.000489 0.009282 1.000000
vn 0.000489 0.009282 1.000000
vn 0.000489 0.009282 1.000000
vn 0.627748 0.778212 -0.000489
vn 0.627748 0.778212 -0.000489
vn 0.627748 0.778212 -0.000489
vn 0.626771 0.779189 -0.000489
vn 0.626771 0.779189 0.000489
vn 0.626771 0.779189 0.000489
vn 0.626771 0.779189 0.000489
vn 0.626771 0.779189 0.000489
vn 0.626771 0.779189 0.000489
vn 0.000489 0.310210 0.950171
vn 0.626771 0.779189 0.000489
vn 0.000489 0.952125 0.304348
vn 0.000489 0.944309 -0.329751
vn 0.000489 -0.050318 0.999023
vn 0.000489 -0.050318 0.999023
vn 0.000489 -0.050318 0.999023
vn 1.000000 0.000489 0.000489
vn 0.000489 -0.050318 0.999023
vn 0.629702 0.776258 -0.001466
vn 0.629702 0.776258 -0.001466
vn 0.629702 0.776258 -0.001466
vn 0.627748 0.778212 -0.001466
vn 1.000000 -0.001466 -0.002443
vn 1.000000 -0.001466 -0.002443
vn 1.000000 -0.001466 -0.002443
vn 1.000000 0.000489 -0.002443
vn 0.913043 -0.406937 -0.002443
vn 0.974597 -0.218368 -0.059111
vn 0.559355 -0.828041 -0.043478
vn 0.505618 -0.862237 -0.002443
vn 0.559355 -0.828041 -0.043478
vn 0.505618 -0.862237 -0.002443
vn 0.627748 0.778212 -0.001466
vn 0.629702 0.776258 -0.001466
vn 1.000000 0.000489 -0.002443
vn 1.000000 -0.001466 -0.002443
vn 0.974597 -0.218368 -0.059111
vn 0.505618 -0.862237 -0.002443
vn 0.000489 -1.000000 0.000489
vn 0.000489 -1.000000 0.000489
vn -0.000489 0.648266 0.760625
vn -0.000489 0.648266 0.760625
vn -0.000489 0.648266 0.760625
vn 0.000489 -1.000000 0.000489
vn 0.000489 0.009282 1.000000
vn 0.000489 0.009282 1.000000
vn 0.000489 0.009282 1.000000
vn 0.000489 0.009282 1.000000
vn 1.000000 -0.000489 -0.001466
vn 1.000000 -0.000489 -0.001466
vn 1.000000 -0.000489 -0.001466
vn 1.000000 0.000489 -0.000489
vn 1.000000 -0.000489 -0.000489
vn 0.627748 0.778212 -0.000489
vn 1.000000 -0.000489 -0.000489
vn 1.000000 0.000489 0.000489
vn 0.626771 0.779189 0.000489
vn 1.000000 0.000489 0.000489
vn 0.626771 0.779189 0.000489
vn 0.626771 0.779189 0.000489
vn 1.000000 0.000489 0.000489
vn 1.000000 0.000489 0.000489
vn 1.000000 0.000489 0.000489
vn 1.000000 0.000489 0.000489
vn 1.000000 0.000489 0.000489
vn 0.318026 -0.100147 -0.942355
vn 0.319003 -0.099169 -0.942355
vn 0.405960 0.024915 0.914021
vn 1.000000 0.000489 0.000489
vn 1.000000 0.000489 0.000489
vn 0.405960 0.024915 0.914021
vn 1.000000 0.000489 0.000489
vn 1.000000 0.000489 0.000489
vn 0.305325 0.241817 -0.920860
vn 0.305325 0.240840 -0.920860
vn 1.000000 0.000489 0.000489
vn 1.000000 0.000489 0.000489
vn 0.345384 0.519297 0.782120
vn 0.346361 0.522228 0.779189
vn 0.310210 -0.106986 -0.944309
vn 1.000000 0.000489 -0.000489
vn 1.000000 0.000489 -0.000489
vn 0.310210 -0.106986 -0.944309
vn 1.000000 0.000489 0.000489
vn 1.000000 0.000489 0.000489
vn 0.400098 -0.024915 0.915975
vn 0.400098 -0.024915 0.915975
vn 1.000000 0.000489 0.000489
vn -0.016121 -0.992184 0.123595
vn 1.000000 0.001466 -0.001466
vn -0.016121 -0.992184 0.123595
vn 1.000000 0.001466 -0.001466
vn 1.000000 0.000489 0.000489
vn -0.016121 -0.992184 0.123595
vn -0.016121 -0.992184 0.123595
vn 1.000000 0.000489 0.000489
vn 0.317049 -0.233024 -0.918906
vn 1.000000 0.000489 0.000489
vn 0.362970 0.449927 0.816317
vn 1.000000 0.000489 0.000489
vn 0.314118 -0.178310 -0.932584
vn 1.000000 0.000489 0.000489
vn 0.361993 0.432340 0.826087
vn 1.000000 0.000489 0.000489
vn 1.000000 0.000489 0.000489
vn 0.314118 0.004397 -0.949194
vn 0.314118 0.005374 -0.949194
vn 0.370787 -0.357108 0.857352
vn 1.000000 0.000489 0.000489
vn 1.000000 0.000489 0.000489
vn 0.370787 -0.357108 0.857352
vn 1.000000 0.000489 0.000489
vn 1.000000 0.000489 0.000489
vn 1.000000 0.000489 0.000489
vn 1.000000 0.000489 0.000489
vn 1.000000 0.000489 0.000489
vn 0.351246 -0.517342 0.780166
vn 1.000000 0.000489 0.000489
vn 1.000000 0.000489 0.000489
vn 1.000000 0.000489 0.000489
vn 1.000000 0.000489 0.000489
vn 1.000000 0.000489 0.000489
vn 1.000000 0.000489 0.000489
vn 1.000000 0.000489 0.000489
vn 1.000000 0.000489 0.000489
vn 1.000000 0.000489 -0.000489
vn 1.000000 0.000489 -0.000489
vn 1.000000 0.000489 0.000489
vn 1.000000 0.000489 0.000489
vn 1.000000 0.000489 0.000489
vn 1.000000 0.001466 -0.001466
vn 1.000000 0.001466 -0.001466
vn 1.000000 0.000489 0.000489
vn 1.000000 0.000489 0.000489
vn 1.000000 0.000489 0.000489
vn 1.000000 0.000489 0.000489
vn 1.000000 0.000489 0.000489
vn 1.000000 0.000489 0.000489
vn 1.000000 0.000489 0.000489
vn 1.000000 0.000489 0.000489
vn 1.000000 0.000489 0.000489
vn 1.000000 0.000489 0.000489
vn 1.000000 0.000489 0.000489
vn 1.000000 0.000489 0.000489
vn 1.000000 0.000489 0.000489
vn 1.000000 0.000489 0.000489
vn 1.000000 0.000489 -0.000489
vn 1.000000 0.000489 -0.000489
vn 1.000000 0.000489 -0.000489
vn 1.000000 0.000489 0.000489
vn 1.000000 -0.000489 -0.000489
vn 1.000000 0.000489 0.000489
vn 1.000000 0.000489 0.000489
vn 1.000000 0.000489 0.000489
vn 0.913043 -0.406937 -0.002443
vn 1.000000 -0.001466 -0.002443
vn 0.629702 0.776258 -0.001466
vn 0.629702 0.776258 -0.001466
vn 1.000000 -0.001466 -0.002443
vn 1.000000 -0.000489 -0.001466
vn 1.000000 -0.000489 -0.001466
vn 1.000000 -0.000489 -0.001466
vn 1.000000 0.000489 -0.000489
vn 1.000000 0.000489 -0.000489
vn 1.000000 0.000489 -0.000489
vn 0.000489 0.649243 -0.760625
vn 0.000489 0.649243 -0.760625
vn 1.000000 0.000489 0.000489
vn 1.000000 0.000489 0.000489
vn 0.000489 0.944309 -0.329751
vn 0.000489 0.952125 0.304348
vn 1.000000 0.000489 -0.001466
vn 1.000000 -0.000489 -0.001466
vn 1.000000 -0.000489 -0.001466
vn 0.000489 -0.050318 0.999023
vn 0.000489 -0.050318 0.999023
vn 0.000489 -0.050318 0.999023
vn 1.000000 0.000489 0.000489
vn 1.000000 0.000489 0.000489
vn 1.000000 0.000489 -0.000489
vn 1.000000 0.000489 -0.001466
vn 0.000489 0.277968 -0.960918
vn 0.000489 0.277968 -0.960918
vn 1.000000 0.000489 0.000489
vn 1.000000 0.000489 0.000489
vn 1.000000 0.000489 0.000489
vn 1.000000 0.000489 0.000489
vn 1.000000 0.000489 0.000489
vn 1.000000 0.000489 0.000489
vn 1.000000 0.000489 0.000489
vn 1.000000 0.000489 0.000489
vn 1.000000 0.000489 0.000489
vn 1.000000 0.000489 0.000489
vn 0.000489 0.965804 0.260381
vn 0.000489 0.965804 0.260381
vn 0.000489 0.893503 0.447973
vn 0.000489 0.231070 0.972643
vn 0.000489 0.231070 0.972643
vn 0.000489 -0.971666 -0.235955
vn 0.000489 -0.971666 -0.235955
vn 0.000489 -0.886663 -0.463605
vn 0.000489 -0.247680 -0.968735
vn 0.000489 -0.247680 -0.968735
vn 0.000489 -0.971666 -0.235955
vn 0.000489 0.965804 0.260381
vn 0.000489 0.965804 0.260381
vn 0.000489 -0.971666 -0.235955
vn 0.000489 -0.886663 -0.463605
vn 0.000489 0.893503 0.447973
vn 0.000489 -0.247680 -0.968735
vn 0.000489 0.231070 0.972643
vn 0.000489 0.231070 0.972643
vn 0.000489 -0.247680 -0.968735
vn 1.000000 0.000489 0.000489
vn 1.000000 0.000489 0.000489
vn 1.000000 0.000489 0.000489
vn 1.000000 0.000489 0.000489
vn 1.000000 0.000489 0.000489
vn 1.000000 0.000489 0.000489
vn 1.000000 0.000489 0.000489
vn 1.000000 0.000489 0.000489
vn 1.000000 0.000489 0.000489
vn 1.000000 0.000489 0.000489
vn 1.000000 0.000489 0.000489
vn 1.000000 0.000489 0.000489
vn 0.000489 0.960918 -0.277968
vn 0.000489 0.960918 -0.277968
vn 0.000489 -0.985344 0.167562
vn 0.000489 -0.985344 0.167562
vn 0.000489 -0.985344 0.167562
vn 0.000489 -0.985344 0.167562
vn 0.000489 0.960918 -0.277968
vn 0.000489 0.960918 -0.277968
vn 0.000489 0.786028 -0.617977
vn 0.000489 -1.000000 0.000489
vn 0.000489 -1.000000 0.000489
vn 0.000489 0.786028 -0.617977
vn 0.000489 0.623840 -0.782120
vn 0.000489 -0.958964 -0.282853
vn 0.000489 -0.958964 -0.282853
vn 0.000489 0.623840 -0.782120
vn 0.000489 0.385442 -0.922814
vn 0.000489 0.385442 -0.922814
vn 0.000489 0.718613 -0.695164
vn 0.000489 0.718613 -0.695164
vn 0.000489 0.611138 0.791891
vn 0.000489 0.611138 0.791891
vn 1.000000 0.000489 0.000489
vn 0.000489 0.718613 -0.695164
vn 1.000000 0.000489 0.000489
vn 0.000489 0.385442 -0.922814
vn 0.000489 0.385442 -0.922814
vn 0.000489 0.611138 0.791891
vn 0.000489 0.914021 -0.404983
vn 0.000489 0.914021 -0.404983
vn 0.000489 0.000489 -1.000000
vn 1.000000 0.000489 0.000489
vn 1.000000 0.000489 0.000489
vn 1.000000 0.000489 0.000489
vn 1.000000 0.000489 0.000489
vn 1.000000 0.000489 0.000489
vn 1.000000 0.000489 0.000489
vn 1.000000 0.000489 0.000489
vn 1.000000 0.000489 0.000489
vn 1.000000 0.000489 0.000489
vn 1.000000 0.000489 0.000489
vn 1.000000 0.000489 0.000489
vn 0.000489 1.000000 0.000489
vn 1.000000 0.000489 0.000489
vn 0.000489 0.538837 0.842697
vn 0.000489 0.538837 0.842697
vn 0.000489 0.976551 -0.216414
vn 0.000489 0.976551 -0.216414
vn 0.000489 0.246702 0.968735
vn 0.000489 0.709819 0.703957
vn 0.000489 0.000489 1.000000
vn 1.000000 0.000489 0.000489
vn 0.000489 0.976551 -0.216414
vn 0.000489 0.976551 -0.216414
vn 0.000489 0.000489 1.000000
vn 1.000000 0.000489 0.000489
vn 1.000000 0.000489 0.000489
vn 0.000489 0.538837 0.842697
vn 0.000489 0.538837 0.842697
vn 1.000000 0.000489 0.000489
vn 0.000489 0.246702 0.968735
vn 0.000489 0.038593 -0.999023
vn 0.000489 0.038593 -0.999023
vn 1.000000 0.000489 0.000489
vn 0.000489 0.709819 0.703957
vn 1.000000 0.000489 0.000489
vn 1.000000 0.000489 0.000489
vn 1.000000 0.000489 0.000489
vn 1.000000 0.000489 0.000489
vn 0.000489 0.038593 -0.999023
vn 1.000000 0.000489 0.000489
vn 0.000489 0.830972 0.555447
vn 0.000489 0.830972 0.555447
vn 0.000489 0.830972 0.555447
vn 0.000489 0.830972 0.555447
vn 0.000489 0.555447 0.831949
vn 0.000489 0.555447 0.831949
vn 0.000489 0.194919 0.980459
vn 0.000489 0.194919 0.980459
vn 0.000489 -0.194919 0.980459
vn 0.000489 -0.194919 0.980459
vn 0.000489 -0.555447 0.831949
vn 0.000489 -0.555447 0.831949
vn 0.000489 -0.830972 0.555447
vn 0.000489 -0.830972 0.555447
vn 0.000489 -0.980459 0.194919
vn 0.000489 -0.980459 0.194919
vn 0.000489 -0.980459 0.194919
vn 0.000489 -0.980459 -0.194919
vn 0.000489 -0.980459 -0.194919
vn 0.000489 -0.980459 0.194919
vn 0.000489 -0.831949 -0.555447
vn 0.000489 -0.831949 -0.555447
vn 0.000489 -0.555447 -0.831949
vn 0.000489 -0.555447 -0.831949
vn 0.000489 -0.194919 -0.980459
vn 0.000489 -0.194919 -0.980459
vn 0.000489 0.194919 -0.980459
vn 0.000489 0.194919 -0.980459
vn 0.000489 0.555447 -0.831949
vn 0.000489 0.555447 -0.831949
vn 0.000489 0.831949 -0.555447
vn 0.000489 0.831949 -0.555447
vn 0.000489 0.980459 -0.194919
vn 0.000489 0.980459 -0.194919
vn 1.000000 0.000489 0.000489
vn 1.000000 0.000489 0.000489
vn 1.000000 0.000489 0.000489
vn 1.000000 0.000489 0.000489
vn 1.000000 0.000489 0.000489
vn 1.000000 0.000489 0.000489
vn 1.000000 0.000489 0.000489
vn 1.000000 0.000489 0.000489
vn 1.000000 0.000489 0.000489
vn 1.000000 0.000489 0.000489
vn 1.000000 0.000489 0.000489
vn 1.000000 0.000489 0.000489
vn 1.000000 0.000489 0.000489
vn 1.000000 0.000489 0.000489
vn 1.000000 0.000489 0.000489
vn 1.000000 0.000489 0.000489
vn 1.000000 0.000489 0.000489
vn -0.959941 0.232047 -0.154861
vn -0.959941 0.232047 -0.154861
vn -0.960918 0.154861 -0.231070
vn -0.960918 0.054226 -0.273083
vn -0.960918 -0.054226 -0.273083
vn -0.960918 -0.154861 -0.231070
vn -0.960918 -0.231070 -0.154861
vn -0.960918 -0.273083 -0.054226
vn -0.960918 -0.273083 0.054226
vn -0.960918 -0.273083 -0.054226
vn -0.959941 -0.232047 0.154861
vn -0.960918 -0.154861 0.231070
vn -0.959941 -0.054226 0.273083
vn -0.960918 0.054226 0.273083
vn -0.959941 0.154861 0.232047
vn -0.960918 0.231070 0.154861
vn -0.960918 0.273083 0.054226
vn 0.545677 0.697118 0.465559
vn 0.545677 0.697118 0.465559
vn 0.000489 0.830972 0.555447
vn 0.000489 0.830972 0.555447
vn 0.544700 0.465559 0.697118
vn 0.000489 0.555447 0.831949
vn 0.544700 0.163654 0.822179
vn 0.000489 0.194919 0.980459
vn 0.545677 -0.163654 0.822179
vn 0.000489 -0.194919 0.980459
vn 0.544700 -0.465559 0.697118
vn 0.000489 -0.555447 0.831949
vn 0.544700 -0.697118 0.465559
vn 0.000489 -0.830972 0.555447
vn 0.545677 -0.822179 0.163654
vn 0.000489 -0.980459 0.194919
vn 0.545677 -0.822179 -0.163654
vn 0.000489 -0.980459 -0.194919
vn 0.545677 -0.697118 -0.465559
vn 0.000489 -0.831949 -0.555447
vn 0.545677 -0.465559 -0.696141
vn 0.000489 -0.555447 -0.831949
vn 0.545677 -0.163654 -0.822179
vn 0.000489 -0.194919 -0.980459
vn 0.545677 0.163654 -0.822179
vn 0.000489 0.194919 -0.980459
vn 0.545677 0.465559 -0.697118
vn 0.000489 0.555447 -0.831949
vn 0.545677 0.697118 -0.465559
vn 0.000489 0.831949 -0.555447
vn 0.545677 0.822179 -0.163654
vn 0.000489 0.980459 -0.194919
vn 1.000000 0.000489 0.000489
vn 1.000000 0.000489 0.000489
vn 0.000489 -0.830972 -0.555447
vn 0.000489 -0.830972 -0.555447
vn 1.000000 0.000489 0.000489
vn 0.000489 -0.555447 -0.830972
vn 1.000000 0.000489 0.000489
vn 0.000489 -0.194919 -0.980459
vn 1.000000 0.000489 0.000489
vn 0.000489 0.194919 -0.980459
vn 1.000000 0.000489 0.000489
vn 0.000489 0.555447 -0.830972
vn 0.000489 0.830972 -0.555447
vn 0.000489 0.980459 -0.194919
vn 0.000489 0.980459 0.194919
vn 1.000000 0.000489 0.000489
vn 0.000489 0.830972 0.555447
vn 1.000000 0.000489 0.000489
vn 0.000489 0.555447 0.830972
vn 1.000000 0.000489 0.000489
vn 0.000489 0.194919 0.980459
vn 1.000000 0.000489 0.000489
vn 0.000489 -0.194919 0.980459
vn 1.000000 0.000489 0.000489
vn 0.000489 -0.555447 0.830972
vn 1.000000 0.000489 0.000489
vn 0.000489 -0.830972 0.555447
vn 1.000000 0.000489 0.000489
vn 0.000489 -0.980459 0.194919
vn 1.000000 0.000489 0.000489
vn 0.000489 -0.980459 0.194919
vn 0.000489 -0.555447 0.830972
vn 0.000489 -0.830972 0.555447
vn 0.000489 -0.980459 0.194919
vn 0.000489 -0.830972 -0.555447
vn 0.000489 -0.830972 -0.555447
vn 0.000489 -0.555447 -0.830972
vn 0.000489 -0.194919 -0.980459
vn 0.000489 0.194919 -0.980459
vn 0.000489 0.555447 -0.830972
vn 0.000489 0.830972 -0.555447
vn 0.000489 0.980459 -0.194919
vn 0.000489 0.980459 0.194919
vn 0.000489 0.830972 0.555447
vn 0.000489 0.555447 0.830972
vn 0.000489 0.194919 0.980459
vn 0.000489 -0.194919 0.980459
vn 0.000489 0.830972 0.555447
vn 0.000489 0.830972 0.555447
vn 0.000489 0.830972 0.555447
vn 0.000489 0.830972 0.555447
vn 0.000489 0.555447 0.831949
vn 0.000489 0.555447 0.831949
vn 0.000489 0.194919 0.980459
vn 0.000489 0.194919 0.980459
vn 0.000489 -0.194919 0.980459
vn 0.000489 -0.194919 0.980459
vn 0.000489 -0.555447 0.831949
vn 0.000489 -0.555447 0.831949
vn 0.000489 -0.831949 0.555447
vn 0.000489 -0.831949 0.555447
vn 0.000489 -0.980459 0.194919
vn 0.000489 -0.980459 0.194919
vn 0.000489 -0.980459 0.194919
vn 0.000489 -0.980459 -0.194919
vn 0.000489 -0.980459 -0.194919
vn 0.000489 -0.980459 0.194919
vn 0.000489 -0.830972 -0.555447
vn 0.000489 -0.830972 -0.555447
vn 0.000489 -0.555447 -0.831949
vn 0.000489 -0.555447 -0.831949
vn 0.000489 -0.194919 -0.980459
vn 0.000489 -0.194919 -0.980459
vn 0.000489 0.194919 -0.980459
vn 0.000489 0.194919 -0.980459
vn 0.000489 0.555447 -0.831949
vn 0.000489 0.555447 -0.831949
vn 0.000489 0.830972 -0.555447
vn 0.000489 0.830972 -0.555447
vn 0.000489 0.980459 -0.194919
vn 0.000489 0.980459 -0.194919
vn 0.000489 0.555447 -0.831949
vn -0.999023 0.027846 -0.019052
vn 0.000489 0.830972 -0.555447
vn 0.000489 0.194919 -0.980459
vn 0.000489 -0.194919 -0.980459
vn 0.000489 -0.555447 -0.831949
vn 0.000489 -0.830972 -0.555447
vn 0.000489 -0.980459 -0.194919
vn 0.000489 -0.980459 0.194919
vn 0.000489 -0.831949 0.555447
vn 0.000489 -0.555447 0.831949
vn 0.000489 -0.194919 0.980459
vn 0.000489 0.194919 0.980459
vn 0.000489 0.555447 0.831949
vn 0.000489 0.830972 0.555447
vn 0.000489 0.830972 0.555447
vn 0.000489 0.980459 -0.194919
vn 0.000489 0.830972 0.555447
vn 1.000000 0.000489 0.000489
vn 0.000489 0.830972 0.555447
vn 0.000489 0.555447 0.831949
vn 0.000489 0.194919 0.980459
vn 0.000489 -0.194919 0.980459
vn 0.000489 -0.555447 0.831949
vn 0.000489 -0.831949 0.555447
vn 0.000489 -0.980459 0.194919
vn 0.000489 -0.980459 -0.194919
vn 0.000489 -0.830972 -0.555447
vn 0.000489 -0.555447 -0.831949
vn 0.000489 -0.194919 -0.980459
vn 0.000489 0.194919 -0.980459
vn 0.000489 0.555447 -0.831949
vn 0.000489 0.830972 -0.555447
vn 0.000489 0.980459 -0.194919
vn 0.706888 0.706888 0.000489
vn 0.706888 0.706888 0.000489
vn 0.706888 0.706888 0.000489
vn 0.706888 0.706888 0.000489
vn 0.198828 -0.742062 -0.640449
vn 0.238886 -0.893503 0.380557
vn 0.706888 -0.706888 0.000489
vn 0.706888 -0.706888 0.000489
vn 0.965804 -0.258427 0.000489
vn 0.965804 -0.258427 0.000489
vn 0.000489 0.000489 -1.000000
vn 0.000489 0.000489 -1.000000
vn -0.194919 0.728383 -0.657059
vn 0.000489 0.000489 -1.000000
vn 0.000489 0.000489 -1.000000
vn 0.471422 0.471422 0.744993
vn 0.471422 0.471422 0.744993
vn 0.233024 -0.871031 0.432340
vn 0.471422 -0.471422 0.744993
vn 0.644358 -0.172448 0.744993
vn 0.706888 0.706888 0.000489
vn 0.706888 0.706888 0.000489
vn 0.252565 -0.944309 -0.210552
vn 0.706888 -0.706888 0.000489
vn 0.965804 -0.258427 0.000489
vn 0.648266 0.648266 -0.400098
vn 0.648266 0.648266 -0.400098
vn 0.195896 -0.732291 -0.652174
vn 0.648266 -0.648266 -0.400098
vn 0.885686 -0.236932 -0.400098
vn 0.706888 0.706888 0.028823
vn 0.706888 0.706888 0.028823
vn 0.706888 0.706888 0.028823
vn 0.706888 0.706888 0.028823
vn 0.258427 -0.965804 0.014167
vn 0.235955 -0.879824 -0.411822
vn 0.706888 -0.706888 0.028823
vn 0.706888 -0.706888 0.028823
vn 0.965804 -0.258427 0.028823
vn 0.965804 -0.258427 0.028823
vn 0.706888 0.706888 0.028823
vn 0.706888 0.706888 0.028823
vn 0.235955 -0.879824 -0.411822
vn 0.706888 -0.706888 0.028823
vn 0.965804 -0.258427 0.028823
vn 0.706888 0.706888 0.000489
vn 0.706888 0.706888 0.000489
vn 0.258427 -0.965804 0.000489
vn 0.706888 -0.706888 0.000489
vn 0.965804 -0.258427 0.000489
vn 0.706888 0.706888 0.000489
vn 0.000489 1.000000 0.000489
vn 0.258427 -0.965804 0.000489
vn 0.706888 -0.706888 0.000489
vn 0.965804 -0.258427 0.000489
vn 0.965804 0.258427 0.000489
vn 0.000489 1.000000 0.000489
vn 0.000489 0.000489 -1.000000
vn 0.000489 0.000489 -1.000000
vn 0.706888 0.706888 0.000489
vn 0.706888 0.706888 0.000489
vn -0.163654 0.612115 -0.773327
vn 0.198828 -0.742062 -0.640449
vn 0.000489 0.000489 -1.000000
vn 0.706888 -0.706888 0.000489
vn 0.000489 0.000489 -1.000000
vn 0.965804 -0.258427 0.000489
vn 0.000489 0.000489 -1.000000
vn 0.000489 0.000489 -1.000000
vn 0.000489 0.000489 -1.000000
vn -0.194919 0.728383 -0.657059
vn -0.163654 0.612115 -0.773327
vn 0.000489 0.000489 -1.000000
vn 0.000489 0.000489 -1.000000

vt 0.799145 0.526715 0.0
vt 0.605807 0.526749 0.0
vt 0.595077 0.494187 0.0
vt 0.815296 0.494175 0.0
vt 0.661702 0.451063 0.0
vt 0.666837 0.429101 0.0
vt 0.630439 0.428625 0.0
vt 0.625062 0.451198 0.0
vt 0.568435 0.917608 0.0
vt 0.578225 0.899019 0.0
vt 0.753680 0.899154 0.0
vt 0.765905 0.917608 0.0
vt 0.921662 0.440790 0.0
vt 0.958653 0.432606 0.0
vt 0.957467 0.424355 0.0
vt 0.920714 0.419840 0.0
vt 0.674661 0.385028 0.0
vt 0.676273 0.355438 0.0
vt 0.639587 0.353947 0.0
vt 0.638199 0.384705 0.0
vt 0.763770 0.355190 0.0
vt 0.901756 0.349053 0.0
vt 0.898985 0.335379 0.0
vt 0.762697 0.326052 0.0
vt 0.743243 0.280600 0.0
vt 0.878207 0.289269 0.0
vt 0.879475 0.269486 0.0
vt 0.734585 0.264219 0.0
vt 0.636148 0.301145 0.0
vt 0.672274 0.305591 0.0
vt 0.670206 0.287261 0.0
vt 0.634273 0.284408 0.0
vt 0.956887 0.300155 0.0
vt 0.958414 0.279478 0.0
vt 0.923689 0.279371 0.0
vt 0.921364 0.299679 0.0
vt 0.860366 0.138778 0.0
vt 0.854252 0.084708 0.0
vt 0.688907 0.097153 0.0
vt 0.688231 0.142674 0.0
vt 0.660816 0.140743 0.0
vt 0.663912 0.086889 0.0
vt 0.627932 0.085694 0.0
vt 0.624749 0.138272 0.0
vt 0.920974 0.129396 0.0
vt 0.955964 0.130619 0.0
vt 0.955673 0.068800 0.0
vt 0.920714 0.067278 0.0
vt 0.667160 0.064890 0.0
vt 0.630285 0.065723 0.0
vt 0.955760 0.042416 0.0
vt 0.920801 0.042243 0.0
vt 0.693994 0.077736 0.0
vt 0.852066 0.059984 0.0
vt 0.751934 0.297986 0.0
vt 0.886087 0.321969 0.0
vt 0.638052 0.323775 0.0
vt 0.674301 0.327454 0.0
vt 0.921936 0.321557 0.0
vt 0.957447 0.322802 0.0
vt 0.960158 0.367419 0.0
vt 0.960794 0.343145 0.0
vt 0.926154 0.342330 0.0
vt 0.925529 0.367598 0.0
vt 0.868374 0.196726 0.0
vt 0.706367 0.202052 0.0
vt 0.956754 0.193265 0.0
vt 0.921730 0.192271 0.0
vt 0.663948 0.209317 0.0
vt 0.627911 0.206408 0.0
vt 0.079321 0.050448 0.0
vt 0.079321 0.000000 0.0
vt 0.097450 0.000000 0.0
vt 0.097450 0.050448 0.0
vt 0.411628 0.266492 0.0
vt 0.398016 0.309063 0.0
vt 0.550375 0.309499 0.0
vt 0.550375 0.269484 0.0
vt 0.376294 0.266147 0.0
vt 0.345681 0.266148 0.0
vt 0.345711 0.304660 0.0
vt 0.394326 0.304651 0.0
vt 0.211236 0.535462 0.0
vt 0.228964 0.514008 0.0
vt 0.105486 0.514007 0.0
vt 0.105484 0.535463 0.0
vt 0.252705 0.491272 0.0
vt 0.105486 0.491271 0.0
vt 0.956810 0.409434 0.0
vt 0.957781 0.388751 0.0
vt 0.922679 0.388065 0.0
vt 0.921142 0.407450 0.0
vt 0.898799 0.383839 0.0
vt 0.899102 0.366591 0.0
vt 0.761159 0.371145 0.0
vt 0.754828 0.386251 0.0
vt 0.669300 0.418801 0.0
vt 0.672429 0.401643 0.0
vt 0.635947 0.401395 0.0
vt 0.632785 0.418693 0.0
vt 0.412663 0.341744 0.0
vt 0.550375 0.340616 0.0
vt 0.163961 0.309422 0.0
vt 0.176902 0.341715 0.0
vt 0.112605 0.347599 0.0
vt 0.115302 0.309694 0.0
vt 0.047148 0.310753 0.0
vt 0.047140 0.323927 0.0
vt 0.008635 0.323957 0.0
vt 0.008626 0.310796 0.0
vt 0.441637 0.413540 0.0
vt 0.550375 0.412190 0.0
vt 0.550375 0.404286 0.0
vt 0.441584 0.405615 0.0
vt 0.202690 0.405670 0.0
vt 0.204366 0.413589 0.0
vt 0.111677 0.414055 0.0
vt 0.110009 0.406138 0.0
vt 0.047144 0.424552 0.0
vt 0.074500 0.429750 0.0
vt 0.014793 0.429800 0.0
vt 0.008631 0.424587 0.0
vt 0.415446 0.239258 0.0
vt 0.550375 0.242406 0.0
vt 0.981853 0.424184 0.0
vt 0.980990 0.409141 0.0
vt 0.981759 0.388638 0.0
vt 0.983661 0.366704 0.0
vt 0.984217 0.341801 0.0
vt 0.981687 0.321849 0.0
vt 0.980927 0.299974 0.0
vt 0.981941 0.279373 0.0
vt 0.980525 0.193149 0.0
vt 0.979709 0.130876 0.0
vt 0.979395 0.069386 0.0
vt 0.979471 0.042475 0.0
vt 0.592467 0.471059 0.0
vt 0.820572 0.471059 0.0
vt 0.606152 0.065380 0.0
vt 0.604252 0.084171 0.0
vt 0.600986 0.137431 0.0
vt 0.603973 0.206443 0.0
vt 0.610381 0.284661 0.0
vt 0.612012 0.300212 0.0
vt 0.613978 0.322760 0.0
vt 0.615527 0.353509 0.0
vt 0.614003 0.383704 0.0
vt 0.611764 0.399918 0.0
vt 0.608606 0.416709 0.0
vt 0.606400 0.426206 0.0
vt 0.600986 0.448907 0.0
vt 0.370796 0.238794 0.0
vt 0.345659 0.238801 0.0
vt 0.074489 0.310738 0.0
vt 0.074501 0.323896 0.0
vt 0.074500 0.424522 0.0
vt 0.183337 0.050448 0.0
vt 0.111839 0.050448 0.0
vt 0.111840 0.000000 0.0
vt 0.183337 0.000000 0.0
vt 0.047137 0.366091 0.0
vt 0.074477 0.366079 0.0
vt 0.074495 0.385682 0.0
vt 0.047143 0.385704 0.0
vt 0.008630 0.385749 0.0
vt 0.008626 0.366132 0.0
vt 0.111721 0.367245 0.0
vt 0.005472 0.256498 0.0
vt 0.135502 0.256610 0.0
vt 0.135498 0.248882 0.0
vt 0.005469 0.248742 0.0
vt 0.118879 0.183280 0.0
vt 0.005535 0.183160 0.0
vt 0.005512 0.205169 0.0
vt 0.130471 0.205301 0.0
vt 0.097722 0.156849 0.0
vt 0.005428 0.157179 0.0
vt 0.064660 0.121920 0.0
vt 0.006833 0.119944 0.0
vt 0.166134 0.053648 0.0
vt 0.165878 0.111498 0.0
vt 0.139342 0.111513 0.0
vt 0.139353 0.053653 0.0
vt 0.579867 0.411723 0.0
vt 0.579867 0.403796 0.0
vt 0.579867 0.336221 0.0
vt 0.579867 0.358978 0.0
vt 0.579867 0.309353 0.0
vt 0.579867 0.271381 0.0
vt 0.579867 0.244029 0.0
vt 0.330320 0.266154 0.0
vt 0.330349 0.304657 0.0
vt 0.008636 0.344414 0.0
vt 0.047137 0.344388 0.0
vt 0.099932 0.309775 0.0
vt 0.098443 0.331118 0.0
vt 0.330308 0.238796 0.0
vt 0.074502 0.344353 0.0
vt 0.309829 0.238794 0.0
vt 0.309847 0.266157 0.0
vt 0.309874 0.304658 0.0
vt 0.079443 0.309883 0.0
vt 0.079620 0.323075 0.0
vt 0.005428 0.305486 0.0
vt 0.135483 0.305595 0.0
vt 0.550375 0.462125 0.0
vt 0.579867 0.461705 0.0
vt 0.442094 0.463502 0.0
vt 0.434843 0.420347 0.0
vt 0.198098 0.420173 0.0
vt 0.286942 0.470054 0.0
vt 0.434836 0.470234 0.0
vt 0.105484 0.470057 0.0
vt 0.105484 0.420173 0.0
vt 0.042181 0.050448 0.0
vt 0.000026 0.050448 0.0
vt 0.000000 0.000000 0.0
vt 0.042126 0.000000 0.0
vt 0.900140 0.394308 0.0
vt 0.750048 0.394108 0.0
vt 0.982718 0.432378 0.0
vt 0.561325 0.824981 0.0
vt 0.572832 0.825133 0.0
vt 0.572870 0.841098 0.0
vt 0.563146 0.849568 0.0
vt 0.718534 0.809134 0.0
vt 0.722029 0.838167 0.0
vt 0.710265 0.831326 0.0
vt 0.707594 0.804680 0.0
vt 0.568763 0.770123 0.0
vt 0.580035 0.763056 0.0
vt 0.586848 0.782514 0.0
vt 0.577305 0.788501 0.0
vt 0.732888 0.762108 0.0
vt 0.721690 0.760667 0.0
vt 0.729013 0.742747 0.0
vt 0.740563 0.745765 0.0
vt 0.567840 0.622922 0.0
vt 0.563820 0.562075 0.0
vt 0.578575 0.570513 0.0
vt 0.582122 0.626541 0.0
vt 0.779343 0.607710 0.0
vt 0.765685 0.613494 0.0
vt 0.757742 0.564765 0.0
vt 0.770193 0.555782 0.0
vt 0.749635 0.545977 0.0
vt 0.761002 0.535836 0.0
vt 0.561325 0.537640 0.0
vt 0.576264 0.548016 0.0
vt 0.758729 0.532101 0.0
vt 0.747140 0.541976 0.0
vt 0.579726 0.543275 0.0
vt 0.565369 0.532101 0.0
vt 0.586166 0.809771 0.0
vt 0.575815 0.809961 0.0
vt 0.725361 0.782295 0.0
vt 0.714453 0.779827 0.0
vt 0.569582 0.684628 0.0
vt 0.582585 0.685416 0.0
vt 0.752777 0.675767 0.0
vt 0.765871 0.673516 0.0
vt 0.572304 0.867782 0.0
vt 0.581379 0.858413 0.0
vt 0.585090 0.875806 0.0
vt 0.575835 0.886724 0.0
vt 0.728168 0.853561 0.0
vt 0.737021 0.868325 0.0
vt 0.724464 0.860363 0.0
vt 0.716129 0.846397 0.0
vt 0.589767 0.888624 0.0
vt 0.741822 0.888742 0.0
vt 0.585145 0.886585 0.0
vt 0.575652 0.898874 0.0
vt 0.743973 0.876052 0.0
vt 0.730719 0.867491 0.0
vt 0.910186 0.333078 0.0
vt 0.913593 0.349462 0.0
vt 0.750611 0.328625 0.0
vt 0.751347 0.356233 0.0
vt 0.891466 0.271080 0.0
vt 0.890802 0.291476 0.0
vt 0.724170 0.269580 0.0
vt 0.733320 0.286946 0.0
vt 0.871693 0.132822 0.0
vt 0.865316 0.075842 0.0
vt 0.676130 0.142402 0.0
vt 0.677308 0.092535 0.0
vt 0.681943 0.072056 0.0
vt 0.863169 0.053299 0.0
vt 0.854406 0.047315 0.0
vt 0.687283 0.066216 0.0
vt 0.897862 0.317622 0.0
vt 0.742207 0.304991 0.0
vt 0.880113 0.193930 0.0
vt 0.694233 0.203004 0.0
vt 0.911235 0.368956 0.0
vt 0.911320 0.387048 0.0
vt 0.747967 0.371724 0.0
vt 0.741555 0.386256 0.0
vt 0.904848 0.406732 0.0
vt 0.743251 0.406291 0.0
vt 0.912542 0.397997 0.0
vt 0.736958 0.394382 0.0
vt 0.060110 0.000000 0.0
vt 0.060108 0.050448 0.0
vt 0.442387 0.494695 0.0
vt 0.550375 0.493400 0.0
vt 0.579867 0.492998 0.0
vt 0.283057 0.050448 0.0
vt 0.283057 0.000000 0.0
vt 0.408035 0.000000 0.0
vt 0.408035 0.050448 0.0
vt 0.249023 0.050448 0.0
vt 0.249023 0.000000 0.0
vt 0.197727 0.050448 0.0
vt 0.197727 0.000000 0.0
vt 0.221244 0.000000 0.0
vt 0.221244 0.050448 0.0
vt 0.192982 0.151240 0.0
vt 0.139344 0.151239 0.0
vt 0.203691 0.183351 0.0
vt 0.139349 0.183352 0.0
vt 0.197689 0.257176 0.0
vt 0.139346 0.257180 0.0
vt 0.139342 0.252316 0.0
vt 0.203695 0.252307 0.0
vt 0.203691 0.208237 0.0
vt 0.139356 0.208231 0.0
vt 0.576681 0.050383 0.0
vt 0.576681 0.000000 0.0
vt 0.688590 0.000000 0.0
vt 0.688591 0.050200 0.0
vt 0.197695 0.306159 0.0
vt 0.139356 0.306164 0.0
vt 0.434451 0.000000 0.0
vt 0.434451 0.050448 0.0
vt 0.525491 0.000000 0.0
vt 0.525490 0.050396 0.0
vt 0.550265 0.050383 0.0
vt 0.550265 0.000000 0.0
vt 0.190864 0.050448 0.0
vt 0.190864 0.000000 0.0
vt 0.107881 0.542536 0.0
vt 0.207243 0.542535 0.0
vt 0.103761 0.000000 0.0
vt 0.103760 0.050448 0.0
vt 0.115666 0.548085 0.0
vt 0.200275 0.548085 0.0
vt 0.005489 0.230399 0.0
vt 0.135506 0.230539 0.0
vt 0.203685 0.233974 0.0
vt 0.139343 0.233974 0.0
vt 0.047140 0.408204 0.0
vt 0.074498 0.408172 0.0
vt 0.008642 0.408228 0.0
vt 0.191811 0.378748 0.0
vt 0.110738 0.389769 0.0
vt 0.429391 0.378735 0.0
vt 0.550375 0.377434 0.0
vt 0.579867 0.385001 0.0
vt 0.916335 0.474181 0.0
vt 0.916037 0.491406 0.0
vt 0.907258 0.490400 0.0
vt 0.907763 0.473596 0.0
vt 0.942904 0.480988 0.0
vt 0.949446 0.496763 0.0
vt 0.900112 0.533230 0.0
vt 0.944675 0.535794 0.0
vt 0.932176 0.559310 0.0
vt 0.871553 0.561712 0.0
vt 0.865547 0.555710 0.0
vt 0.893353 0.528156 0.0
vt 0.908136 0.521030 0.0
vt 0.949720 0.523659 0.0
vt 0.900388 0.517169 0.0
vt 0.951656 0.511696 0.0
vt 0.913002 0.508235 0.0
vt 0.904578 0.505860 0.0
vt 0.918361 0.465580 0.0
vt 0.945011 0.472308 0.0
vt 0.956836 0.610082 0.0
vt 0.970356 0.610088 0.0
vt 0.970364 0.636897 0.0
vt 0.956846 0.636892 0.0
vt 0.956851 0.590471 0.0
vt 0.970354 0.590467 0.0
vt 0.956850 0.554735 0.0
vt 0.956847 0.534153 0.0
vt 0.970354 0.534152 0.0
vt 0.970364 0.554738 0.0
vt 0.974137 0.648631 0.0
vt 0.974148 0.618992 0.0
vt 0.987645 0.618980 0.0
vt 0.987640 0.648624 0.0
vt 0.974129 0.597247 0.0
vt 0.987651 0.597249 0.0
vt 0.974146 0.535986 0.0
vt 0.987646 0.535976 0.0
vt 0.987648 0.557784 0.0
vt 0.974144 0.557791 0.0
vt 0.892888 0.456719 0.0
vt 0.867072 0.463922 0.0
vt 0.863485 0.455471 0.0
vt 0.892220 0.448242 0.0
vt 0.849608 0.472858 0.0
vt 0.844313 0.465690 0.0
vt 0.829977 0.502522 0.0
vt 0.825391 0.522586 0.0
vt 0.816423 0.518964 0.0
vt 0.821635 0.497794 0.0
vt 0.830442 0.535208 0.0
vt 0.809727 0.534103 0.0
vt 0.974134 0.519414 0.0
vt 0.987646 0.519411 0.0
vt 0.956847 0.520556 0.0
vt 0.970357 0.520556 0.0
vt 0.837794 0.487579 0.0
vt 0.830976 0.481628 0.0
vt 0.974144 0.576469 0.0
vt 0.987647 0.576460 0.0
vt 0.956860 0.571608 0.0
vt 0.970364 0.571603 0.0
vt 0.849472 0.545181 0.0
vt 0.792897 0.545474 0.0
vt 0.974135 0.499098 0.0
vt 0.987646 0.499094 0.0
vt 0.956847 0.499069 0.0
vt 0.970360 0.499070 0.0
vt 0.956845 0.677130 0.0
vt 0.970356 0.677131 0.0
vt 0.970364 0.708692 0.0
vt 0.956835 0.708679 0.0
vt 0.974136 0.722740 0.0
vt 0.974130 0.691093 0.0
vt 0.987638 0.691088 0.0
vt 0.987649 0.722739 0.0
vt 0.965893 0.454145 0.0
vt 0.963475 0.466877 0.0
vt 0.933094 0.458342 0.0
vt 0.934662 0.449088 0.0
vt 0.970353 0.727604 0.0
vt 0.956842 0.727603 0.0
vt 0.974129 0.738334 0.0
vt 0.987651 0.738337 0.0
vt 0.981488 0.454020 0.0
vt 0.978442 0.478454 0.0
vt 0.970355 0.757824 0.0
vt 0.956842 0.757823 0.0
vt 0.974129 0.756744 0.0
vt 0.987651 0.756748 0.0
vt 0.999102 0.448678 0.0
vt 0.997477 0.501919 0.0
vt 0.877512 0.756640 0.0
vt 0.877515 0.762695 0.0
vt 0.874335 0.762694 0.0
vt 0.874337 0.756640 0.0
vt 0.887968 0.756638 0.0
vt 0.901068 0.756642 0.0
vt 0.901058 0.762676 0.0
vt 0.887968 0.762697 0.0
vt 0.913548 0.756636 0.0
vt 0.946356 0.756635 0.0
vt 0.946360 0.762697 0.0
vt 0.913551 0.762692 0.0
vt 0.888637 0.739109 0.0
vt 0.905199 0.731951 0.0
vt 0.888802 0.752024 0.0
vt 0.880326 0.745891 0.0
vt 0.878043 0.743691 0.0
vt 0.921633 0.724842 0.0
vt 0.515254 0.956369 0.0
vt 0.504871 0.958769 0.0
vt 0.511750 0.990098 0.0
vt 0.521748 0.987616 0.0
vt 0.517066 0.948401 0.0
vt 0.546573 0.962814 0.0
vt 0.548387 0.954846 0.0
vt 0.507529 0.946438 0.0
vt 0.489754 0.964170 0.0
vt 0.493051 0.943887 0.0
vt 0.483458 0.943040 0.0
vt 0.480903 0.965448 0.0
vt 0.485750 0.995658 0.0
vt 0.495504 0.993906 0.0
vt 0.437047 0.947306 0.0
vt 0.415798 0.950808 0.0
vt 0.415203 0.961649 0.0
vt 0.437442 0.966430 0.0
vt 0.411938 0.996630 0.0
vt 0.436384 0.998429 0.0
vt 0.180002 0.951755 0.0
vt 0.180064 0.962473 0.0
vt 0.179872 0.995172 0.0
vt 0.445921 0.966838 0.0
vt 0.445790 0.998627 0.0
vt 0.445893 0.945907 0.0
vt 0.831949 0.767216 0.0
vt 0.803856 0.767214 0.0
vt 0.803853 0.756154 0.0
vt 0.831949 0.756155 0.0
vt 0.831950 0.735891 0.0
vt 0.831950 0.738483 0.0
vt 0.803856 0.738481 0.0
vt 0.803856 0.735889 0.0
vt 0.831948 0.788025 0.0
vt 0.803857 0.788021 0.0
vt 0.803855 0.748218 0.0
vt 0.831950 0.748220 0.0
vt 0.803855 0.741551 0.0
vt 0.831950 0.741553 0.0
vt 0.119991 0.558027 0.0
vt 0.114346 0.557190 0.0
vt 0.114724 0.560815 0.0
vt 0.117641 0.559852 0.0
vt 0.099453 0.549216 0.0
vt 0.104213 0.544422 0.0
vt 0.102956 0.536453 0.0
vt 0.091308 0.538961 0.0
vt 0.101560 0.516523 0.0
vt 0.082864 0.515857 0.0
vt 0.803855 0.655726 0.0
vt 0.803856 0.633881 0.0
vt 0.831955 0.633886 0.0
vt 0.831952 0.655730 0.0
vt 0.106754 0.555083 0.0
vt 0.110089 0.550055 0.0
vt 0.115923 0.552736 0.0
vt 0.120451 0.552651 0.0
vt 0.803856 0.733391 0.0
vt 0.831951 0.733393 0.0
vt 0.831956 0.554131 0.0
vt 0.803853 0.554132 0.0
vt 0.836130 0.552295 0.0
vt 0.853022 0.628100 0.0
vt 0.977644 0.907956 0.0
vt 0.951499 0.906755 0.0
vt 0.951953 0.894076 0.0
vt 0.978135 0.893750 0.0
vt 0.976480 0.921853 0.0
vt 0.950396 0.919512 0.0
vt 0.974664 0.935651 0.0
vt 0.948545 0.931916 0.0
vt 0.972242 0.950030 0.0
vt 0.946172 0.944871 0.0
vt 0.969079 0.964495 0.0
vt 0.943350 0.958164 0.0
vt 0.965237 0.977835 0.0
vt 0.939748 0.970032 0.0
vt 0.961179 0.991606 0.0
vt 0.934816 0.982361 0.0
vt 0.958198 0.787170 0.0
vt 0.935669 0.796330 0.0
vt 0.930473 0.784783 0.0
vt 0.952869 0.775443 0.0
vt 0.962894 0.799472 0.0
vt 0.939749 0.808498 0.0
vt 0.966989 0.812087 0.0
vt 0.943090 0.820043 0.0
vt 0.970423 0.825097 0.0
vt 0.945979 0.832070 0.0
vt 0.973290 0.838468 0.0
vt 0.948417 0.844354 0.0
vt 0.975489 0.852103 0.0
vt 0.950254 0.856532 0.0
vt 0.977029 0.865845 0.0
vt 0.951257 0.868809 0.0
vt 0.977940 0.879759 0.0
vt 0.952023 0.881277 0.0
vt 0.846692 0.770566 0.0
vt 0.851356 0.767612 0.0
vt 0.856390 0.780782 0.0
vt 0.843494 0.775097 0.0
vt 0.842255 0.780449 0.0
vt 0.843199 0.785895 0.0
vt 0.846137 0.790588 0.0
vt 0.850594 0.793796 0.0
vt 0.855888 0.794357 0.0
vt 0.861291 0.793990 0.0
vt 0.866017 0.791087 0.0
vt 0.869249 0.786572 0.0
vt 0.870514 0.781259 0.0
vt 0.869615 0.775814 0.0
vt 0.866686 0.771125 0.0
vt 0.862200 0.767939 0.0
vt 0.856801 0.766708 0.0
vt 0.945591 0.869545 0.0
vt 0.944175 0.857614 0.0
vt 0.942662 0.845434 0.0
vt 0.940391 0.833657 0.0
vt 0.937645 0.821934 0.0
vt 0.934537 0.810527 0.0
vt 0.930633 0.798781 0.0
vt 0.926043 0.788060 0.0
vt 0.929910 0.978982 0.0
vt 0.934227 0.967889 0.0
vt 0.937215 0.955983 0.0
vt 0.940312 0.943905 0.0
vt 0.942908 0.931009 0.0
vt 0.944354 0.918335 0.0
vt 0.945215 0.905982 0.0
vt 0.946121 0.893892 0.0
vt 0.945806 0.881568 0.0
vt 0.920198 0.870389 0.0
vt 0.919273 0.859482 0.0
vt 0.917886 0.848565 0.0
vt 0.916047 0.837713 0.0
vt 0.913733 0.826924 0.0
vt 0.911027 0.816425 0.0
vt 0.907917 0.806216 0.0
vt 0.904870 0.796552 0.0
vt 0.904870 0.972128 0.0
vt 0.908920 0.960799 0.0
vt 0.912081 0.949485 0.0
vt 0.914903 0.938585 0.0
vt 0.917182 0.927521 0.0
vt 0.918851 0.916048 0.0
vt 0.919950 0.904436 0.0
vt 0.920542 0.892875 0.0
vt 0.920605 0.881573 0.0
vt 0.870784 0.950546 0.0
vt 0.868736 0.945467 0.0
vt 0.890724 0.930855 0.0
vt 0.894634 0.934599 0.0
vt 0.905218 0.909059 0.0
vt 0.910196 0.911010 0.0
vt 0.910285 0.883163 0.0
vt 0.915550 0.883091 0.0
vt 0.905016 0.857263 0.0
vt 0.910014 0.855312 0.0
vt 0.890437 0.835247 0.0
vt 0.894277 0.831505 0.0
vt 0.868553 0.820725 0.0
vt 0.870606 0.815664 0.0
vt 0.842662 0.815603 0.0
vt 0.842485 0.810201 0.0
vt 0.816571 0.820969 0.0
vt 0.814440 0.816051 0.0
vt 0.794688 0.835667 0.0
vt 0.790810 0.831925 0.0
vt 0.780244 0.857351 0.0
vt 0.775287 0.855404 0.0
vt 0.775299 0.883217 0.0
vt 0.770069 0.883283 0.0
vt 0.780513 0.908945 0.0
vt 0.775544 0.910875 0.0
vt 0.794991 0.930972 0.0
vt 0.791154 0.934667 0.0
vt 0.816722 0.945536 0.0
vt 0.814640 0.950452 0.0
vt 0.842651 0.950719 0.0
vt 0.842613 0.956120 0.0
vt 0.816958 0.802626 0.0
vt 0.817369 0.792263 0.0
vt 0.822936 0.792547 0.0
vt 0.822502 0.802894 0.0
vt 0.828473 0.792766 0.0
vt 0.828015 0.803105 0.0
vt 0.833983 0.793012 0.0
vt 0.833572 0.803367 0.0
vt 0.839498 0.793261 0.0
vt 0.839117 0.803591 0.0
vt 0.845048 0.793519 0.0
vt 0.844624 0.803863 0.0
vt 0.850149 0.804116 0.0
vt 0.855834 0.804280 0.0
vt 0.861321 0.804280 0.0
vt 0.866797 0.793906 0.0
vt 0.866855 0.804223 0.0
vt 0.872322 0.793854 0.0
vt 0.872329 0.804164 0.0
vt 0.877765 0.793761 0.0
vt 0.877842 0.804107 0.0
vt 0.883235 0.793736 0.0
vt 0.883324 0.804078 0.0
vt 0.888736 0.793688 0.0
vt 0.888821 0.804035 0.0
vt 0.894222 0.793657 0.0
vt 0.894326 0.803955 0.0
vt 0.899688 0.793636 0.0
vt 0.899790 0.803897 0.0
vt 0.811392 0.802405 0.0
vt 0.811811 0.792024 0.0
vt 0.822587 0.903475 0.0
vt 0.831872 0.909698 0.0
vt 0.842839 0.911893 0.0
vt 0.853830 0.909712 0.0
vt 0.863036 0.903526 0.0
vt 0.869247 0.894126 0.0
vt 0.871300 0.883142 0.0
vt 0.869133 0.872135 0.0
vt 0.862944 0.862818 0.0
vt 0.853696 0.856618 0.0
vt 0.842732 0.854491 0.0
vt 0.831781 0.856712 0.0
vt 0.822508 0.862936 0.0
vt 0.816377 0.872213 0.0
vt 0.814279 0.883214 0.0
vt 0.816423 0.894180 0.0
vt 0.991193 0.909388 0.0
vt 0.980342 0.909397 0.0
vt 0.980332 0.895853 0.0
vt 0.991191 0.895839 0.0
vt 0.991167 0.922959 0.0
vt 0.980347 0.922954 0.0
vt 0.991185 0.936509 0.0
vt 0.980347 0.936509 0.0
vt 0.991179 0.950064 0.0
vt 0.980370 0.950051 0.0
vt 0.991176 0.963626 0.0
vt 0.980346 0.963615 0.0
vt 0.991171 0.977182 0.0
vt 0.980354 0.977170 0.0
vt 0.991169 0.990747 0.0
vt 0.980353 0.990734 0.0
vt 0.991175 0.787398 0.0
vt 0.980332 0.787402 0.0
vt 0.980354 0.773830 0.0
vt 0.991165 0.773849 0.0
vt 0.991157 0.800968 0.0
vt 0.980340 0.800953 0.0
vt 0.991182 0.814506 0.0
vt 0.980344 0.814511 0.0
vt 0.991163 0.828076 0.0
vt 0.980335 0.828071 0.0
vt 0.991198 0.841609 0.0
vt 0.980340 0.841626 0.0
vt 0.991171 0.855178 0.0
vt 0.980341 0.855174 0.0
vt 0.991167 0.868740 0.0
vt 0.980355 0.868729 0.0
vt 0.991201 0.882282 0.0
vt 0.980349 0.882290 0.0
vt 0.664924 0.942520 0.0
vt 0.674507 0.932946 0.0
vt 0.693814 0.961835 0.0
vt 0.659734 0.955058 0.0
vt 0.659737 0.968619 0.0
vt 0.664928 0.981138 0.0
vt 0.674518 0.990725 0.0
vt 0.687046 0.995908 0.0
vt 0.700605 0.995906 0.0
vt 0.713127 0.990720 0.0
vt 0.722712 0.981132 0.0
vt 0.727896 0.968602 0.0
vt 0.727896 0.955038 0.0
vt 0.722703 0.942525 0.0
vt 0.713113 0.932942 0.0
vt 0.700589 0.927754 0.0
vt 0.687034 0.927754 0.0
vt 0.730845 0.956544 0.0
vt 0.736031 0.944028 0.0
vt 0.764919 0.963316 0.0
vt 0.730850 0.970095 0.0
vt 0.736043 0.982628 0.0
vt 0.745629 0.992205 0.0
vt 0.758150 0.997390 0.0
vt 0.771704 0.997387 0.0
vt 0.784224 0.992199 0.0
vt 0.793806 0.982614 0.0
vt 0.798987 0.970082 0.0
vt 0.798987 0.956532 0.0
vt 0.793795 0.944006 0.0
vt 0.784209 0.934433 0.0
vt 0.771689 0.929255 0.0
vt 0.758134 0.929255 0.0
vt 0.745613 0.934443 0.0
vt 0.120890 0.853758 0.0
vt 0.059649 0.857026 0.0
vt 0.058874 0.837250 0.0
vt 0.120183 0.835655 0.0
vt 0.123031 0.872774 0.0
vt 0.060654 0.876064 0.0
vt 0.121479 0.780207 0.0
vt 0.059287 0.777709 0.0
vt 0.060406 0.757606 0.0
vt 0.124195 0.761784 0.0
vt 0.120416 0.798422 0.0
vt 0.058659 0.797686 0.0
vt 0.119988 0.816985 0.0
vt 0.058534 0.817603 0.0
vt 0.863050 0.983426 0.0
vt 0.859131 0.987798 0.0
vt 0.853063 0.978217 0.0
vt 0.853589 0.989596 0.0
vt 0.852912 0.966891 0.0
vt 0.858590 0.968266 0.0
vt 0.862783 0.972332 0.0
vt 0.863665 0.977837 0.0
vt 0.127944 0.835330 0.0
vt 0.128280 0.853139 0.0
vt 0.130511 0.870360 0.0
vt 0.131120 0.764226 0.0
vt 0.128956 0.781165 0.0
vt 0.128187 0.798899 0.0
vt 0.128227 0.817098 0.0
vt 0.502174 0.838205 0.0
vt 0.499559 0.856576 0.0
vt 0.494860 0.872956 0.0
vt 0.494796 0.764380 0.0
vt 0.499079 0.781620 0.0
vt 0.502069 0.800113 0.0
vt 0.503097 0.819169 0.0
vt 0.519467 0.840569 0.0
vt 0.515754 0.861230 0.0
vt 0.507369 0.879276 0.0
vt 0.507842 0.758711 0.0
vt 0.515191 0.776868 0.0
vt 0.519681 0.797462 0.0
vt 0.521462 0.819135 0.0
vt 0.010831 0.686647 0.0
vt 0.017406 0.686656 0.0
vt 0.017395 0.716921 0.0
vt 0.010808 0.716928 0.0
vt 0.017506 0.747154 0.0
vt 0.010923 0.747230 0.0
vt 0.011556 0.565532 0.0
vt 0.018124 0.565652 0.0
vt 0.017806 0.595836 0.0
vt 0.011236 0.595779 0.0
vt 0.017620 0.626088 0.0
vt 0.011038 0.626049 0.0
vt 0.017495 0.656380 0.0
vt 0.010900 0.656355 0.0
vt 0.539300 0.843525 0.0
vt 0.533908 0.867735 0.0
vt 0.521692 0.891216 0.0
vt 0.522183 0.747665 0.0
vt 0.533701 0.770167 0.0
vt 0.539411 0.795143 0.0
vt 0.540825 0.819230 0.0
vt 0.117036 0.686912 0.0
vt 0.116951 0.717075 0.0
vt 0.116918 0.747230 0.0
vt 0.117536 0.566204 0.0
vt 0.117387 0.596380 0.0
vt 0.117254 0.626556 0.0
vt 0.117137 0.656735 0.0
vt 0.565434 0.901286 0.0
vt 0.555330 0.938983 0.0
vt 0.555332 0.901286 0.0
vt 0.005102 0.938983 0.0
vt 0.005102 0.901286 0.0
vt 0.542937 0.567926 0.0
vt 0.542819 0.598098 0.0
vt 0.542703 0.628274 0.0
vt 0.542587 0.658449 0.0
vt 0.542467 0.688622 0.0
vt 0.542346 0.718793 0.0
vt 0.030656 0.852244 0.0
vt 0.036493 0.842175 0.0
vt 0.026018 0.831680 0.0
vt 0.015967 0.837502 0.0
vt 0.050823 0.857654 0.0
vt 0.050825 0.846004 0.0
vt 0.030677 0.782499 0.0
vt 0.036508 0.792559 0.0
vt 0.050823 0.788740 0.0
vt 0.050825 0.777108 0.0
vt 0.015930 0.797214 0.0
vt 0.026012 0.803042 0.0
vt 0.010538 0.817353 0.0
vt 0.022172 0.817368 0.0
vt 0.895577 0.990186 0.0
vt 0.862910 0.989088 0.0
vt 0.895739 0.983833 0.0
vt 0.895238 0.996536 0.0
vt 0.862669 0.994701 0.0
vt 0.895058 0.964467 0.0
vt 0.862463 0.966727 0.0
vt 0.862012 0.961172 0.0
vt 0.894528 0.958110 0.0
vt 0.895472 0.970861 0.0
vt 0.895727 0.977478 0.0
vt 0.595077 0.494187 0.0
vt 0.605807 0.526749 0.0
vt 0.799145 0.526715 0.0
vt 0.815296 0.494175 0.0
vt 0.630439 0.428625 0.0
vt 0.666837 0.429101 0.0
vt 0.661702 0.451063 0.0
vt 0.625062 0.451198 0.0
vt 0.753680 0.899154 0.0
vt 0.578225 0.899019 0.0
vt 0.568435 0.917608 0.0
vt 0.765905 0.917608 0.0
vt 0.921662 0.440790 0.0
vt 0.920714 0.419840 0.0
vt 0.957467 0.424355 0.0
vt 0.958653 0.432606 0.0
vt 0.639587 0.353947 0.0
vt 0.676273 0.355438 0.0
vt 0.674661 0.385028 0.0
vt 0.638199 0.384705 0.0
vt 0.763770 0.355190 0.0
vt 0.762697 0.326052 0.0
vt 0.898985 0.335379 0.0
vt 0.901756 0.349053 0.0
vt 0.743243 0.280600 0.0
vt 0.734585 0.264219 0.0
vt 0.879475 0.269486 0.0
vt 0.878207 0.289269 0.0
vt 0.636148 0.301145 0.0
vt 0.634273 0.284408 0.0
vt 0.670206 0.287261 0.0
vt 0.672274 0.305591 0.0
vt 0.923689 0.279371 0.0
vt 0.958414 0.279478 0.0
vt 0.956887 0.300155 0.0
vt 0.921364 0.299679 0.0
vt 0.688907 0.097153 0.0
vt 0.854252 0.084708 0.0
vt 0.860366 0.138778 0.0
vt 0.688231 0.142674 0.0
vt 0.627932 0.085694 0.0
vt 0.663912 0.086889 0.0
vt 0.660816 0.140743 0.0
vt 0.624749 0.138272 0.0
vt 0.920974 0.129396 0.0
vt 0.920714 0.067278 0.0
vt 0.955673 0.068800 0.0
vt 0.955964 0.130619 0.0
vt 0.630285 0.065723 0.0
vt 0.667160 0.064890 0.0
vt 0.955760 0.042416 0.0
vt 0.920801 0.042243 0.0
vt 0.693994 0.077736 0.0
vt 0.852066 0.059984 0.0
vt 0.751934 0.297986 0.0
vt 0.886087 0.321969 0.0
vt 0.638052 0.323775 0.0
vt 0.674301 0.327454 0.0
vt 0.921936 0.321557 0.0
vt 0.957447 0.322802 0.0
vt 0.926154 0.342330 0.0
vt 0.960794 0.343145 0.0
vt 0.960158 0.367419 0.0
vt 0.925529 0.367598 0.0
vt 0.706367 0.202052 0.0
vt 0.868374 0.196726 0.0
vt 0.921730 0.192271 0.0
vt 0.956754 0.193265 0.0
vt 0.627911 0.206408 0.0
vt 0.663948 0.209317 0.0
vt 0.079321 0.050448 0.0
vt 0.097450 0.050448 0.0
vt 0.411628 0.266492 0.0
vt 0.550375 0.269484 0.0
vt 0.550375 0.309499 0.0
vt 0.398016 0.309063 0.0
vt 0.345711 0.304660 0.0
vt 0.345681 0.266148 0.0
vt 0.376294 0.266147 0.0
vt 0.394326 0.304651 0.0
vt 0.211236 0.535462 0.0
vt 0.105484 0.535463 0.0
vt 0.105486 0.514007 0.0
vt 0.228964 0.514008 0.0
vt 0.105486 0.491271 0.0
vt 0.252705 0.491272 0.0
vt 0.922679 0.388065 0.0
vt 0.957781 0.388751 0.0
vt 0.956810 0.409434 0.0
vt 0.921142 0.407450 0.0
vt 0.761159 0.371145 0.0
vt 0.899102 0.366591 0.0
vt 0.898799 0.383839 0.0
vt 0.754828 0.386251 0.0
vt 0.635947 0.401395 0.0
vt 0.672429 0.401643 0.0
vt 0.669300 0.418801 0.0
vt 0.632785 0.418693 0.0
vt 0.550375 0.340616 0.0
vt 0.412663 0.341744 0.0
vt 0.176902 0.341715 0.0
vt 0.163961 0.309422 0.0
vt 0.112605 0.347599 0.0
vt 0.115302 0.309694 0.0
vt 0.008635 0.323957 0.0
vt 0.047140 0.323927 0.0
vt 0.047148 0.310753 0.0
vt 0.008626 0.310796 0.0
vt 0.550375 0.404286 0.0
vt 0.550375 0.412190 0.0
vt 0.441637 0.413540 0.0
vt 0.441584 0.405615 0.0
vt 0.204366 0.413589 0.0
vt 0.202690 0.405670 0.0
vt 0.111677 0.414055 0.0
vt 0.110009 0.406138 0.0
vt 0.014793 0.429800 0.0
vt 0.047144 0.424552 0.0
vt 0.008631 0.424587 0.0
vt 0.111839 0.050448 0.0
vt 0.183337 0.050448 0.0
vt 0.047137 0.366091 0.0
vt 0.047143 0.385704 0.0
vt 0.008630 0.385749 0.0
vt 0.008626 0.366132 0.0
vt 0.111721 0.367245 0.0
vt 0.135498 0.248882 0.0
vt 0.135502 0.256610 0.0
vt 0.005472 0.256498 0.0
vt 0.005469 0.248742 0.0
vt 0.118879 0.183280 0.0
vt 0.130471 0.205301 0.0
vt 0.005512 0.205169 0.0
vt 0.005535 0.183160 0.0
vt 0.097722 0.156849 0.0
vt 0.005428 0.157179 0.0
vt 0.064660 0.121920 0.0
vt 0.006833 0.119944 0.0
vt 0.165878 0.111498 0.0
vt 0.166134 0.053648 0.0
vt 0.579867 0.403796 0.0
vt 0.579867 0.411723 0.0
vt 0.579867 0.336221 0.0
vt 0.579867 0.358978 0.0
vt 0.579867 0.309353 0.0
vt 0.579867 0.271381 0.0
vt 0.330349 0.304657 0.0
vt 0.330320 0.266154 0.0
vt 0.047137 0.344388 0.0
vt 0.008636 0.344414 0.0
vt 0.098443 0.331118 0.0
vt 0.099932 0.309775 0.0
vt 0.309847 0.266157 0.0
vt 0.309874 0.304658 0.0
vt 0.079620 0.323075 0.0
vt 0.079443 0.309883 0.0
vt 0.135483 0.305595 0.0
vt 0.005428 0.305486 0.0
vt 0.579867 0.461705 0.0
vt 0.550375 0.462125 0.0
vt 0.442094 0.463502 0.0
vt 0.434843 0.420347 0.0
vt 0.434836 0.470234 0.0
vt 0.286942 0.470054 0.0
vt 0.198098 0.420173 0.0
vt 0.105484 0.470057 0.0
vt 0.105484 0.420173 0.0
vt 0.000026 0.050448 0.0
vt 0.042181 0.050448 0.0
vt 0.900140 0.394308 0.0
vt 0.750048 0.394108 0.0
vt 0.572870 0.841098 0.0
vt 0.572832 0.825133 0.0
vt 0.561325 0.824981 0.0
vt 0.563146 0.849568 0.0
vt 0.718534 0.809134 0.0
vt 0.707594 0.804680 0.0
vt 0.710265 0.831326 0.0
vt 0.722029 0.838167 0.0
vt 0.586848 0.782514 0.0
vt 0.580035 0.763056 0.0
vt 0.568763 0.770123 0.0
vt 0.577305 0.788501 0.0
vt 0.729013 0.742747 0.0
vt 0.721690 0.760667 0.0
vt 0.732888 0.762108 0.0
vt 0.740563 0.745765 0.0
vt 0.567840 0.622922 0.0
vt 0.582122 0.626541 0.0
vt 0.578575 0.570513 0.0
vt 0.563820 0.562075 0.0
vt 0.757742 0.564765 0.0
vt 0.765685 0.613494 0.0
vt 0.779343 0.607710 0.0
vt 0.770193 0.555782 0.0
vt 0.749635 0.545977 0.0
vt 0.761002 0.535836 0.0
vt 0.576264 0.548016 0.0
vt 0.561325 0.537640 0.0
vt 0.579726 0.543275 0.0
vt 0.747140 0.541976 0.0
vt 0.758729 0.532101 0.0
vt 0.565369 0.532101 0.0
vt 0.586166 0.809771 0.0
vt 0.575815 0.809961 0.0
vt 0.714453 0.779827 0.0
vt 0.725361 0.782295 0.0
vt 0.582585 0.685416 0.0
vt 0.569582 0.684628 0.0
vt 0.752777 0.675767 0.0
vt 0.765871 0.673516 0.0
vt 0.585090 0.875806 0.0
vt 0.581379 0.858413 0.0
vt 0.572304 0.867782 0.0
vt 0.575835 0.886724 0.0
vt 0.728168 0.853561 0.0
vt 0.716129 0.846397 0.0
vt 0.724464 0.860363 0.0
vt 0.737021 0.868325 0.0
vt 0.741822 0.888742 0.0
vt 0.589767 0.888624 0.0
vt 0.585145 0.886585 0.0
vt 0.575652 0.898874 0.0
vt 0.730719 0.867491 0.0
vt 0.743973 0.876052 0.0
vt 0.910186 0.333078 0.0
vt 0.913593 0.349462 0.0
vt 0.750611 0.328625 0.0
vt 0.751347 0.356233 0.0
vt 0.891466 0.271080 0.0
vt 0.890802 0.291476 0.0
vt 0.724170 0.269580 0.0
vt 0.733320 0.286946 0.0
vt 0.871693 0.132822 0.0
vt 0.865316 0.075842 0.0
vt 0.676130 0.142402 0.0
vt 0.677308 0.092535 0.0
vt 0.681943 0.072056 0.0
vt 0.863169 0.053299 0.0
vt 0.854406 0.047315 0.0
vt 0.687283 0.066216 0.0
vt 0.897862 0.317622 0.0
vt 0.742207 0.304991 0.0
vt 0.880113 0.193930 0.0
vt 0.694233 0.203004 0.0
vt 0.911235 0.368956 0.0
vt 0.911320 0.387048 0.0
vt 0.747967 0.371724 0.0
vt 0.741555 0.386256 0.0
vt 0.904848 0.406732 0.0
vt 0.743251 0.406291 0.0
vt 0.912542 0.397997 0.0
vt 0.736958 0.394382 0.0
vt 0.060108 0.050448 0.0
vt 0.550375 0.493400 0.0
vt 0.442387 0.494695 0.0
vt 0.579867 0.492998 0.0
vt 0.283057 0.050448 0.0
vt 0.408035 0.050448 0.0
vt 0.249023 0.050448 0.0
vt 0.197727 0.050448 0.0
vt 0.221244 0.050448 0.0
vt 0.192982 0.151240 0.0
vt 0.203691 0.183351 0.0
vt 0.197689 0.257176 0.0
vt 0.203695 0.252307 0.0
vt 0.203691 0.208237 0.0
vt 0.576681 0.050383 0.0
vt 0.688591 0.050200 0.0
vt 0.197695 0.306159 0.0
vt 0.434451 0.050448 0.0
vt 0.525490 0.050396 0.0
vt 0.550265 0.050383 0.0
vt 0.190864 0.050448 0.0
vt 0.207243 0.542535 0.0
vt 0.107881 0.542536 0.0
vt 0.103760 0.050448 0.0
vt 0.200275 0.548085 0.0
vt 0.115666 0.548085 0.0
vt 0.005489 0.230399 0.0
vt 0.135506 0.230539 0.0
vt 0.203685 0.233974 0.0
vt 0.047140 0.408204 0.0
vt 0.008642 0.408228 0.0
vt 0.110738 0.389769 0.0
vt 0.191811 0.378748 0.0
vt 0.429391 0.378735 0.0
vt 0.550375 0.377434 0.0
vt 0.579867 0.385001 0.0
vt 0.916037 0.491406 0.0
vt 0.916335 0.474181 0.0
vt 0.949446 0.496763 0.0
vt 0.942904 0.480988 0.0
vt 0.900112 0.533230 0.0
vt 0.871553 0.561712 0.0
vt 0.932176 0.559310 0.0
vt 0.944675 0.535794 0.0
vt 0.908136 0.521030 0.0
vt 0.949720 0.523659 0.0
vt 0.913002 0.508235 0.0
vt 0.951656 0.511696 0.0
vt 0.970364 0.636897 0.0
vt 0.970356 0.610088 0.0
vt 0.970354 0.590467 0.0
vt 0.970354 0.534152 0.0
vt 0.970364 0.554738 0.0
vt 0.974148 0.618992 0.0
vt 0.974137 0.648631 0.0
vt 0.974129 0.597247 0.0
vt 0.974146 0.535986 0.0
vt 0.974144 0.557791 0.0
vt 0.863485 0.455471 0.0
vt 0.867072 0.463922 0.0
vt 0.892888 0.456719 0.0
vt 0.892220 0.448242 0.0
vt 0.844313 0.465690 0.0
vt 0.849608 0.472858 0.0
vt 0.816423 0.518964 0.0
vt 0.825391 0.522586 0.0
vt 0.829977 0.502522 0.0
vt 0.821635 0.497794 0.0
vt 0.809727 0.534103 0.0
vt 0.830442 0.535208 0.0
vt 0.974134 0.519414 0.0
vt 0.970357 0.520556 0.0
vt 0.830976 0.481628 0.0
vt 0.837794 0.487579 0.0
vt 0.974144 0.576469 0.0
vt 0.970364 0.571603 0.0
vt 0.792897 0.545474 0.0
vt 0.849472 0.545181 0.0
vt 0.974135 0.499098 0.0
vt 0.970360 0.499070 0.0
vt 0.970364 0.708692 0.0
vt 0.970356 0.677131 0.0
vt 0.974130 0.691093 0.0
vt 0.974136 0.722740 0.0
vt 0.965893 0.454145 0.0
vt 0.934662 0.449088 0.0
vt 0.933094 0.458342 0.0
vt 0.963475 0.466877 0.0
vt 0.970353 0.727604 0.0
vt 0.974129 0.738334 0.0
vt 0.981488 0.454020 0.0
vt 0.978442 0.478454 0.0
vt 0.970355 0.757824 0.0
vt 0.974129 0.756744 0.0
vt 0.999102 0.448678 0.0
vt 0.997477 0.501919 0.0
vt 0.877512 0.756640 0.0
vt 0.874337 0.756640 0.0
vt 0.901068 0.756642 0.0
vt 0.887968 0.756638 0.0
vt 0.946356 0.756635 0.0
vt 0.913548 0.756636 0.0
vt 0.888637 0.739109 0.0
vt 0.888802 0.752024 0.0
vt 0.905199 0.731951 0.0
vt 0.878043 0.743691 0.0
vt 0.880326 0.745891 0.0
vt 0.921633 0.724842 0.0
vt 0.504871 0.958769 0.0
vt 0.515254 0.956369 0.0
vt 0.517066 0.948401 0.0
vt 0.507529 0.946438 0.0
vt 0.489754 0.964170 0.0
vt 0.480903 0.965448 0.0
vt 0.483458 0.943040 0.0
vt 0.493051 0.943887 0.0
vt 0.415203 0.961649 0.0
vt 0.415798 0.950808 0.0
vt 0.437047 0.947306 0.0
vt 0.437442 0.966430 0.0
vt 0.180064 0.962473 0.0
vt 0.180002 0.951755 0.0
vt 0.445921 0.966838 0.0
vt 0.445893 0.945907 0.0
vt 0.831949 0.767216 0.0
vt 0.831949 0.756155 0.0
vt 0.831950 0.738483 0.0
vt 0.831950 0.735891 0.0
vt 0.831948 0.788025 0.0
vt 0.831950 0.748220 0.0
vt 0.831950 0.741553 0.0
vt 0.119991 0.558027 0.0
vt 0.117641 0.559852 0.0
vt 0.114724 0.560815 0.0
vt 0.114346 0.557190 0.0
vt 0.102956 0.536453 0.0
vt 0.104213 0.544422 0.0
vt 0.099453 0.549216 0.0
vt 0.091308 0.538961 0.0
vt 0.101560 0.516523 0.0
vt 0.082864 0.515857 0.0
vt 0.831955 0.633886 0.0
vt 0.831952 0.655730 0.0
vt 0.110089 0.550055 0.0
vt 0.106754 0.555083 0.0
vt 0.115923 0.552736 0.0
vt 0.120451 0.552651 0.0
vt 0.831951 0.733393 0.0
vt 0.831956 0.554131 0.0
vt 0.853022 0.628100 0.0
vt 0.836130 0.552295 0.0
vt 0.951953 0.894076 0.0
vt 0.951499 0.906755 0.0
vt 0.977644 0.907956 0.0
vt 0.978135 0.893750 0.0
vt 0.950396 0.919512 0.0
vt 0.976480 0.921853 0.0
vt 0.948545 0.931916 0.0
vt 0.974664 0.935651 0.0
vt 0.946172 0.944871 0.0
vt 0.972242 0.950030 0.0
vt 0.943350 0.958164 0.0
vt 0.969079 0.964495 0.0
vt 0.939748 0.970032 0.0
vt 0.965237 0.977835 0.0
vt 0.934816 0.982361 0.0
vt 0.961179 0.991606 0.0
vt 0.930473 0.784783 0.0
vt 0.935669 0.796330 0.0
vt 0.958198 0.787170 0.0
vt 0.952869 0.775443 0.0
vt 0.939749 0.808498 0.0
vt 0.962894 0.799472 0.0
vt 0.943090 0.820043 0.0
vt 0.966989 0.812087 0.0
vt 0.945979 0.832070 0.0
vt 0.970423 0.825097 0.0
vt 0.948417 0.844354 0.0
vt 0.973290 0.838468 0.0
vt 0.950254 0.856532 0.0
vt 0.975489 0.852103 0.0
vt 0.951257 0.868809 0.0
vt 0.977029 0.865845 0.0
vt 0.952023 0.881277 0.0
vt 0.977940 0.879759 0.0
vt 0.846692 0.770566 0.0
vt 0.856390 0.780782 0.0
vt 0.851356 0.767612 0.0
vt 0.843494 0.775097 0.0
vt 0.842255 0.780449 0.0
vt 0.843199 0.785895 0.0
vt 0.846137 0.790588 0.0
vt 0.850594 0.793796 0.0
vt 0.855888 0.794357 0.0
vt 0.861291 0.793990 0.0
vt 0.866017 0.791087 0.0
vt 0.869249 0.786572 0.0
vt 0.870514 0.781259 0.0
vt 0.869615 0.775814 0.0
vt 0.866686 0.771125 0.0
vt 0.862200 0.767939 0.0
vt 0.856801 0.766708 0.0
vt 0.944175 0.857614 0.0
vt 0.945591 0.869545 0.0
vt 0.942662 0.845434 0.0
vt 0.940391 0.833657 0.0
vt 0.937645 0.821934 0.0
vt 0.934537 0.810527 0.0
vt 0.930633 0.798781 0.0
vt 0.926043 0.788060 0.0
vt 0.934227 0.967889 0.0
vt 0.929910 0.978982 0.0
vt 0.937215 0.955983 0.0
vt 0.940312 0.943905 0.0
vt 0.942908 0.931009 0.0
vt 0.944354 0.918335 0.0
vt 0.945215 0.905982 0.0
vt 0.946121 0.893892 0.0
vt 0.945806 0.881568 0.0
vt 0.890724 0.930855 0.0
vt 0.868736 0.945467 0.0
vt 0.870784 0.950546 0.0
vt 0.894634 0.934599 0.0
vt 0.905218 0.909059 0.0
vt 0.910196 0.911010 0.0
vt 0.910285 0.883163 0.0
vt 0.915550 0.883091 0.0
vt 0.905016 0.857263 0.0
vt 0.910014 0.855312 0.0
vt 0.890437 0.835247 0.0
vt 0.894277 0.831505 0.0
vt 0.868553 0.820725 0.0
vt 0.870606 0.815664 0.0
vt 0.842662 0.815603 0.0
vt 0.842485 0.810201 0.0
vt 0.816571 0.820969 0.0
vt 0.814440 0.816051 0.0
vt 0.794688 0.835667 0.0
vt 0.790810 0.831925 0.0
vt 0.780244 0.857351 0.0
vt 0.775287 0.855404 0.0
vt 0.775299 0.883217 0.0
vt 0.770069 0.883283 0.0
vt 0.780513 0.908945 0.0
vt 0.775544 0.910875 0.0
vt 0.794991 0.930972 0.0
vt 0.791154 0.934667 0.0
vt 0.816722 0.945536 0.0
vt 0.814640 0.950452 0.0
vt 0.842651 0.950719 0.0
vt 0.842613 0.956120 0.0
vt 0.822936 0.792547 0.0
vt 0.817369 0.792263 0.0
vt 0.816958 0.802626 0.0
vt 0.822502 0.802894 0.0
vt 0.828473 0.792766 0.0
vt 0.828015 0.803105 0.0
vt 0.833983 0.793012 0.0
vt 0.833572 0.803367 0.0
vt 0.839498 0.793261 0.0
vt 0.839117 0.803591 0.0
vt 0.845048 0.793519 0.0
vt 0.844624 0.803863 0.0
vt 0.850149 0.804116 0.0
vt 0.855834 0.804280 0.0
vt 0.861321 0.804280 0.0
vt 0.866797 0.793906 0.0
vt 0.866855 0.804223 0.0
vt 0.872322 0.793854 0.0
vt 0.872329 0.804164 0.0
vt 0.877765 0.793761 0.0
vt 0.877842 0.804107 0.0
vt 0.883235 0.793736 0.0
vt 0.883324 0.804078 0.0
vt 0.888736 0.793688 0.0
vt 0.888821 0.804035 0.0
vt 0.894222 0.793657 0.0
vt 0.894326 0.803955 0.0
vt 0.899688 0.793636 0.0
vt 0.899790 0.803897 0.0
vt 0.811811 0.792024 0.0
vt 0.811392 0.802405 0.0
vt 0.822587 0.903475 0.0
vt 0.831872 0.909698 0.0
vt 0.842839 0.911893 0.0
vt 0.853830 0.909712 0.0
vt 0.863036 0.903526 0.0
vt 0.869247 0.894126 0.0
vt 0.871300 0.883142 0.0
vt 0.869133 0.872135 0.0
vt 0.862944 0.862818 0.0
vt 0.853696 0.856618 0.0
vt 0.842732 0.854491 0.0
vt 0.831781 0.856712 0.0
vt 0.822508 0.862936 0.0
vt 0.816377 0.872213 0.0
vt 0.814279 0.883214 0.0
vt 0.816423 0.894180 0.0
vt 0.980332 0.895853 0.0
vt 0.980342 0.909397 0.0
vt 0.991193 0.909388 0.0
vt 0.991191 0.895839 0.0
vt 0.980347 0.922954 0.0
vt 0.991167 0.922959 0.0
vt 0.980347 0.936509 0.0
vt 0.991185 0.936509 0.0
vt 0.980370 0.950051 0.0
vt 0.991179 0.950064 0.0
vt 0.980346 0.963615 0.0
vt 0.991176 0.963626 0.0
vt 0.980354 0.977170 0.0
vt 0.991171 0.977182 0.0
vt 0.980353 0.990734 0.0
vt 0.991169 0.990747 0.0
vt 0.980354 0.773830 0.0
vt 0.980332 0.787402 0.0
vt 0.991175 0.787398 0.0
vt 0.991165 0.773849 0.0
vt 0.980340 0.800953 0.0
vt 0.991157 0.800968 0.0
vt 0.980344 0.814511 0.0
vt 0.991182 0.814506 0.0
vt 0.980335 0.828071 0.0
vt 0.991163 0.828076 0.0
vt 0.980340 0.841626 0.0
vt 0.991198 0.841609 0.0
vt 0.980341 0.855174 0.0
vt 0.991171 0.855178 0.0
vt 0.980355 0.868729 0.0
vt 0.991167 0.868740 0.0
vt 0.980349 0.882290 0.0
vt 0.991201 0.882282 0.0
vt 0.664924 0.942520 0.0
vt 0.693814 0.961835 0.0
vt 0.674507 0.932946 0.0
vt 0.659734 0.955058 0.0
vt 0.659737 0.968619 0.0
vt 0.664928 0.981138 0.0
vt 0.674518 0.990725 0.0
vt 0.687046 0.995908 0.0
vt 0.700605 0.995906 0.0
vt 0.713127 0.990720 0.0
vt 0.722712 0.981132 0.0
vt 0.727896 0.968602 0.0
vt 0.727896 0.955038 0.0
vt 0.722703 0.942525 0.0
vt 0.713113 0.932942 0.0
vt 0.700589 0.927754 0.0
vt 0.687034 0.927754 0.0
vt 0.730845 0.956544 0.0
vt 0.764919 0.963316 0.0
vt 0.736031 0.944028 0.0
vt 0.730850 0.970095 0.0
vt 0.736043 0.982628 0.0
vt 0.745629 0.992205 0.0
vt 0.758150 0.997390 0.0
vt 0.771704 0.997387 0.0
vt 0.784224 0.992199 0.0
vt 0.793806 0.982614 0.0
vt 0.798987 0.970082 0.0
vt 0.798987 0.956532 0.0
vt 0.793795 0.944006 0.0
vt 0.784209 0.934433 0.0
vt 0.771689 0.929255 0.0
vt 0.758134 0.929255 0.0
vt 0.745613 0.934443 0.0
vt 0.058874 0.837250 0.0
vt 0.059649 0.857026 0.0
vt 0.120890 0.853758 0.0
vt 0.120183 0.835655 0.0
vt 0.059287 0.777709 0.0
vt 0.121479 0.780207 0.0
vt 0.058659 0.797686 0.0
vt 0.120416 0.798422 0.0
vt 0.058534 0.817603 0.0
vt 0.119988 0.816985 0.0
vt 0.863050 0.983426 0.0
vt 0.859131 0.987798 0.0
vt 0.858590 0.968266 0.0
vt 0.862783 0.972332 0.0
vt 0.863665 0.977837 0.0
vt 0.128280 0.853139 0.0
vt 0.127944 0.835330 0.0
vt 0.128956 0.781165 0.0
vt 0.128187 0.798899 0.0
vt 0.128227 0.817098 0.0
vt 0.499559 0.856576 0.0
vt 0.502174 0.838205 0.0
vt 0.499079 0.781620 0.0
vt 0.502069 0.800113 0.0
vt 0.503097 0.819169 0.0
vt 0.515754 0.861230 0.0
vt 0.519467 0.840569 0.0
vt 0.515191 0.776868 0.0
vt 0.519681 0.797462 0.0
vt 0.521462 0.819135 0.0
vt 0.017395 0.716921 0.0
vt 0.017406 0.686656 0.0
vt 0.010831 0.686647 0.0
vt 0.010808 0.716928 0.0
vt 0.017806 0.595836 0.0
vt 0.011236 0.595779 0.0
vt 0.017620 0.626088 0.0
vt 0.011038 0.626049 0.0
vt 0.017495 0.656380 0.0
vt 0.010900 0.656355 0.0
vt 0.533908 0.867735 0.0
vt 0.539300 0.843525 0.0
vt 0.533701 0.770167 0.0
vt 0.539411 0.795143 0.0
vt 0.540825 0.819230 0.0
vt 0.116951 0.717075 0.0
vt 0.117036 0.686912 0.0
vt 0.117387 0.596380 0.0
vt 0.117254 0.626556 0.0
vt 0.117137 0.656735 0.0
vt 0.555330 0.938983 0.0
vt 0.005102 0.938983 0.0
vt 0.542819 0.598098 0.0
vt 0.542703 0.628274 0.0
vt 0.542587 0.658449 0.0
vt 0.542467 0.688622 0.0
vt 0.542346 0.718793 0.0
vt 0.026018 0.831680 0.0
vt 0.036493 0.842175 0.0
vt 0.030656 0.852244 0.0
vt 0.015967 0.837502 0.0
vt 0.036508 0.792559 0.0
vt 0.030677 0.782499 0.0
vt 0.026012 0.803042 0.0
vt 0.015930 0.797214 0.0
vt 0.022172 0.817368 0.0
vt 0.010538 0.817353 0.0
vt 0.862910 0.989088 0.0
vt 0.895577 0.990186 0.0
vt 0.895739 0.983833 0.0
vt 0.862463 0.966727 0.0
vt 0.895058 0.964467 0.0
vt 0.895472 0.970861 0.0
vt 0.895727 0.977478 0.0

f 1/1/1 2/2/2 3/3/3
f 3/3/3 4/4/4 1/1/1
f 5/5/5 6/6/6 7/7/7
f 7/7/7 8/8/8 5/5/5
f 9/9/9 10/10/10 11/11/11
f 11/11/11 12/12/12 9/9/9
f 13/13/13 14/14/14 15/15/15
f 15/15/15 16/16/16 13/13/13
f 17/17/17 18/18/18 19/19/19
f 19/19/19 20/20/20 17/17/17
f 21/21/21 22/22/22 23/23/23
f 23/23/23 24/24/24 21/21/21
f 25/25/25 26/26/26 27/27/27
f 27/27/27 28/28/28 25/25/25
f 29/29/29 30/30/30 31/31/31
f 31/31/31 32/32/32 29/29/29
f 33/33/33 34/34/34 35/35/35
f 35/35/35 36/36/36 33/33/33
f 37/37/37 38/38/38 39/39/39
f 39/39/39 40/40/40 37/37/37
f 41/41/41 42/42/42 43/43/43
f 43/43/43 44/44/44 41/41/41
f 45/45/45 46/46/46 47/47/47
f 47/47/47 48/48/48 45/45/45
f 42/42/42 49/49/49 50/50/50
f 50/50/50 43/43/43 42/42/42
f 51/51/51 52/52/52 48/48/48
f 48/48/48 47/47/47 51/51/51
f 53/53/53 39/39/39 38/38/38
f 38/38/38 54/54/54 53/53/53
f 55/55/55 56/56/56 26/26/26
f 26/26/26 25/25/25 55/55/55
f 57/57/57 58/58/58 30/30/30
f 30/30/30 29/29/29 57/57/57
f 59/59/59 60/60/60 33/33/33
f 33/33/33 36/36/36 59/59/59
f 61/61/61 62/62/62 63/63/63
f 63/63/63 64/64/64 61/61/61
f 24/24/24 23/23/23 56/56/56
f 56/56/56 55/55/55 24/24/24
f 19/19/19 18/18/18 58/58/58
f 58/58/58 57/57/57 19/19/19
f 63/63/63 62/62/62 60/60/60
f 60/60/60 59/59/59 63/63/63
f 28/28/28 27/27/27 65/65/65
f 65/65/65 66/66/66 28/28/28
f 35/35/35 34/34/34 67/67/67
f 67/67/67 68/68/68 35/35/35
f 32/32/32 31/31/31 69/69/69
f 69/69/69 70/70/70 32/32/32
f 66/66/66 65/65/65 37/37/37
f 37/37/37 40/40/40 66/66/66
f 70/70/70 69/69/69 41/41/41
f 41/41/41 44/44/44 70/70/70
f 68/68/68 67/67/67 46/46/46
f 46/46/46 45/45/45 68/68/68
f 71/71/71 72/72/72 73/73/73
f 73/73/73 74/74/74 71/71/71
f 75/75/75 76/76/76 77/77/77
f 77/77/77 78/78/78 75/75/75
f 79/79/79 80/80/80 81/81/81
f 81/81/81 82/82/82 79/79/79
f 83/83/83 84/84/84 85/85/85
f 85/85/85 86/86/86 83/83/83
f 84/84/84 87/87/87 88/88/88
f 88/88/88 85/85/85 84/84/84
f 89/89/89 90/90/90 91/91/91
f 91/91/91 92/92/92 89/89/89
f 93/93/93 94/94/94 95/95/95
f 95/95/95 96/96/96 93/93/93
f 97/97/97 98/98/98 99/99/99
f 99/99/99 100/100/100 97/97/97
f 77/77/77 76/76/76 101/101/101
f 101/101/101 102/102/102 77/77/77
f 76/76/76 103/103/103 104/104/104
f 104/104/104 101/101/101 76/76/76
f 105/105/105 103/103/103 106/106/106
f 107/107/107 108/108/108 109/109/109
f 109/109/109 110/110/110 107/107/107
f 111/111/111 112/112/112 113/113/113
f 113/113/113 114/114/114 111/111/111
f 114/114/114 115/115/115 116/116/116
f 116/116/116 111/111/111 114/114/114
f 117/117/117 116/116/116 115/115/115
f 115/115/115 118/118/118 117/117/117
f 119/119/119 120/120/120 121/121/121
f 121/121/121 122/122/122 119/119/119
f 123/123/123 75/75/75 78/78/78
f 78/78/78 124/124/124 123/123/123
f 15/15/15 125/125/125 126/126/126
f 126/126/126 89/89/89 15/15/15
f 90/90/90 89/89/89 126/126/126
f 126/126/126 127/127/127 90/90/90
f 62/62/62 61/61/61 128/128/128
f 128/128/128 129/129/129 62/62/62
f 62/62/62 129/129/129 130/130/130
f 130/130/130 60/60/60 62/62/62
f 60/60/60 130/130/130 131/131/131
f 131/131/131 33/33/33 60/60/60
f 34/34/34 33/33/33 131/131/131
f 131/131/131 132/132/132 34/34/34
f 34/34/34 132/132/132 133/133/133
f 133/133/133 67/67/67 34/34/34
f 67/67/67 133/133/133 134/134/134
f 134/134/134 46/46/46 67/67/67
f 46/46/46 134/134/134 135/135/135
f 135/135/135 47/47/47 46/46/46
f 136/136/136 51/51/51 47/47/47
f 47/47/47 135/135/135 136/136/136
f 4/4/4 3/3/3 137/137/137
f 137/137/137 138/138/138 4/4/4
f 43/43/43 50/50/50 139/139/139
f 139/139/139 140/140/140 43/43/43
f 44/44/44 43/43/43 140/140/140
f 140/140/140 141/141/141 44/44/44
f 142/142/142 70/70/70 44/44/44
f 44/44/44 141/141/141 142/142/142
f 143/143/143 32/32/32 70/70/70
f 70/70/70 142/142/142 143/143/143
f 144/144/144 29/29/29 32/32/32
f 32/32/32 143/143/143 144/144/144
f 145/145/145 57/57/57 29/29/29
f 29/29/29 144/144/144 145/145/145
f 146/146/146 19/19/19 57/57/57
f 57/57/57 145/145/145 146/146/146
f 20/20/20 19/19/19 146/146/146
f 146/146/146 147/147/147 20/20/20
f 100/100/100 99/99/99 148/148/148
f 148/148/148 149/149/149 100/100/100
f 8/8/8 7/7/7 150/150/150
f 150/150/150 151/151/151 8/8/8
f 80/80/80 79/79/79 152/152/152
f 152/152/152 153/153/153 80/80/80
f 107/107/107 154/154/154 155/155/155
f 155/155/155 108/108/108 107/107/107
f 120/120/120 119/119/119 156/156/156
f 157/157/157 158/158/158 159/159/159
f 159/159/159 160/160/160 157/157/157
f 161/161/161 162/162/162 163/163/163
f 163/163/163 164/164/164 161/161/161
f 161/161/161 164/164/164 165/165/165
f 165/165/165 166/166/166 161/161/161
f 104/104/104 103/103/103 105/105/105
f 105/105/105 167/167/167 104/104/104
f 168/168/168 169/169/169 170/170/170
f 170/170/170 171/171/171 168/168/168
f 172/172/172 173/173/173 174/174/174
f 174/174/174 175/175/175 172/172/172
f 173/173/173 172/172/172 176/176/176
f 176/176/176 177/177/177 173/173/173
f 177/177/177 176/176/176 178/178/178
f 178/178/178 179/179/179 177/177/177
f 180/180/180 181/181/181 182/182/182
f 182/182/182 183/183/183 180/180/180
f 112/112/112 184/184/184 185/185/185
f 185/185/185 113/113/113 112/112/112
f 186/186/186 77/77/77 102/102/102
f 102/102/102 187/187/187 186/186/186
f 77/77/77 186/186/186 188/188/188
f 78/78/78 77/77/77 188/188/188
f 188/188/188 189/189/189 78/78/78
f 78/78/78 189/189/189 190/190/190
f 190/190/190 124/124/124 78/78/78
f 80/80/80 191/191/191 192/192/192
f 192/192/192 81/81/81 80/80/80
f 166/166/166 193/193/193 194/194/194
f 194/194/194 161/161/161 166/166/166
f 106/106/106 195/195/195 196/196/196
f 196/196/196 105/105/105 106/106/106
f 153/153/153 197/197/197 191/191/191
f 191/191/191 80/80/80 153/153/153
f 161/161/161 194/194/194 198/198/198
f 198/198/198 162/162/162 161/161/161
f 193/193/193 109/109/109 108/108/108
f 108/108/108 194/194/194 193/193/193
f 194/194/194 108/108/108 155/155/155
f 155/155/155 198/198/198 194/194/194
f 197/197/197 199/199/199 200/200/200
f 200/200/200 191/191/191 197/197/197
f 191/191/191 200/200/200 201/201/201
f 201/201/201 192/192/192 191/191/191
f 195/195/195 202/202/202 203/203/203
f 203/203/203 196/196/196 195/195/195
f 204/204/204 205/205/205 169/169/169
f 169/169/169 168/168/168 204/204/204
f 206/206/206 207/207/207 184/184/184
f 184/184/184 112/112/112 206/206/206
f 208/208/208 206/206/206 112/112/112
f 112/112/112 111/111/111 208/208/208
f 209/209/209 210/210/210 211/211/211
f 211/211/211 212/212/212 209/209/209
f 213/213/213 211/211/211 210/210/210
f 210/210/210 214/214/214 213/213/213
f 215/215/215 216/216/216 217/217/217
f 217/217/217 218/218/218 215/215/215
f 61/61/61 90/90/90 127/127/127
f 127/127/127 128/128/128 61/61/61
f 90/90/90 61/61/61 64/64/64
f 64/64/64 91/91/91 90/90/90
f 94/94/94 22/22/22 21/21/21
f 21/21/21 95/95/95 94/94/94
f 98/98/98 17/17/17 20/20/20
f 20/20/20 99/99/99 98/98/98
f 99/99/99 20/20/20 147/147/147
f 147/147/147 148/148/148 99/99/99
f 6/6/6 97/97/97 100/100/100
f 100/100/100 7/7/7 6/6/6
f 219/219/219 93/93/93 96/96/96
f 96/96/96 220/220/220 219/219/219
f 16/16/16 15/15/15 89/89/89
f 89/89/89 92/92/92 16/16/16
f 125/125/125 15/15/15 14/14/14
f 14/14/14 221/221/221 125/125/125
f 7/7/7 100/100/100 149/149/149
f 149/149/149 150/150/150 7/7/7
f 222/222/222 223/223/223 224/224/224
f 224/224/224 225/225/225 222/222/222
f 226/226/226 227/227/227 228/228/228
f 228/228/228 229/229/229 226/226/226
f 230/230/230 231/231/231 232/232/232
f 232/232/232 233/233/233 230/230/230
f 234/234/234 235/235/235 236/236/236
f 236/236/236 237/237/237 234/234/234
f 238/238/238 239/239/239 240/240/240
f 240/240/240 241/241/241 238/238/238
f 242/242/242 243/243/243 244/244/244
f 244/244/244 245/245/245 242/242/242
f 245/245/245 244/244/244 246/246/246
f 246/246/246 247/247/247 245/245/245
f 239/239/239 248/248/248 249/249/249
f 249/249/249 240/240/240 239/239/239
f 250/250/250 251/251/251 252/252/252
f 252/252/252 253/253/253 250/250/250
f 233/233/233 232/232/232 254/254/254
f 254/254/254 255/255/255 233/233/233
f 256/256/256 257/257/257 235/235/235
f 235/235/235 234/234/234 256/256/256
f 255/255/255 254/254/254 223/223/223
f 223/223/223 222/222/222 255/255/255
f 256/256/256 226/226/226 229/229/229
f 229/229/229 257/257/257 256/256/256
f 258/258/258 259/259/259 231/231/231
f 231/231/231 230/230/230 258/258/258
f 237/237/237 236/236/236 260/260/260
f 260/260/260 261/261/261 237/237/237
f 258/258/258 238/238/238 241/241/241
f 241/241/241 259/259/259 258/258/258
f 261/261/261 260/260/260 243/243/243
f 243/243/243 242/242/242 261/261/261
f 262/262/262 263/263/263 264/264/264
f 264/264/264 265/265/265 262/262/262
f 266/266/266 267/267/267 268/268/268
f 268/268/268 269/269/269 266/266/266
f 225/225/225 224/224/224 263/263/263
f 263/263/263 262/262/262 225/225/225
f 227/227/227 266/266/266 269/269/269
f 269/269/269 228/228/228 227/227/227
f 10/10/10 270/270/270 271/271/271
f 271/271/271 11/11/11 10/10/10
f 265/265/265 264/264/264 272/272/272
f 272/272/272 273/273/273 265/265/265
f 267/267/267 274/274/274 275/275/275
f 275/275/275 268/268/268 267/267/267
f 276/276/276 23/23/23 22/22/22
f 22/22/22 277/277/277 276/276/276
f 278/278/278 279/279/279 21/21/21
f 21/21/21 24/24/24 278/278/278
f 280/280/280 27/27/27 26/26/26
f 26/26/26 281/281/281 280/280/280
f 282/282/282 283/283/283 25/25/25
f 25/25/25 28/28/28 282/282/282
f 284/284/284 285/285/285 38/38/38
f 38/38/38 37/37/37 284/284/284
f 286/286/286 40/40/40 39/39/39
f 39/39/39 287/287/287 286/286/286
f 287/287/287 39/39/39 53/53/53
f 53/53/53 288/288/288 287/287/287
f 285/285/285 289/289/289 54/54/54
f 54/54/54 38/38/38 285/285/285
f 290/290/290 291/291/291 53/53/53
f 53/53/53 54/54/54 290/290/290
f 281/281/281 26/26/26 56/56/56
f 56/56/56 292/292/292 281/281/281
f 283/283/283 293/293/293 55/55/55
f 55/55/55 25/25/25 283/283/283
f 292/292/292 56/56/56 23/23/23
f 23/23/23 276/276/276 292/292/292
f 293/293/293 278/278/278 24/24/24
f 24/24/24 55/55/55 293/293/293
f 294/294/294 65/65/65 27/27/27
f 27/27/27 280/280/280 294/294/294
f 282/282/282 28/28/28 66/66/66
f 66/66/66 295/295/295 282/282/282
f 294/294/294 284/284/284 37/37/37
f 37/37/37 65/65/65 294/294/294
f 295/295/295 66/66/66 40/40/40
f 40/40/40 286/286/286 295/295/295
f 296/296/296 94/94/94 93/93/93
f 93/93/93 297/297/297 296/296/296
f 298/298/298 299/299/299 96/96/96
f 96/96/96 95/95/95 298/298/298
f 277/277/277 22/22/22 94/94/94
f 94/94/94 296/296/296 277/277/277
f 279/279/279 298/298/298 95/95/95
f 95/95/95 21/21/21 279/279/279
f 300/300/300 219/219/219 220/220/220
f 220/220/220 301/301/301 300/300/300
f 297/297/297 93/93/93 219/219/219
f 219/219/219 302/302/302 297/297/297
f 299/299/299 303/303/303 220/220/220
f 220/220/220 96/96/96 299/299/299
f 87/87/87 211/211/211 213/213/213
f 213/213/213 88/88/88 87/87/87
f 215/215/215 218/218/218 304/304/304
f 304/304/304 305/305/305 215/215/215
f 208/208/208 306/306/306 307/307/307
f 307/307/307 206/206/206 208/208/208
f 206/206/206 307/307/307 308/308/308
f 308/308/308 207/207/207 206/206/206
f 309/309/309 310/310/310 311/311/311
f 311/311/311 312/312/312 309/309/309
f 313/313/313 314/314/314 310/310/310
f 310/310/310 309/309/309 313/313/313
f 315/315/315 316/316/316 317/317/317
f 317/317/317 318/318/318 315/315/315
f 181/181/181 319/319/319 320/320/320
f 320/320/320 182/182/182 181/181/181
f 319/319/319 321/321/321 322/322/322
f 322/322/322 320/320/320 319/319/319
f 323/323/323 324/324/324 325/325/325
f 325/325/325 326/326/326 323/323/323
f 327/327/327 328/328/328 322/322/322
f 322/322/322 321/321/321 327/327/327
f 329/329/329 330/330/330 331/331/331
f 331/331/331 332/332/332 329/329/329
f 333/333/333 334/334/334 324/324/324
f 324/324/324 323/323/323 333/333/333
f 318/318/318 317/317/317 314/314/314
f 314/314/314 313/313/313 318/318/318
f 312/312/312 311/311/311 335/335/335
f 335/335/335 336/336/336 312/312/312
f 336/336/336 335/335/335 337/337/337
f 337/337/337 338/338/338 336/336/336
f 339/339/339 340/340/340 330/330/330
f 330/330/330 329/329/329 339/339/339
f 338/338/338 337/337/337 340/340/340
f 340/340/340 339/339/339 338/338/338
f 71/71/71 305/305/305 304/304/304
f 304/304/304 72/72/72 71/71/71
f 315/315/315 341/341/341 342/342/342
f 342/342/342 316/316/316 315/315/315
f 86/86/86 343/343/343 344/344/344
f 344/344/344 83/83/83 86/86/86
f 73/73/73 345/345/345 346/346/346
f 346/346/346 74/74/74 73/73/73
f 341/341/341 157/157/157 160/160/160
f 160/160/160 342/342/342 341/341/341
f 345/345/345 159/159/159 158/158/158
f 158/158/158 346/346/346 345/345/345
f 344/344/344 343/343/343 347/347/347
f 347/347/347 348/348/348 344/344/344
f 349/349/349 171/171/171 170/170/170
f 170/170/170 350/350/350 349/349/349
f 351/351/351 326/326/326 325/325/325
f 325/325/325 352/352/352 351/351/351
f 353/353/353 354/354/354 156/156/156
f 156/156/156 119/119/119 353/353/353
f 353/353/353 119/119/119 122/122/122
f 122/122/122 355/355/355 353/353/353
f 118/118/118 115/115/115 356/356/356
f 356/356/356 357/357/357 118/118/118
f 358/358/358 356/356/356 115/115/115
f 115/115/115 114/114/114 358/358/358
f 359/359/359 358/358/358 114/114/114
f 114/114/114 113/113/113 359/359/359
f 360/360/360 359/359/359 113/113/113
f 113/113/113 185/185/185 360/360/360
f 175/175/175 174/174/174 349/349/349
f 349/349/349 350/350/350 175/175/175
f 327/327/327 351/351/351 352/352/352
f 352/352/352 328/328/328 327/327/327
f 164/164/164 163/163/163 354/354/354
f 354/354/354 353/353/353 164/164/164
f 164/164/164 353/353/353 355/355/355
f 355/355/355 165/165/165 164/164/164
f 356/356/356 104/104/104 167/167/167
f 167/167/167 357/357/357 356/356/356
f 101/101/101 104/104/104 356/356/356
f 356/356/356 358/358/358 101/101/101
f 102/102/102 101/101/101 358/358/358
f 358/358/358 359/359/359 102/102/102
f 187/187/187 102/102/102 359/359/359
f 359/359/359 360/360/360 187/187/187
f 361/361/361 362/362/362 363/363/363
f 363/363/363 364/364/364 361/361/361
f 365/365/365 366/366/366 362/362/362
f 362/362/362 361/361/361 365/365/365
f 367/367/367 368/368/368 369/369/369
f 369/369/369 370/370/370 367/367/367
f 367/367/367 370/370/370 371/371/371
f 371/371/371 372/372/372 367/367/367
f 373/373/373 374/374/374 368/368/368
f 368/368/368 367/367/367 373/373/373
f 373/373/373 367/367/367 372/372/372
f 372/372/372 375/375/375 373/373/373
f 366/366/366 376/376/376 377/377/377
f 377/377/377 362/362/362 366/366/366
f 362/362/362 377/377/377 378/378/378
f 378/378/378 363/363/363 362/362/362
f 377/377/377 373/373/373 375/375/375
f 375/375/375 378/378/378 377/377/377
f 377/377/377 376/376/376 374/374/374
f 374/374/374 373/373/373 377/377/377
f 361/361/361 379/379/379 380/380/380
f 380/380/380 365/365/365 361/361/361
f 381/381/381 382/382/382 383/383/383
f 383/383/383 384/384/384 381/381/381
f 381/381/381 385/385/385 386/386/386
f 386/386/386 382/382/382 381/381/381
f 387/387/387 388/388/388 389/389/389
f 389/389/389 390/390/390 387/387/387
f 391/391/391 392/392/392 393/393/393
f 393/393/393 394/394/394 391/391/391
f 395/395/395 396/396/396 393/393/393
f 393/393/393 392/392/392 395/395/395
f 397/397/397 398/398/398 399/399/399
f 399/399/399 400/400/400 397/397/397
f 401/401/401 402/402/402 403/403/403
f 403/403/403 404/404/404 401/401/401
f 403/403/403 402/402/402 405/405/405
f 405/405/405 406/406/406 403/403/403
f 407/407/407 408/408/408 409/409/409
f 409/409/409 410/410/410 407/407/407
f 408/408/408 411/411/411 412/412/412
f 412/412/412 409/409/409 408/408/408
f 397/397/397 413/413/413 414/414/414
f 414/414/414 398/398/398 397/397/397
f 388/388/388 415/415/415 416/416/416
f 416/416/416 389/389/389 388/388/388
f 405/405/405 417/417/417 418/418/418
f 418/418/418 406/406/406 405/405/405
f 395/395/395 419/419/419 420/420/420
f 420/420/420 396/396/396 395/395/395
f 385/385/385 421/421/421 422/422/422
f 422/422/422 386/386/386 385/385/385
f 411/411/411 423/423/423 424/424/424
f 424/424/424 412/412/412 411/411/411
f 413/413/413 425/425/425 426/426/426
f 426/426/426 414/414/414 413/413/413
f 415/415/415 427/427/427 428/428/428
f 428/428/428 416/416/416 415/415/415
f 417/417/417 407/407/407 410/410/410
f 410/410/410 418/418/418 417/417/417
f 419/419/419 400/400/400 399/399/399
f 399/399/399 420/420/420 419/419/419
f 421/421/421 387/387/387 390/390/390
f 390/390/390 422/422/422 421/421/421
f 429/429/429 430/430/430 431/431/431
f 431/431/431 432/432/432 429/429/429
f 433/433/433 434/434/434 435/435/435
f 435/435/435 436/436/436 433/433/433
f 437/437/437 438/438/438 439/439/439
f 439/439/439 440/440/440 437/437/437
f 432/432/432 431/431/431 441/441/441
f 441/441/441 442/442/442 432/432/432
f 443/443/443 433/433/433 436/436/436
f 436/436/436 444/444/444 443/443/443
f 445/445/445 446/446/446 438/438/438
f 438/438/438 437/437/437 445/445/445
f 384/384/384 383/383/383 430/430/430
f 430/430/430 429/429/429 384/384/384
f 434/434/434 391/391/391 394/394/394
f 394/394/394 435/435/435 434/434/434
f 439/439/439 401/401/401 404/404/404
f 404/404/404 440/440/440 439/439/439
f 442/442/442 441/441/441 447/447/447
f 447/447/447 448/448/448 442/442/442
f 449/449/449 443/443/443 444/444/444
f 444/444/444 450/450/450 449/449/449
f 451/451/451 452/452/452 446/446/446
f 446/446/446 445/445/445 451/451/451
f 453/453/453 454/454/454 455/455/455
f 455/455/455 456/456/456 453/453/453
f 457/457/457 458/458/458 459/459/459
f 459/459/459 460/460/460 457/457/457
f 461/461/461 462/462/462 463/463/463
f 463/463/463 464/464/464 461/461/461
f 465/465/465 466/466/466 458/458/458
f 458/458/458 467/467/467 465/465/465
f 453/453/453 457/457/457 460/460/460
f 460/460/460 454/454/454 453/453/453
f 468/468/468 469/469/469 465/465/465
f 465/465/465 467/467/467 468/468/468
f 466/466/466 470/470/470 461/461/461
f 461/461/461 458/458/458 466/466/466
f 458/458/458 461/461/461 464/464/464
f 464/464/464 459/459/459 458/458/458
f 471/471/471 472/472/472 473/473/473
f 473/473/473 474/474/474 471/471/471
f 475/475/475 471/471/471 476/476/476
f 476/476/476 477/477/477 475/475/475
f 478/478/478 472/472/472 471/471/471
f 471/471/471 475/475/475 478/478/478
f 479/479/479 480/480/480 481/481/481
f 481/481/481 482/482/482 479/479/479
f 479/479/479 482/482/482 483/483/483
f 483/483/483 484/484/484 479/479/479
f 485/485/485 486/486/486 487/487/487
f 487/487/487 488/488/488 485/485/485
f 488/488/488 487/487/487 489/489/489
f 489/489/489 490/490/490 488/488/488
f 486/486/486 491/491/491 492/492/492
f 492/492/492 487/487/487 486/486/486
f 487/487/487 492/492/492 493/493/493
f 493/493/493 489/489/489 487/487/487
f 472/472/472 479/479/479 484/484/484
f 484/484/484 473/473/473 472/472/472
f 472/472/472 478/478/478 480/480/480
f 480/480/480 479/479/479 472/472/472
f 482/482/482 494/494/494 495/495/495
f 495/495/495 483/483/483 482/482/482
f 481/481/481 496/496/496 494/494/494
f 494/494/494 482/482/482 481/481/481
f 494/494/494 488/488/488 490/490/490
f 490/490/490 495/495/495 494/494/494
f 496/496/496 485/485/485 488/488/488
f 488/488/488 494/494/494 496/496/496
f 497/497/497 498/498/498 499/499/499
f 499/499/499 500/500/500 497/497/497
f 501/501/501 502/502/502 503/503/503
f 503/503/503 504/504/504 501/501/501
f 497/497/497 505/505/505 506/506/506
f 506/506/506 498/498/498 497/497/497
f 499/499/499 507/507/507 508/508/508
f 508/508/508 500/500/500 499/499/499
f 509/509/509 503/503/503 502/502/502
f 502/502/502 510/510/510 509/509/509
f 507/507/507 509/509/509 510/510/510
f 510/510/510 508/508/508 507/507/507
f 511/511/511 512/512/512 513/513/513
f 513/513/513 514/514/514 511/511/511
f 515/515/515 516/516/516 517/517/517
f 517/517/517 518/518/518 515/515/515
f 518/518/518 517/517/517 519/519/519
f 519/519/519 520/520/520 518/518/518
f 521/521/521 522/522/522 523/523/523
f 523/523/523 524/524/524 521/521/521
f 515/515/515 525/525/525 526/526/526
f 526/526/526 516/516/516 515/515/515
f 527/527/527 526/526/526 525/525/525
f 525/525/525 512/512/512 527/527/527
f 528/528/528 527/527/527 512/512/512
f 512/512/512 511/511/511 528/528/528
f 529/529/529 521/521/521 524/524/524
f 524/524/524 530/530/530 529/529/529
f 531/531/531 523/523/523 522/522/522
f 522/522/522 532/532/532 531/531/531
f 531/531/531 533/533/533 534/534/534
f 534/534/534 523/523/523 531/531/531
f 530/530/530 501/501/501 504/504/504
f 504/504/504 529/529/529 530/530/530
f 535/535/535 536/536/536 537/537/537
f 537/537/537 538/538/538 535/535/535
f 539/539/539 540/540/540 536/536/536
f 536/536/536 535/535/535 539/539/539
f 541/541/541 542/542/542 540/540/540
f 540/540/540 539/539/539 541/541/541
f 543/543/543 544/544/544 542/542/542
f 542/542/542 541/541/541 543/543/543
f 545/545/545 546/546/546 544/544/544
f 544/544/544 543/543/543 545/545/545
f 547/547/547 548/548/548 546/546/546
f 546/546/546 545/545/545 547/547/547
f 549/549/549 550/550/550 548/548/548
f 548/548/548 547/547/547 549/549/549
f 551/551/551 552/552/552 553/553/553
f 553/553/553 554/554/554 551/551/551
f 555/555/555 556/556/556 552/552/552
f 552/552/552 551/551/551 555/555/555
f 557/557/557 558/558/558 556/556/556
f 556/556/556 555/555/555 557/557/557
f 559/559/559 560/560/560 558/558/558
f 558/558/558 557/557/557 559/559/559
f 561/561/561 562/562/562 560/560/560
f 560/560/560 559/559/559 561/561/561
f 563/563/563 564/564/564 562/562/562
f 562/562/562 561/561/561 563/563/563
f 565/565/565 566/566/566 564/564/564
f 564/564/564 563/563/563 565/565/565
f 567/567/567 568/568/568 566/566/566
f 566/566/566 565/565/565 567/567/567
f 538/538/538 537/537/537 568/568/568
f 568/568/568 567/567/567 538/538/538
f 569/569/569 570/570/570 571/571/571
f 572/572/572 569/569/569 571/571/571
f 573/573/573 572/572/572 571/571/571
f 574/574/574 573/573/573 571/571/571
f 575/575/575 574/574/574 571/571/571
f 576/576/576 575/575/575 571/571/571
f 577/577/577 576/576/576 571/571/571
f 578/578/578 577/577/577 571/571/571
f 579/579/579 578/578/578 571/571/571
f 580/580/580 579/579/579 571/571/571
f 581/581/581 580/580/580 571/571/571
f 582/582/582 581/581/581 571/571/571
f 583/583/583 582/582/582 571/571/571
f 584/584/584 583/583/583 571/571/571
f 585/585/585 584/584/584 571/571/571
f 570/570/570 585/585/585 571/571/571
f 566/566/566 586/586/586 587/587/587
f 587/587/587 564/564/564 566/566/566
f 564/564/564 587/587/587 588/588/588
f 588/588/588 562/562/562 564/564/564
f 562/562/562 588/588/588 589/589/589
f 589/589/589 560/560/560 562/562/562
f 560/560/560 589/589/589 590/590/590
f 590/590/590 558/558/558 560/560/560
f 558/558/558 590/590/590 591/591/591
f 591/591/591 556/556/556 558/558/558
f 556/556/556 591/591/591 592/592/592
f 592/592/592 552/552/552 556/556/556
f 552/552/552 592/592/592 593/593/593
f 593/593/593 553/553/553 552/552/552
f 550/550/550 594/594/594 595/595/595
f 595/595/595 548/548/548 550/550/550
f 548/548/548 595/595/595 596/596/596
f 596/596/596 546/546/546 548/548/548
f 546/546/546 596/596/596 597/597/597
f 597/597/597 544/544/544 546/546/546
f 544/544/544 597/597/597 598/598/598
f 598/598/598 542/542/542 544/544/544
f 542/542/542 598/598/598 599/599/599
f 599/599/599 540/540/540 542/542/542
f 540/540/540 599/599/599 600/600/600
f 600/600/600 536/536/536 540/540/540
f 536/536/536 600/600/600 601/601/601
f 601/601/601 537/537/537 536/536/536
f 537/537/537 601/601/601 602/602/602
f 602/602/602 568/568/568 537/537/537
f 568/568/568 602/602/602 586/586/586
f 586/586/586 566/566/566 568/568/568
f 586/586/586 603/603/603 604/604/604
f 604/604/604 587/587/587 586/586/586
f 587/587/587 604/604/604 605/605/605
f 605/605/605 588/588/588 587/587/587
f 588/588/588 605/605/605 606/606/606
f 606/606/606 589/589/589 588/588/588
f 589/589/589 606/606/606 607/607/607
f 607/607/607 590/590/590 589/589/589
f 590/590/590 607/607/607 608/608/608
f 608/608/608 591/591/591 590/590/590
f 591/591/591 608/608/608 609/609/609
f 609/609/609 592/592/592 591/591/591
f 592/592/592 609/609/609 610/610/610
f 610/610/610 593/593/593 592/592/592
f 594/594/594 611/611/611 612/612/612
f 612/612/612 595/595/595 594/594/594
f 595/595/595 612/612/612 613/613/613
f 613/613/613 596/596/596 595/595/595
f 596/596/596 613/613/613 614/614/614
f 614/614/614 597/597/597 596/596/596
f 597/597/597 614/614/614 615/615/615
f 615/615/615 598/598/598 597/597/597
f 598/598/598 615/615/615 616/616/616
f 616/616/616 599/599/599 598/598/598
f 599/599/599 616/616/616 617/617/617
f 617/617/617 600/600/600 599/599/599
f 600/600/600 617/617/617 618/618/618
f 618/618/618 601/601/601 600/600/600
f 601/601/601 618/618/618 619/619/619
f 619/619/619 602/602/602 601/601/601
f 602/602/602 619/619/619 603/603/603
f 603/603/603 586/586/586 602/602/602
f 620/620/620 621/621/621 622/622/622
f 622/622/622 623/623/623 620/620/620
f 623/623/623 622/622/622 624/624/624
f 624/624/624 625/625/625 623/623/623
f 625/625/625 624/624/624 626/626/626
f 626/626/626 627/627/627 625/625/625
f 627/627/627 626/626/626 628/628/628
f 628/628/628 629/629/629 627/627/627
f 629/629/629 628/628/628 630/630/630
f 630/630/630 631/631/631 629/629/629
f 631/631/631 630/630/630 632/632/632
f 632/632/632 633/633/633 631/631/631
f 633/633/633 632/632/632 634/634/634
f 634/634/634 635/635/635 633/633/633
f 635/635/635 634/634/634 636/636/636
f 636/636/636 637/637/637 635/635/635
f 637/637/637 636/636/636 638/638/638
f 638/638/638 639/639/639 637/637/637
f 639/639/639 638/638/638 640/640/640
f 640/640/640 641/641/641 639/639/639
f 641/641/641 640/640/640 642/642/642
f 642/642/642 643/643/643 641/641/641
f 643/643/643 642/642/642 644/644/644
f 644/644/644 645/645/645 643/643/643
f 645/645/645 644/644/644 646/646/646
f 646/646/646 647/647/647 645/645/645
f 647/647/647 646/646/646 648/648/648
f 648/648/648 649/649/649 647/647/647
f 649/649/649 648/648/648 650/650/650
f 650/650/650 651/651/651 649/649/649
f 651/651/651 650/650/650 621/621/621
f 621/621/621 620/620/620 651/651/651
f 652/652/652 653/653/653 654/654/654
f 654/654/654 655/655/655 652/652/652
f 655/655/655 654/654/654 656/656/656
f 656/656/656 657/657/657 655/655/655
f 657/657/657 656/656/656 658/658/658
f 658/658/658 659/659/659 657/657/657
f 659/659/659 658/658/658 660/660/660
f 660/660/660 661/661/661 659/659/659
f 661/661/661 660/660/660 662/662/662
f 662/662/662 663/663/663 661/661/661
f 663/663/663 662/662/662 576/576/576
f 576/576/576 664/664/664 663/663/663
f 664/664/664 576/576/576 577/577/577
f 577/577/577 665/665/665 664/664/664
f 665/665/665 577/577/577 578/578/578
f 578/578/578 666/666/666 665/665/665
f 666/666/666 578/578/578 667/667/667
f 667/667/667 668/668/668 666/666/666
f 668/668/668 667/667/667 669/669/669
f 669/669/669 670/670/670 668/668/668
f 670/670/670 669/669/669 671/671/671
f 671/671/671 672/672/672 670/670/670
f 672/672/672 671/671/671 673/673/673
f 673/673/673 674/674/674 672/672/672
f 674/674/674 673/673/673 675/675/675
f 675/675/675 676/676/676 674/674/674
f 676/676/676 675/675/675 677/677/677
f 677/677/677 678/678/678 676/676/676
f 678/678/678 677/677/677 679/679/679
f 679/679/679 680/680/680 678/678/678
f 681/681/681 682/682/682 653/653/653
f 653/653/653 652/652/652 681/681/681
f 648/648/648 646/646/646 683/683/683
f 683/683/683 684/684/684 648/648/648
f 650/650/650 648/648/648 684/684/684
f 684/684/684 685/685/685 650/650/650
f 621/621/621 650/650/650 685/685/685
f 685/685/685 686/686/686 621/621/621
f 622/622/622 621/621/621 686/686/686
f 686/686/686 687/687/687 622/622/622
f 624/624/624 622/622/622 687/687/687
f 687/687/687 688/688/688 624/624/624
f 626/626/626 624/624/624 688/688/688
f 688/688/688 689/689/689 626/626/626
f 628/628/628 626/626/626 689/689/689
f 689/689/689 690/690/690 628/628/628
f 630/630/630 628/628/628 690/690/690
f 690/690/690 691/691/691 630/630/630
f 632/632/632 630/630/630 691/691/691
f 691/691/691 692/692/692 632/632/632
f 634/634/634 632/632/632 692/692/692
f 692/692/692 693/693/693 634/634/634
f 636/636/636 634/634/634 693/693/693
f 693/693/693 694/694/694 636/636/636
f 638/638/638 636/636/636 694/694/694
f 694/694/694 695/695/695 638/638/638
f 640/640/640 638/638/638 695/695/695
f 695/695/695 696/696/696 640/640/640
f 642/642/642 640/640/640 696/696/696
f 696/696/696 697/697/697 642/642/642
f 644/644/644 642/642/642 697/697/697
f 697/697/697 698/698/698 644/644/644
f 646/646/646 644/644/644 698/698/698
f 698/698/698 683/683/683 646/646/646
f 699/699/699 700/700/700 701/701/701
f 701/701/701 702/702/702 699/699/699
f 703/703/703 704/704/704 700/700/700
f 700/700/700 699/699/699 703/703/703
f 705/705/705 706/706/706 704/704/704
f 704/704/704 703/703/703 705/705/705
f 707/707/707 708/708/708 706/706/706
f 706/706/706 705/705/705 707/707/707
f 709/709/709 710/710/710 708/708/708
f 708/708/708 707/707/707 709/709/709
f 711/711/711 712/712/712 710/710/710
f 710/710/710 709/709/709 711/711/711
f 713/713/713 714/714/714 712/712/712
f 712/712/712 711/711/711 713/713/713
f 715/715/715 716/716/716 717/717/717
f 717/717/717 718/718/718 715/715/715
f 719/719/719 720/720/720 716/716/716
f 716/716/716 715/715/715 719/719/719
f 721/721/721 722/722/722 720/720/720
f 720/720/720 719/719/719 721/721/721
f 723/723/723 724/724/724 722/722/722
f 722/722/722 721/721/721 723/723/723
f 725/725/725 726/726/726 724/724/724
f 724/724/724 723/723/723 725/725/725
f 727/727/727 728/728/728 726/726/726
f 726/726/726 725/725/725 727/727/727
f 729/729/729 730/730/730 728/728/728
f 728/728/728 727/727/727 729/729/729
f 731/731/731 732/732/732 730/730/730
f 730/730/730 729/729/729 731/731/731
f 702/702/702 701/701/701 732/732/732
f 732/732/732 731/731/731 702/702/702
f 733/733/733 734/734/734 735/735/735
f 736/736/736 733/733/733 735/735/735
f 737/737/737 736/736/736 735/735/735
f 738/738/738 737/737/737 735/735/735
f 739/739/739 738/738/738 735/735/735
f 740/740/740 739/739/739 735/735/735
f 741/741/741 740/740/740 735/735/735
f 742/742/742 741/741/741 735/735/735
f 743/743/743 742/742/742 735/735/735
f 744/744/744 743/743/743 735/735/735
f 745/745/745 744/744/744 735/735/735
f 746/746/746 745/745/745 735/735/735
f 747/747/747 746/746/746 735/735/735
f 748/748/748 747/747/747 735/735/735
f 749/749/749 748/748/748 735/735/735
f 734/734/734 749/749/749 735/735/735
f 750/750/750 751/751/751 752/752/752
f 753/753/753 750/750/750 752/752/752
f 754/754/754 753/753/753 752/752/752
f 755/755/755 754/754/754 752/752/752
f 756/756/756 755/755/755 752/752/752
f 757/757/757 756/756/756 752/752/752
f 758/758/758 757/757/757 752/752/752
f 759/759/759 758/758/758 752/752/752
f 760/760/760 759/759/759 752/752/752
f 761/761/761 760/760/760 752/752/752
f 762/762/762 761/761/761 752/752/752
f 763/763/763 762/762/762 752/752/752
f 752/752/752 764/764/764 763/763/763
f 765/765/765 764/764/764 752/752/752
f 766/766/766 765/765/765 752/752/752
f 751/751/751 766/766/766 752/752/752
f 767/767/767 768/768/768 769/769/769
f 769/769/769 770/770/770 767/767/767
f 771/771/771 772/772/772 768/768/768
f 768/768/768 767/767/767 771/771/771
f 773/773/773 774/774/774 775/775/775
f 775/775/775 776/776/776 773/773/773
f 777/777/777 778/778/778 774/774/774
f 774/774/774 773/773/773 777/777/777
f 779/779/779 780/780/780 778/778/778
f 778/778/778 777/777/777 779/779/779
f 770/770/770 769/769/769 780/780/780
f 780/780/780 779/779/779 770/770/770
f 781/781/781 782/782/782 783/783/783
f 782/782/782 784/784/784 783/783/783
f 785/785/785 786/786/786 783/783/783
f 786/786/786 787/787/787 783/783/783
f 787/787/787 788/788/788 783/783/783
f 788/788/788 781/781/781 783/783/783
f 770/770/770 789/789/789 790/790/790
f 790/790/790 767/767/767 770/770/770
f 767/767/767 790/790/790 791/791/791
f 791/791/791 771/771/771 767/767/767
f 776/776/776 792/792/792 793/793/793
f 793/793/793 773/773/773 776/776/776
f 773/773/773 793/793/793 794/794/794
f 794/794/794 777/777/777 773/773/773
f 777/777/777 794/794/794 795/795/795
f 795/795/795 779/779/779 777/777/777
f 779/779/779 795/795/795 789/789/789
f 789/789/789 770/770/770 779/779/779
f 789/789/789 796/796/796 797/797/797
f 797/797/797 790/790/790 789/789/789
f 790/790/790 797/797/797 798/798/798
f 798/798/798 791/791/791 790/790/790
f 792/792/792 799/799/799 800/800/800
f 800/800/800 793/793/793 792/792/792
f 793/793/793 800/800/800 801/801/801
f 801/801/801 794/794/794 793/793/793
f 794/794/794 801/801/801 802/802/802
f 802/802/802 795/795/795 794/794/794
f 795/795/795 802/802/802 796/796/796
f 796/796/796 789/789/789 795/795/795
f 796/796/796 803/803/803 804/804/804
f 804/804/804 797/797/797 796/796/796
f 797/797/797 804/804/804 805/805/805
f 805/805/805 798/798/798 797/797/797
f 799/799/799 806/806/806 807/807/807
f 807/807/807 800/800/800 799/799/799
f 800/800/800 807/807/807 808/808/808
f 808/808/808 801/801/801 800/800/800
f 801/801/801 808/808/808 809/809/809
f 809/809/809 802/802/802 801/801/801
f 802/802/802 809/809/809 803/803/803
f 803/803/803 796/796/796 802/802/802
f 810/810/810 811/811/811 812/812/812
f 812/812/812 813/813/813 810/810/810
f 813/813/813 812/812/812 814/814/814
f 814/814/814 815/815/815 813/813/813
f 816/816/816 817/817/817 818/818/818
f 818/818/818 819/819/819 816/816/816
f 819/819/819 818/818/818 820/820/820
f 820/820/820 821/821/821 819/819/819
f 821/821/821 820/820/820 822/822/822
f 822/822/822 823/823/823 821/821/821
f 823/823/823 822/822/822 811/811/811
f 811/811/811 810/810/810 823/823/823
f 803/803/803 824/824/824 825/825/825
f 825/825/825 804/804/804 803/803/803
f 804/804/804 825/825/825 826/826/826
f 826/826/826 805/805/805 804/804/804
f 806/806/806 827/827/827 828/828/828
f 828/828/828 807/807/807 806/806/806
f 807/807/807 828/828/828 829/829/829
f 829/829/829 808/808/808 807/807/807
f 808/808/808 829/829/829 830/830/830
f 830/830/830 809/809/809 808/808/808
f 809/809/809 830/830/830 824/824/824
f 824/824/824 803/803/803 809/809/809
f 811/811/811 831/831/831 832/832/832
f 832/832/832 812/812/812 811/811/811
f 812/812/812 832/832/832 833/833/833
f 833/833/833 814/814/814 812/812/812
f 817/817/817 834/834/834 835/835/835
f 835/835/835 818/818/818 817/817/817
f 818/818/818 835/835/835 836/836/836
f 836/836/836 820/820/820 818/818/818
f 820/820/820 836/836/836 837/837/837
f 837/837/837 822/822/822 820/820/820
f 822/822/822 837/837/837 831/831/831
f 831/831/831 811/811/811 822/822/822
f 838/838/838 839/839/839 840/840/840
f 839/839/839 841/841/841 842/842/842
f 842/842/842 840/840/840 839/839/839
f 834/834/834 843/843/843 844/844/844
f 844/844/844 835/835/835 834/834/834
f 835/835/835 844/844/844 845/845/845
f 845/845/845 836/836/836 835/835/835
f 836/836/836 845/845/845 846/846/846
f 846/846/846 837/837/837 836/836/836
f 837/837/837 846/846/846 847/847/847
f 847/847/847 831/831/831 837/837/837
f 831/831/831 847/847/847 848/848/848
f 848/848/848 832/832/832 831/831/831
f 849/849/849 850/850/850 851/851/851
f 851/851/851 852/852/852 849/849/849
f 853/853/853 854/854/854 850/850/850
f 850/850/850 849/849/849 853/853/853
f 855/855/855 856/856/856 857/857/857
f 857/857/857 858/858/858 855/855/855
f 859/859/859 860/860/860 856/856/856
f 856/856/856 855/855/855 859/859/859
f 861/861/861 862/862/862 860/860/860
f 860/860/860 859/859/859 861/861/861
f 852/852/852 851/851/851 862/862/862
f 862/862/862 861/861/861 852/852/852
f 863/863/863 864/864/864 781/781/781
f 781/781/781 865/865/865 863/863/863
f 866/866/866 867/867/867 864/864/864
f 864/864/864 863/863/863 866/866/866
f 868/868/868 869/869/869 870/870/870
f 870/870/870 871/871/871 868/868/868
f 872/872/872 787/787/787 869/869/869
f 869/869/869 868/868/868 872/872/872
f 873/873/873 788/788/788 787/787/787
f 787/787/787 872/872/872 873/873/873
f 865/865/865 781/781/781 788/788/788
f 788/788/788 873/873/873 865/865/865
f 874/874/874 875/875/875 876/876/876
f 876/876/876 877/877/877 874/874/874
f 878/878/878 879/879/879 880/880/880
f 880/880/880 881/881/881 878/878/878
f 882/882/882 883/883/883 884/884/884
f 884/884/884 885/885/885 882/882/882
f 886/886/886 887/887/887 888/888/888
f 888/888/888 889/889/889 886/886/886
f 890/890/890 891/891/891 892/892/892
f 892/892/892 893/893/893 890/890/890
f 894/894/894 895/895/895 896/896/896
f 896/896/896 897/897/897 894/894/894
f 898/898/898 899/899/899 900/900/900
f 900/900/900 901/901/901 898/898/898
f 902/902/902 903/903/903 904/904/904
f 904/904/904 905/905/905 902/902/902
f 906/906/906 907/907/907 908/908/908
f 908/908/908 909/909/909 906/906/906
f 910/910/910 911/911/911 912/912/912
f 912/912/912 913/913/913 910/910/910
f 914/914/914 915/915/915 916/916/916
f 916/916/916 917/917/917 914/914/914
f 918/918/918 919/919/919 920/920/920
f 920/920/920 921/921/921 918/918/918
f 922/922/922 923/923/923 915/915/915
f 915/915/915 914/914/914 922/922/922
f 924/924/924 920/920/920 919/919/919
f 919/919/919 925/925/925 924/924/924
f 926/926/926 927/927/927 911/911/911
f 911/911/911 910/910/910 926/926/926
f 928/928/928 898/898/898 901/901/901
f 901/901/901 929/929/929 928/928/928
f 930/930/930 902/902/902 905/905/905
f 905/905/905 931/931/931 930/930/930
f 932/932/932 909/909/909 908/908/908
f 908/908/908 933/933/933 932/932/932
f 934/934/934 935/935/935 936/936/936
f 936/936/936 937/937/937 934/934/934
f 895/895/895 928/928/928 929/929/929
f 929/929/929 896/896/896 895/895/895
f 890/890/890 930/930/930 931/931/931
f 931/931/931 891/891/891 890/890/890
f 934/934/934 932/932/932 933/933/933
f 933/933/933 935/935/935 934/934/934
f 899/899/899 938/938/938 939/939/939
f 939/939/939 900/900/900 899/899/899
f 906/906/906 940/940/940 941/941/941
f 941/941/941 907/907/907 906/906/906
f 903/903/903 942/942/942 943/943/943
f 943/943/943 904/904/904 903/903/903
f 938/938/938 913/913/913 912/912/912
f 912/912/912 939/939/939 938/938/938
f 942/942/942 917/917/917 916/916/916
f 916/916/916 943/943/943 942/942/942
f 940/940/940 918/918/918 921/921/921
f 921/921/921 941/941/941 940/940/940
f 73/73/73 72/72/72 944/944/944
f 944/944/944 945/945/945 73/73/73
f 946/946/946 947/947/947 948/948/948
f 948/948/948 949/949/949 946/946/946
f 950/950/950 951/951/951 952/952/952
f 952/952/952 953/953/953 950/950/950
f 954/954/954 955/955/955 956/956/956
f 956/956/956 957/957/957 954/954/954
f 957/957/957 956/956/956 958/958/958
f 958/958/958 959/959/959 957/957/957
f 960/960/960 961/961/961 962/962/962
f 962/962/962 963/963/963 960/960/960
f 964/964/964 965/965/965 966/966/966
f 966/966/966 967/967/967 964/964/964
f 968/968/968 969/969/969 970/970/970
f 970/970/970 971/971/971 968/968/968
f 948/948/948 972/972/972 973/973/973
f 973/973/973 949/949/949 948/948/948
f 949/949/949 973/973/973 974/974/974
f 974/974/974 975/975/975 949/949/949
f 976/976/976 977/977/977 975/975/975
f 978/978/978 979/979/979 980/980/980
f 980/980/980 981/981/981 978/978/978
f 982/982/982 983/983/983 984/984/984
f 984/984/984 985/985/985 982/982/982
f 985/985/985 984/984/984 986/986/986
f 986/986/986 987/987/987 985/985/985
f 988/988/988 989/989/989 987/987/987
f 987/987/987 986/986/986 988/988/988
f 990/990/990 120/120/120 991/991/991
f 991/991/991 992/992/992 990/990/990
f 123/123/123 124/124/124 947/947/947
f 947/947/947 946/946/946 123/123/123
f 126/126/126 125/125/125 888/888/888
f 888/888/888 962/962/962 126/126/126
f 961/961/961 127/127/127 126/126/126
f 126/126/126 962/962/962 961/961/961
f 935/935/935 129/129/129 128/128/128
f 128/128/128 936/936/936 935/935/935
f 130/130/130 129/129/129 935/935/935
f 935/935/935 933/933/933 130/130/130
f 131/131/131 130/130/130 933/933/933
f 933/933/933 908/908/908 131/131/131
f 907/907/907 132/132/132 131/131/131
f 131/131/131 908/908/908 907/907/907
f 133/133/133 132/132/132 907/907/907
f 907/907/907 941/941/941 133/133/133
f 134/134/134 133/133/133 941/941/941
f 941/941/941 921/921/921 134/134/134
f 135/135/135 134/134/134 921/921/921
f 921/921/921 920/920/920 135/135/135
f 136/136/136 135/135/135 920/920/920
f 920/920/920 924/924/924 136/136/136
f 137/137/137 874/874/874 877/877/877
f 877/877/877 138/138/138 137/137/137
f 139/139/139 922/922/922 914/914/914
f 914/914/914 140/140/140 139/139/139
f 140/140/140 914/914/914 917/917/917
f 917/917/917 141/141/141 140/140/140
f 142/142/142 141/141/141 917/917/917
f 917/917/917 942/942/942 142/142/142
f 143/143/143 142/142/142 942/942/942
f 942/942/942 903/903/903 143/143/143
f 144/144/144 143/143/143 903/903/903
f 903/903/903 902/902/902 144/144/144
f 145/145/145 144/144/144 902/902/902
f 902/902/902 930/930/930 145/145/145
f 146/146/146 145/145/145 930/930/930
f 930/930/930 890/890/890 146/146/146
f 146/146/146 890/890/890 893/893/893
f 893/893/893 147/147/147 146/146/146
f 148/148/148 968/968/968 971/971/971
f 971/971/971 149/149/149 148/148/148
f 150/150/150 878/878/878 881/881/881
f 881/881/881 151/151/151 150/150/150
f 951/951/951 153/153/153 152/152/152
f 152/152/152 952/952/952 951/951/951
f 155/155/155 154/154/154 980/980/980
f 980/980/980 979/979/979 155/155/155
f 120/120/120 156/156/156 991/991/991
f 159/159/159 993/993/993 994/994/994
f 994/994/994 160/160/160 159/159/159
f 163/163/163 162/162/162 995/995/995
f 995/995/995 996/996/996 163/163/163
f 997/997/997 996/996/996 995/995/995
f 995/995/995 998/998/998 997/997/997
f 976/976/976 975/975/975 974/974/974
f 974/974/974 999/999/999 976/976/976
f 1000/1000/1000 1001/1001/1001 1002/1002/1002
f 1002/1002/1002 1003/1003/1003 1000/1000/1000
f 1004/1004/1004 1005/1005/1005 1006/1006/1006
f 1006/1006/1006 1007/1007/1007 1004/1004/1004
f 1008/1008/1008 1004/1004/1004 1007/1007/1007
f 1007/1007/1007 1009/1009/1009 1008/1008/1008
f 1010/1010/1010 1008/1008/1008 1009/1009/1009
f 1009/1009/1009 1011/1011/1011 1010/1010/1010
f 182/182/182 1012/1012/1012 1013/1013/1013
f 1013/1013/1013 183/183/183 182/182/182
f 1014/1014/1014 1015/1015/1015 983/983/983
f 983/983/983 982/982/982 1014/1014/1014
f 1016/1016/1016 1017/1017/1017 972/972/972
f 972/972/972 948/948/948 1016/1016/1016
f 948/948/948 1018/1018/1018 1016/1016/1016
f 947/947/947 1019/1019/1019 1018/1018/1018
f 1018/1018/1018 948/948/948 947/947/947
f 190/190/190 1019/1019/1019 947/947/947
f 947/947/947 124/124/124 190/190/190
f 1020/1020/1020 1021/1021/1021 951/951/951
f 951/951/951 950/950/950 1020/1020/1020
f 1022/1022/1022 1023/1023/1023 998/998/998
f 998/998/998 995/995/995 1022/1022/1022
f 1024/1024/1024 1025/1025/1025 977/977/977
f 977/977/977 976/976/976 1024/1024/1024
f 1021/1021/1021 197/197/197 153/153/153
f 153/153/153 951/951/951 1021/1021/1021
f 198/198/198 1022/1022/1022 995/995/995
f 995/995/995 162/162/162 198/198/198
f 979/979/979 978/978/978 1023/1023/1023
f 1023/1023/1023 1022/1022/1022 979/979/979
f 155/155/155 979/979/979 1022/1022/1022
f 1022/1022/1022 198/198/198 155/155/155
f 1026/1026/1026 199/199/199 197/197/197
f 197/197/197 1021/1021/1021 1026/1026/1026
f 1027/1027/1027 1026/1026/1026 1021/1021/1021
f 1021/1021/1021 1020/1020/1020 1027/1027/1027
f 1028/1028/1028 1029/1029/1029 1025/1025/1025
f 1025/1025/1025 1024/1024/1024 1028/1028/1028
f 1001/1001/1001 1030/1030/1030 1031/1031/1031
f 1031/1031/1031 1002/1002/1002 1001/1001/1001
f 1015/1015/1015 1032/1032/1032 1033/1033/1033
f 1033/1033/1033 983/983/983 1015/1015/1015
f 983/983/983 1033/1033/1033 1034/1034/1034
f 1034/1034/1034 984/984/984 983/983/983
f 1035/1035/1035 1036/1036/1036 1037/1037/1037
f 1037/1037/1037 1038/1038/1038 1035/1035/1035
f 1039/1039/1039 1040/1040/1040 1038/1038/1038
f 1038/1038/1038 1037/1037/1037 1039/1039/1039
f 217/217/217 1041/1041/1041 1042/1042/1042
f 1042/1042/1042 218/218/218 217/217/217
f 936/936/936 128/128/128 127/127/127
f 127/127/127 961/961/961 936/936/936
f 937/937/937 936/936/936 961/961/961
f 961/961/961 960/960/960 937/937/937
f 894/894/894 897/897/897 965/965/965
f 965/965/965 964/964/964 894/894/894
f 893/893/893 892/892/892 969/969/969
f 969/969/969 968/968/968 893/893/893
f 147/147/147 893/893/893 968/968/968
f 968/968/968 148/148/148 147/147/147
f 971/971/971 970/970/970 879/879/879
f 879/879/879 878/878/878 971/971/971
f 967/967/967 966/966/966 1043/1043/1043
f 1043/1043/1043 1044/1044/1044 967/967/967
f 887/887/887 963/963/963 962/962/962
f 962/962/962 888/888/888 887/887/887
f 125/125/125 221/221/221 889/889/889
f 889/889/889 888/888/888 125/125/125
f 149/149/149 971/971/971 878/878/878
f 878/878/878 150/150/150 149/149/149
f 1045/1045/1045 1046/1046/1046 1047/1047/1047
f 1047/1047/1047 1048/1048/1048 1045/1045/1045
f 1049/1049/1049 1050/1050/1050 1051/1051/1051
f 1051/1051/1051 1052/1052/1052 1049/1049/1049
f 1053/1053/1053 1054/1054/1054 1055/1055/1055
f 1055/1055/1055 1056/1056/1056 1053/1053/1053
f 1057/1057/1057 1058/1058/1058 1059/1059/1059
f 1059/1059/1059 1060/1060/1060 1057/1057/1057
f 1061/1061/1061 1062/1062/1062 1063/1063/1063
f 1063/1063/1063 1064/1064/1064 1061/1061/1061
f 1065/1065/1065 1066/1066/1066 1067/1067/1067
f 1067/1067/1067 1068/1068/1068 1065/1065/1065
f 1069/1069/1069 1065/1065/1065 1068/1068/1068
f 1068/1068/1068 1070/1070/1070 1069/1069/1069
f 1064/1064/1064 1063/1063/1063 1071/1071/1071
f 1071/1071/1071 1072/1072/1072 1064/1064/1064
f 1073/1073/1073 1074/1074/1074 1075/1075/1075
f 1075/1075/1075 1076/1076/1076 1073/1073/1073
f 1077/1077/1077 1053/1053/1053 1056/1056/1056
f 1056/1056/1056 1078/1078/1078 1077/1077/1077
f 1058/1058/1058 1079/1079/1079 1080/1080/1080
f 1080/1080/1080 1059/1059/1059 1058/1058/1058
f 1046/1046/1046 1077/1077/1077 1078/1078/1078
f 1078/1078/1078 1047/1047/1047 1046/1046/1046
f 1080/1080/1080 1079/1079/1079 1050/1050/1050
f 1050/1050/1050 1049/1049/1049 1080/1080/1080
f 1054/1054/1054 1081/1081/1081 1082/1082/1082
f 1082/1082/1082 1055/1055/1055 1054/1054/1054
f 1083/1083/1083 1057/1057/1057 1060/1060/1060
f 1060/1060/1060 1084/1084/1084 1083/1083/1083
f 1082/1082/1082 1081/1081/1081 1062/1062/1062
f 1062/1062/1062 1061/1061/1061 1082/1082/1082
f 1066/1066/1066 1083/1083/1083 1084/1084/1084
f 1084/1084/1084 1067/1067/1067 1066/1066/1066
f 1085/1085/1085 1086/1086/1086 1087/1087/1087
f 1087/1087/1087 1088/1088/1088 1085/1085/1085
f 1089/1089/1089 1090/1090/1090 1091/1091/1091
f 1091/1091/1091 1092/1092/1092 1089/1089/1089
f 1086/1086/1086 1045/1045/1045 1048/1048/1048
f 1048/1048/1048 1087/1087/1087 1086/1086/1086
f 1052/1052/1052 1051/1051/1051 1090/1090/1090
f 1090/1090/1090 1089/1089/1089 1052/1052/1052
f 1093/1093/1093 1094/1094/1094 883/883/883
f 883/883/883 882/882/882 1093/1093/1093
f 1095/1095/1095 1085/1085/1085 1088/1088/1088
f 1088/1088/1088 1096/1096/1096 1095/1095/1095
f 1092/1092/1092 1091/1091/1091 1097/1097/1097
f 1097/1097/1097 1098/1098/1098 1092/1092/1092
f 897/897/897 896/896/896 1099/1099/1099
f 1099/1099/1099 1100/1100/1100 897/897/897
f 1101/1101/1101 895/895/895 894/894/894
f 894/894/894 1102/1102/1102 1101/1101/1101
f 901/901/901 900/900/900 1103/1103/1103
f 1103/1103/1103 1104/1104/1104 901/901/901
f 1105/1105/1105 899/899/899 898/898/898
f 898/898/898 1106/1106/1106 1105/1105/1105
f 1107/1107/1107 912/912/912 911/911/911
f 911/911/911 1108/1108/1108 1107/1107/1107
f 910/910/910 913/913/913 1109/1109/1109
f 1109/1109/1109 1110/1110/1110 910/910/910
f 926/926/926 910/910/910 1110/1110/1110
f 1110/1110/1110 1111/1111/1111 926/926/926
f 1108/1108/1108 911/911/911 927/927/927
f 927/927/927 1112/1112/1112 1108/1108/1108
f 1113/1113/1113 927/927/927 926/926/926
f 926/926/926 1114/1114/1114 1113/1113/1113
f 929/929/929 901/901/901 1104/1104/1104
f 1104/1104/1104 1115/1115/1115 929/929/929
f 1106/1106/1106 898/898/898 928/928/928
f 928/928/928 1116/1116/1116 1106/1106/1106
f 896/896/896 929/929/929 1115/1115/1115
f 1115/1115/1115 1099/1099/1099 896/896/896
f 1116/1116/1116 928/928/928 895/895/895
f 895/895/895 1101/1101/1101 1116/1116/1116
f 900/900/900 939/939/939 1117/1117/1117
f 1117/1117/1117 1103/1103/1103 900/900/900
f 938/938/938 899/899/899 1105/1105/1105
f 1105/1105/1105 1118/1118/1118 938/938/938
f 1117/1117/1117 939/939/939 912/912/912
f 912/912/912 1107/1107/1107 1117/1117/1117
f 913/913/913 938/938/938 1118/1118/1118
f 1118/1118/1118 1109/1109/1109 913/913/913
f 966/966/966 965/965/965 1119/1119/1119
f 1119/1119/1119 1120/1120/1120 966/966/966
f 1121/1121/1121 964/964/964 967/967/967
f 967/967/967 1122/1122/1122 1121/1121/1121
f 965/965/965 897/897/897 1100/1100/1100
f 1100/1100/1100 1119/1119/1119 965/965/965
f 1102/1102/1102 894/894/894 964/964/964
f 964/964/964 1121/1121/1121 1102/1102/1102
f 1044/1044/1044 1043/1043/1043 1123/1123/1123
f 1123/1123/1123 1124/1124/1124 1044/1044/1044
f 1043/1043/1043 966/966/966 1120/1120/1120
f 1120/1120/1120 1125/1125/1125 1043/1043/1043
f 1122/1122/1122 967/967/967 1044/1044/1044
f 1044/1044/1044 1126/1126/1126 1122/1122/1122
f 959/959/959 958/958/958 1039/1039/1039
f 1039/1039/1039 1037/1037/1037 959/959/959
f 304/304/304 218/218/218 1042/1042/1042
f 1042/1042/1042 1127/1127/1127 304/304/304
f 1128/1128/1128 1129/1129/1129 1034/1034/1034
f 1034/1034/1034 1033/1033/1033 1128/1128/1128
f 1130/1130/1130 1128/1128/1128 1033/1033/1033
f 1033/1033/1033 1032/1032/1032 1130/1130/1130
f 311/311/311 310/310/310 1131/1131/1131
f 1131/1131/1131 1132/1132/1132 311/311/311
f 310/310/310 314/314/314 1133/1133/1133
f 1133/1133/1133 1131/1131/1131 310/310/310
f 317/317/317 316/316/316 1134/1134/1134
f 1134/1134/1134 1135/1135/1135 317/317/317
f 1012/1012/1012 182/182/182 320/320/320
f 320/320/320 1136/1136/1136 1012/1012/1012
f 1136/1136/1136 320/320/320 322/322/322
f 322/322/322 1137/1137/1137 1136/1136/1136
f 325/325/325 324/324/324 1138/1138/1138
f 1138/1138/1138 1139/1139/1139 325/325/325
f 322/322/322 328/328/328 1140/1140/1140
f 1140/1140/1140 1137/1137/1137 322/322/322
f 331/331/331 330/330/330 1141/1141/1141
f 1141/1141/1141 1142/1142/1142 331/331/331
f 324/324/324 334/334/334 1143/1143/1143
f 1143/1143/1143 1138/1138/1138 324/324/324
f 314/314/314 317/317/317 1135/1135/1135
f 1135/1135/1135 1133/1133/1133 314/314/314
f 335/335/335 311/311/311 1132/1132/1132
f 1132/1132/1132 1144/1144/1144 335/335/335
f 337/337/337 335/335/335 1144/1144/1144
f 1144/1144/1144 1145/1145/1145 337/337/337
f 330/330/330 340/340/340 1146/1146/1146
f 1146/1146/1146 1141/1141/1141 330/330/330
f 340/340/340 337/337/337 1145/1145/1145
f 1145/1145/1145 1146/1146/1146 340/340/340
f 304/304/304 1127/1127/1127 944/944/944
f 944/944/944 72/72/72 304/304/304
f 342/342/342 1147/1147/1147 1134/1134/1134
f 1134/1134/1134 316/316/316 342/342/342
f 1148/1148/1148 1149/1149/1149 955/955/955
f 955/955/955 954/954/954 1148/1148/1148
f 1150/1150/1150 345/345/345 73/73/73
f 73/73/73 945/945/945 1150/1150/1150
f 160/160/160 994/994/994 1147/1147/1147
f 1147/1147/1147 342/342/342 160/160/160
f 993/993/993 159/159/159 345/345/345
f 345/345/345 1150/1150/1150 993/993/993
f 1148/1148/1148 1151/1151/1151 1152/1152/1152
f 1152/1152/1152 1149/1149/1149 1148/1148/1148
f 1000/1000/1000 1003/1003/1003 1153/1153/1153
f 1153/1153/1153 1154/1154/1154 1000/1000/1000
f 325/325/325 1139/1139/1139 1155/1155/1155
f 1155/1155/1155 352/352/352 325/325/325
f 156/156/156 354/354/354 1156/1156/1156
f 1156/1156/1156 991/991/991 156/156/156
f 992/992/992 991/991/991 1156/1156/1156
f 1156/1156/1156 1157/1157/1157 992/992/992
f 989/989/989 1158/1158/1158 1159/1159/1159
f 1159/1159/1159 987/987/987 989/989/989
f 1160/1160/1160 985/985/985 987/987/987
f 987/987/987 1159/1159/1159 1160/1160/1160
f 1161/1161/1161 982/982/982 985/985/985
f 985/985/985 1160/1160/1160 1161/1161/1161
f 1162/1162/1162 1014/1014/1014 982/982/982
f 982/982/982 1161/1161/1161 1162/1162/1162
f 1005/1005/1005 1154/1154/1154 1153/1153/1153
f 1153/1153/1153 1006/1006/1006 1005/1005/1005
f 352/352/352 1155/1155/1155 1140/1140/1140
f 1140/1140/1140 328/328/328 352/352/352
f 354/354/354 163/163/163 996/996/996
f 996/996/996 1156/1156/1156 354/354/354
f 1157/1157/1157 1156/1156/1156 996/996/996
f 996/996/996 997/997/997 1157/1157/1157
f 999/999/999 974/974/974 1159/1159/1159
f 1159/1159/1159 1158/1158/1158 999/999/999
f 973/973/973 1160/1160/1160 1159/1159/1159
f 1159/1159/1159 974/974/974 973/973/973
f 972/972/972 1161/1161/1161 1160/1160/1160
f 1160/1160/1160 973/973/973 972/972/972
f 1017/1017/1017 1162/1162/1162 1161/1161/1161
f 1161/1161/1161 972/972/972 1017/1017/1017
f 363/363/363 1163/1163/1163 1164/1164/1164
f 1164/1164/1164 364/364/364 363/363/363
f 1163/1163/1163 1165/1165/1165 1166/1166/1166
f 1166/1166/1166 1164/1164/1164 1163/1163/1163
f 1167/1167/1167 1168/1168/1168 1169/1169/1169
f 1169/1169/1169 1170/1170/1170 1167/1167/1167
f 371/371/371 1168/1168/1168 1167/1167/1167
f 1167/1167/1167 372/372/372 371/371/371
f 1171/1171/1171 1167/1167/1167 1170/1170/1170
f 1170/1170/1170 1172/1172/1172 1171/1171/1171
f 372/372/372 1167/1167/1167 1171/1171/1171
f 1171/1171/1171 375/375/375 372/372/372
f 1173/1173/1173 1174/1174/1174 1165/1165/1165
f 1165/1165/1165 1163/1163/1163 1173/1173/1173
f 378/378/378 1173/1173/1173 1163/1163/1163
f 1163/1163/1163 363/363/363 378/378/378
f 375/375/375 1171/1171/1171 1173/1173/1173
f 1173/1173/1173 378/378/378 375/375/375
f 1173/1173/1173 1171/1171/1171 1172/1172/1172
f 1172/1172/1172 1174/1174/1174 1173/1173/1173
f 380/380/380 379/379/379 1164/1164/1164
f 1164/1164/1164 1166/1166/1166 380/380/380
f 1175/1175/1175 1176/1176/1176 381/381/381
f 381/381/381 384/384/384 1175/1175/1175
f 1177/1177/1177 385/385/385 381/381/381
f 381/381/381 1176/1176/1176 1177/1177/1177
f 1178/1178/1178 388/388/388 387/387/387
f 387/387/387 1179/1179/1179 1178/1178/1178
f 393/393/393 1180/1180/1180 1181/1181/1181
f 1181/1181/1181 394/394/394 393/393/393
f 393/393/393 396/396/396 1182/1182/1182
f 1182/1182/1182 1180/1180/1180 393/393/393
f 399/399/399 398/398/398 1183/1183/1183
f 1183/1183/1183 1184/1184/1184 399/399/399
f 1185/1185/1185 1186/1186/1186 1187/1187/1187
f 1187/1187/1187 1188/1188/1188 1185/1185/1185
f 1185/1185/1185 1189/1189/1189 1190/1190/1190
f 1190/1190/1190 1186/1186/1186 1185/1185/1185
f 1191/1191/1191 1192/1192/1192 1193/1193/1193
f 1193/1193/1193 1194/1194/1194 1191/1191/1191
f 1195/1195/1195 1196/1196/1196 1192/1192/1192
f 1192/1192/1192 1191/1191/1191 1195/1195/1195
f 414/414/414 1197/1197/1197 1183/1183/1183
f 1183/1183/1183 398/398/398 414/414/414
f 1198/1198/1198 415/415/415 388/388/388
f 388/388/388 1178/1178/1178 1198/1198/1198
f 1199/1199/1199 1200/1200/1200 1190/1190/1190
f 1190/1190/1190 1189/1189/1189 1199/1199/1199
f 420/420/420 1201/1201/1201 1182/1182/1182
f 1182/1182/1182 396/396/396 420/420/420
f 1202/1202/1202 421/421/421 385/385/385
f 385/385/385 1177/1177/1177 1202/1202/1202
f 1203/1203/1203 1204/1204/1204 1196/1196/1196
f 1196/1196/1196 1195/1195/1195 1203/1203/1203
f 426/426/426 1205/1205/1205 1197/1197/1197
f 1197/1197/1197 414/414/414 426/426/426
f 1206/1206/1206 427/427/427 415/415/415
f 415/415/415 1198/1198/1198 1206/1206/1206
f 1194/1194/1194 1193/1193/1193 1200/1200/1200
f 1200/1200/1200 1199/1199/1199 1194/1194/1194
f 399/399/399 1184/1184/1184 1201/1201/1201
f 1201/1201/1201 420/420/420 399/399/399
f 1179/1179/1179 387/387/387 421/421/421
f 421/421/421 1202/1202/1202 1179/1179/1179
f 1207/1207/1207 1208/1208/1208 429/429/429
f 429/429/429 432/432/432 1207/1207/1207
f 435/435/435 1209/1209/1209 1210/1210/1210
f 1210/1210/1210 436/436/436 435/435/435
f 1211/1211/1211 1212/1212/1212 1213/1213/1213
f 1213/1213/1213 1214/1214/1214 1211/1211/1211
f 1215/1215/1215 1207/1207/1207 432/432/432
f 432/432/432 442/442/442 1215/1215/1215
f 436/436/436 1210/1210/1210 1216/1216/1216
f 1216/1216/1216 444/444/444 436/436/436
f 1217/1217/1217 1211/1211/1211 1214/1214/1214
f 1214/1214/1214 1218/1218/1218 1217/1217/1217
f 1208/1208/1208 1175/1175/1175 384/384/384
f 384/384/384 429/429/429 1208/1208/1208
f 394/394/394 1181/1181/1181 1209/1209/1209
f 1209/1209/1209 435/435/435 394/394/394
f 1188/1188/1188 1187/1187/1187 1213/1213/1213
f 1213/1213/1213 1212/1212/1212 1188/1188/1188
f 1219/1219/1219 1215/1215/1215 442/442/442
f 442/442/442 448/448/448 1219/1219/1219
f 444/444/444 1216/1216/1216 1220/1220/1220
f 1220/1220/1220 450/450/450 444/444/444
f 1221/1221/1221 1217/1217/1217 1218/1218/1218
f 1218/1218/1218 1222/1222/1222 1221/1221/1221
f 1223/1223/1223 1224/1224/1224 455/455/455
f 455/455/455 454/454/454 1223/1223/1223
f 459/459/459 1225/1225/1225 1226/1226/1226
f 1226/1226/1226 460/460/460 459/459/459
f 463/463/463 1227/1227/1227 1228/1228/1228
f 1228/1228/1228 464/464/464 463/463/463
f 1229/1229/1229 1230/1230/1230 1225/1225/1225
f 1225/1225/1225 1231/1231/1231 1229/1229/1229
f 460/460/460 1226/1226/1226 1223/1223/1223
f 1223/1223/1223 454/454/454 460/460/460
f 1230/1230/1230 1229/1229/1229 1232/1232/1232
f 1232/1232/1232 1233/1233/1233 1230/1230/1230
f 1231/1231/1231 1225/1225/1225 1228/1228/1228
f 1228/1228/1228 1234/1234/1234 1231/1231/1231
f 464/464/464 1228/1228/1228 1225/1225/1225
f 1225/1225/1225 459/459/459 464/464/464
f 473/473/473 1235/1235/1235 1236/1236/1236
f 1236/1236/1236 474/474/474 473/473/473
f 476/476/476 1236/1236/1236 1237/1237/1237
f 1237/1237/1237 477/477/477 476/476/476
f 1236/1236/1236 1235/1235/1235 1238/1238/1238
f 1238/1238/1238 1237/1237/1237 1236/1236/1236
f 1239/1239/1239 1240/1240/1240 1241/1241/1241
f 1241/1241/1241 1242/1242/1242 1239/1239/1239
f 483/483/483 1240/1240/1240 1239/1239/1239
f 1239/1239/1239 484/484/484 483/483/483
f 1243/1243/1243 1244/1244/1244 1245/1245/1245
f 1245/1245/1245 1246/1246/1246 1243/1243/1243
f 489/489/489 1243/1243/1243 1246/1246/1246
f 1246/1246/1246 490/490/490 489/489/489
f 1247/1247/1247 1248/1248/1248 1244/1244/1244
f 1244/1244/1244 1243/1243/1243 1247/1247/1247
f 493/493/493 1247/1247/1247 1243/1243/1243
f 1243/1243/1243 489/489/489 493/493/493
f 484/484/484 1239/1239/1239 1235/1235/1235
f 1235/1235/1235 473/473/473 484/484/484
f 1235/1235/1235 1239/1239/1239 1242/1242/1242
f 1242/1242/1242 1238/1238/1238 1235/1235/1235
f 495/495/495 1249/1249/1249 1240/1240/1240
f 1240/1240/1240 483/483/483 495/495/495
f 1249/1249/1249 1250/1250/1250 1241/1241/1241
f 1241/1241/1241 1240/1240/1240 1249/1249/1249
f 490/490/490 1246/1246/1246 1249/1249/1249
f 1249/1249/1249 495/495/495 490/490/490
f 1246/1246/1246 1245/1245/1245 1250/1250/1250
f 1250/1250/1250 1249/1249/1249 1246/1246/1246
f 499/499/499 498/498/498 1251/1251/1251
f 1251/1251/1251 1252/1252/1252 499/499/499
f 503/503/503 1253/1253/1253 1254/1254/1254
f 1254/1254/1254 504/504/504 503/503/503
f 506/506/506 1255/1255/1255 1251/1251/1251
f 1251/1251/1251 498/498/498 506/506/506
f 1256/1256/1256 507/507/507 499/499/499
f 499/499/499 1252/1252/1252 1256/1256/1256
f 1253/1253/1253 503/503/503 509/509/509
f 509/509/509 1257/1257/1257 1253/1253/1253
f 1257/1257/1257 509/509/509 507/507/507
f 507/507/507 1256/1256/1256 1257/1257/1257
f 1258/1258/1258 1259/1259/1259 1260/1260/1260
f 1260/1260/1260 1261/1261/1261 1258/1258/1258
f 1262/1262/1262 1263/1263/1263 1264/1264/1264
f 1264/1264/1264 1265/1265/1265 1262/1262/1262
f 1266/1266/1266 1262/1262/1262 1265/1265/1265
f 1265/1265/1265 1267/1267/1267 1266/1266/1266
f 1268/1268/1268 522/522/522 521/521/521
f 521/521/521 1269/1269/1269 1268/1268/1268
f 1264/1264/1264 1263/1263/1263 1270/1270/1270
f 1270/1270/1270 1271/1271/1271 1264/1264/1264
f 1272/1272/1272 1261/1261/1261 1271/1271/1271
f 1271/1271/1271 1270/1270/1270 1272/1272/1272
f 1273/1273/1273 1258/1258/1258 1261/1261/1261
f 1261/1261/1261 1272/1272/1272 1273/1273/1273
f 1269/1269/1269 521/521/521 529/529/529
f 529/529/529 1274/1274/1274 1269/1269/1269
f 522/522/522 1268/1268/1268 1275/1275/1275
f 1275/1275/1275 532/532/532 522/522/522
f 1275/1275/1275 1268/1268/1268 1276/1276/1276
f 1276/1276/1276 1277/1277/1277 1275/1275/1275
f 504/504/504 1254/1254/1254 1274/1274/1274
f 1274/1274/1274 529/529/529 504/504/504
f 1278/1278/1278 1279/1279/1279 1280/1280/1280
f 1280/1280/1280 1281/1281/1281 1278/1278/1278
f 1279/1279/1279 1282/1282/1282 1283/1283/1283
f 1283/1283/1283 1280/1280/1280 1279/1279/1279
f 1282/1282/1282 1284/1284/1284 1285/1285/1285
f 1285/1285/1285 1283/1283/1283 1282/1282/1282
f 1284/1284/1284 1286/1286/1286 1287/1287/1287
f 1287/1287/1287 1285/1285/1285 1284/1284/1284
f 1286/1286/1286 1288/1288/1288 1289/1289/1289
f 1289/1289/1289 1287/1287/1287 1286/1286/1286
f 1288/1288/1288 1290/1290/1290 1291/1291/1291
f 1291/1291/1291 1289/1289/1289 1288/1288/1288
f 1290/1290/1290 1292/1292/1292 1293/1293/1293
f 1293/1293/1293 1291/1291/1291 1290/1290/1290
f 1294/1294/1294 1295/1295/1295 1296/1296/1296
f 1296/1296/1296 1297/1297/1297 1294/1294/1294
f 1295/1295/1295 1298/1298/1298 1299/1299/1299
f 1299/1299/1299 1296/1296/1296 1295/1295/1295
f 1298/1298/1298 1300/1300/1300 1301/1301/1301
f 1301/1301/1301 1299/1299/1299 1298/1298/1298
f 1300/1300/1300 1302/1302/1302 1303/1303/1303
f 1303/1303/1303 1301/1301/1301 1300/1300/1300
f 1302/1302/1302 1304/1304/1304 1305/1305/1305
f 1305/1305/1305 1303/1303/1303 1302/1302/1302
f 1304/1304/1304 1306/1306/1306 1307/1307/1307
f 1307/1307/1307 1305/1305/1305 1304/1304/1304
f 1306/1306/1306 1308/1308/1308 1309/1309/1309
f 1309/1309/1309 1307/1307/1307 1306/1306/1306
f 1308/1308/1308 1310/1310/1310 1311/1311/1311
f 1311/1311/1311 1309/1309/1309 1308/1308/1308
f 1310/1310/1310 1278/1278/1278 1281/1281/1281
f 1281/1281/1281 1311/1311/1311 1310/1310/1310
f 1312/1312/1312 1313/1313/1313 1314/1314/1314
f 1315/1315/1315 1313/1313/1313 1312/1312/1312
f 1316/1316/1316 1313/1313/1313 1315/1315/1315
f 1317/1317/1317 1313/1313/1313 1316/1316/1316
f 1318/1318/1318 1313/1313/1313 1317/1317/1317
f 1319/1319/1319 1313/1313/1313 1318/1318/1318
f 1320/1320/1320 1313/1313/1313 1319/1319/1319
f 1321/1321/1321 1313/1313/1313 1320/1320/1320
f 1322/1322/1322 1313/1313/1313 1321/1321/1321
f 1323/1323/1323 1313/1313/1313 1322/1322/1322
f 1324/1324/1324 1313/1313/1313 1323/1323/1323
f 1325/1325/1325 1313/1313/1313 1324/1324/1324
f 1326/1326/1326 1313/1313/1313 1325/1325/1325
f 1327/1327/1327 1313/1313/1313 1326/1326/1326
f 1328/1328/1328 1313/1313/1313 1327/1327/1327
f 1314/1314/1314 1313/1313/1313 1328/1328/1328
f 1329/1329/1329 1330/1330/1330 1308/1308/1308
f 1308/1308/1308 1306/1306/1306 1329/1329/1329
f 1331/1331/1331 1329/1329/1329 1306/1306/1306
f 1306/1306/1306 1304/1304/1304 1331/1331/1331
f 1332/1332/1332 1331/1331/1331 1304/1304/1304
f 1304/1304/1304 1302/1302/1302 1332/1332/1332
f 1333/1333/1333 1332/1332/1332 1302/1302/1302
f 1302/1302/1302 1300/1300/1300 1333/1333/1333
f 1334/1334/1334 1333/1333/1333 1300/1300/1300
f 1300/1300/1300 1298/1298/1298 1334/1334/1334
f 1335/1335/1335 1334/1334/1334 1298/1298/1298
f 1298/1298/1298 1295/1295/1295 1335/1335/1335
f 1336/1336/1336 1335/1335/1335 1295/1295/1295
f 1295/1295/1295 1294/1294/1294 1336/1336/1336
f 1337/1337/1337 1338/1338/1338 1292/1292/1292
f 1292/1292/1292 1290/1290/1290 1337/1337/1337
f 1339/1339/1339 1337/1337/1337 1290/1290/1290
f 1290/1290/1290 1288/1288/1288 1339/1339/1339
f 1340/1340/1340 1339/1339/1339 1288/1288/1288
f 1288/1288/1288 1286/1286/1286 1340/1340/1340
f 1341/1341/1341 1340/1340/1340 1286/1286/1286
f 1286/1286/1286 1284/1284/1284 1341/1341/1341
f 1342/1342/1342 1341/1341/1341 1284/1284/1284
f 1284/1284/1284 1282/1282/1282 1342/1342/1342
f 1343/1343/1343 1342/1342/1342 1282/1282/1282
f 1282/1282/1282 1279/1279/1279 1343/1343/1343
f 1344/1344/1344 1343/1343/1343 1279/1279/1279
f 1279/1279/1279 1278/1278/1278 1344/1344/1344
f 1345/1345/1345 1344/1344/1344 1278/1278/1278
f 1278/1278/1278 1310/1310/1310 1345/1345/1345
f 1330/1330/1330 1345/1345/1345 1310/1310/1310
f 1310/1310/1310 1308/1308/1308 1330/1330/1330
f 604/604/604 603/603/603 1330/1330/1330
f 1330/1330/1330 1329/1329/1329 604/604/604
f 605/605/605 604/604/604 1329/1329/1329
f 1329/1329/1329 1331/1331/1331 605/605/605
f 606/606/606 605/605/605 1331/1331/1331
f 1331/1331/1331 1332/1332/1332 606/606/606
f 607/607/607 606/606/606 1332/1332/1332
f 1332/1332/1332 1333/1333/1333 607/607/607
f 608/608/608 607/607/607 1333/1333/1333
f 1333/1333/1333 1334/1334/1334 608/608/608
f 609/609/609 608/608/608 1334/1334/1334
f 1334/1334/1334 1335/1335/1335 609/609/609
f 610/610/610 609/609/609 1335/1335/1335
f 1335/1335/1335 1336/1336/1336 610/610/610
f 612/612/612 611/611/611 1338/1338/1338
f 1338/1338/1338 1337/1337/1337 612/612/612
f 613/613/613 612/612/612 1337/1337/1337
f 1337/1337/1337 1339/1339/1339 613/613/613
f 614/614/614 613/613/613 1339/1339/1339
f 1339/1339/1339 1340/1340/1340 614/614/614
f 615/615/615 614/614/614 1340/1340/1340
f 1340/1340/1340 1341/1341/1341 615/615/615
f 616/616/616 615/615/615 1341/1341/1341
f 1341/1341/1341 1342/1342/1342 616/616/616
f 617/617/617 616/616/616 1342/1342/1342
f 1342/1342/1342 1343/1343/1343 617/617/617
f 618/618/618 617/617/617 1343/1343/1343
f 1343/1343/1343 1344/1344/1344 618/618/618
f 619/619/619 618/618/618 1344/1344/1344
f 1344/1344/1344 1345/1345/1345 619/619/619
f 603/603/603 619/619/619 1345/1345/1345
f 1345/1345/1345 1330/1330/1330 603/603/603
f 1346/1346/1346 1347/1347/1347 1348/1348/1348
f 1348/1348/1348 1349/1349/1349 1346/1346/1346
f 1350/1350/1350 1346/1346/1346 1349/1349/1349
f 1349/1349/1349 1351/1351/1351 1350/1350/1350
f 1352/1352/1352 1350/1350/1350 1351/1351/1351
f 1351/1351/1351 1353/1353/1353 1352/1352/1352
f 1354/1354/1354 1352/1352/1352 1353/1353/1353
f 1353/1353/1353 1355/1355/1355 1354/1354/1354
f 1356/1356/1356 1354/1354/1354 1355/1355/1355
f 1355/1355/1355 1357/1357/1357 1356/1356/1356
f 1358/1358/1358 1356/1356/1356 1357/1357/1357
f 1357/1357/1357 1359/1359/1359 1358/1358/1358
f 1360/1360/1360 1358/1358/1358 1359/1359/1359
f 1359/1359/1359 1361/1361/1361 1360/1360/1360
f 1362/1362/1362 1360/1360/1360 1361/1361/1361
f 1361/1361/1361 1363/1363/1363 1362/1362/1362
f 1364/1364/1364 1362/1362/1362 1363/1363/1363
f 1363/1363/1363 1365/1365/1365 1364/1364/1364
f 1366/1366/1366 1364/1364/1364 1365/1365/1365
f 1365/1365/1365 1367/1367/1367 1366/1366/1366
f 1368/1368/1368 1366/1366/1366 1367/1367/1367
f 1367/1367/1367 1369/1369/1369 1368/1368/1368
f 1370/1370/1370 1368/1368/1368 1369/1369/1369
f 1369/1369/1369 1371/1371/1371 1370/1370/1370
f 1372/1372/1372 1370/1370/1370 1371/1371/1371
f 1371/1371/1371 1373/1373/1373 1372/1372/1372
f 1374/1374/1374 1372/1372/1372 1373/1373/1373
f 1373/1373/1373 1375/1375/1375 1374/1374/1374
f 1376/1376/1376 1374/1374/1374 1375/1375/1375
f 1375/1375/1375 1377/1377/1377 1376/1376/1376
f 1347/1347/1347 1376/1376/1376 1377/1377/1377
f 1377/1377/1377 1348/1348/1348 1347/1347/1347
f 1378/1378/1378 1379/1379/1379 1380/1380/1380
f 1380/1380/1380 1381/1381/1381 1378/1378/1378
f 1382/1382/1382 1378/1378/1378 1381/1381/1381
f 1381/1381/1381 1383/1383/1383 1382/1382/1382
f 1384/1384/1384 1382/1382/1382 1383/1383/1383
f 1383/1383/1383 1385/1385/1385 1384/1384/1384
f 1386/1386/1386 1384/1384/1384 1385/1385/1385
f 1385/1385/1385 1387/1387/1387 1386/1386/1386
f 1388/1388/1388 1386/1386/1386 1387/1387/1387
f 1387/1387/1387 1389/1389/1389 1388/1388/1388
f 1319/1319/1319 1388/1388/1388 1389/1389/1389
f 1389/1389/1389 1390/1390/1390 1319/1319/1319
f 1320/1320/1320 1319/1319/1319 1390/1390/1390
f 1390/1390/1390 1391/1391/1391 1320/1320/1320
f 1321/1321/1321 1320/1320/1320 1391/1391/1391
f 1391/1391/1391 1392/1392/1392 1321/1321/1321
f 1393/1393/1393 1321/1321/1321 1392/1392/1392
f 1392/1392/1392 1394/1394/1394 1393/1393/1393
f 1395/1395/1395 1393/1393/1393 1394/1394/1394
f 1394/1394/1394 1396/1396/1396 1395/1395/1395
f 1397/1397/1397 1395/1395/1395 1396/1396/1396
f 1396/1396/1396 1398/1398/1398 1397/1397/1397
f 1399/1399/1399 1397/1397/1397 1398/1398/1398
f 1398/1398/1398 1400/1400/1400 1399/1399/1399
f 1401/1401/1401 1399/1399/1399 1400/1400/1400
f 1400/1400/1400 1402/1402/1402 1401/1401/1401
f 1403/1403/1403 1401/1401/1401 1402/1402/1402
f 1402/1402/1402 1404/1404/1404 1403/1403/1403
f 1405/1405/1405 1403/1403/1403 1404/1404/1404
f 1404/1404/1404 1406/1406/1406 1405/1405/1405
f 1379/1379/1379 1407/1407/1407 1408/1408/1408
f 1408/1408/1408 1380/1380/1380 1379/1379/1379
f 1409/1409/1409 1372/1372/1372 1374/1374/1374
f 1374/1374/1374 1410/1410/1410 1409/1409/1409
f 1410/1410/1410 1374/1374/1374 1376/1376/1376
f 1376/1376/1376 1411/1411/1411 1410/1410/1410
f 1411/1411/1411 1376/1376/1376 1347/1347/1347
f 1347/1347/1347 1412/1412/1412 1411/1411/1411
f 1412/1412/1412 1347/1347/1347 1346/1346/1346
f 1346/1346/1346 1413/1413/1413 1412/1412/1412
f 1413/1413/1413 1346/1346/1346 1350/1350/1350
f 1350/1350/1350 1414/1414/1414 1413/1413/1413
f 1414/1414/1414 1350/1350/1350 1352/1352/1352
f 1352/1352/1352 1415/1415/1415 1414/1414/1414
f 1415/1415/1415 1352/1352/1352 1354/1354/1354
f 1354/1354/1354 1416/1416/1416 1415/1415/1415
f 1416/1416/1416 1354/1354/1354 1356/1356/1356
f 1356/1356/1356 1417/1417/1417 1416/1416/1416
f 1417/1417/1417 1356/1356/1356 1358/1358/1358
f 1358/1358/1358 1418/1418/1418 1417/1417/1417
f 1418/1418/1418 1358/1358/1358 1360/1360/1360
f 1360/1360/1360 1419/1419/1419 1418/1418/1418
f 1419/1419/1419 1360/1360/1360 1362/1362/1362
f 1362/1362/1362 1420/1420/1420 1419/1419/1419
f 1420/1420/1420 1362/1362/1362 1364/1364/1364
f 1364/1364/1364 1421/1421/1421 1420/1420/1420
f 1421/1421/1421 1364/1364/1364 1366/1366/1366
f 1366/1366/1366 1422/1422/1422 1421/1421/1421
f 1422/1422/1422 1366/1366/1366 1368/1368/1368
f 1368/1368/1368 1423/1423/1423 1422/1422/1422
f 1423/1423/1423 1368/1368/1368 1370/1370/1370
f 1370/1370/1370 1424/1424/1424 1423/1423/1423
f 1424/1424/1424 1370/1370/1370 1372/1372/1372
f 1372/1372/1372 1409/1409/1409 1424/1424/1424
f 1425/1425/1425 1426/1426/1426 1427/1427/1427
f 1427/1427/1427 1428/1428/1428 1425/1425/1425
f 1426/1426/1426 1429/1429/1429 1430/1430/1430
f 1430/1430/1430 1427/1427/1427 1426/1426/1426
f 1429/1429/1429 1431/1431/1431 1432/1432/1432
f 1432/1432/1432 1430/1430/1430 1429/1429/1429
f 1431/1431/1431 1433/1433/1433 1434/1434/1434
f 1434/1434/1434 1432/1432/1432 1431/1431/1431
f 1433/1433/1433 1435/1435/1435 1436/1436/1436
f 1436/1436/1436 1434/1434/1434 1433/1433/1433
f 1435/1435/1435 1437/1437/1437 1438/1438/1438
f 1438/1438/1438 1436/1436/1436 1435/1435/1435
f 1437/1437/1437 1439/1439/1439 1440/1440/1440
f 1440/1440/1440 1438/1438/1438 1437/1437/1437
f 1441/1441/1441 1442/1442/1442 1443/1443/1443
f 1443/1443/1443 1444/1444/1444 1441/1441/1441
f 1442/1442/1442 1445/1445/1445 1446/1446/1446
f 1446/1446/1446 1443/1443/1443 1442/1442/1442
f 1445/1445/1445 1447/1447/1447 1448/1448/1448
f 1448/1448/1448 1446/1446/1446 1445/1445/1445
f 1447/1447/1447 1449/1449/1449 1450/1450/1450
f 1450/1450/1450 1448/1448/1448 1447/1447/1447
f 1449/1449/1449 1451/1451/1451 1452/1452/1452
f 1452/1452/1452 1450/1450/1450 1449/1449/1449
f 1451/1451/1451 1453/1453/1453 1454/1454/1454
f 1454/1454/1454 1452/1452/1452 1451/1451/1451
f 1453/1453/1453 1455/1455/1455 1456/1456/1456
f 1456/1456/1456 1454/1454/1454 1453/1453/1453
f 1455/1455/1455 1457/1457/1457 1458/1458/1458
f 1458/1458/1458 1456/1456/1456 1455/1455/1455
f 1457/1457/1457 1425/1425/1425 1428/1428/1428
f 1428/1428/1428 1458/1458/1458 1457/1457/1457
f 1459/1459/1459 1460/1460/1460 1461/1461/1461
f 1462/1462/1462 1460/1460/1460 1459/1459/1459
f 1463/1463/1463 1460/1460/1460 1462/1462/1462
f 1464/1464/1464 1460/1460/1460 1463/1463/1463
f 1465/1465/1465 1460/1460/1460 1464/1464/1464
f 1466/1466/1466 1460/1460/1460 1465/1465/1465
f 1467/1467/1467 1460/1460/1460 1466/1466/1466
f 1468/1468/1468 1460/1460/1460 1467/1467/1467
f 1469/1469/1469 1460/1460/1460 1468/1468/1468
f 1470/1470/1470 1460/1460/1460 1469/1469/1469
f 1471/1471/1471 1460/1460/1460 1470/1470/1470
f 1472/1472/1472 1460/1460/1460 1471/1471/1471
f 1473/1473/1473 1460/1460/1460 1472/1472/1472
f 1474/1474/1474 1460/1460/1460 1473/1473/1473
f 1475/1475/1475 1460/1460/1460 1474/1474/1474
f 1461/1461/1461 1460/1460/1460 1475/1475/1475
f 1476/1476/1476 1477/1477/1477 1478/1478/1478
f 1479/1479/1479 1477/1477/1477 1476/1476/1476
f 1480/1480/1480 1477/1477/1477 1479/1479/1479
f 1481/1481/1481 1477/1477/1477 1480/1480/1480
f 1482/1482/1482 1477/1477/1477 1481/1481/1481
f 1483/1483/1483 1477/1477/1477 1482/1482/1482
f 1484/1484/1484 1477/1477/1477 1483/1483/1483
f 1485/1485/1485 1477/1477/1477 1484/1484/1484
f 1486/1486/1486 1477/1477/1477 1485/1485/1485
f 1487/1487/1487 1477/1477/1477 1486/1486/1486
f 1488/1488/1488 1477/1477/1477 1487/1487/1487
f 1489/1489/1489 1477/1477/1477 1488/1488/1488
f 1477/1477/1477 1489/1489/1489 1490/1490/1490
f 1491/1491/1491 1477/1477/1477 1490/1490/1490
f 1492/1492/1492 1477/1477/1477 1491/1491/1491
f 1478/1478/1478 1477/1477/1477 1492/1492/1492
f 1493/1493/1493 1494/1494/1494 1495/1495/1495
f 1495/1495/1495 1496/1496/1496 1493/1493/1493
f 1494/1494/1494 772/772/772 771/771/771
f 771/771/771 1495/1495/1495 1494/1494/1494
f 775/775/775 1497/1497/1497 1498/1498/1498
f 1498/1498/1498 776/776/776 775/775/775
f 1497/1497/1497 1499/1499/1499 1500/1500/1500
f 1500/1500/1500 1498/1498/1498 1497/1497/1497
f 1499/1499/1499 1501/1501/1501 1502/1502/1502
f 1502/1502/1502 1500/1500/1500 1499/1499/1499
f 1501/1501/1501 1493/1493/1493 1496/1496/1496
f 1496/1496/1496 1502/1502/1502 1501/1501/1501
f 1503/1503/1503 783/783/783 1504/1504/1504
f 1504/1504/1504 783/783/783 784/784/784
f 785/785/785 783/783/783 1505/1505/1505
f 1505/1505/1505 783/783/783 1506/1506/1506
f 1506/1506/1506 783/783/783 1507/1507/1507
f 1507/1507/1507 783/783/783 1503/1503/1503
f 1508/1508/1508 1509/1509/1509 1496/1496/1496
f 1496/1496/1496 1495/1495/1495 1508/1508/1508
f 791/791/791 1508/1508/1508 1495/1495/1495
f 1495/1495/1495 771/771/771 791/791/791
f 1510/1510/1510 792/792/792 776/776/776
f 776/776/776 1498/1498/1498 1510/1510/1510
f 1511/1511/1511 1510/1510/1510 1498/1498/1498
f 1498/1498/1498 1500/1500/1500 1511/1511/1511
f 1512/1512/1512 1511/1511/1511 1500/1500/1500
f 1500/1500/1500 1502/1502/1502 1512/1512/1512
f 1509/1509/1509 1512/1512/1512 1502/1502/1502
f 1502/1502/1502 1496/1496/1496 1509/1509/1509
f 1513/1513/1513 1514/1514/1514 1509/1509/1509
f 1509/1509/1509 1508/1508/1508 1513/1513/1513
f 798/798/798 1513/1513/1513 1508/1508/1508
f 1508/1508/1508 791/791/791 798/798/798
f 1515/1515/1515 799/799/799 792/792/792
f 792/792/792 1510/1510/1510 1515/1515/1515
f 1516/1516/1516 1515/1515/1515 1510/1510/1510
f 1510/1510/1510 1511/1511/1511 1516/1516/1516
f 1517/1517/1517 1516/1516/1516 1511/1511/1511
f 1511/1511/1511 1512/1512/1512 1517/1517/1517
f 1514/1514/1514 1517/1517/1517 1512/1512/1512
f 1512/1512/1512 1509/1509/1509 1514/1514/1514
f 1518/1518/1518 1519/1519/1519 1514/1514/1514
f 1514/1514/1514 1513/1513/1513 1518/1518/1518
f 805/805/805 1518/1518/1518 1513/1513/1513
f 1513/1513/1513 798/798/798 805/805/805
f 1520/1520/1520 806/806/806 799/799/799
f 799/799/799 1515/1515/1515 1520/1520/1520
f 1521/1521/1521 1520/1520/1520 1515/1515/1515
f 1515/1515/1515 1516/1516/1516 1521/1521/1521
f 1522/1522/1522 1521/1521/1521 1516/1516/1516
f 1516/1516/1516 1517/1517/1517 1522/1522/1522
f 1519/1519/1519 1522/1522/1522 1517/1517/1517
f 1517/1517/1517 1514/1514/1514 1519/1519/1519
f 1523/1523/1523 1524/1524/1524 1525/1525/1525
f 1525/1525/1525 1526/1526/1526 1523/1523/1523
f 814/814/814 1523/1523/1523 1526/1526/1526
f 1526/1526/1526 815/815/815 814/814/814
f 1527/1527/1527 817/817/817 816/816/816
f 816/816/816 1528/1528/1528 1527/1527/1527
f 1529/1529/1529 1527/1527/1527 1528/1528/1528
f 1528/1528/1528 1530/1530/1530 1529/1529/1529
f 1531/1531/1531 1529/1529/1529 1530/1530/1530
f 1530/1530/1530 1532/1532/1532 1531/1531/1531
f 1524/1524/1524 1531/1531/1531 1532/1532/1532
f 1532/1532/1532 1525/1525/1525 1524/1524/1524
f 1533/1533/1533 1534/1534/1534 1519/1519/1519
f 1519/1519/1519 1518/1518/1518 1533/1533/1533
f 826/826/826 1533/1533/1533 1518/1518/1518
f 1518/1518/1518 805/805/805 826/826/826
f 1535/1535/1535 827/827/827 806/806/806
f 806/806/806 1520/1520/1520 1535/1535/1535
f 1536/1536/1536 1535/1535/1535 1520/1520/1520
f 1520/1520/1520 1521/1521/1521 1536/1536/1536
f 1537/1537/1537 1536/1536/1536 1521/1521/1521
f 1521/1521/1521 1522/1522/1522 1537/1537/1537
f 1534/1534/1534 1537/1537/1537 1522/1522/1522
f 1522/1522/1522 1519/1519/1519 1534/1534/1534
f 1538/1538/1538 1539/1539/1539 1524/1524/1524
f 1524/1524/1524 1523/1523/1523 1538/1538/1538
f 833/833/833 1538/1538/1538 1523/1523/1523
f 1523/1523/1523 814/814/814 833/833/833
f 1540/1540/1540 834/834/834 817/817/817
f 817/817/817 1527/1527/1527 1540/1540/1540
f 1541/1541/1541 1540/1540/1540 1527/1527/1527
f 1527/1527/1527 1529/1529/1529 1541/1541/1541
f 1542/1542/1542 1541/1541/1541 1529/1529/1529
f 1529/1529/1529 1531/1531/1531 1542/1542/1542
f 1539/1539/1539 1542/1542/1542 1531/1531/1531
f 1531/1531/1531 1524/1524/1524 1539/1539/1539
f 838/838/838 840/840/840 1543/1543/1543
f 842/842/842 1544/1544/1544 1543/1543/1543
f 1543/1543/1543 840/840/840 842/842/842
f 1545/1545/1545 843/843/843 834/834/834
f 834/834/834 1540/1540/1540 1545/1545/1545
f 1546/1546/1546 1545/1545/1545 1540/1540/1540
f 1540/1540/1540 1541/1541/1541 1546/1546/1546
f 1547/1547/1547 1546/1546/1546 1541/1541/1541
f 1541/1541/1541 1542/1542/1542 1547/1547/1547
f 1548/1548/1548 1547/1547/1547 1542/1542/1542
f 1542/1542/1542 1539/1539/1539 1548/1548/1548
f 1549/1549/1549 1548/1548/1548 1539/1539/1539
f 1539/1539/1539 1538/1538/1538 1549/1549/1549
f 1550/1550/1550 1551/1551/1551 1552/1552/1552
f 1552/1552/1552 1553/1553/1553 1550/1550/1550
f 1551/1551/1551 854/854/854 853/853/853
f 853/853/853 1552/1552/1552 1551/1551/1551
f 857/857/857 1554/1554/1554 1555/1555/1555
f 1555/1555/1555 858/858/858 857/857/857
f 1554/1554/1554 1556/1556/1556 1557/1557/1557
f 1557/1557/1557 1555/1555/1555 1554/1554/1554
f 1556/1556/1556 1558/1558/1558 1559/1559/1559
f 1559/1559/1559 1557/1557/1557 1556/1556/1556
f 1558/1558/1558 1550/1550/1550 1553/1553/1553
f 1553/1553/1553 1559/1559/1559 1558/1558/1558
f 1503/1503/1503 1560/1560/1560 1561/1561/1561
f 1561/1561/1561 1562/1562/1562 1503/1503/1503
f 1560/1560/1560 867/867/867 866/866/866
f 866/866/866 1561/1561/1561 1560/1560/1560
f 870/870/870 1563/1563/1563 1564/1564/1564
f 1564/1564/1564 871/871/871 870/870/870
f 1563/1563/1563 1506/1506/1506 1565/1565/1565
f 1565/1565/1565 1564/1564/1564 1563/1563/1563
f 1506/1506/1506 1507/1507/1507 1566/1566/1566
f 1566/1566/1566 1565/1565/1565 1506/1506/1506
f 1507/1507/1507 1503/1503/1503 1562/1562/1562
f 1562/1562/1562 1566/1566/1566 1507/1507/1507
