# Blender 5.2.0 LTS
# www.blender.org
mtllib Untitled7.mtl
o 15395668244
v -0.030529 1.498198 -1.391260
v 0.000000 1.612259 -0.800216
v 0.000000 1.498198 -1.391260
v 0.000000 1.330524 -1.852242
v -0.034405 1.612259 -0.800216
v 0.000000 1.688300 -0.375078
v -0.035291 1.688300 -0.375078
v -0.033285 1.330524 -1.852242
v -0.030412 1.180209 -2.255360
v 0.000000 1.180209 -2.255360
v -0.026074 1.012544 -2.521414
v 0.000000 1.012544 -2.521414
v -0.017712 0.770587 -2.782599
v 0.000000 0.770587 -2.782599
v -0.008598 0.603940 -2.944439
v 0.000000 0.603940 -2.944439
v 0.000000 0.360380 -3.096664
v 0.000000 1.498198 -1.391260
v 0.000000 1.612259 -0.800216
v 0.030529 1.498198 -1.391260
v 0.000000 1.330524 -1.852242
v 0.034405 1.612259 -0.800216
v 0.000000 1.688300 -0.375078
v 0.035291 1.688300 -0.375078
v 0.033285 1.330524 -1.852242
v 0.030412 1.180209 -2.255360
v 0.000000 1.180209 -2.255360
v 0.026074 1.012544 -2.521414
v 0.000000 1.012544 -2.521414
v 0.017712 0.770587 -2.782599
v 0.000000 0.770587 -2.782599
v 0.008598 0.603940 -2.944439
v 0.000000 0.603940 -2.944439
v 0.000000 0.360380 -3.096664
v -0.054346 1.565199 0.335689
v 0.000000 1.519121 0.429381
v 0.000000 1.565199 0.335689
v -0.054346 1.519121 0.429381
v 0.000000 1.424159 0.503754
v -0.054346 1.424159 0.503754
v 0.054346 1.519121 0.429381
v 0.054346 1.565199 0.335689
v 0.000000 1.519121 0.429381
v 0.000000 1.565199 0.335689
v 0.000000 1.424159 0.503754
v 0.054346 1.424159 0.503754
v -0.008550 -1.052029 -0.227016
v 0.000000 -1.053066 -0.229629
v 0.000000 -1.037868 -0.176998
v -0.017320 -1.049858 -0.264936
v 0.000000 -1.051957 -0.270230
v -0.032003 -1.043881 -0.249858
v 0.017320 -1.049858 -0.264936
v -0.015799 -1.049078 -0.219572
v -0.041814 -1.034935 -0.227294
v 0.008550 -1.052029 -0.227016
v 0.032003 -1.043881 -0.249858
v -0.020643 -1.044662 -0.208433
v -0.045259 -1.024383 -0.200678
v 0.015799 -1.049078 -0.219572
v 0.041814 -1.034935 -0.227294
v -0.022343 -1.039453 -0.195293
v -0.041814 -1.013831 -0.174061
v -0.020643 -1.034244 -0.182153
v -0.015799 -1.029827 -0.171014
v -0.032003 -1.004885 -0.151497
v 0.020643 -1.044662 -0.208433
v 0.045259 -1.024383 -0.200678
v 0.022343 -1.039453 -0.195293
v 0.041814 -1.013831 -0.174061
v -0.008550 -1.026876 -0.163571
v -0.017320 -0.998908 -0.136420
v 0.020643 -1.034244 -0.182153
v 0.015799 -1.029827 -0.171014
v 0.032003 -1.004885 -0.151497
v 0.000000 -1.025840 -0.160957
v 0.000000 -0.996809 -0.131126
v 0.017320 -0.998908 -0.136420
v 0.008550 -1.026876 -0.163571
v -0.035291 1.688300 -0.375078
v 0.000000 1.532762 -0.319776
v 0.000000 1.688300 -0.375078
v -0.041663 1.532762 -0.319776
v 0.000000 1.263163 -0.188433
v -0.054346 1.263163 -0.188433
v 0.000000 1.128363 -0.050177
v -0.085423 1.128363 -0.050177
v -0.079578 1.116982 -0.023092
v 0.000000 1.115274 -0.019028
v -0.068950 1.102199 0.012087
v 0.000000 1.102199 0.012087
v -0.054346 1.092721 0.068959
v 0.000000 1.092721 0.068959
v 0.000000 1.114048 0.124251
v -0.054346 1.114048 0.124251
v 0.000000 1.145645 0.174489
v -0.054346 1.145645 0.174489
v 0.000000 1.273986 0.235414
v -0.054346 1.273986 0.235414
v 0.000000 1.369203 0.245708
v -0.054346 1.369203 0.245708
v -0.048526 1.444502 0.253848
v 0.000000 1.444502 0.253848
v 0.000000 1.520617 0.261191
v -0.052414 1.520617 0.261191
v 0.000000 1.688300 -0.375078
v 0.000000 1.532762 -0.319776
v 0.035291 1.688300 -0.375078
v 0.041663 1.532762 -0.319776
v 0.000000 1.263163 -0.188433
v 0.054346 1.263163 -0.188433
v 0.000000 1.128363 -0.050177
v 0.085423 1.128363 -0.050177
v 0.079578 1.116982 -0.023092
v 0.000000 1.115274 -0.019028
v 0.068950 1.102199 0.012087
v 0.000000 1.102199 0.012087
v 0.054346 1.092721 0.068959
v 0.000000 1.092721 0.068959
v 0.000000 1.114048 0.124251
v 0.054346 1.114048 0.124251
v 0.000000 1.145645 0.174489
v 0.054346 1.145645 0.174489
v 0.000000 1.273986 0.235414
v 0.054346 1.273986 0.235414
v 0.000000 1.369203 0.245708
v 0.054346 1.369203 0.245708
v 0.048526 1.444502 0.253848
v 0.000000 1.444502 0.253848
v 0.000000 1.520617 0.261191
v 0.052414 1.520617 0.261191
v 0.000000 1.520617 0.261191
v -0.052414 1.520617 0.261191
v 0.000000 1.565199 0.335689
v -0.054346 1.565199 0.335689
v 0.054346 1.565199 0.335689
v 0.052414 1.520617 0.261191
v 0.000000 1.565199 0.335689
v 0.000000 1.520617 0.261191
v 0.000000 1.237598 0.487369
v -0.054346 1.237598 0.487369
v 0.000000 1.200835 0.494721
v -0.054346 1.200835 0.494721
v -0.054346 1.287157 0.499030
v 0.000000 1.175305 0.511742
v 0.000000 1.287157 0.499030
v -0.054346 1.424159 0.503754
v 0.000000 1.424159 0.503754
v -0.054346 1.175305 0.511742
v 0.000000 1.104298 0.568546
v -0.054346 1.104298 0.568546
v 0.000000 0.968901 0.568199
v -0.054346 0.968901 0.568199
v 0.054346 1.200835 0.494721
v 0.054346 1.237598 0.487369
v 0.000000 1.200835 0.494721
v 0.000000 1.237598 0.487369
v 0.000000 1.175305 0.511742
v 0.054346 1.287157 0.499030
v 0.054346 1.175305 0.511742
v 0.000000 1.287157 0.499030
v 0.054346 1.424159 0.503754
v 0.000000 1.424159 0.503754
v 0.000000 1.104298 0.568546
v 0.054346 1.104298 0.568546
v 0.000000 0.968901 0.568199
v 0.054346 0.968901 0.568199
v -0.016436 0.654736 -0.196780
v 0.000000 0.635706 -0.134305
v 0.000000 0.656305 -0.201934
v -0.027583 0.648001 -0.244656
v 0.000000 0.650636 -0.253305
v -0.050965 0.640499 -0.220028
v 0.027583 0.648001 -0.244656
v -0.030363 0.650267 -0.182111
v -0.066587 0.629273 -0.183174
v 0.016436 0.654736 -0.196780
v 0.050965 0.640499 -0.220028
v -0.039663 0.643585 -0.160172
v -0.072072 0.616033 -0.139706
v 0.030363 0.650267 -0.182111
v 0.066587 0.629273 -0.183174
v -0.042927 0.635706 -0.134305
v -0.066587 0.602792 -0.096237
v -0.039663 0.627826 -0.108438
v -0.030363 0.621144 -0.086499
v -0.050965 0.591566 -0.059383
v 0.039663 0.643585 -0.160172
v 0.072072 0.616033 -0.139706
v -0.016436 0.616675 -0.071830
v -0.027583 0.584064 -0.034756
v 0.042927 0.635706 -0.134305
v 0.066587 0.602792 -0.096237
v 0.039663 0.627826 -0.108438
v 0.030363 0.621144 -0.086499
v 0.050965 0.591566 -0.059383
v 0.000000 0.615106 -0.066676
v 0.000000 0.581430 -0.026107
v 0.027583 0.584064 -0.034756
v 0.016436 0.616675 -0.071830
v -0.033905 -1.517869 -0.323531
v -0.027090 -1.535833 -0.369806
v 0.000000 -1.624182 -0.297700
v -0.015908 -1.612677 -0.446720
v 0.000000 -1.561334 -0.216315
v 0.000000 -1.678663 -0.443515
v -0.032345 -1.481491 -0.271947
v -0.009390 -1.653175 -0.513510
v 0.000000 -1.688300 -0.519152
v 0.000000 -1.682657 -0.590630
v 0.000000 -1.479511 -0.125088
v -0.029432 -1.413571 -0.196565
v 0.000000 -1.388284 -0.068658
v -0.027447 -1.308333 -0.112861
v 0.000000 -1.283679 -0.005267
v -0.025097 -1.220948 -0.065837
v 0.000000 -1.222303 0.025421
v -0.023878 -1.173027 -0.060194
v -0.018939 -1.142012 -0.026899
v 0.000000 -1.177922 0.047611
v 0.000000 -1.083190 0.072815
v -0.013273 -1.062151 0.020688
v -0.008288 -0.983584 0.057130
v 0.000000 -0.987925 0.089444
v 0.000000 -0.882285 0.088471
v 0.027090 -1.535833 -0.369806
v 0.033905 -1.517869 -0.323531
v 0.000000 -1.624182 -0.297700
v 0.015908 -1.612677 -0.446720
v 0.000000 -1.561334 -0.216315
v 0.000000 -1.678663 -0.443515
v 0.032345 -1.481491 -0.271947
v 0.009390 -1.653175 -0.513510
v 0.000000 -1.688300 -0.519152
v 0.000000 -1.682657 -0.590630
v 0.000000 -1.479511 -0.125088
v 0.029432 -1.413571 -0.196565
v 0.000000 -1.388284 -0.068658
v 0.027447 -1.308333 -0.112861
v 0.000000 -1.283679 -0.005267
v 0.025097 -1.220948 -0.065837
v 0.000000 -1.222303 0.025421
v 0.023878 -1.173027 -0.060194
v 0.018939 -1.142012 -0.026899
v 0.000000 -1.177922 0.047611
v 0.000000 -1.083190 0.072815
v 0.013273 -1.062151 0.020688
v 0.008288 -0.983584 0.057130
v 0.000000 -0.987925 0.089444
v 0.000000 -0.882285 0.088471
v 0.000000 0.776317 0.492434
v -0.054346 0.776317 0.492434
v 0.000000 0.706011 0.492434
v -0.054346 0.706011 0.492434
v -0.054346 0.840363 0.486030
v 0.000000 0.641673 0.468148
v 0.000000 0.840363 0.486030
v -0.054346 0.641673 0.468148
v -0.054346 0.881864 0.491356
v 0.000000 0.575281 0.437719
v 0.000000 0.881864 0.491356
v -0.054346 0.575281 0.437719
v -0.054346 0.902481 0.503009
v 0.000000 0.508553 0.381612
v 0.000000 0.902481 0.503009
v -0.054346 0.968901 0.568199
v 0.000000 0.968901 0.568199
v -0.054346 0.508553 0.381612
v 0.000000 0.464851 0.266373
v -0.054346 0.464851 0.266373
v 0.054346 0.706011 0.492434
v 0.054346 0.776317 0.492434
v 0.000000 0.706011 0.492434
v 0.000000 0.776317 0.492434
v 0.000000 0.641673 0.468148
v 0.054346 0.840363 0.486030
v 0.054346 0.641673 0.468148
v 0.000000 0.840363 0.486030
v 0.000000 0.575281 0.437719
v 0.054346 0.881864 0.491356
v 0.054346 0.575281 0.437719
v 0.000000 0.881864 0.491356
v 0.000000 0.508553 0.381612
v 0.054346 0.902481 0.503009
v 0.054346 0.508553 0.381612
v 0.000000 0.464851 0.266373
v 0.054346 0.464851 0.266373
v 0.000000 0.902481 0.503009
v 0.054346 0.968901 0.568199
v 0.000000 0.968901 0.568199
v -0.034405 1.612259 -0.800216
v -0.095030 1.211577 -1.296207
v -0.107396 1.244950 -0.713001
v -0.107396 1.204829 -0.521657
v -0.030529 1.498198 -1.391260
v -0.035291 1.688300 -0.375078
v -0.077592 1.141695 -1.758293
v -0.041663 1.532762 -0.319776
v -0.033285 1.330524 -1.852242
v -0.054346 1.006135 -0.398275
v -0.057120 1.029057 -2.157676
v -0.030412 1.180209 -2.255360
v -0.040826 0.911595 -2.458921
v -0.026074 1.012544 -2.521414
v -0.017712 0.770587 -2.782599
v -0.054346 1.263163 -0.188433
v -0.008330 0.841482 -0.285212
v 0.000000 0.850699 -0.388904
v -0.085423 1.128363 -0.050177
v -0.013542 0.779267 -0.222997
v -0.068839 0.767698 -0.100695
v -0.079578 1.116982 -0.023092
v 0.034405 1.612259 -0.800216
v 0.095030 1.211577 -1.296207
v 0.030529 1.498198 -1.391260
v 0.077592 1.141695 -1.758293
v 0.107396 1.244950 -0.713001
v 0.033285 1.330524 -1.852242
v 0.107396 1.204829 -0.521657
v 0.057120 1.029057 -2.157676
v 0.035291 1.688300 -0.375078
v 0.030412 1.180209 -2.255360
v 0.041663 1.532762 -0.319776
v 0.040826 0.911595 -2.458921
v 0.026074 1.012544 -2.521414
v 0.017712 0.770587 -2.782599
v 0.054346 1.006135 -0.398275
v 0.054346 1.263163 -0.188433
v 0.008330 0.841482 -0.285212
v 0.000000 0.850699 -0.388904
v 0.085423 1.128363 -0.050177
v 0.013542 0.779267 -0.222997
v 0.068839 0.767698 -0.100695
v 0.079578 1.116982 -0.023092
v 0.000000 -0.987071 -0.291484
v 0.000000 -1.021358 -0.297817
v -0.020952 -1.018818 -0.291412
v -0.022513 -0.982664 -0.285490
v 0.000000 -0.903269 -0.306377
v -0.028222 -0.897375 -0.299091
v 0.000000 -0.783464 -0.288537
v -0.038715 -1.011588 -0.273173
v -0.023005 -0.778823 -0.282451
v 0.000000 -0.687753 -0.304330
v -0.041598 -0.970115 -0.268422
v -0.017320 -1.049858 -0.264936
v 0.000000 -1.021358 -0.297817
v 0.000000 -1.051957 -0.270230
v -0.032003 -1.043881 -0.249858
v -0.050584 -1.000766 -0.245876
v -0.041814 -1.034935 -0.227294
v -0.054751 -0.988000 -0.213677
v -0.045259 -1.024383 -0.200678
v -0.041814 -1.013831 -0.174061
v -0.054351 -0.951333 -0.242879
v -0.050584 -0.975235 -0.181479
v -0.032003 -1.004885 -0.151497
v -0.058829 -0.929179 -0.212748
v -0.052148 -0.880590 -0.278343
v -0.068135 -0.855469 -0.247292
v -0.042507 -0.765606 -0.265119
v -0.029311 -0.682421 -0.296695
v 0.000000 -0.566570 -0.283646
v -0.024958 -0.562485 -0.277237
v 0.000000 -0.457910 -0.303474
v -0.054159 -0.667236 -0.274949
v -0.055539 -0.745826 -0.239179
v -0.073749 -0.825836 -0.210664
v -0.033246 -0.452047 -0.295167
v 0.000000 -0.321241 -0.283618
v -0.046116 -0.550855 -0.258985
v -0.070762 -0.644511 -0.242404
v -0.060115 -0.722494 -0.208582
v -0.029445 -0.315730 -0.276433
v 0.000000 -0.229767 -0.308038
v -0.061431 -0.435349 -0.271510
v -0.060254 -0.533448 -0.231670
v -0.076592 -0.617705 -0.204015
v -0.038689 -0.222116 -0.298590
v 0.000000 -0.101745 -0.287325
v -0.054407 -0.300038 -0.255973
v -0.080263 -0.410360 -0.236105
v -0.065218 -0.512916 -0.199449
v -0.033864 -0.094735 -0.279050
v 0.000000 -0.007364 -0.305856
v -0.071488 -0.200329 -0.271685
v -0.071086 -0.276552 -0.225352
v -0.086876 -0.380883 -0.194341
v -0.042493 0.002254 -0.295773
v 0.000000 0.127717 -0.290057
v -0.062573 -0.074775 -0.255484
v -0.093403 -0.167721 -0.231420
v -0.076943 -0.248849 -0.189233
v -0.038871 0.136846 -0.280779
v 0.000000 0.271923 -0.302338
v -0.078517 0.029644 -0.267059
v -0.081755 -0.044902 -0.220216
v -0.101099 -0.129257 -0.183923
v -0.041840 0.278257 -0.291732
v 0.000000 0.436602 -0.279181
v -0.071824 0.162843 -0.254359
v -0.102587 0.070636 -0.224086
v -0.088491 -0.009665 -0.178614
v -0.093843 0.201749 -0.214818
v -0.077311 0.296294 -0.261529
v -0.111040 0.118989 -0.173395
v -0.101011 0.323289 -0.216327
v -0.033293 0.438583 -0.269944
v -0.061517 0.444223 -0.243640
v 0.022513 -0.875693 -0.140005
v 0.000000 -0.954643 -0.129538
v 0.020952 -0.957182 -0.135943
v 0.000000 -0.996809 -0.131126
v 0.017320 -0.998908 -0.136420
v 0.000000 -0.871287 -0.134011
v 0.038715 -0.964413 -0.154182
v 0.032003 -1.004885 -0.151497
v 0.041598 -0.888243 -0.157073
v 0.028222 -0.754298 -0.122238
v 0.000000 -0.748404 -0.114952
v 0.052148 -0.771083 -0.142986
v 0.050584 -0.975235 -0.181479
v 0.041814 -1.013831 -0.174061
v 0.054351 -0.907024 -0.182616
v 0.068135 -0.796204 -0.174037
v 0.054751 -0.988000 -0.213677
v 0.045259 -1.024383 -0.200678
v 0.041814 -1.034935 -0.227294
v 0.058829 -0.929179 -0.212748
v 0.050584 -1.000766 -0.245876
v 0.032003 -1.043881 -0.249858
v 0.054351 -0.951333 -0.242879
v 0.073749 -0.825836 -0.210664
v 0.068135 -0.855469 -0.247292
v 0.038715 -1.011588 -0.273173
v 0.017320 -1.049858 -0.264936
v 0.041598 -0.970115 -0.268422
v 0.000000 -1.021358 -0.297817
v 0.000000 -1.051957 -0.270230
v 0.020952 -1.018818 -0.291412
v 0.022513 -0.982664 -0.285490
v 0.000000 -0.987071 -0.291484
v 0.000000 -1.021358 -0.297817
v 0.000000 -0.903269 -0.306377
v 0.028222 -0.897375 -0.299091
v 0.000000 -0.783464 -0.288537
v 0.052148 -0.880590 -0.278343
v 0.023005 -0.778823 -0.282451
v 0.000000 -0.687753 -0.304330
v 0.042507 -0.765606 -0.265119
v 0.029311 -0.682421 -0.296695
v 0.000000 -0.566570 -0.283646
v 0.055539 -0.745826 -0.239179
v 0.054159 -0.667236 -0.274949
v 0.024958 -0.562485 -0.277237
v 0.000000 -0.457910 -0.303474
v 0.060115 -0.722494 -0.208582
v 0.070762 -0.644511 -0.242404
v 0.046116 -0.550855 -0.258985
v 0.033246 -0.452047 -0.295167
v 0.000000 -0.321241 -0.283618
v 0.055539 -0.699162 -0.177984
v 0.076592 -0.617705 -0.204015
v 0.060254 -0.533448 -0.231670
v 0.061431 -0.435349 -0.271510
v -0.054346 0.881864 0.491356
v -0.087108 0.840825 0.453021
v -0.054346 0.840363 0.486030
v -0.090036 0.840979 0.441974
v -0.085912 0.773612 0.438216
v -0.090028 0.774133 0.448659
v -0.085912 0.841127 0.431465
v -0.054346 0.841482 0.406068
v -0.087108 0.892411 0.459642
v -0.090055 0.895941 0.449027
v -0.085912 0.899298 0.438931
v -0.054346 0.907413 0.414530
v -0.085912 0.935368 0.459319
v -0.054346 0.950676 0.438983
v -0.054346 1.001462 0.488829
v -0.090039 0.929035 0.467733
v -0.085912 0.991120 0.514038
v -0.085912 1.085341 0.514280
v -0.054346 1.076517 0.489022
v -0.087108 0.922376 0.476579
v -0.054346 0.902481 0.503009
v -0.085912 1.143273 0.467934
v -0.054346 1.128363 0.447545
v -0.054346 1.169840 0.419894
v -0.087108 0.982342 0.535435
v -0.054346 0.968901 0.568199
v -0.054346 1.104298 0.568546
v -0.090144 0.986843 0.524463
v -0.087108 1.092830 0.535718
v -0.054346 1.175305 0.511742
v -0.090116 1.088990 0.524726
v -0.087108 1.155927 0.485241
v -0.054346 1.200835 0.494721
v -0.090027 1.149442 0.476372
v -0.087108 1.188040 0.463832
v -0.054346 1.237598 0.487369
v -0.090056 1.183757 0.453493
v -0.087108 1.238163 0.453808
v -0.087097 1.291518 0.466373
v -0.054346 1.287157 0.499030
v -0.085912 1.179684 0.443660
v -0.054346 1.238968 0.406068
v -0.090062 1.238353 0.442573
v -0.085912 1.238533 0.431890
v -0.085830 1.294378 0.444963
v -0.054346 1.297727 0.419894
v -0.054346 1.397962 0.423350
v -0.090005 1.292983 0.455413
v -0.074019 1.405584 0.446743
v -0.073634 1.474096 0.392842
v -0.054346 1.455837 0.378024
v -0.054346 1.484051 0.320654
v -0.078983 1.409716 0.459424
v -0.077401 1.484148 0.400999
v -0.069051 1.505467 0.324622
v -0.055957 1.487226 0.278632
v -0.054346 1.480289 0.279272
v -0.048526 1.444502 0.253848
v -0.057629 1.503299 0.273989
v -0.072971 1.520043 0.327322
v -0.055204 1.518034 0.263665
v -0.052414 1.520617 0.261191
v -0.071149 1.534555 0.330011
v -0.054346 1.565199 0.335689
v -0.054346 1.519121 0.429381
v -0.075078 1.494544 0.409436
v -0.075190 1.414046 0.472716
v -0.054346 1.424159 0.503754
v 0.085912 0.773612 0.438216
v 0.054346 0.720508 0.412981
v 0.054346 0.772354 0.412981
v 0.054346 0.841482 0.406068
v 0.054346 0.840363 0.486030
v 0.087108 0.774681 0.459636
v 0.087108 0.840825 0.453021
v 0.090028 0.774133 0.448659
v 0.054346 0.881864 0.491356
v 0.090036 0.840979 0.441974
v 0.085912 0.841127 0.431465
v 0.085912 0.899298 0.438931
v 0.054346 0.907413 0.414530
v 0.090055 0.895941 0.449027
v 0.087108 0.892411 0.459642
v 0.085912 0.935368 0.459319
v 0.054346 0.950676 0.438983
v 0.054346 1.001462 0.488829
v 0.090039 0.929035 0.467733
v 0.087108 0.922376 0.476579
v 0.054346 0.902481 0.503009
v 0.085912 0.991120 0.514038
v 0.085912 1.085341 0.514280
v 0.054346 1.076517 0.489022
v 0.090144 0.986843 0.524463
v 0.090116 1.088990 0.524726
v 0.085912 1.143273 0.467934
v 0.054346 1.128363 0.447545
v 0.090027 1.149442 0.476372
v 0.054346 1.169840 0.419894
v 0.087108 0.982342 0.535435
v 0.054346 0.968901 0.568199
v 0.054346 1.104298 0.568546
v 0.087108 1.092830 0.535718
v 0.054346 1.175305 0.511742
v 0.087108 1.155927 0.485241
v 0.054346 1.200835 0.494721
v 0.087108 1.188040 0.463832
v 0.054346 1.237598 0.487369
v 0.090056 1.183757 0.453493
v 0.087108 1.238163 0.453808
v 0.085912 1.179684 0.443660
v 0.054346 1.238968 0.406068
v 0.090062 1.238353 0.442573
v 0.085912 1.238533 0.431890
v 0.085830 1.294378 0.444963
v 0.054346 1.297727 0.419894
v 0.054346 1.397962 0.423350
v 0.090005 1.292983 0.455413
v 0.074019 1.405584 0.446743
v 0.073634 1.474096 0.392842
v 0.054346 1.455837 0.378024
v 0.054346 1.484051 0.320654
v 0.087097 1.291518 0.466373
v 0.054346 1.287157 0.499030
v 0.078983 1.409716 0.459424
v 0.075190 1.414046 0.472716
v 0.054346 1.424159 0.503754
v 0.054346 1.519121 0.429381
v 0.075078 1.494544 0.409436
v 0.077401 1.484148 0.400999
v 0.071149 1.534555 0.330011
v 0.054346 1.565199 0.335689
v 0.052414 1.520617 0.261191
v 0.072971 1.520043 0.327322
v 0.055204 1.518034 0.263665
v 0.048526 1.444502 0.253848
v 0.069051 1.505467 0.324622
v 0.057629 1.503299 0.273989
v 0.055957 1.487226 0.278632
v 0.054346 1.480289 0.279272
v 0.039597 0.844938 0.126099
v 0.064016 0.793038 0.174361
v 0.054346 0.777235 0.169066
v 0.069022 0.774664 0.213787
v 0.054346 0.751296 0.193927
v 0.066135 0.808072 0.178051
v 0.062757 0.823091 0.181737
v 0.054346 0.843115 0.186653
v 0.072008 0.785922 0.223355
v 0.067639 0.796929 0.232709
v 0.054346 0.813831 0.247073
v 0.054346 0.780713 0.270381
v 0.070607 0.769360 0.250242
v 0.054346 0.729661 0.293208
v 0.075152 0.762757 0.238579
v 0.071718 0.755958 0.226652
v 0.054346 0.741268 0.200984
v 0.073857 0.721389 0.271713
v 0.078859 0.716866 0.259961
v 0.075234 0.712173 0.247767
v 0.054346 0.701083 0.218951
v 0.054346 0.644130 0.237466
v 0.076555 0.657975 0.291744
v 0.054346 0.663809 0.314615
v 0.054346 0.607397 0.325184
v 0.081878 0.572445 0.304638
v 0.080464 0.654992 0.280048
v 0.077925 0.651886 0.267873
v 0.083147 0.522089 0.285598
v 0.054346 0.464851 0.266373
v 0.086258 0.555561 0.295355
v 0.087170 0.528591 0.360176
v 0.054346 0.464851 0.266373
v 0.054346 0.508553 0.381612
v 0.054346 0.575281 0.437719
v 0.090107 0.552773 0.356812
v 0.087108 0.596692 0.411453
v 0.054346 0.641673 0.468148
v 0.085820 0.574296 0.353598
v 0.054346 0.607397 0.325184
v 0.054346 0.606457 0.345875
v 0.090077 0.603859 0.402659
v 0.085912 0.610674 0.394299
v 0.054346 0.627147 0.374089
v 0.087108 0.654312 0.437862
v 0.090027 0.658542 0.427726
v 0.085912 0.662566 0.418083
v 0.054346 0.672291 0.394780
v 0.085912 0.715904 0.438216
v 0.087108 0.711995 0.459636
v 0.054346 0.706011 0.492434
v 0.054346 0.776317 0.492434
v 0.090052 0.713998 0.448657
v -0.064016 0.793038 0.174361
v -0.039597 0.844938 0.126099
v -0.054346 0.777235 0.169066
v -0.069022 0.774664 0.213787
v -0.054346 0.751296 0.193927
v -0.066135 0.808072 0.178051
v -0.062757 0.823091 0.181737
v -0.054346 0.843115 0.186653
v -0.072008 0.785922 0.223355
v -0.067639 0.796929 0.232709
v -0.054346 0.813831 0.247073
v -0.054346 0.780713 0.270381
v -0.070607 0.769360 0.250242
v -0.054346 0.729661 0.293208
v -0.075152 0.762757 0.238579
v -0.073857 0.721389 0.271713
v -0.076555 0.657975 0.291744
v -0.054346 0.663809 0.314615
v -0.054346 0.607397 0.325184
v -0.081878 0.572445 0.304638
v -0.071718 0.755958 0.226652
v -0.054346 0.741268 0.200984
v -0.078859 0.716866 0.259961
v -0.075234 0.712173 0.247767
v -0.054346 0.701083 0.218951
v -0.054346 0.644130 0.237466
v -0.080464 0.654992 0.280048
v -0.077925 0.651886 0.267873
v -0.083147 0.522089 0.285598
v -0.054346 0.464851 0.266373
v -0.086258 0.555561 0.295355
v -0.087170 0.528591 0.360176
v -0.054346 0.464851 0.266373
v -0.054346 0.508553 0.381612
v -0.054346 0.575281 0.437719
v -0.090107 0.552773 0.356812
v -0.087108 0.596692 0.411453
v -0.054346 0.641673 0.468148
v -0.085820 0.574296 0.353598
v -0.054346 0.607397 0.325184
v -0.054346 0.606457 0.345875
v -0.090077 0.603859 0.402659
v -0.085912 0.610674 0.394299
v -0.054346 0.627147 0.374089
v -0.087108 0.654312 0.437862
v -0.087108 0.711995 0.459636
v -0.054346 0.706011 0.492434
v -0.054346 0.776317 0.492434
v -0.085912 0.662566 0.418083
v -0.054346 0.672291 0.394780
v -0.090027 0.658542 0.427726
v -0.085912 0.715904 0.438216
v -0.054346 0.720508 0.412981
v -0.090052 0.713998 0.448657
v -0.054346 0.772354 0.412981
v -0.087108 0.774681 0.459636
v 0.029445 -0.315730 -0.276433
v 0.000000 -0.229767 -0.308038
v 0.038689 -0.222116 -0.298590
v 0.000000 -0.101745 -0.287325
v 0.054407 -0.300038 -0.255973
v 0.080263 -0.410360 -0.236105
v 0.065218 -0.512916 -0.199449
v 0.033864 -0.094735 -0.279050
v 0.000000 -0.007364 -0.305856
v 0.071488 -0.200329 -0.271685
v 0.071086 -0.276552 -0.225352
v 0.086876 -0.380883 -0.194341
v 0.042493 0.002254 -0.295773
v 0.000000 0.127717 -0.290057
v 0.062573 -0.074775 -0.255484
v 0.093403 -0.167721 -0.231420
v 0.076943 -0.248849 -0.189233
v 0.038871 0.136846 -0.280779
v 0.000000 0.271923 -0.302338
v 0.078517 0.029644 -0.267059
v 0.081755 -0.044902 -0.220216
v 0.101099 -0.129257 -0.183923
v 0.041840 0.278257 -0.291732
v 0.000000 0.436602 -0.279181
v 0.071824 0.162843 -0.254359
v 0.102587 0.070636 -0.224086
v 0.088491 -0.009665 -0.178614
v 0.093843 0.201749 -0.214818
v 0.077311 0.296294 -0.261529
v 0.111040 0.118989 -0.173395
v 0.101011 0.323289 -0.216327
v 0.033293 0.438583 -0.269944
v 0.061517 0.444223 -0.243640
v 0.032201 0.605866 -0.275288
v 0.000000 0.608942 -0.285385
v 0.027583 0.648001 -0.244656
v 0.000000 0.650636 -0.253305
v 0.059499 0.597108 -0.246535
v 0.050965 0.640499 -0.220028
v 0.077739 0.584000 -0.203504
v 0.066587 0.629273 -0.183174
v 0.080376 0.452664 -0.204274
v 0.084145 0.568538 -0.152744
v 0.072072 0.616033 -0.139706
v 0.066587 0.602792 -0.096237
v 0.077739 0.553077 -0.101985
v 0.050965 0.591566 -0.059383
v 0.086998 0.462621 -0.157838
v 0.109334 0.355132 -0.163007
v 0.080376 0.472578 -0.111402
v 0.101011 0.386975 -0.109687
v 0.101574 0.247643 -0.168176
v 0.093843 0.293537 -0.121534
v 0.102587 0.167342 -0.122704
v 0.081755 0.025573 -0.137012
v 0.078517 0.208334 -0.079731
v 0.071824 0.332443 -0.081993
v 0.077311 0.413970 -0.064485
v 0.093403 -0.090793 -0.136427
v 0.062573 0.055446 -0.101743
v 0.071488 -0.058185 -0.096161
v 0.071086 -0.221146 -0.153113
v 0.054407 -0.197661 -0.122492
v 0.038689 -0.036397 -0.069257
v 0.080263 -0.351405 -0.152578
v 0.061431 -0.326416 -0.117172
v 0.029445 -0.181968 -0.102032
v 0.033246 -0.309718 -0.093515
v 0.000000 -0.303855 -0.085208
v 0.000000 -0.176458 -0.094848
v 0.000000 -0.459262 -0.115253
v 0.000000 -0.028747 -0.059809
v 0.024958 -0.463346 -0.121662
v 0.000000 -0.547657 -0.103700
v 0.033864 0.075406 -0.078178
v 0.000000 0.082415 -0.069903
v 0.042493 0.235724 -0.051017
v 0.000000 0.245342 -0.040934
v 0.038871 0.358440 -0.055573
v 0.000000 0.367569 -0.046295
v 0.041840 0.432008 -0.034282
v 0.000000 0.438342 -0.023676
v 0.033293 0.486660 -0.045731
v 0.000000 0.488640 -0.036495
v 0.061517 0.481019 -0.072035
v 0.000000 0.528136 -0.020103
v 0.032201 0.531211 -0.030200
v 0.000000 0.581430 -0.026107
v 0.027583 0.584064 -0.034756
v 0.059499 0.539969 -0.058953
v -0.014358 0.668662 -0.209171
v -0.068950 1.102199 0.012087
v -0.068839 0.661587 -0.124270
v -0.068839 0.600263 -0.137895
v -0.025315 0.615664 -0.216084
v -0.040185 0.755072 0.032777
v -0.022572 0.654836 -0.043264
v -0.039597 0.844938 0.126099
v -0.068839 0.661587 -0.124270
v -0.022572 0.585708 -0.064002
v -0.068839 0.600263 -0.137895
v -0.054346 1.092721 0.068959
v -0.054346 0.984213 0.209802
v -0.054346 0.843115 0.186653
v -0.054346 1.114048 0.124251
v -0.054346 1.145645 0.174489
v -0.054346 0.813831 0.247073
v -0.054346 1.169840 0.419894
v -0.054346 1.238968 0.406068
v -0.054346 1.273986 0.235414
v -0.054346 1.297727 0.419894
v -0.054346 1.369203 0.245708
v -0.054346 1.397962 0.423350
v -0.054346 1.455837 0.378024
v -0.048526 1.444502 0.253848
v -0.054346 1.484051 0.320654
v -0.054346 1.480289 0.279272
v -0.054346 1.128363 0.447545
v -0.054346 1.076517 0.489022
v -0.054346 1.001462 0.488829
v -0.054346 0.950676 0.438983
v -0.054346 0.907413 0.414530
v -0.054346 0.841482 0.406068
v -0.054346 0.772354 0.412981
v -0.054346 0.780713 0.270381
v -0.054346 0.720508 0.412981
v -0.054346 0.729661 0.293208
v -0.054346 0.672291 0.394780
v -0.054346 0.663809 0.314615
v -0.054346 0.627147 0.374089
v -0.054346 0.606457 0.345875
v -0.054346 0.607397 0.325184
v 0.014358 0.668662 -0.209171
v 0.068950 1.102199 0.012087
v 0.068839 0.661587 -0.124270
v 0.068839 0.600263 -0.137895
v 0.025315 0.615664 -0.216084
v 0.040185 0.755072 0.032777
v 0.022572 0.654836 -0.043264
v 0.039597 0.844938 0.126099
v 0.068839 0.661587 -0.124270
v 0.022572 0.585708 -0.064002
v 0.068839 0.600263 -0.137895
v 0.054346 1.092721 0.068959
v 0.054346 0.984213 0.209802
v 0.054346 1.114048 0.124251
v 0.054346 0.843115 0.186653
v 0.054346 1.145645 0.174489
v 0.054346 0.813831 0.247073
v 0.054346 1.169840 0.419894
v 0.054346 1.238968 0.406068
v 0.054346 1.273986 0.235414
v 0.054346 1.297727 0.419894
v 0.054346 1.369203 0.245708
v 0.054346 1.397962 0.423350
v 0.054346 1.455837 0.378024
v 0.048526 1.444502 0.253848
v 0.054346 1.484051 0.320654
v 0.054346 1.480289 0.279272
v 0.054346 1.128363 0.447545
v 0.054346 1.076517 0.489022
v 0.054346 1.001462 0.488829
v 0.054346 0.950676 0.438983
v 0.054346 0.907413 0.414530
v 0.054346 0.841482 0.406068
v 0.054346 0.772354 0.412981
v 0.054346 0.780713 0.270381
v 0.054346 0.720508 0.412981
v 0.054346 0.729661 0.293208
v 0.054346 0.672291 0.394780
v 0.054346 0.663809 0.314615
v 0.054346 0.627147 0.374089
v 0.054346 0.606457 0.345875
v 0.054346 0.607397 0.325184
v 0.070762 -0.590899 -0.165627
v 0.042507 -0.679382 -0.152044
v 0.060254 -0.492384 -0.167229
v 0.054159 -0.568174 -0.133082
v 0.046116 -0.474977 -0.139914
v 0.023005 -0.666165 -0.134712
v 0.000000 -0.661524 -0.128626
v 0.029311 -0.552989 -0.111336
v -0.032201 0.605866 -0.275288
v 0.000000 0.608942 -0.285385
v -0.027583 0.648001 -0.244656
v 0.000000 0.650636 -0.253305
v -0.059499 0.597108 -0.246535
v -0.050965 0.640499 -0.220028
v -0.077739 0.584000 -0.203504
v -0.066587 0.629273 -0.183174
v -0.080376 0.452664 -0.204274
v -0.084145 0.568538 -0.152744
v -0.072072 0.616033 -0.139706
v -0.066587 0.602792 -0.096237
v -0.077739 0.553077 -0.101985
v -0.050965 0.591566 -0.059383
v -0.086998 0.462621 -0.157838
v -0.059499 0.539969 -0.058953
v -0.027583 0.584064 -0.034756
v -0.080376 0.472578 -0.111402
v -0.061517 0.481019 -0.072035
v -0.032201 0.531211 -0.030200
v 0.000000 0.581430 -0.026107
v 0.000000 0.528136 -0.020103
v -0.033293 0.486660 -0.045731
v 0.000000 0.488640 -0.036495
v 0.000000 0.438342 -0.023676
v -0.041840 0.432008 -0.034282
v 0.000000 0.367569 -0.046295
v -0.077311 0.413970 -0.064485
v -0.038871 0.358440 -0.055573
v 0.000000 0.245342 -0.040934
v -0.101011 0.386975 -0.109687
v -0.071824 0.332443 -0.081993
v -0.042493 0.235724 -0.051017
v 0.000000 0.082415 -0.069903
v -0.109334 0.355132 -0.163007
v -0.093843 0.293537 -0.121534
v -0.101574 0.247643 -0.168176
v -0.102587 0.167342 -0.122704
v -0.078517 0.208334 -0.079731
v -0.081755 0.025573 -0.137012
v -0.062573 0.055446 -0.101743
v -0.033864 0.075406 -0.078178
v 0.000000 -0.028747 -0.059809
v -0.038689 -0.036397 -0.069257
v 0.000000 -0.176458 -0.094848
v -0.071488 -0.058185 -0.096161
v -0.029445 -0.181968 -0.102032
v 0.000000 -0.303855 -0.085208
v -0.093403 -0.090793 -0.136427
v -0.054407 -0.197661 -0.122492
v -0.071086 -0.221146 -0.153113
v -0.033246 -0.309718 -0.093515
v 0.000000 -0.459262 -0.115253
v -0.080263 -0.351405 -0.152578
v -0.061431 -0.326416 -0.117172
v -0.024958 -0.463346 -0.121662
v 0.000000 -0.547657 -0.103700
v -0.046116 -0.474977 -0.139914
v -0.060254 -0.492384 -0.167229
v -0.029311 -0.552989 -0.111336
v 0.000000 -0.661524 -0.128626
v -0.070762 -0.590899 -0.165627
v -0.054159 -0.568174 -0.133082
v -0.023005 -0.666165 -0.134712
v 0.000000 -0.748404 -0.114952
v -0.042507 -0.679382 -0.152044
v -0.055539 -0.699162 -0.177984
v -0.028222 -0.754298 -0.122238
v 0.000000 -0.871287 -0.134011
v -0.068135 -0.796204 -0.174037
v -0.052148 -0.771083 -0.142986
v -0.022513 -0.875693 -0.140005
v 0.000000 -0.954643 -0.129538
v -0.041598 -0.888243 -0.157073
v -0.054351 -0.907024 -0.182616
v -0.020952 -0.957182 -0.135943
v 0.000000 -0.996809 -0.131126
v -0.017320 -0.998908 -0.136420
v -0.038715 -0.964413 -0.154182
v -0.008330 0.841482 -0.285212
v 0.000000 0.850699 -0.388904
v 0.000000 0.841482 -0.285212
v 0.000000 0.779267 -0.222997
v -0.013542 0.779267 -0.222997
v 0.000000 0.668662 -0.209171
v -0.014358 0.668662 -0.209171
v 0.000000 0.615664 -0.216084
v -0.025315 0.615664 -0.216084
v 0.000000 0.850699 -0.388904
v 0.008330 0.841482 -0.285212
v 0.000000 0.841482 -0.285212
v 0.000000 0.779267 -0.222997
v 0.013542 0.779267 -0.222997
v 0.000000 0.668662 -0.209171
v 0.014358 0.668662 -0.209171
v 0.000000 0.615664 -0.216084
v 0.025315 0.615664 -0.216084
v -0.024050 -1.187638 -0.238412
v -0.030650 -1.228913 -0.247855
v -0.029253 -1.182322 -0.173564
v -0.025097 -1.220948 -0.065837
v -0.027447 -1.308333 -0.112861
v -0.023878 -1.173027 -0.060194
v -0.032347 -1.268485 -0.256908
v -0.029432 -1.413571 -0.196565
v -0.036088 -1.355732 -0.276869
v -0.032345 -1.481491 -0.271947
v -0.036363 -1.449385 -0.318530
v -0.033905 -1.517869 -0.323531
v -0.027090 -1.535833 -0.369806
v -0.017239 -1.125106 -0.114742
v -0.029240 -1.138022 -0.182667
v -0.018921 -1.149928 -0.245275
v -0.008337 -1.055564 -0.142270
v -0.009626 -1.085642 -0.258637
v -0.025331 -1.069594 -0.196549
v -0.006586 -1.014741 -0.272062
v -0.020420 -0.990337 -0.211576
v -0.004424 -0.964313 -0.147077
v 0.030650 -1.228913 -0.247855
v 0.024050 -1.187638 -0.238412
v 0.029253 -1.182322 -0.173564
v 0.025097 -1.220948 -0.065837
v 0.027447 -1.308333 -0.112861
v 0.023878 -1.173027 -0.060194
v 0.032347 -1.268485 -0.256908
v 0.029432 -1.413571 -0.196565
v 0.036088 -1.355732 -0.276869
v 0.032345 -1.481491 -0.271947
v 0.036363 -1.449385 -0.318530
v 0.033905 -1.517869 -0.323531
v 0.027090 -1.535833 -0.369806
v 0.017239 -1.125106 -0.114742
v 0.029240 -1.138022 -0.182667
v 0.018921 -1.149928 -0.245275
v 0.008337 -1.055564 -0.142270
v 0.009626 -1.085642 -0.258637
v 0.025331 -1.069594 -0.196549
v 0.006586 -1.014741 -0.272062
v 0.020420 -0.990337 -0.211576
v 0.004424 -0.964313 -0.147077
v 0.000000 0.855307 -0.620483
v -0.107396 1.204829 -0.521657
v -0.107396 1.244950 -0.713001
v -0.054346 1.006135 -0.398275
v 0.000000 0.850699 -0.388904
v 0.000000 0.820743 -1.166594
v -0.095030 1.211577 -1.296207
v 0.000000 0.788213 -1.582426
v -0.077592 1.141695 -1.758293
v 0.000000 0.732130 -1.987825
v -0.057120 1.029057 -2.157676
v 0.000000 0.668035 -2.317913
v -0.040826 0.911595 -2.458921
v 0.000000 0.578795 -2.580261
v -0.017712 0.770587 -2.782599
v 0.000000 0.481897 -2.839610
v -0.008598 0.603940 -2.944439
v 0.000000 0.360380 -3.096664
v 0.107396 1.204829 -0.521657
v 0.000000 0.855307 -0.620483
v 0.107396 1.244950 -0.713001
v 0.054346 1.006135 -0.398275
v 0.000000 0.850699 -0.388904
v 0.000000 0.820743 -1.166594
v 0.095030 1.211577 -1.296207
v 0.000000 0.788213 -1.582426
v 0.077592 1.141695 -1.758293
v 0.000000 0.732130 -1.987825
v 0.057120 1.029057 -2.157676
v 0.000000 0.668035 -2.317913
v 0.040826 0.911595 -2.458921
v 0.000000 0.578795 -2.580261
v 0.017712 0.770587 -2.782599
v 0.000000 0.481897 -2.839610
v 0.008598 0.603940 -2.944439
v 0.000000 0.360380 -3.096664
v 0.000000 0.755072 0.032777
v -0.022572 0.654836 -0.043264
v 0.000000 0.654836 -0.043264
v 0.000000 0.585708 -0.064002
v -0.022572 0.585708 -0.064002
v -0.040185 0.755072 0.032777
v -0.039597 0.844938 0.126099
v 0.000000 0.844938 0.126099
v 0.000000 0.755072 0.032777
v 0.022572 0.654836 -0.043264
v 0.040185 0.755072 0.032777
v 0.039597 0.844938 0.126099
v 0.000000 0.844938 0.126099
v 0.000000 0.654836 -0.043264
v 0.000000 0.585708 -0.064002
v 0.022572 0.585708 -0.064002
v 0.000000 0.600780 -0.140521
v -0.025315 0.615664 -0.216084
v 0.000000 0.615664 -0.216084
v -0.068839 0.600263 -0.137895
v 0.025315 0.615664 -0.216084
v -0.022572 0.585708 -0.064002
v 0.068839 0.600263 -0.137895
v 0.000000 0.585708 -0.064002
v 0.022572 0.585708 -0.064002
v 0.000000 -1.228850 -0.247855
v -0.024050 -1.187638 -0.238412
v 0.000000 -1.187537 -0.238412
v -0.018921 -1.149928 -0.245275
v -0.030650 -1.228913 -0.247855
v 0.000000 -1.149792 -0.245275
v 0.000000 -1.268458 -0.256908
v -0.009626 -1.085642 -0.258637
v -0.032347 -1.268485 -0.256908
v 0.000000 -1.085446 -0.258637
v -0.006586 -1.014741 -0.272062
v 0.000000 -1.014481 -0.272062
v 0.000000 -1.355785 -0.276869
v -0.036088 -1.355732 -0.276869
v -0.036363 -1.449385 -0.318530
v 0.000000 -1.449524 -0.318530
v -0.027090 -1.535833 -0.369806
v 0.000000 -1.536052 -0.369806
v -0.015908 -1.612677 -0.446720
v 0.000000 -1.612965 -0.446720
v -0.009390 -1.653175 -0.513510
v 0.000000 -1.653502 -0.513510
v 0.000000 -1.682657 -0.590630
v 0.024050 -1.187638 -0.238412
v 0.000000 -1.228850 -0.247855
v 0.000000 -1.187537 -0.238412
v 0.030650 -1.228913 -0.247855
v 0.018921 -1.149928 -0.245275
v 0.000000 -1.268458 -0.256908
v 0.000000 -1.149792 -0.245275
v 0.032347 -1.268485 -0.256908
v 0.009626 -1.085642 -0.258637
v 0.000000 -1.355785 -0.276869
v 0.000000 -1.085446 -0.258637
v 0.006586 -1.014741 -0.272062
v 0.000000 -1.014481 -0.272062
v 0.036088 -1.355732 -0.276869
v 0.036363 -1.449385 -0.318530
v 0.000000 -1.449524 -0.318530
v 0.027090 -1.535833 -0.369806
v 0.000000 -1.536052 -0.369806
v 0.015908 -1.612677 -0.446720
v 0.000000 -1.612965 -0.446720
v 0.009390 -1.653175 -0.513510
v 0.000000 -1.653502 -0.513510
v 0.000000 -1.682657 -0.590630
v -0.054346 0.741268 0.200984
v 0.000000 0.751296 0.193927
v 0.000000 0.741268 0.200984
v -0.054346 0.751296 0.193927
v -0.054346 0.701083 0.218951
v 0.000000 0.777235 0.169066
v 0.000000 0.701083 0.218951
v -0.054346 0.777235 0.169066
v -0.039597 0.844938 0.126099
v 0.000000 0.844938 0.126099
v -0.054346 0.644130 0.237466
v 0.000000 0.644130 0.237466
v -0.054346 0.464851 0.266373
v 0.000000 0.464851 0.266373
v 0.000000 0.751296 0.193927
v 0.054346 0.751296 0.193927
v 0.054346 0.741268 0.200984
v 0.000000 0.741268 0.200984
v 0.000000 0.777235 0.169066
v 0.054346 0.701083 0.218951
v 0.054346 0.777235 0.169066
v 0.039597 0.844938 0.126099
v 0.000000 0.844938 0.126099
v 0.000000 0.701083 0.218951
v 0.054346 0.644130 0.237466
v 0.000000 0.644130 0.237466
v 0.054346 0.464851 0.266373
v 0.000000 0.464851 0.266373
v 0.000000 -1.124947 -0.114742
v 0.000000 -1.055341 -0.142270
v -0.008337 -1.055564 -0.142270
v -0.004424 -0.964313 -0.147077
v 0.000000 -0.964006 -0.147077
v -0.017239 -1.125106 -0.114742
v 0.000000 -1.172912 -0.060194
v -0.023878 -1.173027 -0.060194
v 0.000000 -1.055341 -0.142270
v 0.000000 -1.124947 -0.114742
v 0.008337 -1.055564 -0.142270
v 0.004424 -0.964313 -0.147077
v 0.000000 -0.964006 -0.147077
v 0.017239 -1.125106 -0.114742
v 0.000000 -1.172912 -0.060194
v 0.023878 -1.173027 -0.060194
v 0.000000 -1.061934 0.020688
v -0.008288 -0.983584 0.057130
v 0.000000 -0.983295 0.057130
v 0.000000 -0.882285 0.088471
v -0.013273 -1.062151 0.020688
v 0.000000 -1.141869 -0.026899
v -0.018939 -1.142012 -0.026899
v 0.000000 -1.172912 -0.060194
v -0.023878 -1.173027 -0.060194
v 0.000000 -1.061934 0.020688
v 0.008288 -0.983584 0.057130
v 0.013273 -1.062151 0.020688
v 0.000000 -0.983295 0.057130
v 0.000000 -0.882285 0.088471
v 0.000000 -1.141869 -0.026899
v 0.018939 -1.142012 -0.026899
v 0.000000 -1.172912 -0.060194
v 0.023878 -1.173027 -0.060194
v -0.006586 -1.014741 -0.272062
v 0.000000 -0.990352 -0.212315
v 0.000000 -1.014481 -0.272062
v 0.006586 -1.014741 -0.272062
v -0.020420 -0.990337 -0.211576
v 0.020420 -0.990337 -0.211576
v -0.004424 -0.964313 -0.147077
v 0.004424 -0.964313 -0.147077
v 0.000000 -0.964006 -0.147077
vn 0.0006 0.9639 -0.2661
vn 0.0006 0.9831 -0.1833
vn 0.0005 0.9639 -0.2662
vn 0.0005 0.9385 -0.3453
vn 0.0005 0.9831 -0.1832
vn 0.0005 0.9843 -0.1763
vn 0.0004 0.9843 -0.1763
vn 0.0005 0.8960 -0.4441
vn 0.0005 0.7931 -0.6091
vn 0.0005 0.7151 -0.6990
vn 0.0005 0.7151 -0.6991
vn 0.0005 0.6167 -0.7872
vn 0.0004 0.6166 -0.7873
vn 0.0004 0.5304 -0.8477
vn 0.0004 0.9639 -0.2662
vn 0.0005 0.8975 0.4410
vn 0.0004 0.7767 0.6299
vn 0.0004 0.7767 0.6298
vn -0.0000 0.6166 0.7873
vn 0.0003 0.6166 0.7873
vn 0.0005 0.7768 0.6298
vn -0.1549 -0.9775 0.1432
vn 0.0005 -0.9918 0.1275
vn 0.0005 -0.9135 0.4069
vn -0.2418 -0.9703 0.0005
vn 0.0005 -0.9996 -0.0269
vn -0.4294 -0.9000 0.0747
vn 0.2418 -0.9703 0.0005
vn -0.2818 -0.9407 0.1890
vn -0.5389 -0.8229 0.1803
vn 0.1549 -0.9775 0.1432
vn 0.4294 -0.9000 0.0747
vn -0.3679 -0.8941 0.2555
vn -0.5722 -0.7622 0.3027
vn 0.2818 -0.9407 0.1890
vn 0.5389 -0.8229 0.1803
vn -0.4088 -0.8479 0.3375
vn -0.5346 -0.7257 0.4331
vn -0.4011 -0.8081 0.4314
vn -0.3327 -0.7799 0.5301
vn -0.4226 -0.7124 0.5603
vn 0.3679 -0.8941 0.2555
vn 0.5722 -0.7623 0.3025
vn 0.4088 -0.8479 0.3375
vn 0.5346 -0.7257 0.4331
vn -0.1940 -0.7642 0.6151
vn -0.2369 -0.7141 0.6588
vn 0.4011 -0.8081 0.4314
vn 0.3327 -0.7799 0.5301
vn 0.4226 -0.7124 0.5603
vn 0.0005 -0.7599 0.6500
vn 0.0005 -0.7166 0.6975
vn 0.2369 -0.7141 0.6588
vn 0.1940 -0.7642 0.6151
vn 0.0005 0.3350 0.9422
vn 0.0004 0.3869 0.9221
vn 0.0003 0.3350 0.9422
vn 0.0005 0.3870 0.9221
vn 0.0004 0.5859 0.8104
vn 0.0005 0.5860 0.8103
vn 0.0003 0.8335 0.5525
vn 0.0005 0.8334 0.5526
vn 0.0003 0.9219 0.3873
vn 0.0005 0.9220 0.3873
vn 0.0005 0.9606 0.2780
vn 0.0003 0.9606 0.2779
vn 0.0005 0.9949 -0.1012
vn -0.0000 0.9949 -0.1013
vn 0.0003 0.8940 -0.4481
vn 0.0005 0.8940 -0.4480
vn 0.0005 0.6641 -0.7477
vn 0.0003 0.6641 -0.7477
vn 0.0005 0.2716 -0.9624
vn 0.0006 0.2716 -0.9624
vn 0.0003 0.1074 -0.9942
vn 0.0005 0.1015 -0.9948
vn 0.0005 0.1014 -0.9948
vn 0.0004 0.0957 -0.9954
vn 0.0004 0.8335 0.5526
vn 0.0004 0.9606 0.2780
vn 0.0006 0.8580 -0.5136
vn 0.0005 0.8580 -0.5136
vn 0.0007 0.8580 -0.5136
vn 0.0005 -0.0167 0.9999
vn 0.0003 0.3828 0.9238
vn 0.0004 0.3829 0.9238
vn -0.0000 -0.1324 0.9912
vn 0.0004 0.5900 0.8074
vn 0.0005 -0.0343 0.9994
vn 0.0006 -0.0343 0.9994
vn 0.0005 0.5900 0.8074
vn 0.0006 0.3300 0.9440
vn 0.0005 -0.0031 1.0000
vn 0.0005 -0.0030 1.0000
vn -0.1236 0.9863 0.1089
vn 0.0006 0.9565 0.2918
vn 0.0005 0.9956 0.0933
vn -0.2418 0.9671 -0.0796
vn 0.0004 0.9939 -0.1099
vn -0.4292 0.9032 0.0005
vn 0.2418 0.9671 -0.0796
vn -0.2214 0.9634 0.1510
vn -0.5388 0.8351 0.1109
vn 0.1236 0.9863 0.1089
vn 0.4292 0.9032 0.0005
vn -0.2810 0.9363 0.2106
vn -0.5733 0.7836 0.2394
vn 0.2214 0.9634 0.1510
vn 0.5388 0.8351 0.1109
vn -0.3004 0.9124 0.2780
vn -0.5357 0.7578 0.3726
vn -0.2789 0.8957 0.3463
vn -0.2183 0.8857 0.4097
vn -0.4238 0.7546 0.5010
vn 0.2810 0.9363 0.2106
vn 0.5733 0.7836 0.2394
vn -0.1217 0.8816 0.4560
vn -0.2378 0.7637 0.6002
vn 0.3004 0.9124 0.2780
vn 0.5357 0.7578 0.3726
vn 0.2789 0.8957 0.3463
vn 0.2183 0.8857 0.4097
vn 0.4238 0.7546 0.5010
vn 0.0005 0.8809 0.4733
vn 0.0006 0.7697 0.6384
vn 0.2378 0.7637 0.6002
vn 0.1217 0.8816 0.4560
vn -0.9554 -0.2816 0.0894
vn -0.9627 -0.2688 0.0327
vn -0.9605 -0.2638 0.0884
vn -0.9698 -0.2355 0.0639
vn -0.9501 -0.2346 0.2057
vn -0.9697 -0.2356 0.0640
vn -0.9684 -0.2492 0.0103
vn -0.9667 -0.2552 -0.0201
vn -0.9528 -0.1945 0.2330
vn -0.9512 -0.1594 0.2643
vn -0.9562 -0.1125 0.2702
vn -0.9679 -0.0842 0.2370
vn -0.9679 -0.0841 0.2370
vn -0.9733 -0.0763 0.2164
vn -0.9725 -0.0519 0.2271
vn -0.9701 -0.0207 0.2419
vn -0.9701 -0.0206 0.2419
vn -0.9686 0.0023 0.2487
vn 0.9627 -0.2688 0.0327
vn 0.9554 -0.2816 0.0894
vn 0.9605 -0.2638 0.0884
vn 0.9697 -0.2356 0.0640
vn 0.9501 -0.2346 0.2057
vn 0.9684 -0.2492 0.0103
vn 0.9667 -0.2552 -0.0201
vn 0.9528 -0.1945 0.2330
vn 0.9512 -0.1594 0.2643
vn 0.9562 -0.1125 0.2702
vn 0.9679 -0.0842 0.2370
vn 0.9679 -0.0841 0.2370
vn 0.9733 -0.0763 0.2164
vn 0.9725 -0.0519 0.2271
vn 0.9701 -0.0207 0.2419
vn 0.9701 -0.0206 0.2419
vn 0.9686 0.0020 0.2487
vn -0.0000 0.0498 0.9988
vn 0.0003 0.0497 0.9988
vn 0.0005 -0.1799 0.9837
vn 0.0003 -0.0139 0.9999
vn 0.0005 -0.3851 0.9229
vn 0.0003 -0.3851 0.9229
vn 0.0005 -0.3156 0.9489
vn 0.0005 -0.5348 0.8450
vn 0.0005 -0.6013 0.7991
vn 0.0005 -0.8156 0.5786
vn 0.0005 -0.7005 0.7136
vn 0.0003 -0.8156 0.5786
vn 0.0004 -0.9352 0.3542
vn -0.0000 -0.8156 0.5786
vn -0.9829 0.1825 -0.0249
vn -0.9792 0.1962 -0.0522
vn -0.9859 0.0946 0.1382
vn -0.9792 0.1962 -0.0523
vn -0.9811 0.1787 -0.0738
vn -0.9918 0.0233 0.1255
vn -0.9812 0.1786 -0.0737
vn -0.9903 -0.1115 0.0826
vn -0.9875 0.1328 -0.0855
vn -0.9909 0.0927 -0.0972
vn -0.9912 0.0801 -0.1050
vn -0.9976 -0.0616 -0.0317
vn -0.9811 -0.1857 -0.0552
vn -0.9366 -0.3344 -0.1051
vn -0.9603 -0.0324 -0.2771
vn -0.9397 -0.0138 -0.3416
vn -0.9949 -0.0724 -0.0698
vn -0.9980 -0.0372 -0.0512
vn 0.9829 0.1825 -0.0249
vn 0.9792 0.1962 -0.0522
vn 0.9792 0.1962 -0.0523
vn 0.9811 0.1787 -0.0738
vn 0.9812 0.1786 -0.0737
vn 0.9859 0.0946 0.1382
vn 0.9875 0.1328 -0.0855
vn 0.9918 0.0233 0.1255
vn 0.9909 0.0927 -0.0972
vn 0.9912 0.0801 -0.1050
vn 0.9903 -0.1115 0.0826
vn 0.9976 -0.0616 -0.0317
vn 0.9811 -0.1857 -0.0552
vn 0.9366 -0.3344 -0.1051
vn 0.9603 -0.0324 -0.2771
vn 0.9397 -0.0138 -0.3416
vn 0.9949 -0.0724 -0.0698
vn 0.9980 -0.0372 -0.0512
vn 0.0005 -0.0040 -1.0000
vn 0.0004 0.1659 -0.9861
vn -0.5348 -0.2560 -0.8053
vn -0.4990 -0.0266 -0.8662
vn 0.0004 -0.0128 -0.9999
vn -0.4715 -0.0109 -0.8818
vn 0.0005 -0.0069 -1.0000
vn -0.8403 -0.2198 -0.4956
vn -0.4695 -0.0060 -0.8829
vn 0.0005 0.0038 -1.0000
vn -0.8252 -0.0705 -0.5604
vn -0.5183 -0.5892 -0.6199
vn 0.0004 -0.6693 -0.7430
vn -0.8162 -0.4397 -0.3747
vn -0.9627 -0.1847 -0.1978
vn -0.9395 -0.3147 -0.1353
vn -0.9877 -0.1438 0.0621
vn -0.9711 -0.2220 0.0875
vn -0.9355 -0.1516 0.3190
vn -0.9685 -0.0998 -0.2281
vn -0.9445 -0.0988 0.3132
vn -0.8084 -0.0959 0.5808
vn -0.9919 -0.1046 0.0727
vn -0.7925 -0.0089 -0.6098
vn -0.9534 -0.0070 -0.3015
vn -0.7900 -0.0069 -0.6131
vn -0.4696 0.0018 -0.8829
vn 0.0005 -0.0050 -1.0000
vn -0.4637 -0.0070 -0.8859
vn 0.0004 -0.0177 -0.9998
vn -0.7930 -0.0050 -0.6093
vn -0.9531 -0.0089 -0.3024
vn -1.0000 -0.0060 0.0034
vn -0.4586 -0.0197 -0.8884
vn 0.0004 -0.0568 -0.9984
vn -0.7878 -0.0128 -0.6158
vn -0.9559 -0.0138 -0.2935
vn -0.9999 -0.0138 0.0054
vn -0.4658 -0.0558 -0.8831
vn 0.0004 -0.0480 -0.9988
vn -0.7842 -0.0265 -0.6200
vn -0.9542 -0.0206 -0.2985
vn -0.9995 -0.0246 0.0200
vn -0.4586 -0.0460 -0.8874
vn 0.0004 -0.0157 -0.9999
vn -0.7927 -0.0548 -0.6071
vn -0.9538 -0.0352 -0.2983
vn -0.9994 -0.0279 0.0179
vn -0.4528 -0.0177 -0.8914
vn 0.0004 -0.0383 -0.9993
vn -0.7842 -0.0422 -0.6190
vn -0.9586 -0.0578 -0.2788
vn -0.9987 -0.0440 0.0269
vn -0.4518 -0.0382 -0.8913
vn 0.0005 0.0165 -0.9999
vn -0.7803 -0.0226 -0.6250
vn -0.9543 -0.0431 -0.2956
vn -0.9967 -0.0636 0.0513
vn -0.4352 0.0175 -0.9002
vn 0.0005 0.0302 -0.9995
vn -0.7799 -0.0412 -0.6246
vn -0.9540 -0.0285 -0.2985
vn -0.9982 -0.0480 0.0347
vn -0.4596 0.0350 -0.8874
vn 0.0005 0.0556 -0.9985
vn -0.7569 0.0185 -0.6533
vn -0.9542 -0.0460 -0.2955
vn -0.9988 -0.0343 0.0347
vn -0.9394 0.0136 -0.3424
vn -0.7775 0.0478 -0.6270
vn -0.9978 -0.0509 0.0425
vn -0.9442 0.0595 -0.3239
vn -0.4771 0.0634 -0.8766
vn -0.7890 0.0800 -0.6092
vn 0.4625 -0.0617 0.8845
vn 0.0006 0.0057 1.0000
vn 0.5066 -0.0118 0.8621
vn 0.0005 -0.0372 0.9993
vn 0.5097 -0.0539 0.8587
vn 0.0005 -0.0538 0.9986
vn 0.8100 -0.0519 0.5842
vn 0.8084 -0.0959 0.5808
vn 0.7713 -0.0783 0.6316
vn 0.4684 -0.0011 0.8835
vn 0.0005 -0.0001 1.0000
vn 0.7887 -0.0030 0.6148
vn 0.9445 -0.0988 0.3132
vn 0.9355 -0.1516 0.3190
vn 0.9307 -0.0949 0.3532
vn 0.9513 -0.0049 0.3083
vn 0.9877 -0.1438 0.0621
vn 0.9711 -0.2220 0.0875
vn 0.9395 -0.3148 -0.1354
vn 0.9919 -0.1046 0.0727
vn 0.9627 -0.1847 -0.1978
vn 0.8162 -0.4397 -0.3747
vn 0.9685 -0.0998 -0.2281
vn 1.0000 -0.0060 0.0034
vn 0.9534 -0.0070 -0.3015
vn 0.8403 -0.2198 -0.4956
vn 0.5183 -0.5891 -0.6199
vn 0.8252 -0.0705 -0.5604
vn 0.0005 -0.6693 -0.7430
vn 0.5348 -0.2560 -0.8053
vn 0.4990 -0.0266 -0.8662
vn 0.0006 -0.0040 -1.0000
vn 0.0005 0.1659 -0.9861
vn 0.0005 -0.0128 -0.9999
vn 0.4715 -0.0109 -0.8818
vn 0.7925 -0.0089 -0.6098
vn 0.4695 -0.0060 -0.8829
vn 0.7900 -0.0069 -0.6131
vn 0.4696 0.0018 -0.8829
vn 0.0006 -0.0050 -1.0000
vn 0.9531 -0.0089 -0.3024
vn 0.7930 -0.0050 -0.6093
vn 0.4637 -0.0070 -0.8859
vn 0.0005 -0.0177 -0.9998
vn 0.9999 -0.0138 0.0054
vn 0.9558 -0.0138 -0.2936
vn 0.7878 -0.0128 -0.6158
vn 0.4586 -0.0197 -0.8884
vn 0.0005 -0.0568 -0.9984
vn 0.9492 -0.0197 0.3141
vn 0.9995 -0.0246 0.0200
vn 0.9542 -0.0207 -0.2985
vn 0.7842 -0.0265 -0.6200
vn -0.7140 -0.2213 0.6642
vn -0.8679 -0.0070 0.4967
vn -0.7101 -0.0099 0.7040
vn -0.9984 0.0009 -0.0572
vn -0.8048 -0.0294 -0.5928
vn -0.9984 -0.0030 -0.0572
vn -0.8063 0.0087 -0.5914
vn -0.6269 0.0109 -0.7790
vn -0.8702 -0.1555 0.4676
vn -0.9984 0.0175 -0.0533
vn -0.8093 0.1855 -0.5573
vn -0.6317 0.2451 -0.7354
vn -0.8055 0.3565 -0.4734
vn -0.6277 0.4682 -0.6219
vn -0.6534 0.2873 -0.7003
vn -0.9984 0.0341 -0.0454
vn -0.8234 0.2151 -0.5252
vn -0.8191 -0.1887 -0.5417
vn -0.6464 -0.2514 -0.7204
vn -0.8678 -0.2990 0.3970
vn -0.7105 -0.4232 0.5622
vn -0.8038 -0.3510 -0.4804
vn -0.6248 -0.4609 -0.6303
vn -0.6316 -0.2961 -0.7166
vn -0.8807 -0.1799 0.4382
vn -0.7341 -0.2577 0.6283
vn -0.7276 0.2266 0.6475
vn -0.9986 0.0204 -0.0493
vn -0.8773 0.1582 0.4531
vn -0.7078 0.4169 0.5702
vn -0.9985 -0.0177 -0.0513
vn -0.8663 0.2950 0.4031
vn -0.7146 0.2676 0.6463
vn -0.9983 -0.0343 -0.0464
vn -0.8703 0.1885 0.4550
vn -0.7156 -0.0118 0.6984
vn -0.9984 -0.0216 -0.0523
vn -0.8711 -0.0079 0.4910
vn -0.8791 -0.0343 0.4755
vn -0.7397 -0.0773 0.6684
vn -0.8093 -0.2248 -0.5426
vn -0.6332 0.0126 -0.7739
vn -0.9984 0.0018 -0.0572
vn -0.8104 0.0097 -0.5857
vn -0.8132 0.1083 -0.5719
vn -0.6558 0.1180 -0.7457
vn -0.7486 -0.1759 -0.6392
vn -0.9966 0.0556 -0.0601
vn -0.8643 -0.1135 -0.4900
vn -0.8840 -0.3471 -0.3132
vn -0.7839 -0.4739 -0.4010
vn -0.8378 -0.5258 -0.1470
vn -0.9978 0.0360 -0.0551
vn -0.9977 -0.0304 -0.0610
vn -0.9127 -0.3713 -0.1704
vn -0.9636 -0.2619 -0.0532
vn -0.9310 -0.3627 0.0406
vn -0.9579 -0.0949 -0.2711
vn -0.9739 -0.0734 -0.2145
vn -0.9861 -0.0490 -0.1587
vn -0.8934 0.1474 -0.4245
vn -0.7822 0.2842 -0.5545
vn -0.9445 0.3156 -0.0914
vn -0.8585 0.5100 -0.0532
vn -0.8470 0.4153 0.3319
vn -0.9322 0.2880 0.2193
vn -0.9089 0.1493 0.3893
vn -0.8136 0.1807 0.5527
vn 0.8049 -0.0294 -0.5927
vn 0.6307 0.1393 -0.7635
vn 0.6246 -0.0392 -0.7799
vn 0.6269 0.0109 -0.7790
vn 0.7098 -0.0099 0.7043
vn 0.8670 0.0253 0.4977
vn 0.8679 -0.0070 0.4967
vn 0.9984 -0.0030 -0.0572
vn 0.7140 -0.2214 0.6642
vn 0.9984 0.0009 -0.0572
vn 0.8063 0.0087 -0.5914
vn 0.8093 0.1855 -0.5573
vn 0.6317 0.2451 -0.7354
vn 0.9984 0.0175 -0.0533
vn 0.8702 -0.1555 0.4676
vn 0.8055 0.3565 -0.4734
vn 0.6277 0.4682 -0.6219
vn 0.6534 0.2873 -0.7003
vn 0.9984 0.0341 -0.0454
vn 0.8678 -0.2990 0.3970
vn 0.7105 -0.4232 0.5622
vn 0.8234 0.2149 -0.5253
vn 0.8191 -0.1887 -0.5417
vn 0.6463 -0.2513 -0.7205
vn 0.9986 0.0204 -0.0493
vn 0.9985 -0.0177 -0.0513
vn 0.8038 -0.3510 -0.4804
vn 0.6248 -0.4609 -0.6303
vn 0.9983 -0.0343 -0.0464
vn 0.6316 -0.2961 -0.7166
vn 0.8807 -0.1799 0.4382
vn 0.7341 -0.2577 0.6283
vn 0.7278 0.2262 0.6474
vn 0.8773 0.1582 0.4531
vn 0.7078 0.4169 0.5702
vn 0.8663 0.2950 0.4031
vn 0.7146 0.2676 0.6463
vn 0.8703 0.1883 0.4551
vn 0.7156 -0.0118 0.6984
vn 0.9984 -0.0218 -0.0522
vn 0.8711 -0.0080 0.4910
vn 0.8093 -0.2248 -0.5426
vn 0.6332 0.0127 -0.7739
vn 0.9984 0.0018 -0.0572
vn 0.8104 0.0097 -0.5857
vn 0.8132 0.1083 -0.5719
vn 0.6558 0.1180 -0.7457
vn 0.7486 -0.1759 -0.6392
vn 0.9966 0.0556 -0.0601
vn 0.8643 -0.1135 -0.4900
vn 0.8840 -0.3471 -0.3132
vn 0.7839 -0.4739 -0.4010
vn 0.8378 -0.5258 -0.1470
vn 0.8791 -0.0343 0.4755
vn 0.7397 -0.0773 0.6684
vn 0.9978 0.0360 -0.0551
vn 0.9089 0.1493 0.3893
vn 0.8136 0.1807 0.5527
vn 0.8470 0.4153 0.3319
vn 0.9322 0.2880 0.2193
vn 0.9977 -0.0304 -0.0610
vn 0.9445 0.3156 -0.0914
vn 0.8585 0.5100 -0.0532
vn 0.7822 0.2842 -0.5545
vn 0.9861 -0.0490 -0.1587
vn 0.8934 0.1474 -0.4245
vn 0.9579 -0.0949 -0.2711
vn 0.9127 -0.3713 -0.1704
vn 0.9739 -0.0734 -0.2145
vn 0.9636 -0.2619 -0.0532
vn 0.9310 -0.3627 0.0406
vn 0.9029 0.1171 -0.4136
vn 0.8963 -0.1809 -0.4049
vn 0.8249 -0.3000 -0.4791
vn 0.9378 -0.1790 -0.2976
vn 0.8829 -0.2855 -0.3728
vn 0.9673 0.1112 -0.2280
vn 0.9317 0.3565 -0.0699
vn 0.9014 0.4327 -0.0142
vn 0.9940 0.0966 -0.0522
vn 0.9212 0.3253 0.2136
vn 0.8683 0.3869 0.3103
vn 0.8133 0.3047 0.4958
vn 0.8885 0.2665 0.3736
vn 0.7682 0.2451 0.5914
vn 0.9956 0.0937 -0.0083
vn 0.9220 -0.1262 -0.3660
vn 0.8596 -0.2083 -0.4667
vn 0.8668 0.2089 0.4527
vn 0.9975 0.0644 0.0288
vn 0.9122 -0.1145 -0.3934
vn 0.8291 -0.1809 -0.5291
vn 0.7791 -0.1271 -0.6139
vn 0.8584 0.1513 0.4901
vn 0.7303 0.1797 0.6590
vn 0.7136 0.1406 0.6863
vn 0.9221 0.3097 0.2321
vn 0.9983 0.0517 0.0269
vn 0.8945 -0.0734 -0.4411
vn 0.9491 -0.2160 -0.2291
vn 0.7405 -0.0881 -0.6662
vn 0.9978 0.0614 -0.0259
vn 0.9147 -0.3420 0.2154
vn 0.7752 -0.6146 0.1461
vn 0.7543 -0.5460 0.3647
vn 0.7030 -0.3733 0.6053
vn 0.9976 0.0536 -0.0444
vn 0.8728 -0.2541 0.4167
vn 0.7078 -0.2716 0.6521
vn 0.8738 0.4385 -0.2105
vn 0.7449 0.6652 -0.0513
vn 0.7205 0.6378 -0.2721
vn 0.9987 0.0321 -0.0385
vn 0.8291 0.3292 -0.4519
vn 0.6512 0.4591 -0.6043
vn 0.8664 -0.1926 0.4608
vn 0.9983 0.0224 -0.0533
vn 0.8044 0.2284 -0.5484
vn 0.6247 0.3007 -0.7207
vn 0.8086 0.1054 -0.5789
vn 0.8700 -0.0881 0.4851
vn 0.7135 -0.1261 0.6892
vn 0.7082 0.0351 0.7052
vn 0.9984 0.0106 -0.0562
vn -0.8963 -0.1809 -0.4049
vn -0.9029 0.1171 -0.4136
vn -0.8249 -0.3000 -0.4791
vn -0.9378 -0.1790 -0.2976
vn -0.8829 -0.2855 -0.3728
vn -0.9673 0.1112 -0.2280
vn -0.9317 0.3565 -0.0699
vn -0.9014 0.4327 -0.0142
vn -0.9940 0.0966 -0.0522
vn -0.9212 0.3253 0.2136
vn -0.8683 0.3869 0.3103
vn -0.8133 0.3047 0.4958
vn -0.8885 0.2665 0.3736
vn -0.7682 0.2451 0.5914
vn -0.9956 0.0937 -0.0083
vn -0.8668 0.2089 0.4527
vn -0.8584 0.1513 0.4901
vn -0.7303 0.1797 0.6590
vn -0.7136 0.1405 0.6863
vn -0.9221 0.3097 0.2321
vn -0.9220 -0.1262 -0.3660
vn -0.8596 -0.2083 -0.4667
vn -0.9975 0.0644 0.0288
vn -0.9122 -0.1145 -0.3934
vn -0.8291 -0.1809 -0.5291
vn -0.7791 -0.1271 -0.6139
vn -0.9983 0.0517 0.0269
vn -0.8945 -0.0734 -0.4411
vn -0.9491 -0.2160 -0.2291
vn -0.7405 -0.0881 -0.6662
vn -0.9978 0.0614 -0.0259
vn -0.9147 -0.3420 0.2154
vn -0.7752 -0.6146 0.1461
vn -0.7543 -0.5459 0.3647
vn -0.7030 -0.3733 0.6053
vn -0.9976 0.0536 -0.0444
vn -0.8728 -0.2541 0.4167
vn -0.7077 -0.2721 0.6520
vn -0.8737 0.4385 -0.2105
vn -0.7449 0.6652 -0.0513
vn -0.7205 0.6378 -0.2721
vn -0.9987 0.0321 -0.0385
vn -0.8291 0.3292 -0.4519
vn -0.6512 0.4591 -0.6043
vn -0.8664 -0.1926 0.4608
vn -0.8700 -0.0881 0.4851
vn -0.7135 -0.1261 0.6892
vn -0.7083 0.0350 0.7051
vn -0.8044 0.2284 -0.5484
vn -0.6247 0.3007 -0.7207
vn -0.9983 0.0224 -0.0533
vn -0.8086 0.1054 -0.5789
vn -0.6307 0.1393 -0.7635
vn -0.9984 0.0106 -0.0562
vn -0.6249 -0.0389 -0.7797
vn -0.8670 0.0253 0.4977
vn 0.4658 -0.0558 -0.8831
vn 0.0005 -0.0480 -0.9988
vn 0.4586 -0.0460 -0.8874
vn 0.0005 -0.0157 -0.9999
vn 0.7927 -0.0548 -0.6071
vn 0.9538 -0.0352 -0.2983
vn 0.9994 -0.0279 0.0179
vn 0.4528 -0.0177 -0.8914
vn 0.0005 -0.0383 -0.9993
vn 0.7842 -0.0422 -0.6190
vn 0.9586 -0.0578 -0.2788
vn 0.9987 -0.0441 0.0269
vn 0.4518 -0.0382 -0.8913
vn 0.7803 -0.0226 -0.6250
vn 0.9543 -0.0431 -0.2956
vn 0.9967 -0.0636 0.0513
vn 0.4352 0.0175 -0.9002
vn 0.0006 0.0302 -0.9995
vn 0.7799 -0.0411 -0.6246
vn 0.9540 -0.0285 -0.2985
vn 0.9982 -0.0480 0.0347
vn 0.4596 0.0350 -0.8874
vn 0.7569 0.0185 -0.6533
vn 0.9542 -0.0460 -0.2956
vn 0.9988 -0.0343 0.0347
vn 0.9394 0.0136 -0.3424
vn 0.7775 0.0478 -0.6270
vn 0.9978 -0.0509 0.0425
vn 0.9442 0.0595 -0.3239
vn 0.4771 0.0634 -0.8766
vn 0.7890 0.0800 -0.6092
vn 0.5369 0.2715 -0.7988
vn 0.0005 0.3057 -0.9521
vn 0.5163 0.5400 -0.6647
vn 0.0005 0.6095 -0.7928
vn 0.8389 0.2109 -0.5018
vn 0.8149 0.4100 -0.4096
vn 0.9619 0.1631 -0.2193
vn 0.9391 0.3036 -0.1606
vn 0.9422 0.0995 -0.3199
vn 0.9914 0.1259 0.0357
vn 0.9714 0.2274 0.0689
vn 0.9361 0.1747 0.3052
vn 0.9531 0.0839 0.2907
vn 0.8085 0.1386 0.5720
vn 0.9926 0.1143 -0.0415
vn 0.9978 0.0643 -0.0132
vn 0.9637 0.1113 0.2428
vn 0.9491 0.0546 0.3102
vn 1.0000 -0.0011 -0.0064
vn 0.9401 -0.0304 0.3394
vn 0.9270 -0.0558 0.3709
vn 0.9325 -0.0392 0.3590
vn 0.7368 -0.0607 0.6734
vn 0.7428 -0.0724 0.6656
vn 0.7733 0.0253 0.6336
vn 0.9317 -0.0558 0.3590
vn 0.7477 -0.0421 0.6627
vn 0.7455 -0.0636 0.6635
vn 0.9261 -0.0695 0.3709
vn 0.7403 -0.0754 0.6680
vn 0.4255 -0.0704 0.9022
vn 0.9371 -0.0509 0.3453
vn 0.7586 -0.0558 0.6492
vn 0.4224 -0.0792 0.9029
vn 0.4392 -0.0578 0.8965
vn 0.0005 -0.0587 0.9983
vn 0.0005 -0.0802 0.9968
vn 0.0006 -0.0324 0.9995
vn 0.0005 -0.0724 0.9974
vn 0.4530 -0.0334 0.8909
vn 0.0006 -0.0441 0.9990
vn 0.4273 -0.0431 0.9031
vn 0.0005 -0.0441 0.9990
vn 0.4177 -0.0656 0.9062
vn 0.0005 -0.0665 0.9978
vn 0.4119 -0.1115 0.9044
vn 0.0005 -0.1281 0.9918
vn 0.4439 -0.0109 0.8960
vn 0.0005 -0.0275 0.9996
vn 0.5164 -0.0069 0.8563
vn 0.0005 -0.0549 0.9985
vn 0.8299 0.0712 0.5534
vn 0.0005 -0.1242 0.9923
vn 0.5144 -0.0734 0.8544
vn 0.0005 0.1122 0.9937
vn 0.5095 0.1181 0.8524
vn 0.8206 0.0175 0.5713
vn -0.8722 0.0976 -0.4793
vn -0.9829 -0.0646 0.1724
vn -0.8549 0.1700 -0.4902
vn -0.9689 -0.1184 0.2174
vn -0.8980 -0.1788 0.4019
vn -0.9986 -0.0509 0.0161
vn -0.8592 -0.1300 0.4948
vn -0.9994 -0.0343 0.0103
vn -0.9999 -0.0060 -0.0122
vn -0.9985 -0.0236 -0.0494
vn -1.0000 -0.0001 -0.0005
vn -1.0000 -0.0001 -0.0003
vn -0.9998 0.0184 -0.0122
vn -0.9991 -0.0333 -0.0249
vn -0.9944 -0.1027 -0.0259
vn -0.9944 -0.1028 -0.0259
vn -1.0000 -0.0001 -0.0006
vn 0.8722 0.0976 -0.4793
vn 0.9829 -0.0646 0.1724
vn 0.8549 0.1700 -0.4902
vn 0.9689 -0.1184 0.2174
vn 0.8980 -0.1788 0.4019
vn 0.9986 -0.0509 0.0161
vn 0.8592 -0.1301 0.4948
vn 0.8592 -0.1300 0.4948
vn 0.9994 -0.0343 0.0103
vn 0.9999 -0.0060 -0.0122
vn 1.0000 -0.0001 -0.0005
vn 0.9985 -0.0236 -0.0494
vn 1.0000 -0.0001 -0.0003
vn 0.9998 0.0184 -0.0122
vn 0.9991 -0.0333 -0.0249
vn 0.9944 -0.1027 -0.0259
vn 0.9944 -0.1028 -0.0259
vn 1.0000 -0.0001 -0.0006
vn 0.9435 -0.0333 0.3298
vn 0.7833 -0.0255 0.6211
vn 0.9435 -0.0315 0.3298
vn 0.7734 -0.0402 0.6327
vn 0.7727 -0.0334 0.6339
vn 0.4624 -0.0294 0.8862
vn 0.0006 -0.0314 0.9995
vn 0.4536 -0.0431 0.8902
vn -0.5369 0.2715 -0.7988
vn 0.0004 0.3057 -0.9521
vn -0.5163 0.5400 -0.6647
vn 0.0004 0.6095 -0.7928
vn -0.8389 0.2109 -0.5018
vn -0.8149 0.4100 -0.4096
vn -0.9619 0.1631 -0.2193
vn -0.9391 0.3036 -0.1606
vn -0.9422 0.0995 -0.3199
vn -0.9914 0.1259 0.0357
vn -0.9713 0.2275 0.0689
vn -0.9361 0.1747 0.3052
vn -0.9531 0.0839 0.2907
vn -0.8085 0.1386 0.5720
vn -0.9926 0.1143 -0.0415
vn -0.8206 0.0175 0.5713
vn -0.5095 0.1181 0.8524
vn -0.9637 0.1113 0.2428
vn -0.8299 0.0712 0.5534
vn -0.5144 -0.0734 0.8544
vn 0.0004 0.1122 0.9937
vn 0.0004 -0.1242 0.9923
vn -0.5164 -0.0069 0.8563
vn 0.0004 -0.0549 0.9985
vn 0.0004 -0.0275 0.9996
vn -0.4439 -0.0109 0.8960
vn 0.0004 -0.1281 0.9918
vn -0.7733 0.0253 0.6336
vn -0.4119 -0.1115 0.9044
vn -0.9491 0.0546 0.3102
vn -0.7428 -0.0724 0.6656
vn -0.4177 -0.0656 0.9062
vn -0.9978 0.0643 -0.0132
vn -0.9401 -0.0304 0.3394
vn -1.0000 -0.0011 -0.0064
vn -0.9270 -0.0558 0.3709
vn -0.7368 -0.0607 0.6734
vn -0.9325 -0.0392 0.3590
vn -0.7477 -0.0421 0.6627
vn -0.4273 -0.0431 0.9031
vn 0.0004 -0.0724 0.9974
vn -0.4255 -0.0704 0.9022
vn 0.0004 -0.0802 0.9968
vn -0.7455 -0.0636 0.6635
vn -0.4224 -0.0792 0.9029
vn -0.9317 -0.0558 0.3590
vn -0.7403 -0.0754 0.6680
vn -0.9261 -0.0695 0.3709
vn -0.4392 -0.0578 0.8965
vn 0.0004 -0.0324 0.9995
vn -0.9371 -0.0509 0.3453
vn -0.7586 -0.0558 0.6492
vn -0.4530 -0.0334 0.8909
vn 0.0004 -0.0441 0.9990
vn -0.7727 -0.0334 0.6339
vn -0.9435 -0.0315 0.3298
vn -0.4536 -0.0431 0.8902
vn 0.0005 -0.0314 0.9995
vn -0.9435 -0.0333 0.3298
vn -0.7734 -0.0402 0.6327
vn -0.4624 -0.0294 0.8862
vn 0.0004 -0.0001 1.0000
vn -0.7833 -0.0255 0.6211
vn -0.9492 -0.0197 0.3141
vn -0.4684 -0.0011 0.8835
vn 0.0004 -0.0538 0.9985
vn -0.9513 -0.0049 0.3083
vn -0.7887 -0.0030 0.6148
vn -0.4625 -0.0617 0.8845
vn 0.0004 0.0058 1.0000
vn -0.7713 -0.0783 0.6316
vn -0.9307 -0.0949 0.3532
vn -0.5066 -0.0118 0.8621
vn 0.0005 -0.0373 0.9993
vn -0.5097 -0.0539 0.8587
vn -0.8100 -0.0519 0.5842
vn 0.0005 -0.9059 -0.4236
vn 0.0005 -0.9961 -0.0885
vn 0.0003 -0.4395 -0.8982
vn 0.0005 -0.4396 -0.8982
vn -0.0000 0.0027 -1.0000
vn 0.0005 0.0029 -1.0000
vn 0.0005 0.1289 -0.9917
vn 0.0004 0.1290 -0.9916
vn -0.0000 -0.4394 -0.8983
vn -0.9880 0.1083 -0.1099
vn -0.9982 0.0585 -0.0093
vn -0.9976 0.0683 -0.0122
vn -0.9993 0.0058 0.0367
vn -0.9991 0.0096 0.0425
vn -0.9953 0.0732 0.0630
vn -0.9990 0.0097 0.0425
vn -0.9982 -0.0128 0.0582
vn -0.9982 -0.0128 0.0581
vn -0.9976 -0.0333 0.0612
vn -0.9995 -0.0314 -0.0044
vn -0.9987 -0.0333 -0.0386
vn -0.9903 -0.0255 -0.1362
vn -0.9808 0.1377 0.1383
vn -0.9956 0.0927 -0.0161
vn -0.9844 0.0449 -0.1700
vn -0.9689 0.1142 0.2194
vn -0.9736 0.0302 -0.2262
vn -0.9972 0.0741 -0.0034
vn -0.9717 0.0068 -0.2360
vn -0.9990 0.0439 0.0035
vn -0.9672 0.0781 0.2419
vn 0.9982 0.0585 -0.0093
vn 0.9880 0.1083 -0.1099
vn 0.9976 0.0683 -0.0122
vn 0.9993 0.0058 0.0367
vn 0.9991 0.0096 0.0425
vn 0.9953 0.0732 0.0630
vn 0.9990 0.0097 0.0425
vn 0.9982 -0.0128 0.0582
vn 0.9982 -0.0128 0.0581
vn 0.9976 -0.0333 0.0612
vn 0.9995 -0.0314 -0.0044
vn 0.9987 -0.0333 -0.0386
vn 0.9904 -0.0256 -0.1359
vn 0.9808 0.1377 0.1383
vn 0.9956 0.0927 -0.0161
vn 0.9843 0.0448 -0.1705
vn 0.9689 0.1142 0.2194
vn 0.9736 0.0302 -0.2262
vn 0.9972 0.0741 -0.0034
vn 0.9717 0.0068 -0.2360
vn 0.9990 0.0439 0.0035
vn 0.9672 0.0781 0.2419
vn -0.9580 -0.2854 -0.0259
vn -0.9586 -0.2804 -0.0503
vn -0.9641 -0.2640 -0.0269
vn -0.9514 -0.3070 -0.0249
vn -0.9439 -0.3302 -0.0063
vn -0.9716 -0.2365 0.0054
vn -0.9716 -0.2366 0.0054
vn -0.9778 -0.2093 0.0112
vn -0.9778 -0.2092 0.0112
vn -0.9835 -0.1799 0.0191
vn -0.9835 -0.1799 0.0190
vn -0.9892 -0.1457 0.0161
vn -0.9954 -0.0949 0.0142
vn -0.9981 -0.0578 0.0210
vn -0.9985 -0.0500 0.0240
vn 0.9586 -0.2804 -0.0503
vn 0.9580 -0.2854 -0.0259
vn 0.9641 -0.2640 -0.0269
vn 0.9514 -0.3070 -0.0249
vn 0.9438 -0.3304 -0.0066
vn 0.9716 -0.2365 0.0054
vn 0.9716 -0.2366 0.0054
vn 0.9778 -0.2093 0.0112
vn 0.9778 -0.2092 0.0112
vn 0.9835 -0.1799 0.0191
vn 0.9835 -0.1799 0.0190
vn 0.9892 -0.1457 0.0161
vn 0.9954 -0.0950 0.0142
vn 0.9954 -0.0949 0.0142
vn 0.9981 -0.0578 0.0210
vn 0.9985 -0.0500 0.0240
vn 0.0005 -0.6646 0.7472
vn 0.0005 -0.4534 0.8913
vn 0.0006 -0.4534 0.8913
vn 0.0005 -0.2873 0.9578
vn 0.0006 -0.2873 0.9578
vn 0.0005 -0.6647 0.7471
vn 0.0004 -0.7205 0.6935
vn -0.0000 -0.7203 0.6936
vn 0.0004 -0.6646 0.7472
vn 0.0005 -0.9812 -0.1930
vn 0.0003 -0.9812 -0.1931
vn 0.0004 -0.9812 -0.1930
vn 0.0004 0.2227 -0.9749
vn 0.0005 0.0223 -0.9998
vn 0.0015 -0.1917 -0.9815
vn -0.0004 0.2230 -0.9748
vn 0.0005 -0.1916 -0.9815
vn 0.0003 0.2228 -0.9749
vn 0.0034 -0.1947 -0.9809
vn -0.0005 0.2227 -0.9749
vn 0.0005 -0.1946 -0.9809
vn 0.0053 -0.1858 -0.9826
vn 0.0005 -0.1858 -0.9826
vn 0.0005 0.3162 -0.9487
vn 0.0005 0.3163 -0.9487
vn 0.0024 0.4590 -0.8884
vn 0.0005 0.4590 -0.8884
vn 0.0054 0.6134 -0.7898
vn 0.0005 0.6134 -0.7898
vn 0.0151 0.7870 -0.6167
vn 0.0005 0.7871 -0.6168
vn 0.0269 0.8989 -0.4373
vn 0.0005 0.8992 -0.4375
vn 0.0005 0.9355 -0.3534
vn -0.0005 0.0223 -0.9998
vn 0.0005 0.2229 -0.9748
vn 0.0004 0.2230 -0.9748
vn -0.0015 -0.1916 -0.9815
vn 0.0005 0.2227 -0.9749
vn 0.0001 0.2229 -0.9748
vn -0.0034 -0.1947 -0.9809
vn 0.0004 0.3163 -0.9487
vn -0.0054 -0.1858 -0.9826
vn -0.0005 0.3163 -0.9487
vn -0.0024 0.4590 -0.8885
vn -0.0054 0.6134 -0.7898
vn -0.0151 0.7870 -0.6167
vn -0.0269 0.8989 -0.4373
vn 0.0004 -0.4944 -0.8692
vn 0.0003 -0.6353 -0.7723
vn 0.0002 -0.6354 -0.7722
vn 0.0005 -0.3587 -0.9335
vn 0.0005 -0.6168 -0.7871
vn 0.0005 -0.3586 -0.9335
vn 0.0005 -0.5355 -0.8446
vn 0.0004 -0.5356 -0.8445
vn 0.0006 -0.2347 -0.9721
vn 0.0005 -0.2347 -0.9721
vn 0.0003 -0.1593 -0.9872
vn 0.0006 -0.3586 -0.9335
vn 0.0005 0.5756 0.8177
vn 0.0005 0.2130 0.9771
vn -0.0034 0.2130 0.9771
vn -0.0024 0.0526 0.9986
vn 0.0005 0.0526 0.9986
vn -0.0054 0.5757 0.8177
vn 0.0005 0.7513 0.6600
vn -0.0054 0.7512 0.6600
vn 0.0034 0.2130 0.9770
vn 0.0024 0.0526 0.9986
vn 0.0054 0.5757 0.8177
vn 0.0054 0.7512 0.6600
vn 0.0005 0.4667 -0.8844
vn -0.0103 0.3593 -0.9332
vn 0.0005 0.3593 -0.9332
vn 0.0005 0.2960 -0.9552
vn -0.0073 0.4667 -0.8844
vn 0.0005 0.6281 -0.7782
vn -0.0054 0.6281 -0.7781
vn 0.0005 0.7318 -0.6816
vn -0.0044 0.7318 -0.6816
vn 0.0103 0.3593 -0.9332
vn 0.0073 0.4667 -0.8844
vn 0.0054 0.6281 -0.7781
vn 0.0043 0.7318 -0.6815
vn -0.0191 0.9265 -0.3758
vn 0.0004 0.9275 -0.3739
vn 0.0005 0.9263 -0.3767
vn 0.0191 0.9265 -0.3758
vn -0.0200 0.9273 -0.3738
vn 0.0200 0.9273 -0.3738
vn -0.0220 0.9281 -0.3718
vn 0.0220 0.9281 -0.3718
vn 0.0005 0.9283 -0.3719
vt 0.620686 0.284226
vt 0.765297 0.412512
vt 0.627135 0.276894
vt 0.502673 0.180274
vt 0.755917 0.420227
vt 0.833238 0.527807
vt 0.825171 0.528554
vt 0.496243 0.189155
vt 0.383308 0.111821
vt 0.387889 0.103561
vt 0.293171 0.069873
vt 0.295905 0.062183
vt 0.184631 0.038723
vt 0.185846 0.033119
vt 0.112495 0.023574
vt 0.112833 0.020944
vt 0.021832 0.015747
vt 0.935643 0.763312
vt 0.958138 0.791018
vt 0.946211 0.753989
vt 0.941899 0.792273
vt 0.947012 0.833498
vt 0.932941 0.827070
vt 0.264436 0.750638
vt 0.266692 0.755350
vt 0.234908 0.759473
vt 0.285821 0.741789
vt 0.290605 0.752248
vt 0.274864 0.733527
vt 0.288648 0.763582
vt 0.259269 0.747027
vt 0.259194 0.728803
vt 0.265713 0.760482
vt 0.280161 0.774367
vt 0.251947 0.745052
vt 0.241155 0.728631
vt 0.261638 0.765292
vt 0.266215 0.782932
vt 0.243558 0.745033
vt 0.223657 0.733246
vt 0.235374 0.747017
vt 0.228669 0.750752
vt 0.209574 0.741829
vt 0.255062 0.769070
vt 0.248817 0.787701
vt 0.246956 0.771229
vt 0.230721 0.787703
vt 0.224508 0.755664
vt 0.201025 0.752712
vt 0.238536 0.771398
vt 0.231100 0.769498
vt 0.214914 0.782997
vt 0.223517 0.760950
vt 0.199062 0.764123
vt 0.203871 0.774655
vt 0.225825 0.765810
vt 0.818978 0.578002
vt 0.806012 0.572695
vt 0.782063 0.665835
vt 0.764379 0.661424
vt 0.773352 0.724628
vt 0.746570 0.723138
vt 0.747842 0.732685
vt 0.772745 0.734709
vt 0.751543 0.747160
vt 0.772556 0.744130
vt 0.761979 0.767756
vt 0.776094 0.758089
vt 0.786343 0.767776
vt 0.777917 0.781822
vt 0.800115 0.772366
vt 0.797305 0.789308
vt 0.838949 0.765369
vt 0.843754 0.782272
vt 0.865471 0.751740
vt 0.871600 0.767851
vt 0.892556 0.755942
vt 0.889389 0.740916
vt 0.917724 0.737353
vt 0.914883 0.750327
vt 0.901248 0.879780
vt 0.888616 0.866887
vt 0.893153 0.887755
vt 0.879383 0.876078
vt 0.902518 0.857186
vt 0.887596 0.895451
vt 0.914625 0.869299
vt 0.873576 0.884614
vt 0.869270 0.919801
vt 0.858433 0.908335
vt 0.830778 0.945152
vt 0.824604 0.930989
vt 0.222458 0.846331
vt 0.219221 0.874741
vt 0.215304 0.844985
vt 0.225323 0.825201
vt 0.212407 0.822968
vt 0.237560 0.834915
vt 0.200507 0.828468
vt 0.229157 0.851981
vt 0.247193 0.850834
vt 0.208742 0.848137
vt 0.191200 0.841017
vt 0.234386 0.861110
vt 0.252488 0.870600
vt 0.203733 0.855328
vt 0.186014 0.858887
vt 0.237300 0.872353
vt 0.252472 0.891060
vt 0.237404 0.883969
vt 0.234719 0.894147
vt 0.247283 0.908922
vt 0.201043 0.865498
vt 0.186014 0.879349
vt 0.229708 0.901346
vt 0.237984 0.921468
vt 0.201138 0.877112
vt 0.191323 0.899108
vt 0.204043 0.888360
vt 0.209271 0.897496
vt 0.200958 0.915019
vt 0.223137 0.904502
vt 0.226094 0.926967
vt 0.213186 0.924732
vt 0.215974 0.903154
vt 0.321695 0.405526
vt 0.305998 0.398003
vt 0.333616 0.368981
vt 0.282279 0.368630
vt 0.360035 0.391589
vt 0.286820 0.345815
vt 0.338614 0.418787
vt 0.262063 0.350907
vt 0.262412 0.338383
vt 0.238697 0.335034
vt 0.389317 0.420888
vt 0.362964 0.443031
vt 0.407039 0.452370
vt 0.390148 0.479714
vt 0.427250 0.487783
vt 0.405920 0.510195
vt 0.438171 0.506969
vt 0.408903 0.527601
vt 0.424051 0.535555
vt 0.447719 0.520324
vt 0.461217 0.551235
vt 0.444296 0.560088
vt 0.458772 0.585686
vt 0.469927 0.583181
vt 0.473202 0.618738
vt 0.763266 0.968423
vt 0.756477 0.952708
vt 0.740950 0.978084
vt 0.736315 0.962102
vt 0.774850 0.942276
vt 0.717227 0.983507
vt 0.781807 0.958589
vt 0.715225 0.966403
vt 0.787997 0.936547
vt 0.691313 0.984608
vt 0.793511 0.953718
vt 0.692468 0.967942
vt 0.795909 0.934754
vt 0.661264 0.978426
vt 0.800536 0.952101
vt 0.665966 0.963247
vt 0.624405 0.959805
vt 0.632637 0.943007
vt 0.558411 0.361687
vt 0.664245 0.511971
vt 0.684960 0.573321
vt 0.460576 0.250030
vt 0.657855 0.646426
vt 0.360457 0.163973
vt 0.276901 0.103568
vt 0.626269 0.704497
vt 0.616538 0.673018
vt 0.619956 0.732283
vt 0.642178 0.771196
vt 0.154987 0.878000
vt 0.152820 0.891984
vt 0.145220 0.888883
vt 0.145887 0.874766
vt 0.161371 0.844548
vt 0.150686 0.841089
vt 0.162244 0.796423
vt 0.136440 0.884998
vt 0.152541 0.793868
vt 0.167003 0.758392
vt 0.135928 0.868724
vt 0.137036 0.902447
vt 0.143720 0.905930
vt 0.128500 0.898689
vt 0.125498 0.880161
vt 0.118464 0.894237
vt 0.113124 0.874754
vt 0.107571 0.889459
vt 0.096714 0.884940
vt 0.125030 0.860650
vt 0.100571 0.869491
vt 0.086786 0.881277
vt 0.113419 0.851484
vt 0.139922 0.833478
vt 0.128109 0.822758
vt 0.141588 0.787862
vt 0.155727 0.755533
vt 0.166813 0.710026
vt 0.156239 0.707667
vt 0.173134 0.667137
vt 0.144154 0.748721
vt 0.129560 0.779285
vt 0.115381 0.810446
vt 0.160474 0.663726
vt 0.175004 0.612947
vt 0.144354 0.702278
vt 0.131295 0.738885
vt 0.116849 0.769422
vt 0.162704 0.609560
vt 0.182201 0.576327
vt 0.147760 0.656152
vt 0.131405 0.694610
vt 0.117397 0.727501
vt 0.167612 0.571833
vt 0.184209 0.524993
vt 0.149167 0.602346
vt 0.133861 0.645332
vt 0.117824 0.685784
vt 0.170159 0.521026
vt 0.190044 0.487168
vt 0.153148 0.562156
vt 0.134702 0.592165
vt 0.118941 0.632827
vt 0.173711 0.482061
vt 0.191900 0.432649
vt 0.154831 0.512147
vt 0.137477 0.548318
vt 0.119632 0.580451
vt 0.175932 0.428366
vt 0.195257 0.374408
vt 0.157458 0.470306
vt 0.138403 0.499505
vt 0.120696 0.532258
vt 0.178660 0.371950
vt 0.190556 0.307432
vt 0.158976 0.417509
vt 0.140233 0.453317
vt 0.121271 0.484853
vt 0.141160 0.401598
vt 0.161278 0.364738
vt 0.122161 0.433500
vt 0.142441 0.353773
vt 0.176256 0.307518
vt 0.159780 0.305646
vt 0.079849 0.830055
vt 0.070492 0.861592
vt 0.079079 0.862420
vt 0.071116 0.878307
vt 0.078325 0.878959
vt 0.070448 0.828476
vt 0.088997 0.865166
vt 0.090280 0.834977
vt 0.078872 0.781510
vt 0.067876 0.779132
vt 0.090189 0.788193
vt 0.101627 0.842488
vt 0.102474 0.798328
vt 0.104001 0.759739
vt 0.767935 0.928298
vt 0.766038 0.924811
vt 0.746470 0.933333
vt 0.748295 0.936495
vt 0.764175 0.921413
vt 0.757563 0.909687
vt 0.783025 0.921220
vt 0.781792 0.917279
vt 0.780633 0.913484
vt 0.776713 0.900258
vt 0.793297 0.911304
vt 0.792416 0.897964
vt 0.814447 0.899056
vt 0.793540 0.915062
vt 0.818127 0.911785
vt 0.843350 0.894677
vt 0.833341 0.886313
vt 0.793762 0.919008
vt 0.853472 0.873311
vt 0.841597 0.867481
vt 0.848841 0.853272
vt 0.820081 0.918689
vt 0.819131 0.915386
vt 0.848759 0.899161
vt 0.846150 0.896987
vt 0.860292 0.876661
vt 0.856824 0.874963
vt 0.866563 0.866178
vt 0.863183 0.863700
vt 0.877981 0.854628
vt 0.892979 0.846186
vt 0.859961 0.861318
vt 0.865060 0.836844
vt 0.875403 0.851327
vt 0.873004 0.848114
vt 0.888873 0.840125
vt 0.882243 0.828667
vt 0.907478 0.811552
vt 0.890873 0.843242
vt 0.915328 0.817619
vt 0.922837 0.791838
vt 0.913844 0.790342
vt 0.912526 0.770532
vt 0.919089 0.820197
vt 0.926641 0.792374
vt 0.920065 0.768774
vt 0.908056 0.758022
vt 0.906185 0.758983
vt 0.911896 0.755013
vt 0.924112 0.767858
vt 0.914450 0.751125
vt 0.927618 0.766777
vt 0.930515 0.792603
vt 0.922968 0.822380
vt 0.726080 0.929949
vt 0.739698 0.922043
vt 0.750059 0.939651
vt 0.702482 0.829126
vt 0.702339 0.854151
vt 0.697816 0.855509
vt 0.703831 0.867865
vt 0.693264 0.865832
vt 0.706170 0.852282
vt 0.710328 0.850190
vt 0.716534 0.847120
vt 0.708469 0.868320
vt 0.713153 0.868608
vt 0.721460 0.869464
vt 0.717061 0.881722
vt 0.708827 0.878077
vt 0.707979 0.896787
vt 0.704744 0.876354
vt 0.700751 0.874460
vt 0.691247 0.869212
vt 0.699780 0.891950
vt 0.696129 0.889859
vt 0.692543 0.887623
vt 0.682823 0.880974
vt 0.670602 0.896488
vt 0.687041 0.908550
vt 0.695234 0.914041
vt 0.683564 0.927089
vt 0.668613 0.929313
vt 0.683867 0.906442
vt 0.680555 0.904053
vt 0.652378 0.935075
vt 0.662509 0.930422
vt 0.667990 0.951275
vt 0.673141 0.946726
vt 0.694034 0.953856
vt 0.677907 0.942366
vt 0.686908 0.931866
vt 0.694411 0.950517
vt 0.694809 0.947246
vt 0.696556 0.935196
vt 0.713560 0.951893
vt 0.713151 0.948523
vt 0.712745 0.945314
vt 0.710995 0.933133
vt 0.730376 0.941989
vt 0.732452 0.948630
vt 0.731461 0.945337
vt 0.172669 0.241652
vt 0.184763 0.238083
vt 0.164519 0.223017
vt 0.175515 0.218942
vt 0.158537 0.245583
vt 0.150754 0.226887
vt 0.141042 0.250367
vt 0.134436 0.231379
vt 0.141579 0.302068
vt 0.121173 0.255679
vt 0.116531 0.236167
vt 0.098515 0.240609
vt 0.100956 0.260753
vt 0.081948 0.244108
vt 0.122466 0.297478
vt 0.122748 0.340628
vt 0.103513 0.292669
vt 0.103360 0.327230
vt 0.122886 0.382907
vt 0.104707 0.364179
vt 0.103971 0.413756
vt 0.104030 0.470332
vt 0.086392 0.397041
vt 0.087051 0.348235
vt 0.085335 0.315585
vt 0.103642 0.516367
vt 0.087306 0.458138
vt 0.087230 0.503054
vt 0.104402 0.568934
vt 0.089546 0.559359
vt 0.071805 0.494379
vt 0.103818 0.620519
vt 0.089357 0.610281
vt 0.075595 0.553191
vt 0.075935 0.603669
vt 0.062881 0.601708
vt 0.063028 0.551406
vt 0.068439 0.663744
vt 0.056631 0.491742
vt 0.079102 0.665233
vt 0.066870 0.698766
vt 0.071612 0.450154
vt 0.057329 0.447570
vt 0.069606 0.385933
vt 0.052900 0.382231
vt 0.070078 0.337519
vt 0.053992 0.333802
vt 0.068903 0.307565
vt 0.052746 0.304353
vt 0.069708 0.285423
vt 0.055607 0.284227
vt 0.085733 0.288415
vt 0.054204 0.267700
vt 0.067236 0.267069
vt 0.056110 0.246587
vt 0.067842 0.246268
vt 0.082521 0.264784
vt 0.593985 0.756979
vt 0.610736 0.784503
vt 0.592351 0.792129
vt 0.580132 0.767742
vt 0.665495 0.807475
vt 0.624565 0.811058
vt 0.601932 0.816660
vt 0.758807 0.827918
vt 0.103376 0.716288
vt 0.091636 0.751664
vt 0.104200 0.677113
vt 0.090212 0.706922
vt 0.091133 0.669903
vt 0.080326 0.746353
vt 0.070445 0.744515
vt 0.078315 0.700787
vt 0.623454 0.704285
vt 0.616202 0.729986
vt 0.591420 0.753234
vt 0.576588 0.760883
vt 0.344891 0.520055
vt 0.344094 0.505167
vt 0.368124 0.522295
vt 0.341422 0.491538
vt 0.334676 0.461588
vt 0.322502 0.428600
vt 0.387402 0.542066
vt 0.364518 0.537131
vt 0.342917 0.533380
vt 0.378252 0.566194
vt 0.337802 0.555404
vt 0.359398 0.560486
vt 0.333691 0.579571
vt 0.353850 0.587328
vt 0.374476 0.597068
vt 0.575731 0.609970
vt 0.471700 0.466808
vt 0.392990 0.360024
vt 0.308499 0.261170
vt 0.234446 0.183023
vt 0.165997 0.126405
vt 0.096034 0.071221
vt 0.663156 0.817844
vt 0.625318 0.818340
vt 0.603389 0.823297
vt 0.691375 0.831832
vt 0.481808 0.816793
vt 0.458336 0.794706
vt 0.467177 0.789897
vt 0.458276 0.830806
vt 0.476018 0.785088
vt 0.488741 0.848319
vt 0.506358 0.804650
vt 0.496624 0.844030
vt 0.504508 0.839742
vt 0.334065 0.507278
vt 0.336473 0.520824
vt 0.336534 0.533263
vt 0.330884 0.494154
vt 0.334561 0.555167
vt 0.331533 0.579408
vt 0.322888 0.465288
vt 0.311271 0.433009
vt 0.297817 0.402307
vt 0.277990 0.372026
vt 0.259809 0.353175
vt 0.678460 0.857177
vt 0.676584 0.860039
vt 0.683928 0.849065
vt 0.668820 0.870899
vt 0.657159 0.885934
vt 0.619515 0.931068
vt 0.391287 0.545721
vt 0.380875 0.567144
vt 0.375858 0.597395
vt 0.409078 0.535462
vt 0.440905 0.562777
vt 0.456400 0.587223
vt 0.420753 0.540524
vt 0.426993 0.808194
vt 0.417334 0.838512
vt 0.423820 0.807578
vt 0.420666 0.806868
vt 0.427068 0.840899
vt 0.407462 0.836788
vt 0.412391 0.872680
vt 0.408138 0.871788
vt 0.410253 0.872289
s 1
f 1/1/1 2/2/2 3/3/3
f 4/4/4 1/1/1 3/3/3
f 2/2/2 1/1/1 5/5/5
f 6/6/6 2/2/2 5/5/5
f 6/6/6 5/5/5 7/7/7
f 1/1/1 4/4/4 8/8/4
f 4/4/4 9/9/8 8/8/4
f 9/9/8 4/4/4 10/10/8
f 10/10/8 11/11/9 9/9/8
f 10/10/8 12/12/9 11/11/9
f 12/12/9 13/13/10 11/11/9
f 12/12/9 14/14/11 13/13/10
f 14/14/11 15/15/12 13/13/10
f 15/15/12 14/14/11 16/16/13
f 17/17/14 15/15/12 16/16/13
f 18/3/3 19/2/2 20/1/15
f 20/1/15 21/4/4 18/3/3
f 22/5/5 20/1/15 19/2/2
f 19/2/2 23/6/6 22/5/5
f 24/7/7 22/5/5 23/6/6
f 21/4/4 20/1/15 25/8/4
f 25/8/4 26/9/8 21/4/4
f 27/10/8 21/4/4 26/9/8
f 26/9/8 28/11/9 27/10/8
f 29/12/9 27/10/8 28/11/9
f 28/11/9 30/13/10 29/12/9
f 31/14/11 29/12/9 30/13/10
f 30/13/10 32/15/12 31/14/11
f 33/16/13 31/14/11 32/15/12
f 32/15/12 34/17/14 33/16/13
f 35/18/16 36/19/17 37/20/16
f 36/19/17 35/18/16 38/21/18
f 38/21/18 39/22/19 36/19/17
f 39/22/19 38/21/18 40/23/20
f 41/21/21 42/18/16 43/19/17
f 42/18/16 44/20/16 43/19/17
f 43/19/17 45/22/19 41/21/21
f 46/23/20 41/21/21 45/22/19
f 47/24/22 48/25/23 49/26/24
f 50/27/25 48/25/23 47/24/22
f 48/25/23 50/27/25 51/28/26
f 47/24/22 52/29/27 50/27/25
f 48/25/23 51/28/26 53/30/28
f 52/29/27 47/24/22 54/31/29
f 54/31/29 47/24/22 49/26/24
f 54/31/29 55/32/30 52/29/27
f 53/30/28 56/33/31 48/25/23
f 48/25/23 56/33/31 49/26/24
f 56/33/31 53/30/28 57/34/32
f 55/32/30 54/31/29 58/35/33
f 58/35/33 54/31/29 49/26/24
f 58/35/33 59/36/34 55/32/30
f 57/34/32 60/37/35 56/33/31
f 56/33/31 60/37/35 49/26/24
f 60/37/35 57/34/32 61/38/36
f 59/36/34 58/35/33 62/39/37
f 62/39/37 58/35/33 49/26/24
f 62/39/37 63/40/38 59/36/34
f 63/40/38 62/39/37 64/41/39
f 64/41/39 62/39/37 49/26/24
f 63/40/38 64/41/39 65/42/40
f 65/42/40 64/41/39 49/26/24
f 65/42/40 66/43/41 63/40/38
f 60/37/35 61/38/36 67/44/42
f 60/37/35 67/44/42 49/26/24
f 61/38/36 68/45/43 67/44/42
f 67/44/42 68/45/43 69/46/44
f 67/44/42 69/46/44 49/26/24
f 70/47/45 69/46/44 68/45/43
f 71/48/46 66/43/41 65/42/40
f 71/48/46 65/42/40 49/26/24
f 66/43/41 71/48/46 72/49/47
f 69/46/44 70/47/45 73/50/48
f 69/46/44 73/50/48 49/26/24
f 70/47/45 74/51/49 73/50/48
f 73/50/48 74/51/49 49/26/24
f 74/51/49 70/47/45 75/52/50
f 76/53/51 72/49/47 71/48/46
f 76/53/51 71/48/46 49/26/24
f 77/54/52 72/49/47 76/53/51
f 76/53/51 78/55/53 77/54/52
f 75/52/50 79/56/54 74/51/49
f 74/51/49 79/56/54 49/26/24
f 79/56/54 75/52/50 78/55/53
f 79/56/54 76/53/51 49/26/24
f 78/55/53 76/53/51 79/56/54
f 80/7/55 81/57/56 82/6/57
f 81/57/56 80/7/55 83/58/58
f 84/59/59 81/57/56 83/58/58
f 84/59/59 83/58/58 85/60/60
f 86/61/61 84/59/59 85/60/60
f 86/61/61 85/60/60 87/62/62
f 86/61/61 87/62/62 88/63/63
f 88/63/63 89/64/64 86/61/61
f 90/65/65 89/64/64 88/63/63
f 89/64/64 90/65/65 91/66/66
f 92/67/67 91/66/66 90/65/65
f 91/66/66 92/67/67 93/68/68
f 93/68/68 92/67/67 94/69/69
f 94/69/69 92/67/67 95/70/70
f 95/70/70 96/71/71 94/69/69
f 96/71/71 95/70/70 97/72/72
f 97/72/72 98/73/73 96/71/71
f 98/73/73 97/72/72 99/74/74
f 99/74/74 100/75/75 98/73/73
f 100/75/75 99/74/74 101/76/75
f 102/77/76 100/75/75 101/76/75
f 100/75/75 102/77/76 103/78/77
f 103/78/77 102/77/76 104/79/78
f 104/79/78 102/77/76 105/80/78
f 106/6/57 107/57/56 108/7/55
f 109/58/58 108/7/55 107/57/56
f 107/57/56 110/59/59 109/58/58
f 111/60/60 109/58/58 110/59/59
f 110/59/59 112/61/79 111/60/60
f 113/62/62 111/60/60 112/61/79
f 113/62/62 112/61/79 114/63/64
f 114/63/64 112/61/79 115/64/64
f 115/64/64 116/65/65 114/63/64
f 116/65/65 115/64/64 117/66/80
f 117/66/80 118/67/67 116/65/65
f 118/67/67 117/66/80 119/68/68
f 118/67/67 119/68/68 120/69/69
f 121/70/70 118/67/67 120/69/69
f 121/70/70 120/69/69 122/71/71
f 123/72/72 121/70/70 122/71/71
f 122/71/71 124/73/73 123/72/72
f 125/74/74 123/72/72 124/73/73
f 124/73/73 126/75/75 125/74/74
f 127/76/75 125/74/74 126/75/75
f 126/75/75 128/77/76 127/76/75
f 128/77/76 126/75/75 129/78/77
f 128/77/76 129/78/77 130/79/78
f 131/80/78 128/77/76 130/79/78
f 132/79/81 133/80/82 134/20/83
f 134/20/83 133/80/82 135/18/83
f 136/18/81 137/80/82 138/20/82
f 137/80/82 139/79/81 138/20/82
f 140/81/84 141/82/84 142/83/85
f 142/83/85 141/82/84 143/84/86
f 140/81/84 144/85/87 141/82/84
f 142/83/85 143/84/86 145/86/88
f 146/87/87 144/85/87 140/81/84
f 146/87/87 147/23/89 144/85/87
f 146/87/87 148/22/90 147/23/89
f 145/86/88 143/84/86 149/88/91
f 145/86/88 149/88/91 150/89/92
f 150/89/92 149/88/91 151/90/92
f 151/90/92 152/91/93 150/89/92
f 152/91/93 151/90/92 153/92/94
f 154/84/86 155/82/84 156/83/85
f 155/82/84 157/81/84 156/83/85
f 154/84/86 156/83/85 158/86/88
f 155/82/84 159/85/87 157/81/84
f 158/86/88 160/88/91 154/84/86
f 159/85/87 161/87/87 157/81/84
f 159/85/87 162/23/89 161/87/87
f 163/22/90 161/87/87 162/23/89
f 160/88/91 158/86/88 164/89/92
f 165/90/92 160/88/91 164/89/92
f 164/89/92 166/91/93 165/90/92
f 167/92/94 165/90/92 166/91/93
f 168/93/95 169/94/96 170/95/97
f 170/95/97 171/96/98 168/93/95
f 172/97/99 171/96/98 170/95/97
f 173/98/100 168/93/95 171/96/98
f 170/95/97 174/99/101 172/97/99
f 168/93/95 173/98/100 175/100/102
f 175/100/102 169/94/96 168/93/95
f 175/100/102 173/98/100 176/101/103
f 174/99/101 170/95/97 177/102/104
f 170/95/97 169/94/96 177/102/104
f 177/102/104 178/103/105 174/99/101
f 176/101/103 179/104/106 175/100/102
f 179/104/106 169/94/96 175/100/102
f 179/104/106 176/101/103 180/105/107
f 178/103/105 177/102/104 181/106/108
f 177/102/104 169/94/96 181/106/108
f 181/106/108 182/107/109 178/103/105
f 183/108/110 179/104/106 180/105/107
f 183/108/110 169/94/96 179/104/106
f 183/108/110 180/105/107 184/109/111
f 183/108/110 184/109/111 185/110/112
f 185/110/112 169/94/96 183/108/110
f 184/109/111 186/111/113 185/110/112
f 186/111/113 169/94/96 185/110/112
f 186/111/113 184/109/111 187/112/114
f 182/107/109 181/106/108 188/113/115
f 181/106/108 169/94/96 188/113/115
f 188/113/115 189/114/116 182/107/109
f 187/112/114 190/115/117 186/111/113
f 190/115/117 169/94/96 186/111/113
f 190/115/117 187/112/114 191/116/118
f 189/114/116 188/113/115 192/117/119
f 188/113/115 169/94/96 192/117/119
f 192/117/119 193/118/120 189/114/116
f 193/118/120 192/117/119 194/119/121
f 192/117/119 169/94/96 194/119/121
f 195/120/122 193/118/120 194/119/121
f 194/119/121 169/94/96 195/120/122
f 196/121/123 193/118/120 195/120/122
f 191/116/118 197/122/124 190/115/117
f 197/122/124 169/94/96 190/115/117
f 197/122/124 191/116/118 198/123/125
f 197/122/124 198/123/125 199/124/126
f 200/125/127 169/94/96 197/122/124
f 195/120/122 169/94/96 200/125/127
f 199/124/126 200/125/127 197/122/124
f 200/125/127 196/121/123 195/120/122
f 200/125/127 199/124/126 196/121/123
f 201/126/128 202/127/129 203/128/130
f 204/129/131 203/128/130 202/127/129
f 201/126/128 203/128/130 205/130/132
f 206/131/133 203/128/130 204/129/131
f 205/130/132 207/132/132 201/126/128
f 204/129/131 208/133/134 206/131/133
f 209/134/134 206/131/133 208/133/134
f 210/135/135 209/134/134 208/133/134
f 211/136/136 207/132/132 205/130/132
f 207/132/132 211/136/136 212/137/136
f 213/138/137 212/137/136 211/136/136
f 214/139/137 212/137/136 213/138/137
f 214/139/137 213/138/137 215/140/138
f 216/141/138 214/139/137 215/140/138
f 216/141/138 215/140/138 217/142/139
f 217/142/139 218/143/140 216/141/138
f 217/142/139 219/144/141 218/143/140
f 219/144/141 217/142/139 220/145/141
f 220/145/141 221/146/142 219/144/141
f 222/147/142 219/144/141 221/146/142
f 221/146/142 223/148/143 222/147/142
f 223/148/143 221/146/142 224/149/144
f 225/150/145 223/148/143 224/149/144
f 226/127/146 227/126/147 228/128/148
f 229/129/149 226/127/146 228/128/148
f 227/126/147 230/130/150 228/128/148
f 229/129/149 228/128/148 231/131/149
f 230/130/150 227/126/147 232/132/150
f 233/133/151 229/129/149 231/131/149
f 233/133/151 231/131/149 234/134/151
f 234/134/151 235/135/152 233/133/151
f 236/136/153 230/130/150 232/132/150
f 232/132/150 237/137/153 236/136/153
f 238/138/154 236/136/153 237/137/153
f 237/137/153 239/139/154 238/138/154
f 238/138/154 239/139/154 240/140/155
f 240/140/155 239/139/154 241/141/155
f 240/140/155 241/141/155 242/142/156
f 243/143/157 242/142/156 241/141/155
f 244/144/158 242/142/156 243/143/157
f 242/142/156 244/144/158 245/145/158
f 245/145/158 244/144/158 246/146/159
f 246/146/159 244/144/158 247/147/159
f 248/148/160 246/146/159 247/147/159
f 246/146/159 248/148/160 249/149/161
f 248/148/160 250/150/162 249/149/161
f 251/151/163 252/152/164 253/153/165
f 253/153/165 252/152/164 254/154/165
f 251/151/163 255/155/166 252/152/164
f 254/154/165 256/156/167 253/153/165
f 255/155/166 251/151/163 257/157/166
f 256/156/167 254/154/165 258/158/168
f 257/157/166 259/159/169 255/155/166
f 256/156/167 258/158/168 260/160/170
f 259/159/169 257/157/166 261/161/169
f 260/160/170 258/158/168 262/162/170
f 261/161/169 263/163/171 259/159/169
f 262/162/170 264/164/172 260/160/170
f 263/163/171 261/161/169 265/165/171
f 265/165/171 266/92/173 263/163/171
f 266/92/173 265/165/171 267/91/173
f 264/164/172 262/162/170 268/166/174
f 269/167/175 264/164/172 268/166/174
f 269/167/175 268/166/174 270/168/175
f 271/154/165 272/152/164 273/153/165
f 272/152/164 274/151/163 273/153/165
f 271/154/165 273/153/165 275/156/167
f 272/152/164 276/155/166 274/151/163
f 277/158/168 271/154/165 275/156/167
f 276/155/166 278/157/166 274/151/163
f 277/158/168 275/156/167 279/160/170
f 276/155/166 280/159/169 278/157/166
f 281/162/170 277/158/168 279/160/170
f 280/159/169 282/161/169 278/157/166
f 281/162/170 279/160/170 283/164/176
f 282/161/169 280/159/169 284/163/171
f 285/166/176 281/162/170 283/164/176
f 283/164/176 286/167/175 285/166/176
f 287/168/175 285/166/176 286/167/175
f 284/163/171 288/165/171 282/161/169
f 284/163/171 289/92/173 288/165/171
f 289/92/173 290/91/173 288/165/171
f 291/5/177 292/169/178 293/170/177
f 294/171/179 291/5/177 293/170/177
f 292/169/178 291/5/177 295/1/180
f 291/5/177 294/171/179 296/7/179
f 297/172/181 292/169/178 295/1/180
f 294/171/179 298/58/182 296/7/179
f 295/1/180 299/8/183 297/172/181
f 298/58/182 294/171/179 300/173/184
f 299/8/183 301/174/185 297/172/181
f 301/174/185 299/8/183 302/9/185
f 303/175/186 301/174/185 302/9/185
f 302/9/185 304/11/186 303/175/186
f 305/13/187 303/175/186 304/11/186
f 306/60/188 298/58/182 300/173/184
f 306/60/188 300/173/184 307/176/189
f 308/177/190 307/176/189 300/173/184
f 307/176/189 309/62/191 306/60/188
f 309/62/191 307/176/189 310/178/192
f 311/179/193 309/62/191 310/178/192
f 309/62/191 311/179/193 312/63/194
f 313/5/195 314/169/196 315/1/197
f 316/172/198 315/1/197 314/169/196
f 314/169/196 313/5/195 317/170/195
f 315/1/197 316/172/198 318/8/199
f 313/5/195 319/171/200 317/170/195
f 320/174/201 318/8/199 316/172/198
f 319/171/200 313/5/195 321/7/200
f 318/8/199 320/174/201 322/9/201
f 323/58/202 319/171/200 321/7/200
f 324/175/203 322/9/201 320/174/201
f 325/11/203 322/9/201 324/175/203
f 324/175/203 326/13/204 325/11/203
f 319/171/200 323/58/202 327/173/205
f 323/58/202 328/60/206 327/173/205
f 327/173/205 328/60/206 329/176/207
f 329/176/207 330/177/208 327/173/205
f 331/62/209 329/176/207 328/60/206
f 329/176/207 331/62/209 332/178/210
f 331/62/209 333/179/211 332/178/210
f 333/179/211 331/62/209 334/63/212
f 335/180/213 336/181/214 337/182/215
f 337/182/215 338/183/216 335/180/213
f 339/184/217 335/180/213 338/183/216
f 339/184/217 338/183/216 340/185/218
f 341/186/219 339/184/217 340/185/218
f 338/183/216 337/182/215 342/187/220
f 341/186/219 340/185/218 343/188/221
f 344/189/222 341/186/219 343/188/221
f 340/185/218 338/183/216 345/190/223
f 342/187/220 345/190/223 338/183/216
f 346/191/224 342/187/220 337/182/215
f 347/181/225 346/191/224 337/182/215
f 347/181/225 348/192/225 346/191/224
f 342/187/220 346/191/224 349/193/226
f 349/193/226 350/194/227 342/187/220
f 342/187/220 350/194/227 345/190/223
f 350/194/227 349/193/226 351/195/228
f 351/195/228 352/196/229 350/194/227
f 352/196/229 351/195/228 353/197/230
f 354/198/231 352/196/229 353/197/230
f 350/194/227 352/196/229 355/199/232
f 350/194/227 355/199/232 345/190/223
f 354/198/231 356/200/233 352/196/229
f 357/201/234 356/200/233 354/198/231
f 352/196/229 358/202/235 355/199/232
f 352/196/229 356/200/233 358/202/235
f 359/203/236 345/190/223 355/199/232
f 345/190/223 359/203/236 340/185/218
f 343/188/221 340/185/218 359/203/236
f 355/199/232 360/204/237 359/203/236
f 360/204/237 355/199/232 358/202/235
f 359/203/236 361/205/238 343/188/221
f 361/205/238 359/203/236 360/204/237
f 362/206/239 343/188/221 361/205/238
f 344/189/222 343/188/221 362/206/239
f 363/207/240 344/189/222 362/206/239
f 363/207/240 362/206/239 364/208/241
f 365/209/242 363/207/240 364/208/241
f 361/205/238 366/210/243 362/206/239
f 364/208/241 362/206/239 366/210/243
f 360/204/237 367/211/244 361/205/238
f 366/210/243 361/205/238 367/211/244
f 367/211/244 360/204/237 368/212/245
f 358/202/235 368/212/245 360/204/237
f 365/209/242 364/208/241 369/213/246
f 370/214/247 365/209/242 369/213/246
f 366/210/243 371/215/248 364/208/241
f 369/213/246 364/208/241 371/215/248
f 367/211/244 372/216/249 366/210/243
f 371/215/248 366/210/243 372/216/249
f 368/212/245 373/217/250 367/211/244
f 372/216/249 367/211/244 373/217/250
f 370/214/247 369/213/246 374/218/251
f 375/219/252 370/214/247 374/218/251
f 371/215/248 376/220/253 369/213/246
f 374/218/251 369/213/246 376/220/253
f 372/216/249 377/221/254 371/215/248
f 376/220/253 371/215/248 377/221/254
f 373/217/250 378/222/255 372/216/249
f 377/221/254 372/216/249 378/222/255
f 375/219/252 374/218/251 379/223/256
f 380/224/257 375/219/252 379/223/256
f 376/220/253 381/225/258 374/218/251
f 379/223/256 374/218/251 381/225/258
f 377/221/254 382/226/259 376/220/253
f 381/225/258 376/220/253 382/226/259
f 378/222/255 383/227/260 377/221/254
f 382/226/259 377/221/254 383/227/260
f 380/224/257 379/223/256 384/228/261
f 385/229/262 380/224/257 384/228/261
f 381/225/258 386/230/263 379/223/256
f 384/228/261 379/223/256 386/230/263
f 382/226/259 387/231/264 381/225/258
f 387/231/264 386/230/263 381/225/258
f 383/227/260 388/232/265 382/226/259
f 387/231/264 382/226/259 388/232/265
f 384/228/261 389/233/266 385/229/262
f 390/234/267 385/229/262 389/233/266
f 386/230/263 391/235/268 384/228/261
f 389/233/266 384/228/261 391/235/268
f 387/231/264 392/236/269 386/230/263
f 391/235/268 386/230/263 392/236/269
f 388/232/265 393/237/270 387/231/264
f 392/236/269 387/231/264 393/237/270
f 389/233/266 394/238/271 390/234/267
f 395/239/272 390/234/267 394/238/271
f 391/235/268 396/240/273 389/233/266
f 394/238/271 389/233/266 396/240/273
f 392/236/269 397/241/274 391/235/268
f 397/241/274 396/240/273 391/235/268
f 393/237/270 398/242/275 392/236/269
f 397/241/274 392/236/269 398/242/275
f 395/239/272 394/238/271 399/243/276
f 400/244/277 395/239/272 399/243/276
f 396/240/273 401/245/278 394/238/271
f 399/243/276 394/238/271 401/245/278
f 397/241/274 402/246/279 396/240/273
f 401/245/278 396/240/273 402/246/279
f 398/242/275 403/247/280 397/241/274
f 397/241/274 403/247/280 402/246/279
f 402/246/279 404/248/281 401/245/278
f 401/245/278 405/249/282 399/243/276
f 405/249/282 401/245/278 404/248/281
f 404/248/281 402/246/279 406/250/283
f 403/247/280 406/250/283 402/246/279
f 404/248/281 407/251/284 405/249/282
f 408/252/285 399/243/276 405/249/282
f 400/244/277 399/243/276 408/252/285
f 408/252/285 405/249/282 409/253/286
f 409/253/286 405/249/282 407/251/284
f 410/254/287 411/255/288 412/256/289
f 413/257/290 412/256/289 411/255/288
f 412/256/289 413/257/290 414/258/291
f 411/255/288 410/254/287 415/259/292
f 414/258/291 416/260/293 412/256/289
f 416/260/293 414/258/291 417/201/294
f 412/256/289 418/261/295 410/254/287
f 418/261/295 412/256/289 416/260/293
f 419/262/296 415/259/292 410/254/287
f 415/259/292 419/262/296 420/263/297
f 421/264/298 410/254/287 418/261/295
f 410/254/287 421/264/298 419/262/296
f 417/201/294 422/200/299 416/260/293
f 422/200/299 417/201/294 423/198/300
f 416/260/293 424/265/301 418/261/295
f 424/265/301 416/260/293 422/200/299
f 418/261/295 425/266/302 421/264/298
f 425/266/302 418/261/295 424/265/301
f 423/198/300 426/196/303 422/200/299
f 426/196/303 423/198/300 427/197/304
f 428/195/305 426/196/303 427/197/304
f 429/202/306 422/200/299 426/196/303
f 422/200/299 429/202/306 424/265/301
f 426/196/303 428/195/305 430/194/307
f 431/193/308 430/194/307 428/195/305
f 426/196/303 432/199/309 429/202/306
f 432/199/309 426/196/303 430/194/307
f 433/212/310 424/265/301 429/202/306
f 424/265/301 433/212/310 425/266/302
f 434/204/311 429/202/306 432/199/309
f 429/202/306 434/204/311 433/212/310
f 435/187/312 430/194/307 431/193/308
f 436/191/313 435/187/312 431/193/308
f 430/194/307 437/190/314 432/199/309
f 437/190/314 430/194/307 435/187/312
f 438/181/315 436/191/313 439/192/315
f 436/191/313 438/181/315 440/182/316
f 436/191/313 440/182/316 435/187/312
f 435/187/312 441/183/317 437/190/314
f 441/183/317 435/187/312 440/182/316
f 440/182/316 442/180/318 441/183/317
f 442/180/318 440/182/316 443/181/319
f 444/184/320 441/183/317 442/180/318
f 441/183/317 444/184/320 445/185/321
f 445/185/321 437/190/314 441/183/317
f 446/186/219 445/185/321 444/184/320
f 447/203/322 432/199/309 437/190/314
f 437/190/314 445/185/321 447/203/322
f 432/199/309 447/203/322 434/204/311
f 445/185/321 446/186/219 448/188/323
f 448/188/323 447/203/322 445/185/321
f 449/189/222 448/188/323 446/186/219
f 450/205/324 434/204/311 447/203/322
f 447/203/322 448/188/323 450/205/324
f 448/188/323 449/189/222 451/206/325
f 451/206/325 450/205/324 448/188/323
f 452/207/326 451/206/325 449/189/222
f 434/204/311 450/205/324 453/211/327
f 453/211/327 433/212/310 434/204/311
f 450/205/324 451/206/325 454/210/328
f 454/210/328 453/211/327 450/205/324
f 451/206/325 452/207/326 455/208/329
f 455/208/329 454/210/328 451/206/325
f 456/209/330 455/208/329 452/207/326
f 433/212/310 453/211/327 457/217/331
f 457/217/331 425/266/302 433/212/310
f 453/211/327 454/210/328 458/216/332
f 458/216/332 457/217/331 453/211/327
f 454/210/328 455/208/329 459/215/333
f 459/215/333 458/216/332 454/210/328
f 455/208/329 456/209/330 460/213/334
f 460/213/334 459/215/333 455/208/329
f 461/214/335 460/213/334 456/209/330
f 425/266/302 457/217/331 462/267/336
f 462/267/336 421/264/298 425/266/302
f 457/217/331 458/216/332 463/222/337
f 463/222/337 462/267/336 457/217/331
f 458/216/332 459/215/333 464/221/338
f 464/221/338 463/222/337 458/216/332
f 459/215/333 460/213/334 465/220/339
f 465/220/339 464/221/338 459/215/333
f 466/159/340 467/268/341 468/155/342
f 469/269/343 470/270/344 471/271/345
f 471/271/345 467/268/341 469/269/343
f 470/270/344 469/269/343 472/272/346
f 473/273/347 470/270/344 472/272/346
f 474/274/348 469/269/343 467/268/341
f 467/268/341 466/159/340 474/274/348
f 475/275/349 472/272/346 469/269/343
f 469/269/343 474/274/348 475/275/349
f 476/276/350 473/273/347 472/272/346
f 476/276/350 472/272/346 475/275/349
f 473/273/347 476/276/350 477/277/351
f 478/278/352 477/277/351 476/276/350
f 475/275/349 478/278/352 476/276/350
f 477/277/351 478/278/352 479/279/353
f 480/280/354 479/279/353 478/278/352
f 478/278/352 475/275/349 481/281/355
f 481/281/355 475/275/349 474/274/348
f 480/280/354 478/278/352 482/282/356
f 481/281/355 482/282/356 478/278/352
f 483/283/357 480/280/354 482/282/356
f 480/280/354 483/283/357 484/284/358
f 481/281/355 474/274/348 485/285/359
f 474/274/348 466/159/340 485/285/359
f 485/285/359 466/159/340 486/163/360
f 487/286/361 484/284/358 483/283/357
f 484/284/358 487/286/361 488/287/362
f 488/287/362 487/286/361 489/288/363
f 490/289/364 485/285/359 486/163/360
f 490/289/364 486/163/360 491/92/365
f 492/90/366 490/289/364 491/92/365
f 493/290/367 485/285/359 490/289/364
f 493/290/367 481/281/355 485/285/359
f 482/282/356 481/281/355 493/290/367
f 490/289/364 492/90/366 494/291/368
f 494/291/368 493/290/367 490/289/364
f 495/88/369 494/291/368 492/90/366
f 493/290/367 496/292/370 482/282/356
f 493/290/367 494/291/368 496/292/370
f 482/282/356 496/292/370 483/283/357
f 494/291/368 495/88/369 497/293/371
f 497/293/371 496/292/370 494/291/368
f 498/84/372 497/293/371 495/88/369
f 499/294/373 483/283/357 496/292/370
f 496/292/370 497/293/371 499/294/373
f 487/286/361 483/283/357 499/294/373
f 497/293/371 498/84/372 500/295/374
f 500/295/374 499/294/373 497/293/371
f 501/82/375 500/295/374 498/84/372
f 502/296/376 487/286/361 499/294/373
f 499/294/373 500/295/374 502/296/376
f 500/295/374 501/82/375 503/297/377
f 500/295/374 503/297/377 502/296/376
f 501/82/375 504/298/378 503/297/377
f 504/298/378 501/82/375 505/85/379
f 487/286/361 502/296/376 506/299/380
f 489/288/363 487/286/361 506/299/380
f 506/299/380 507/300/381 489/288/363
f 508/301/382 506/299/380 502/296/376
f 503/297/377 508/301/382 502/296/376
f 507/300/381 506/299/380 509/302/383
f 506/299/380 508/301/382 509/302/383
f 510/303/384 507/300/381 509/302/383
f 508/301/382 510/303/384 509/302/383
f 507/300/381 510/303/384 511/304/385
f 512/305/386 511/304/385 510/303/384
f 513/306/387 508/301/382 503/297/377
f 510/303/384 508/301/382 513/306/387
f 503/297/377 504/298/378 513/306/387
f 512/305/386 510/303/384 514/307/388
f 513/306/387 514/307/388 510/303/384
f 515/308/389 512/305/386 514/307/388
f 512/305/386 515/308/389 516/309/390
f 517/310/391 516/309/390 515/308/389
f 514/307/388 513/306/387 518/311/392
f 518/311/392 513/306/387 504/298/378
f 514/307/388 519/312/393 515/308/389
f 519/312/393 514/307/388 518/311/392
f 515/308/389 520/313/394 517/310/391
f 520/313/394 515/308/389 519/312/393
f 521/314/395 517/310/391 520/313/394
f 517/310/391 521/314/395 522/315/396
f 523/77/397 522/315/396 521/314/395
f 520/313/394 524/316/398 521/314/395
f 521/314/395 524/316/398 523/77/397
f 519/312/393 525/317/399 520/313/394
f 524/316/398 520/313/394 525/317/399
f 523/77/397 524/316/398 526/318/400
f 525/317/399 526/318/400 524/316/398
f 523/77/397 526/318/400 527/80/401
f 528/319/402 527/80/401 526/318/400
f 528/319/402 526/318/400 525/317/399
f 527/80/401 528/319/402 529/18/403
f 530/21/404 529/18/403 528/319/402
f 525/317/399 531/320/405 528/319/402
f 531/320/405 525/317/399 519/312/393
f 528/319/402 531/320/405 530/21/404
f 518/311/392 531/320/405 519/312/393
f 532/321/406 530/21/404 531/320/405
f 531/320/405 518/311/392 532/321/406
f 530/21/404 532/321/406 533/23/407
f 504/298/378 532/321/406 518/311/392
f 505/85/379 533/23/407 532/321/406
f 505/85/379 532/321/406 504/298/378
f 534/270/408 535/322/409 536/323/410
f 536/323/410 537/273/411 534/270/408
f 538/155/412 539/324/413 540/268/414
f 541/271/415 540/268/414 539/324/413
f 540/268/414 542/159/416 538/155/412
f 543/269/417 541/271/415 534/270/408
f 540/268/414 541/271/415 543/269/417
f 544/272/418 534/270/408 537/273/411
f 534/270/408 544/272/418 543/269/417
f 537/273/411 545/276/419 544/272/418
f 545/276/419 537/273/411 546/277/420
f 547/275/421 543/269/417 544/272/418
f 544/272/418 545/276/419 547/275/421
f 543/269/417 548/274/422 540/268/414
f 542/159/416 540/268/414 548/274/422
f 548/274/422 543/269/417 547/275/421
f 546/277/420 549/278/423 545/276/419
f 549/278/423 547/275/421 545/276/419
f 549/278/423 546/277/420 550/279/424
f 550/279/424 551/280/425 549/278/423
f 547/275/421 549/278/423 552/281/426
f 552/281/426 548/274/422 547/275/421
f 542/159/416 548/274/422 553/285/427
f 548/274/422 552/281/426 553/285/427
f 542/159/416 553/285/427 554/163/428
f 555/282/429 549/278/423 551/280/425
f 555/282/429 552/281/426 549/278/423
f 551/280/425 556/283/430 555/282/429
f 556/283/430 551/280/425 557/284/431
f 552/281/426 555/282/429 558/290/432
f 552/281/426 558/290/432 553/285/427
f 555/282/429 556/283/430 559/292/433
f 559/292/433 558/290/432 555/282/429
f 557/284/431 560/286/434 556/283/430
f 560/286/434 557/284/431 561/287/435
f 556/283/430 562/294/436 559/292/433
f 556/283/430 560/286/434 562/294/436
f 560/286/434 561/287/435 563/288/437
f 553/285/427 558/290/432 564/289/438
f 553/285/427 564/289/438 554/163/428
f 565/92/439 554/163/428 564/289/438
f 564/289/438 566/90/440 565/92/439
f 558/290/432 567/291/441 564/289/438
f 566/90/440 564/289/438 567/291/441
f 567/291/441 558/290/432 559/292/433
f 567/291/441 568/88/442 566/90/440
f 559/292/433 569/293/443 567/291/441
f 568/88/442 567/291/441 569/293/443
f 569/293/443 559/292/433 562/294/436
f 569/293/443 570/84/444 568/88/442
f 570/84/444 569/293/443 571/295/445
f 562/294/436 571/295/445 569/293/443
f 571/295/445 572/82/446 570/84/444
f 571/295/445 562/294/436 573/296/447
f 560/286/434 573/296/447 562/294/436
f 572/82/446 571/295/445 574/297/448
f 573/296/447 574/297/448 571/295/445
f 560/286/434 575/299/449 573/296/447
f 575/299/449 560/286/434 563/288/437
f 563/288/437 576/300/450 575/299/449
f 575/299/449 577/301/451 573/296/447
f 574/297/448 573/296/447 577/301/451
f 578/302/452 575/299/449 576/300/450
f 577/301/451 575/299/449 578/302/452
f 576/300/450 579/303/453 578/302/452
f 579/303/453 577/301/451 578/302/452
f 579/303/453 576/300/450 580/304/454
f 580/304/454 581/305/455 579/303/453
f 577/301/451 579/303/453 582/306/456
f 582/306/456 574/297/448 577/301/451
f 583/307/457 579/303/453 581/305/455
f 583/307/457 582/306/456 579/303/453
f 581/305/455 584/308/458 583/307/457
f 584/308/458 581/305/455 585/309/459
f 586/310/460 584/308/458 585/309/459
f 574/297/448 582/306/456 587/298/461
f 572/82/446 574/297/448 587/298/461
f 588/85/462 572/82/446 587/298/461
f 589/311/463 587/298/461 582/306/456
f 582/306/456 583/307/457 589/311/463
f 590/321/464 588/85/462 587/298/461
f 590/321/464 587/298/461 589/311/463
f 591/23/465 588/85/462 590/321/464
f 590/321/464 592/21/466 591/23/465
f 589/311/463 593/320/467 590/321/464
f 592/21/466 590/321/464 593/320/467
f 583/307/457 594/312/468 589/311/463
f 593/320/467 589/311/463 594/312/468
f 594/312/468 583/307/457 584/308/458
f 595/319/469 592/21/466 593/320/467
f 596/18/470 592/21/466 595/319/469
f 595/319/469 597/80/471 596/18/470
f 593/320/467 598/317/472 595/319/469
f 598/317/472 593/320/467 594/312/468
f 597/80/471 595/319/469 599/318/473
f 599/318/473 595/319/469 598/317/472
f 599/318/473 600/77/474 597/80/471
f 601/313/475 594/312/468 584/308/458
f 598/317/472 594/312/468 601/313/475
f 601/313/475 584/308/458 586/310/460
f 599/318/473 598/317/472 602/316/476
f 601/313/475 602/316/476 598/317/472
f 602/316/476 600/77/474 599/318/473
f 586/310/460 603/314/477 601/313/475
f 602/316/476 601/313/475 603/314/477
f 602/316/476 603/314/477 600/77/474
f 603/314/477 586/310/460 604/315/478
f 604/315/478 600/77/474 603/314/477
f 605/325/479 606/326/480 607/327/481
f 608/328/482 607/327/481 606/326/480
f 609/329/483 607/327/481 608/328/482
f 610/330/484 606/326/480 605/325/479
f 610/330/484 608/328/482 606/326/480
f 610/330/484 605/325/479 611/331/485
f 612/332/486 611/331/485 605/325/479
f 608/328/482 610/330/484 613/333/487
f 613/333/487 610/330/484 611/331/485
f 612/332/486 614/334/488 611/331/485
f 611/331/485 614/334/488 613/333/487
f 614/334/488 612/332/486 615/335/489
f 614/334/488 615/335/489 616/336/490
f 617/337/491 614/334/488 616/336/490
f 614/334/488 617/337/491 613/333/487
f 616/336/490 618/338/492 617/337/491
f 619/339/493 608/328/482 613/333/487
f 619/339/493 613/333/487 617/337/491
f 609/329/483 608/328/482 620/340/494
f 608/328/482 619/339/493 620/340/494
f 620/340/494 621/341/495 609/329/483
f 622/342/496 617/337/491 618/338/492
f 617/337/491 622/342/496 619/339/493
f 623/343/497 620/340/494 619/339/493
f 623/343/497 619/339/493 622/342/496
f 620/340/494 624/344/498 621/341/495
f 620/340/494 623/343/497 624/344/498
f 625/345/499 621/341/495 624/344/498
f 624/344/498 626/346/500 625/345/499
f 618/338/492 627/347/501 622/342/496
f 627/347/501 618/338/492 628/348/502
f 628/348/502 629/349/503 627/347/501
f 630/350/504 627/347/501 629/349/503
f 631/351/505 622/342/496 627/347/501
f 622/342/496 631/351/505 623/343/497
f 627/347/501 630/350/504 631/351/505
f 632/352/506 624/344/498 623/343/497
f 626/346/500 624/344/498 632/352/506
f 623/343/497 631/351/505 632/352/506
f 632/352/506 633/353/507 626/346/500
f 634/168/508 626/346/500 633/353/507
f 635/354/509 632/352/506 631/351/505
f 635/354/509 631/351/505 630/350/504
f 632/352/506 635/354/509 633/353/507
f 635/354/509 636/355/510 633/353/507
f 636/355/510 637/168/511 633/353/507
f 637/168/511 636/355/510 638/166/512
f 636/355/510 639/162/513 638/166/512
f 636/355/510 635/354/509 640/356/514
f 630/350/504 640/356/514 635/354/509
f 639/162/513 636/355/510 641/357/515
f 641/357/515 636/355/510 640/356/514
f 641/357/515 642/158/516 639/162/513
f 640/356/514 630/350/504 643/358/517
f 644/349/518 643/358/517 630/350/504
f 643/358/517 644/349/518 645/359/519
f 643/358/517 646/360/520 640/356/514
f 641/357/515 640/356/514 646/360/520
f 645/359/519 647/361/521 643/358/517
f 646/360/520 643/358/517 647/361/521
f 647/361/521 645/359/519 648/362/522
f 649/363/523 641/357/515 646/360/520
f 642/158/516 641/357/515 649/363/523
f 647/361/521 650/364/524 646/360/520
f 649/363/523 646/360/520 650/364/524
f 648/362/522 651/365/525 647/361/521
f 650/364/524 647/361/521 651/365/525
f 651/365/525 648/362/522 652/366/526
f 652/366/526 653/367/527 651/365/525
f 651/365/525 653/367/527 650/364/524
f 653/367/527 652/366/526 535/322/409
f 642/158/516 649/363/523 654/368/528
f 655/154/529 642/158/516 654/368/528
f 654/368/528 656/152/530 655/154/529
f 657/369/531 649/363/523 650/364/524
f 649/363/523 657/369/531 654/368/528
f 657/369/531 650/364/524 653/367/527
f 656/152/530 654/368/528 539/324/413
f 657/369/531 539/324/413 654/368/528
f 539/324/413 538/155/412 656/152/530
f 653/367/527 541/271/415 657/369/531
f 539/324/413 657/369/531 541/271/415
f 535/322/409 534/270/408 653/367/527
f 541/271/415 653/367/527 534/270/408
f 658/326/532 659/325/533 660/327/534
f 660/327/534 661/328/535 658/326/532
f 661/328/535 660/327/534 662/329/536
f 658/326/532 663/330/537 659/325/533
f 661/328/535 663/330/537 658/326/532
f 659/325/533 663/330/537 664/331/538
f 664/331/538 665/332/539 659/325/533
f 663/330/537 661/328/535 666/333/540
f 666/333/540 664/331/538 663/330/537
f 667/334/541 665/332/539 664/331/538
f 664/331/538 666/333/540 667/334/541
f 665/332/539 667/334/541 668/335/542
f 667/334/541 669/336/543 668/335/542
f 669/336/543 667/334/541 670/337/544
f 666/333/540 670/337/544 667/334/541
f 671/338/545 669/336/543 670/337/544
f 661/328/535 672/339/546 666/333/540
f 670/337/544 666/333/540 672/339/546
f 671/338/545 670/337/544 673/342/547
f 673/342/547 670/337/544 672/339/546
f 674/347/548 671/338/545 673/342/547
f 671/338/545 674/347/548 675/348/549
f 676/349/550 675/348/549 674/347/548
f 674/347/548 677/350/551 676/349/550
f 672/339/546 661/328/535 678/340/552
f 662/329/536 678/340/552 661/328/535
f 678/340/552 662/329/536 679/341/553
f 678/340/552 680/343/554 672/339/546
f 673/342/547 672/339/546 680/343/554
f 681/344/555 678/340/552 679/341/553
f 680/343/554 678/340/552 681/344/555
f 681/344/555 679/341/553 682/345/556
f 683/346/557 681/344/555 682/345/556
f 673/342/547 684/351/558 674/347/548
f 684/351/558 673/342/547 680/343/554
f 677/350/551 674/347/548 684/351/558
f 685/352/559 680/343/554 681/344/555
f 681/344/555 683/346/557 685/352/559
f 680/343/554 685/352/559 684/351/558
f 686/353/560 685/352/559 683/346/557
f 683/346/557 687/168/561 686/353/560
f 685/352/559 688/354/562 684/351/558
f 684/351/558 688/354/562 677/350/551
f 688/354/562 685/352/559 686/353/560
f 686/353/560 689/355/563 688/354/562
f 690/168/564 689/355/563 686/353/560
f 690/168/564 691/166/565 689/355/563
f 692/162/566 689/355/563 691/166/565
f 693/356/567 688/354/562 689/355/563
f 693/356/567 677/350/551 688/354/562
f 689/355/563 692/162/566 694/357/568
f 689/355/563 694/357/568 693/356/567
f 695/158/569 694/357/568 692/162/566
f 677/350/551 693/356/567 696/358/570
f 696/358/570 697/349/571 677/350/551
f 697/349/571 696/358/570 698/359/572
f 699/360/573 696/358/570 693/356/567
f 693/356/567 694/357/568 699/360/573
f 700/361/574 698/359/572 696/358/570
f 696/358/570 699/360/573 700/361/574
f 698/359/572 700/361/574 701/362/575
f 694/357/568 695/158/569 702/363/576
f 702/363/576 699/360/573 694/357/568
f 695/158/569 703/368/577 702/363/576
f 703/368/577 695/158/569 704/154/578
f 705/152/579 703/368/577 704/154/578
f 706/365/580 701/362/575 700/361/574
f 701/362/575 706/365/580 707/366/581
f 708/364/582 700/361/574 699/360/573
f 699/360/573 702/363/576 708/364/582
f 700/361/574 708/364/582 706/365/580
f 709/367/583 707/366/581 706/365/580
f 708/364/582 709/367/583 706/365/580
f 707/366/581 709/367/583 710/322/584
f 702/363/576 711/369/585 708/364/582
f 709/367/583 708/364/582 711/369/585
f 711/369/585 702/363/576 703/368/577
f 470/270/344 710/322/584 709/367/583
f 710/322/584 470/270/344 712/323/586
f 471/271/345 709/367/583 711/369/585
f 709/367/583 471/271/345 470/270/344
f 470/270/344 473/273/347 712/323/586
f 703/368/577 713/324/587 711/369/585
f 711/369/585 713/324/587 471/271/345
f 703/368/577 705/152/579 713/324/587
f 468/155/342 713/324/587 705/152/579
f 713/324/587 468/155/342 467/268/341
f 467/268/341 471/271/345 713/324/587
f 460/213/334 461/214/335 714/218/588
f 714/218/588 465/220/339 460/213/334
f 715/219/589 714/218/588 461/214/335
f 714/218/588 715/219/589 716/223/590
f 717/224/591 716/223/590 715/219/589
f 465/220/339 714/218/588 718/225/592
f 716/223/590 718/225/592 714/218/588
f 464/221/338 465/220/339 719/226/593
f 718/225/592 719/226/593 465/220/339
f 719/226/593 720/227/594 464/221/338
f 463/222/337 464/221/338 720/227/594
f 716/223/590 717/224/591 721/228/595
f 722/229/596 721/228/595 717/224/591
f 718/225/592 716/223/590 723/230/597
f 721/228/595 723/230/597 716/223/590
f 719/226/593 718/225/592 724/231/598
f 723/230/597 724/231/598 718/225/592
f 724/231/598 725/232/599 719/226/593
f 720/227/594 719/226/593 725/232/599
f 721/228/595 722/229/596 726/233/600
f 727/234/267 726/233/600 722/229/596
f 723/230/597 721/228/595 728/235/601
f 726/233/600 728/235/601 721/228/595
f 724/231/598 723/230/597 729/236/602
f 728/235/601 729/236/602 723/230/597
f 729/236/602 730/237/603 724/231/598
f 725/232/599 724/231/598 730/237/603
f 726/233/600 727/234/267 731/238/604
f 732/239/605 731/238/604 727/234/267
f 728/235/601 726/233/600 733/240/606
f 731/238/604 733/240/606 726/233/600
f 729/236/602 728/235/601 734/241/607
f 733/240/606 734/241/607 728/235/601
f 734/241/607 735/242/608 729/236/602
f 730/237/603 729/236/602 735/242/608
f 731/238/604 732/239/605 736/243/609
f 737/244/277 736/243/609 732/239/605
f 733/240/606 731/238/604 738/245/610
f 736/243/609 738/245/610 731/238/604
f 734/241/607 733/240/606 739/246/611
f 738/245/610 739/246/611 733/240/606
f 739/246/611 740/247/612 734/241/607
f 735/242/608 734/241/607 740/247/612
f 739/246/611 738/245/610 741/248/613
f 738/245/610 736/243/609 742/249/614
f 742/249/614 741/248/613 738/245/610
f 741/248/613 743/250/615 739/246/611
f 740/247/612 739/246/611 743/250/615
f 741/248/613 742/249/614 744/251/616
f 745/252/617 742/249/614 736/243/609
f 736/243/609 737/244/277 745/252/617
f 742/249/614 745/252/617 746/253/618
f 746/253/618 744/251/616 742/249/614
f 747/370/619 745/252/617 737/244/277
f 747/370/619 737/244/277 748/371/620
f 747/370/619 748/371/620 749/372/621
f 749/372/621 748/371/620 750/373/622
f 745/252/617 747/370/619 751/374/623
f 749/372/621 751/374/623 747/370/619
f 751/374/623 746/253/618 745/252/617
f 751/374/623 749/372/621 752/375/624
f 752/375/624 753/376/625 751/374/623
f 753/376/625 746/253/618 751/374/623
f 753/376/625 752/375/624 754/377/626
f 746/253/618 753/376/625 755/378/627
f 744/251/616 746/253/618 755/378/627
f 754/377/626 756/379/628 753/376/625
f 756/379/628 755/378/627 753/376/625
f 756/379/628 754/377/626 757/380/629
f 758/381/630 756/379/628 757/380/629
f 758/381/630 759/382/631 756/379/628
f 758/381/630 760/383/632 759/382/631
f 755/378/627 756/379/628 761/384/633
f 755/378/627 762/385/634 744/251/616
f 762/385/634 755/378/627 761/384/633
f 756/379/628 763/386/635 761/384/633
f 763/386/635 756/379/628 759/382/631
f 761/384/633 764/387/636 762/385/634
f 764/387/636 761/384/633 763/386/635
f 765/388/637 744/251/616 762/385/634
f 744/251/616 765/388/637 741/248/613
f 743/250/615 741/248/613 765/388/637
f 762/385/634 766/389/638 765/388/637
f 766/389/638 762/385/634 764/387/636
f 765/388/637 767/390/639 743/250/615
f 767/390/639 765/388/637 766/389/638
f 768/391/640 743/250/615 767/390/639
f 743/250/615 768/391/640 740/247/612
f 766/389/638 769/392/641 767/390/639
f 764/387/636 770/393/642 766/389/638
f 769/392/641 766/389/638 770/393/642
f 770/393/642 764/387/636 771/394/643
f 763/386/635 771/394/643 764/387/636
f 772/395/644 740/247/612 768/391/640
f 740/247/612 772/395/644 735/242/608
f 767/390/639 773/396/645 768/391/640
f 773/396/645 767/390/639 769/392/641
f 768/391/640 774/397/646 772/395/644
f 774/397/646 768/391/640 773/396/645
f 775/398/647 735/242/608 772/395/644
f 735/242/608 775/398/647 730/237/603
f 776/399/648 772/395/644 774/397/646
f 772/395/644 776/399/648 775/398/647
f 773/396/645 777/400/649 774/397/646
f 778/401/650 730/237/603 775/398/647
f 730/237/603 778/401/650 725/232/599
f 779/402/651 775/398/647 776/399/648
f 775/398/647 779/402/651 778/401/650
f 774/397/646 780/403/652 776/399/648
f 780/403/652 774/397/646 777/400/649
f 776/399/648 781/404/653 779/402/651
f 781/404/653 776/399/648 780/403/652
f 780/403/652 782/405/654 781/404/653
f 782/405/654 780/403/652 783/406/655
f 777/400/649 783/406/655 780/403/652
f 784/407/656 781/404/653 782/405/654
f 783/406/655 777/400/649 785/408/657
f 781/404/653 784/407/656 786/409/658
f 786/409/658 779/402/651 781/404/653
f 787/410/659 786/409/658 784/407/656
f 788/411/660 785/408/657 777/400/649
f 777/400/649 773/396/645 788/411/660
f 785/408/657 788/411/660 789/412/661
f 769/392/641 788/411/660 773/396/645
f 790/413/662 789/412/661 788/411/660
f 788/411/660 769/392/641 790/413/662
f 789/412/661 790/413/662 791/414/663
f 770/393/642 790/413/662 769/392/641
f 792/415/664 791/414/663 790/413/662
f 790/413/662 770/393/642 792/415/664
f 791/414/663 792/415/664 793/416/665
f 771/394/643 792/415/664 770/393/642
f 794/417/666 793/416/665 792/415/664
f 792/415/664 771/394/643 794/417/666
f 793/416/665 794/417/666 795/418/667
f 796/419/668 795/418/667 794/417/666
f 795/418/667 796/419/668 797/420/669
f 798/421/670 794/417/666 771/394/643
f 794/417/666 798/421/670 796/419/668
f 771/394/643 763/386/635 798/421/670
f 796/419/668 799/422/671 797/420/669
f 759/382/631 798/421/670 763/386/635
f 799/422/671 796/419/668 800/423/672
f 800/423/672 801/424/673 799/422/671
f 800/423/672 802/425/674 801/424/673
f 796/419/668 803/426/675 800/423/672
f 802/425/674 800/423/672 803/426/675
f 803/426/675 796/419/668 798/421/670
f 798/421/670 759/382/631 803/426/675
f 803/426/675 760/383/632 802/425/674
f 760/383/632 803/426/675 759/382/631
f 804/427/676 311/179/193 310/178/192
f 311/179/193 805/65/677 312/63/194
f 311/179/193 804/427/676 806/428/676
f 804/427/676 807/429/678 806/428/676
f 807/429/678 804/427/676 808/430/678
f 805/65/677 311/179/193 809/431/679
f 810/432/680 809/431/679 311/179/193
f 805/65/677 809/431/679 811/325/681
f 311/179/193 812/428/680 810/432/680
f 813/433/682 810/432/680 812/428/680
f 814/429/682 813/433/682 812/428/680
f 811/325/681 815/67/683 805/65/677
f 815/67/683 811/325/681 816/434/684
f 817/332/685 816/434/684 811/325/681
f 815/67/683 816/434/684 818/70/686
f 818/70/686 816/434/684 819/72/686
f 820/335/687 816/434/684 817/332/685
f 816/434/684 821/288/686 819/72/686
f 821/288/686 822/300/686 819/72/686
f 822/300/686 823/74/686 819/72/686
f 823/74/686 822/300/686 824/304/686
f 824/304/686 825/76/688 823/74/686
f 825/76/688 824/304/686 826/305/688
f 827/309/689 825/76/688 826/305/688
f 825/76/688 827/309/689 828/77/689
f 828/77/689 827/309/689 829/310/690
f 828/77/689 829/310/690 830/315/691
f 821/288/686 816/434/684 831/287/686
f 832/284/686 831/287/686 816/434/684
f 833/280/686 832/284/686 816/434/684
f 834/279/686 833/280/686 816/434/684
f 816/434/684 835/277/686 834/279/686
f 835/277/686 816/434/684 820/335/687
f 836/273/686 835/277/686 820/335/687
f 836/273/686 820/335/687 837/323/686
f 837/323/686 820/335/687 838/336/686
f 838/336/686 839/322/686 837/323/686
f 839/322/686 838/336/686 840/338/686
f 839/322/686 840/338/686 841/366/686
f 841/366/686 840/338/686 842/348/686
f 841/366/686 842/348/686 843/362/686
f 842/348/686 844/359/686 843/362/686
f 844/359/686 842/348/686 845/349/692
f 333/179/211 846/427/693 332/178/210
f 847/65/694 333/179/211 334/63/212
f 846/427/693 333/179/211 848/428/693
f 849/429/695 846/427/693 848/428/693
f 846/427/693 849/429/695 850/430/695
f 333/179/211 847/65/694 851/431/696
f 852/432/697 333/179/211 851/431/696
f 851/431/696 847/65/694 853/325/698
f 333/179/211 852/432/697 854/428/697
f 855/433/699 854/428/697 852/432/697
f 854/428/697 855/433/699 856/429/700
f 853/325/698 847/65/694 857/67/701
f 853/325/698 857/67/701 858/434/702
f 859/70/703 858/434/702 857/67/701
f 858/434/702 860/332/704 853/325/698
f 861/72/703 858/434/702 859/70/703
f 858/434/702 862/335/705 860/332/704
f 861/72/703 863/288/703 858/434/702
f 864/300/703 863/288/703 861/72/703
f 865/74/703 864/300/703 861/72/703
f 864/300/703 865/74/703 866/304/703
f 867/76/706 866/304/703 865/74/703
f 866/304/703 867/76/706 868/305/706
f 869/309/707 868/305/706 867/76/706
f 870/77/707 869/309/707 867/76/706
f 869/309/707 870/77/707 871/310/708
f 871/310/708 870/77/707 872/315/709
f 858/434/702 863/288/703 873/287/703
f 873/287/703 874/284/703 858/434/702
f 874/284/703 875/280/703 858/434/702
f 875/280/703 876/279/703 858/434/702
f 877/277/703 858/434/702 876/279/703
f 858/434/702 877/277/703 862/335/705
f 877/277/703 878/273/703 862/335/705
f 862/335/705 878/273/703 879/323/703
f 862/335/705 879/323/703 880/336/703
f 881/322/703 880/336/703 879/323/703
f 880/336/703 881/322/703 882/338/703
f 883/366/703 882/338/703 881/322/703
f 883/366/703 884/348/703 882/338/703
f 883/366/703 885/362/703 884/348/703
f 886/359/703 884/348/703 885/362/703
f 884/348/703 886/359/703 887/349/710
f 462/267/336 463/222/337 888/435/711
f 720/227/594 888/435/711 463/222/337
f 888/435/711 889/436/712 462/267/336
f 421/264/298 462/267/336 889/436/712
f 889/436/712 419/262/296 421/264/298
f 888/435/711 720/227/594 890/437/713
f 725/232/599 890/437/713 720/227/594
f 890/437/713 725/232/599 778/401/650
f 890/437/713 891/438/714 888/435/711
f 889/436/712 888/435/711 891/438/714
f 778/401/650 892/439/715 890/437/713
f 891/438/714 890/437/713 892/439/715
f 892/439/715 778/401/650 779/402/651
f 779/402/651 786/409/658 892/439/715
f 419/262/296 889/436/712 893/440/716
f 891/438/714 893/440/716 889/436/712
f 893/440/716 420/263/297 419/262/296
f 420/263/297 893/440/716 894/441/717
f 893/440/716 891/438/714 895/442/718
f 892/439/715 895/442/718 891/438/714
f 895/442/718 894/441/717 893/440/716
f 895/442/718 892/439/715 786/409/658
f 894/441/717 895/442/718 787/410/659
f 786/409/658 787/410/659 895/442/718
f 896/370/719 400/244/277 408/252/285
f 400/244/277 896/370/719 897/371/720
f 898/372/721 897/371/720 896/370/719
f 897/371/720 898/372/721 899/373/722
f 408/252/285 900/374/723 896/370/719
f 898/372/721 896/370/719 900/374/723
f 900/374/723 408/252/285 409/253/286
f 898/372/721 900/374/723 901/375/724
f 900/374/723 902/376/725 901/375/724
f 409/253/286 902/376/725 900/374/723
f 901/375/724 902/376/725 903/377/726
f 902/376/725 409/253/286 904/378/727
f 407/251/284 904/378/727 409/253/286
f 905/379/728 903/377/726 902/376/725
f 904/378/727 905/379/728 902/376/725
f 903/377/726 905/379/728 906/380/729
f 905/379/728 907/381/730 906/380/729
f 907/381/730 905/379/728 908/382/731
f 908/382/731 909/383/732 907/381/730
f 905/379/728 904/378/727 910/384/733
f 909/383/732 908/382/731 911/426/734
f 911/426/734 912/425/735 909/383/732
f 913/386/736 908/382/731 905/379/728
f 905/379/728 910/384/733 913/386/736
f 914/421/737 911/426/734 908/382/731
f 908/382/731 913/386/736 914/421/737
f 912/425/735 911/426/734 915/423/738
f 915/423/738 916/424/739 912/425/735
f 916/424/739 915/423/738 917/422/740
f 918/419/741 915/423/738 911/426/734
f 918/419/741 917/422/740 915/423/738
f 911/426/734 914/421/737 918/419/741
f 917/422/740 918/419/741 919/420/742
f 919/420/742 918/419/741 920/418/743
f 920/418/743 918/419/741 921/417/744
f 921/417/744 918/419/741 914/421/737
f 920/418/743 921/417/744 922/416/745
f 921/417/744 914/421/737 923/394/746
f 923/394/746 914/421/737 913/386/736
f 922/416/745 921/417/744 924/415/747
f 921/417/744 923/394/746 924/415/747
f 925/414/663 922/416/745 924/415/747
f 926/387/748 923/394/746 913/386/736
f 926/387/748 913/386/736 910/384/733
f 924/415/747 923/394/746 927/393/749
f 927/393/749 923/394/746 926/387/748
f 925/414/663 924/415/747 928/413/750
f 928/413/750 924/415/747 927/393/749
f 929/412/661 925/414/663 928/413/750
f 930/385/751 926/387/748 910/384/733
f 930/385/751 910/384/733 904/378/727
f 904/378/727 407/251/284 930/385/751
f 931/389/752 926/387/748 930/385/751
f 926/387/748 931/389/752 927/393/749
f 932/388/753 930/385/751 407/251/284
f 932/388/753 931/389/752 930/385/751
f 404/248/281 932/388/753 407/251/284
f 406/250/283 932/388/753 404/248/281
f 933/390/754 931/389/752 932/388/753
f 932/388/753 406/250/283 933/390/754
f 934/392/755 927/393/749 931/389/752
f 931/389/752 933/390/754 934/392/755
f 928/413/750 927/393/749 934/392/755
f 935/391/756 933/390/754 406/250/283
f 406/250/283 403/247/280 935/391/756
f 936/396/757 934/392/755 933/390/754
f 933/390/754 935/391/756 936/396/757
f 934/392/755 937/411/758 928/413/750
f 937/411/758 934/392/755 936/396/757
f 929/412/661 928/413/750 937/411/758
f 938/408/759 929/412/661 937/411/758
f 938/408/759 937/411/758 939/400/760
f 939/400/760 937/411/758 936/396/757
f 940/406/761 938/408/759 939/400/760
f 941/397/762 936/396/757 935/391/756
f 939/400/760 936/396/757 941/397/762
f 940/406/761 939/400/760 942/403/763
f 941/397/762 942/403/763 939/400/760
f 943/405/654 940/406/761 942/403/763
f 935/391/756 944/395/764 941/397/762
f 944/395/764 935/391/756 403/247/280
f 403/247/280 398/242/275 944/395/764
f 945/399/765 941/397/762 944/395/764
f 942/403/763 941/397/762 945/399/765
f 946/398/766 944/395/764 398/242/275
f 944/395/764 946/398/766 945/399/765
f 398/242/275 393/237/270 946/398/766
f 943/405/654 942/403/763 947/404/767
f 947/404/767 942/403/763 945/399/765
f 948/407/768 943/405/654 947/404/767
f 949/401/769 946/398/766 393/237/270
f 950/402/770 945/399/765 946/398/766
f 947/404/767 945/399/765 950/402/770
f 946/398/766 949/401/769 950/402/770
f 393/237/270 388/232/265 949/401/769
f 948/407/768 947/404/767 951/409/771
f 950/402/770 951/409/771 947/404/767
f 952/410/772 948/407/768 951/409/771
f 953/439/773 950/402/770 949/401/769
f 951/409/771 950/402/770 953/439/773
f 954/437/774 949/401/769 388/232/265
f 949/401/769 954/437/774 953/439/773
f 388/232/265 383/227/260 954/437/774
f 952/410/772 951/409/771 955/442/775
f 955/442/775 951/409/771 953/439/773
f 956/441/776 952/410/772 955/442/775
f 957/435/777 954/437/774 383/227/260
f 958/438/778 953/439/773 954/437/774
f 955/442/775 953/439/773 958/438/778
f 954/437/774 957/435/777 958/438/778
f 383/227/260 378/222/255 957/435/777
f 956/441/776 955/442/775 959/440/779
f 958/438/778 959/440/779 955/442/775
f 960/263/780 956/441/776 959/440/779
f 961/436/781 958/438/778 957/435/777
f 959/440/779 958/438/778 961/436/781
f 962/267/782 957/435/777 378/222/255
f 957/435/777 962/267/782 961/436/781
f 378/222/255 373/217/250 962/267/782
f 960/263/780 959/440/779 963/262/783
f 963/262/783 959/440/779 961/436/781
f 964/259/784 960/263/780 963/262/783
f 965/266/785 962/267/782 373/217/250
f 966/264/786 961/436/781 962/267/782
f 961/436/781 966/264/786 963/262/783
f 962/267/782 965/266/785 966/264/786
f 373/217/250 368/212/245 965/266/785
f 964/259/784 963/262/783 967/254/787
f 966/264/786 967/254/787 963/262/783
f 968/255/788 964/259/784 967/254/787
f 969/261/789 966/264/786 965/266/785
f 967/254/787 966/264/786 969/261/789
f 970/265/790 965/266/785 368/212/245
f 965/266/785 970/265/790 969/261/789
f 368/212/245 358/202/235 970/265/790
f 356/200/233 970/265/790 358/202/235
f 968/255/788 967/254/787 971/256/791
f 971/256/791 967/254/787 969/261/789
f 972/257/792 968/255/788 971/256/791
f 972/257/792 971/256/791 973/258/793
f 970/265/790 356/200/233 974/260/794
f 974/260/794 969/261/789 970/265/790
f 971/256/791 969/261/789 974/260/794
f 974/260/794 973/258/793 971/256/791
f 357/201/234 974/260/794 356/200/233
f 973/258/793 974/260/794 357/201/234
f 975/176/795 976/177/796 977/443/795
f 978/444/797 975/176/795 977/443/795
f 975/176/795 978/444/797 979/178/798
f 980/445/799 979/178/798 978/444/797
f 979/178/798 980/445/799 981/427/800
f 982/446/801 981/427/800 980/445/799
f 981/427/800 982/446/801 983/430/802
f 984/177/796 985/176/795 986/443/795
f 985/176/795 987/444/803 986/443/795
f 987/444/803 985/176/795 988/178/798
f 988/178/798 989/445/799 987/444/803
f 989/445/799 988/178/798 990/427/800
f 990/427/800 991/446/802 989/445/799
f 991/446/802 990/427/800 992/430/802
f 993/447/804 994/448/805 995/449/806
f 996/141/807 995/449/806 994/448/805
f 994/448/805 997/139/808 996/141/807
f 998/143/809 995/449/806 996/141/807
f 997/139/808 994/448/805 999/450/810
f 999/450/810 1000/137/811 997/139/808
f 1000/137/811 999/450/810 1001/451/812
f 1001/451/812 1002/132/813 1000/137/811
f 1002/132/813 1001/451/812 1003/452/814
f 1004/126/815 1002/132/813 1003/452/814
f 1005/127/816 1004/126/815 1003/452/814
f 1006/453/817 995/449/806 998/143/809
f 995/449/806 1006/453/817 1007/454/818
f 1007/454/818 993/447/804 995/449/806
f 993/447/804 1007/454/818 1008/455/819
f 1009/456/820 1007/454/818 1006/453/817
f 1007/454/818 1010/457/821 1008/455/819
f 1010/457/821 1007/454/818 1011/458/822
f 1007/454/818 1009/456/820 1011/458/822
f 1011/458/822 1012/459/823 1010/457/821
f 1011/458/822 1013/460/824 1012/459/823
f 1009/456/820 1013/460/824 1011/458/822
f 1009/456/820 1014/461/825 1013/460/824
f 1015/448/826 1016/447/827 1017/449/828
f 1017/449/828 1018/141/829 1015/448/826
f 1019/139/830 1015/448/826 1018/141/829
f 1017/449/828 1020/143/831 1018/141/829
f 1015/448/826 1019/139/830 1021/450/832
f 1022/137/833 1021/450/832 1019/139/830
f 1021/450/832 1022/137/833 1023/451/834
f 1024/132/835 1023/451/834 1022/137/833
f 1023/451/834 1024/132/835 1025/452/836
f 1024/132/835 1026/126/837 1025/452/836
f 1026/126/837 1027/127/838 1025/452/836
f 1017/449/828 1028/453/839 1020/143/831
f 1028/453/839 1017/449/828 1029/454/840
f 1016/447/827 1029/454/840 1017/449/828
f 1029/454/840 1016/447/827 1030/455/841
f 1029/454/840 1031/456/842 1028/453/839
f 1032/457/843 1029/454/840 1030/455/841
f 1029/454/840 1032/457/843 1033/458/844
f 1031/456/842 1029/454/840 1033/458/844
f 1034/459/845 1033/458/844 1032/457/843
f 1033/458/844 1034/459/845 1035/460/846
f 1035/460/846 1031/456/842 1033/458/844
f 1036/461/847 1031/456/842 1035/460/846
f 1037/462/848 1038/171/849 1039/170/850
f 1038/171/849 1037/462/848 1040/173/851
f 1040/173/851 1037/462/848 1041/177/852
f 1039/170/850 1042/463/853 1037/462/848
f 1042/463/853 1039/170/850 1043/169/854
f 1043/169/854 1044/464/855 1042/463/853
f 1044/464/855 1043/169/854 1045/172/856
f 1045/172/856 1046/465/857 1044/464/855
f 1046/465/857 1045/172/856 1047/174/858
f 1047/174/858 1048/466/859 1046/465/857
f 1048/466/859 1047/174/858 1049/175/859
f 1049/175/859 1050/467/860 1048/466/859
f 1050/467/860 1049/175/859 1051/13/860
f 1051/13/860 1052/468/861 1050/467/860
f 1052/468/861 1051/13/860 1053/15/861
f 1054/17/862 1052/468/861 1053/15/861
f 1055/171/863 1056/462/864 1057/170/865
f 1056/462/864 1055/171/863 1058/173/866
f 1056/462/864 1058/173/866 1059/177/867
f 1060/463/868 1057/170/865 1056/462/864
f 1057/170/865 1060/463/868 1061/169/869
f 1061/169/869 1060/463/868 1062/464/870
f 1063/172/871 1061/169/869 1062/464/870
f 1063/172/871 1062/464/870 1064/465/872
f 1064/465/872 1065/174/873 1063/172/871
f 1065/174/873 1064/465/872 1066/466/874
f 1066/466/874 1067/175/874 1065/174/873
f 1067/175/874 1066/466/874 1068/467/875
f 1068/467/875 1069/13/876 1067/175/874
f 1070/468/877 1069/13/876 1068/467/875
f 1069/13/876 1070/468/877 1071/15/877
f 1070/468/877 1072/17/878 1071/15/877
f 1073/469/879 1074/432/880 1075/470/881
f 1076/471/882 1075/470/881 1074/432/880
f 1076/471/882 1074/432/880 1077/433/883
f 1074/432/880 1073/469/879 1078/431/884
f 1073/469/879 1079/325/885 1078/431/884
f 1079/325/885 1073/469/879 1080/472/886
f 1081/469/887 1082/432/880 1083/431/884
f 1083/431/884 1084/325/885 1081/469/887
f 1085/472/886 1081/469/887 1084/325/885
f 1082/432/880 1081/469/887 1086/470/881
f 1086/470/881 1087/471/882 1082/432/880
f 1088/433/883 1082/432/880 1087/471/882
f 1089/473/888 1090/474/889 1091/475/889
f 1090/474/889 1089/473/888 1092/476/890
f 1093/477/889 1089/473/888 1091/475/889
f 1089/473/888 1094/478/890 1092/476/890
f 1089/473/888 1093/477/889 1095/479/890
f 1094/478/890 1089/473/888 1096/480/890
f 1097/481/890 1089/473/888 1095/479/890
f 1089/473/888 1097/481/890 1096/480/890
f 1098/482/891 1099/447/892 1100/483/892
f 1101/455/893 1100/483/892 1099/447/892
f 1099/447/892 1098/482/891 1102/448/894
f 1100/483/892 1101/455/893 1103/484/895
f 1104/485/896 1102/448/894 1098/482/891
f 1105/457/897 1103/484/895 1101/455/893
f 1102/448/894 1104/485/896 1106/450/898
f 1103/484/895 1105/457/897 1107/486/899
f 1108/459/900 1107/486/899 1105/457/897
f 1107/486/899 1108/459/900 1109/487/901
f 1110/488/902 1106/450/898 1104/485/896
f 1106/450/898 1110/488/902 1111/451/903
f 1110/488/902 1112/452/904 1111/451/903
f 1110/488/902 1113/489/905 1112/452/904
f 1113/489/905 1114/127/906 1112/452/904
f 1113/489/905 1115/490/907 1114/127/906
f 1115/490/907 1116/129/908 1114/127/906
f 1115/490/907 1117/491/909 1116/129/908
f 1117/491/909 1118/133/910 1116/129/908
f 1117/491/909 1119/492/911 1118/133/910
f 1120/135/912 1118/133/910 1119/492/911
f 1121/447/913 1122/482/914 1123/483/892
f 1122/482/914 1121/447/913 1124/448/915
f 1123/483/892 1125/455/916 1121/447/913
f 1124/448/915 1126/485/917 1122/482/914
f 1125/455/916 1123/483/892 1127/484/895
f 1126/485/917 1124/448/915 1128/450/918
f 1127/484/895 1129/457/919 1125/455/916
f 1128/450/918 1130/488/920 1126/485/917
f 1129/457/919 1127/484/895 1131/486/899
f 1131/486/899 1132/459/921 1129/457/919
f 1132/459/921 1131/486/899 1133/487/901
f 1130/488/920 1128/450/918 1134/451/922
f 1134/451/922 1135/452/923 1130/488/920
f 1136/489/905 1130/488/920 1135/452/923
f 1135/452/923 1137/127/924 1136/489/905
f 1138/490/907 1136/489/905 1137/127/924
f 1137/127/924 1139/129/925 1138/490/907
f 1140/491/909 1138/490/907 1139/129/925
f 1139/129/925 1141/133/926 1140/491/909
f 1142/492/911 1140/491/909 1141/133/926
f 1141/133/926 1143/135/912 1142/492/911
f 1144/341/927 1145/493/928 1146/494/927
f 1145/493/928 1144/341/927 1147/329/929
f 1146/494/927 1148/345/930 1144/341/927
f 1147/329/929 1149/495/931 1145/493/928
f 1150/496/932 1148/345/930 1146/494/927
f 1149/495/931 1147/329/929 1151/327/931
f 1152/325/933 1149/495/931 1151/327/931
f 1149/495/931 1152/325/933 1153/472/934
f 1150/496/932 1154/346/935 1148/345/930
f 1155/497/936 1154/346/935 1150/496/932
f 1155/497/936 1156/168/937 1154/346/935
f 1156/168/937 1155/497/936 1157/498/937
f 1158/493/928 1159/329/929 1160/341/927
f 1160/341/927 1161/494/927 1158/493/928
f 1159/329/929 1158/493/928 1162/495/931
f 1160/341/927 1163/345/938 1161/494/927
f 1162/495/931 1164/327/931 1159/329/929
f 1162/495/931 1165/325/934 1164/327/931
f 1165/325/934 1162/495/931 1166/472/934
f 1163/345/938 1167/496/932 1161/494/927
f 1163/345/938 1168/346/935 1167/496/932
f 1168/346/935 1169/497/936 1167/496/932
f 1168/346/935 1170/168/937 1169/497/936
f 1171/498/937 1169/497/936 1170/168/937
f 1172/499/939 1173/500/940 1174/456/941
f 1173/500/940 1175/461/942 1174/456/941
f 1173/500/940 1176/501/943 1175/461/942
f 1172/499/939 1174/456/941 1177/453/944
f 1177/453/944 1178/502/945 1172/499/939
f 1178/502/945 1177/453/944 1179/143/946
f 1180/500/940 1181/499/939 1182/456/947
f 1182/456/947 1183/461/948 1180/500/940
f 1184/501/943 1180/500/940 1183/461/948
f 1185/453/949 1182/456/947 1181/499/939
f 1181/499/939 1186/502/945 1185/453/949
f 1187/143/950 1185/453/949 1186/502/945
f 1188/503/951 1189/148/952 1190/504/953
f 1189/148/952 1191/150/954 1190/504/953
f 1189/148/952 1188/503/951 1192/147/955
f 1193/505/956 1192/147/955 1188/503/951
f 1192/147/955 1193/505/956 1194/144/957
f 1195/502/958 1194/144/957 1193/505/956
f 1194/144/957 1195/502/958 1196/143/959
f 1197/503/951 1198/148/960 1199/147/961
f 1198/148/960 1197/503/951 1200/504/953
f 1201/150/954 1198/148/960 1200/504/953
f 1199/147/961 1202/505/956 1197/503/951
f 1202/505/956 1199/147/961 1203/144/962
f 1203/144/962 1204/502/958 1202/505/956
f 1204/502/958 1203/144/962 1205/143/963
f 1206/506/964 1207/507/965 1208/508/966
f 1207/507/965 1209/509/967 1208/508/966
f 1207/507/965 1206/506/964 1210/510/968
f 1209/509/967 1207/507/965 1211/511/969
f 1212/512/970 1207/507/965 1210/510/968
f 1213/513/971 1211/511/969 1207/507/965
f 1207/507/965 1212/512/970 1214/514/972
f 1213/513/971 1207/507/965 1214/514/972
