# Converted from Roblox mesh format
# Vertices: 4566, Faces: 4606

v -1.230345 -21.619381 2.235894 1.000000 1.000000 1.000000
v -0.910103 -22.079201 2.215121 1.000000 1.000000 1.000000
v -1.167559 -21.888914 2.553922 1.000000 1.000000 1.000000
v -1.167559 -22.143557 2.812276 1.000000 1.000000 1.000000
v -0.942755 -22.716711 2.666284 1.000000 1.000000 1.000000
v -0.813299 -21.785604 1.924902 1.000000 1.000000 1.000000
v -1.290140 -21.337097 1.855049 1.000000 1.000000 1.000000
v -0.493844 -21.225914 1.371643 1.000000 1.000000 1.000000
v -0.000000 -21.785604 1.924902 1.000000 1.000000 1.000000
v -0.000000 -21.225914 1.371643 1.000000 1.000000 1.000000
v -0.000000 -22.079201 2.215121 1.000000 1.000000 1.000000
v -0.910103 -22.079201 2.215121 1.000000 1.000000 1.000000
v -0.000000 -22.716711 2.666284 1.000000 1.000000 1.000000
v -0.942755 -22.716711 2.666284 1.000000 1.000000 1.000000
v -0.908245 -21.579079 3.620732 1.000000 1.000000 1.000000
v -0.574034 -21.016251 3.972500 1.000000 1.000000 1.000000
v -0.697157 -21.010387 3.878695 1.000000 1.000000 1.000000
v -0.631545 -20.725712 3.921694 1.000000 1.000000 1.000000
v -0.000000 -20.725712 3.921694 1.000000 1.000000 1.000000
v -0.000000 -21.016251 3.972500 1.000000 1.000000 1.000000
v -0.445866 -21.677076 3.902078 1.000000 1.000000 1.000000
v -0.000000 -21.677076 3.902078 1.000000 1.000000 1.000000
v -1.025834 -21.925129 3.245932 1.000000 1.000000 1.000000
v -0.000000 -22.187086 3.578418 1.000000 1.000000 1.000000
v -0.523697 -22.187086 3.578418 1.000000 1.000000 1.000000
v -1.086110 -22.120529 3.017581 1.000000 1.000000 1.000000
v -0.000000 -22.559786 3.088023 1.000000 1.000000 1.000000
v -0.716388 -22.559786 3.088023 1.000000 1.000000 1.000000
v -1.167559 -22.143557 2.812276 1.000000 1.000000 1.000000
v -0.942755 -22.716711 2.666284 1.000000 1.000000 1.000000
v -0.716388 -22.559786 3.088023 1.000000 1.000000 1.000000
v -0.000000 -22.716711 2.666284 1.000000 1.000000 1.000000
v -0.942755 -22.716711 2.666284 1.000000 1.000000 1.000000
v -0.000000 -19.570221 5.913679 1.000000 1.000000 1.000000
v -0.760883 -19.342873 5.042465 1.000000 1.000000 1.000000
v -0.000000 -20.099846 5.648867 1.000000 1.000000 1.000000
v -0.760883 -19.586069 4.734257 1.000000 1.000000 1.000000
v -0.613558 -19.016729 5.455791 1.000000 1.000000 1.000000
v -0.000000 -20.551008 5.629251 1.000000 1.000000 1.000000
v -0.222592 -20.680124 5.514481 1.000000 1.000000 1.000000
v -0.000000 -20.923708 5.874448 1.000000 1.000000 1.000000
v -0.613558 -18.594721 5.882775 1.000000 1.000000 1.000000
v -0.000000 -18.962132 6.443305 1.000000 1.000000 1.000000
v -0.760883 -18.352310 6.128042 1.000000 1.000000 1.000000
v -0.000000 -18.903284 6.923892 1.000000 1.000000 1.000000
v -0.637879 -20.980715 3.813807 1.000000 1.000000 1.000000
v -0.908245 -21.579079 3.620732 1.000000 1.000000 1.000000
v -0.697157 -21.010387 3.878695 1.000000 1.000000 1.000000
v -0.631545 -20.725712 3.921694 1.000000 1.000000 1.000000
v -0.639974 -21.451494 3.421491 1.000000 1.000000 1.000000
v -1.025834 -21.925129 3.245932 1.000000 1.000000 1.000000
v -0.000000 -20.980715 3.813807 1.000000 1.000000 1.000000
v -0.000000 -20.725712 3.921694 1.000000 1.000000 1.000000
v -0.000000 -21.451494 3.421491 1.000000 1.000000 1.000000
v -0.639974 -21.451494 3.421491 1.000000 1.000000 1.000000
v -0.000000 -21.677076 2.931097 1.000000 1.000000 1.000000
v -0.907229 -21.677076 2.931097 1.000000 1.000000 1.000000
v -0.907229 -21.677076 2.931097 1.000000 1.000000 1.000000
v -1.086110 -22.120529 3.017581 1.000000 1.000000 1.000000
v -1.167559 -22.143557 2.812276 1.000000 1.000000 1.000000
v -1.167559 -21.888914 2.553922 1.000000 1.000000 1.000000
v -1.021868 -21.451494 2.352432 1.000000 1.000000 1.000000
v -1.230345 -21.619381 2.235894 1.000000 1.000000 1.000000
v -1.290140 -21.337097 1.855049 1.000000 1.000000 1.000000
v -1.290140 -21.170704 2.234208 1.000000 1.000000 1.000000
v -1.021868 -21.056925 2.963803 1.000000 1.000000 1.000000
v -1.290140 -20.822779 2.764762 1.000000 1.000000 1.000000
v -1.330481 -20.558453 3.028981 1.000000 1.000000 1.000000
v -1.062209 -20.774750 3.303797 1.000000 1.000000 1.000000
v -1.044687 -20.156853 3.627457 1.000000 1.000000 1.000000
v -1.429380 -20.066496 3.228201 1.000000 1.000000 1.000000
v -1.540158 -19.669329 3.202974 1.000000 1.000000 1.000000
v -0.965031 -19.774345 3.745152 1.000000 1.000000 1.000000
v -1.634046 -19.286722 3.163433 1.000000 1.000000 1.000000
v -1.265207 -19.277050 3.787186 1.000000 1.000000 1.000000
v -0.000000 -20.156853 3.627457 1.000000 1.000000 1.000000
v -0.000000 -20.774750 3.303797 1.000000 1.000000 1.000000
v -1.062209 -20.774750 3.303797 1.000000 1.000000 1.000000
v -0.000000 -19.774345 3.745152 1.000000 1.000000 1.000000
v -1.021868 -21.056925 2.963803 1.000000 1.000000 1.000000
v -0.000000 -21.056925 2.963803 1.000000 1.000000 1.000000
v -1.021868 -21.451494 2.352432 1.000000 1.000000 1.000000
v -0.000000 -21.451494 2.352432 1.000000 1.000000 1.000000
v -0.884864 -19.378284 4.151283 1.000000 1.000000 1.000000
v 0.000000 15.465771 -7.459360 1.000000 1.000000 1.000000
v -1.334841 15.465771 -7.459360 1.000000 1.000000 1.000000
v -0.000000 15.841312 -7.342760 1.000000 1.000000 1.000000
v -0.000000 14.838728 -7.654047 1.000000 1.000000 1.000000
v -1.334841 15.841312 -7.342760 1.000000 1.000000 1.000000
v -1.334841 14.838728 -7.654047 1.000000 1.000000 1.000000
v -1.301909 16.157440 -7.248911 1.000000 1.000000 1.000000
v -1.334841 14.254866 -7.835327 1.000000 1.000000 1.000000
v -0.000000 16.157440 -7.248911 1.000000 1.000000 1.000000
v -1.271124 16.720463 -7.081765 1.000000 1.000000 1.000000
v -0.000000 16.720463 -7.081765 1.000000 1.000000 1.000000
v 0.000000 14.254866 -7.835327 1.000000 1.000000 1.000000
v -1.289887 13.154678 -8.014922 1.000000 1.000000 1.000000
v -0.000000 13.154678 -8.014922 1.000000 1.000000 1.000000
v -1.279722 12.572508 -8.091795 1.000000 1.000000 1.000000
v -0.000000 12.572851 -8.091795 1.000000 1.000000 1.000000
v -1.049188 11.063490 -8.149570 1.000000 1.000000 1.000000
v 0.000000 11.063490 -8.149570 1.000000 1.000000 1.000000
v -0.998429 10.692257 -8.144949 1.000000 1.000000 1.000000
v -0.000000 10.692257 -8.144949 1.000000 1.000000 1.000000
v -0.929387 9.907207 -8.082822 1.000000 1.000000 1.000000
v -0.000000 9.907207 -8.082822 1.000000 1.000000 1.000000
v -0.865929 8.710982 -7.794079 1.000000 1.000000 1.000000
v -0.000000 8.710982 -7.794079 1.000000 1.000000 1.000000
v -0.795066 8.314991 -7.505334 1.000000 1.000000 1.000000
v -0.000000 8.314991 -7.505334 1.000000 1.000000 1.000000
v 1.301909 16.157440 -7.248911 1.000000 1.000000 1.000000
v -0.000000 15.841312 -7.342760 1.000000 1.000000 1.000000
v -0.000000 16.157440 -7.248911 1.000000 1.000000 1.000000
v 1.271124 16.720463 -7.081765 1.000000 1.000000 1.000000
v -0.000000 16.720463 -7.081765 1.000000 1.000000 1.000000
v 1.334841 15.841312 -7.342760 1.000000 1.000000 1.000000
v 0.000000 15.465771 -7.459360 1.000000 1.000000 1.000000
v 1.334841 15.465771 -7.459360 1.000000 1.000000 1.000000
v 1.334841 14.838728 -7.654047 1.000000 1.000000 1.000000
v -0.000000 14.838728 -7.654047 1.000000 1.000000 1.000000
v 0.000000 14.254866 -7.835327 1.000000 1.000000 1.000000
v 1.334841 14.254866 -7.835327 1.000000 1.000000 1.000000
v 1.289887 13.154678 -8.014922 1.000000 1.000000 1.000000
v -0.000000 13.154678 -8.014922 1.000000 1.000000 1.000000
v 1.279722 12.572508 -8.091795 1.000000 1.000000 1.000000
v -0.000000 12.572851 -8.091795 1.000000 1.000000 1.000000
v 1.049188 11.063490 -8.149570 1.000000 1.000000 1.000000
v 0.000000 11.063490 -8.149570 1.000000 1.000000 1.000000
v 0.998429 10.692257 -8.144949 1.000000 1.000000 1.000000
v -0.000000 10.692257 -8.144949 1.000000 1.000000 1.000000
v 0.929387 9.907207 -8.082822 1.000000 1.000000 1.000000
v -0.000000 9.907207 -8.082822 1.000000 1.000000 1.000000
v 0.865929 8.710982 -7.794079 1.000000 1.000000 1.000000
v -0.000000 8.710982 -7.794079 1.000000 1.000000 1.000000
v 0.795066 8.314991 -7.505334 1.000000 1.000000 1.000000
v -0.000000 8.314991 -7.505334 1.000000 1.000000 1.000000
v -0.951201 14.175956 3.659251 1.000000 1.000000 1.000000
v -0.000000 14.048491 3.961922 1.000000 1.000000 1.000000
v -0.000000 14.175956 3.659251 1.000000 1.000000 1.000000
v -1.139703 14.048491 3.961922 1.000000 1.000000 1.000000
v 0.951201 14.175956 3.659251 1.000000 1.000000 1.000000
v -0.000000 14.175956 3.659251 1.000000 1.000000 1.000000
v -0.000000 14.048491 3.961922 1.000000 1.000000 1.000000
v 1.139703 14.048491 3.961922 1.000000 1.000000 1.000000
v -0.000000 -20.992365 5.236936 1.000000 1.000000 1.000000
v 1.027677 -20.459501 3.071350 1.000000 1.000000 1.000000
v 0.817644 -20.062845 4.155257 1.000000 1.000000 1.000000
v -0.000000 -21.712851 4.382398 1.000000 1.000000 1.000000
v 0.222592 -20.680124 5.514481 1.000000 1.000000 1.000000
v -0.000000 -20.923708 5.874448 1.000000 1.000000 1.000000
v -0.000000 -20.551008 5.629251 1.000000 1.000000 1.000000
v 0.760883 -19.586069 4.734257 1.000000 1.000000 1.000000
v -0.000000 -20.099846 5.648867 1.000000 1.000000 1.000000
v 0.760883 -19.342873 5.042465 1.000000 1.000000 1.000000
v -0.000000 -19.570221 5.913679 1.000000 1.000000 1.000000
v 0.613558 -19.016729 5.455791 1.000000 1.000000 1.000000
v 0.613558 -18.594721 5.882775 1.000000 1.000000 1.000000
v -0.000000 -18.962132 6.443305 1.000000 1.000000 1.000000
v 0.760883 -18.352310 6.128042 1.000000 1.000000 1.000000
v -0.000000 -18.903284 6.923892 1.000000 1.000000 1.000000
v 0.760883 -18.801371 4.006440 1.000000 1.000000 1.000000
v -0.000000 -18.984463 2.664806 1.000000 1.000000 1.000000
v -1.177046 -18.984463 2.664806 1.000000 1.000000 1.000000
v -0.000000 -18.550615 2.647218 1.000000 1.000000 1.000000
v 1.194236 -18.550615 2.647218 1.000000 1.000000 1.000000
v 1.177046 -18.984463 2.664806 1.000000 1.000000 1.000000
v -0.000000 -18.064003 2.412706 1.000000 1.000000 1.000000
v 1.194236 -18.064003 2.412706 1.000000 1.000000 1.000000
v 0.896188 -17.641882 1.955407 1.000000 1.000000 1.000000
v -0.000000 -17.641882 1.955407 1.000000 1.000000 1.000000
v 1.544097 -17.920784 2.706191 1.000000 1.000000 1.000000
v 1.634046 -17.686121 2.546955 1.000000 1.000000 1.000000
v 1.194236 -18.550615 2.647218 1.000000 1.000000 1.000000
v 1.513850 -18.423634 2.949235 1.000000 1.000000 1.000000
v 1.513850 -18.851604 3.067331 1.000000 1.000000 1.000000
v 1.177046 -18.984463 2.664806 1.000000 1.000000 1.000000
v 1.634046 -19.286722 3.163433 1.000000 1.000000 1.000000
v -0.000000 11.577085 8.469072 1.000000 1.000000 1.000000
v 0.583359 11.771689 9.365944 1.000000 1.000000 1.000000
v 0.717510 11.577085 8.469072 1.000000 1.000000 1.000000
v -0.000000 11.771689 9.365944 1.000000 1.000000 1.000000
v -0.000000 11.644774 7.868338 1.000000 1.000000 1.000000
v 0.877999 11.644774 7.868338 1.000000 1.000000 1.000000
v -0.000000 12.401799 6.985344 1.000000 1.000000 1.000000
v 0.877999 12.401799 6.985344 1.000000 1.000000 1.000000
v -0.000000 11.577085 8.469072 1.000000 1.000000 1.000000
v -0.583359 11.771689 9.365944 1.000000 1.000000 1.000000
v -0.000000 11.771689 9.365944 1.000000 1.000000 1.000000
v -0.717510 11.577085 8.469072 1.000000 1.000000 1.000000
v -0.000000 11.644774 7.868338 1.000000 1.000000 1.000000
v -0.877999 11.644774 7.868338 1.000000 1.000000 1.000000
v -0.877999 12.401799 6.985344 1.000000 1.000000 1.000000
v -0.000000 12.401799 6.985344 1.000000 1.000000 1.000000
v 1.406053 -16.486982 3.402166 1.000000 1.000000 1.000000
v 1.296027 -16.239441 3.483665 1.000000 1.000000 1.000000
v 1.106012 -16.576973 3.548994 1.000000 1.000000 1.000000
v 1.571596 -17.091084 3.079138 1.000000 1.000000 1.000000
v -0.000000 -16.239441 3.483665 1.000000 1.000000 1.000000
v 1.039488 -15.968884 3.431299 1.000000 1.000000 1.000000
v -0.000000 -15.968884 3.431299 1.000000 1.000000 1.000000
v -0.000000 -16.576973 3.548994 1.000000 1.000000 1.000000
v -0.000000 -17.176113 3.227924 1.000000 1.000000 1.000000
v 1.308299 -17.176113 3.227924 1.000000 1.000000 1.000000
v -0.000000 -17.655842 3.097831 1.000000 1.000000 1.000000
v 1.365774 -17.655842 3.097831 1.000000 1.000000 1.000000
v 1.365774 -18.214891 3.137063 1.000000 1.000000 1.000000
v -0.000000 -18.214891 3.137063 1.000000 1.000000 1.000000
v 1.194531 -18.734711 3.421491 1.000000 1.000000 1.000000
v -0.000000 -18.734711 3.421491 1.000000 1.000000 1.000000
v 1.365774 -17.655842 3.097831 1.000000 1.000000 1.000000
v 1.634046 -17.501743 2.722953 1.000000 1.000000 1.000000
v 1.634046 -17.686121 2.546955 1.000000 1.000000 1.000000
v 1.544097 -17.920784 2.706191 1.000000 1.000000 1.000000
v 1.365774 -18.214891 3.137063 1.000000 1.000000 1.000000
v 1.513850 -18.423634 2.949235 1.000000 1.000000 1.000000
v 1.194531 -18.734711 3.421491 1.000000 1.000000 1.000000
v 1.513850 -18.851604 3.067331 1.000000 1.000000 1.000000
v 1.634046 -19.286722 3.163433 1.000000 1.000000 1.000000
v 1.265207 -19.277050 3.787186 1.000000 1.000000 1.000000
v 0.965031 -19.774345 3.745152 1.000000 1.000000 1.000000
v 0.989905 -18.888052 3.820067 1.000000 1.000000 1.000000
v 0.884864 -19.378284 4.151283 1.000000 1.000000 1.000000
v 1.036454 -19.161501 4.148577 1.000000 1.000000 1.000000
v 0.859591 -18.974659 4.146246 1.000000 1.000000 1.000000
v 0.733484 -18.911251 4.519975 1.000000 1.000000 1.000000
v 1.036454 -19.161501 4.148577 1.000000 1.000000 1.000000
v 0.733484 -18.911251 4.519975 1.000000 1.000000 1.000000
v -0.000000 -19.378284 4.151283 1.000000 1.000000 1.000000
v -0.000000 -18.911251 4.519975 1.000000 1.000000 1.000000
v -0.000000 -19.774345 3.745152 1.000000 1.000000 1.000000
v 0.965031 -19.774345 3.745152 1.000000 1.000000 1.000000
v -0.000000 -20.156853 3.627457 1.000000 1.000000 1.000000
v 1.044687 -20.156853 3.627457 1.000000 1.000000 1.000000
v -0.000000 -20.774750 3.303797 1.000000 1.000000 1.000000
v 1.062209 -20.774750 3.303797 1.000000 1.000000 1.000000
v 1.021868 -21.056925 2.963803 1.000000 1.000000 1.000000
v -0.000000 -21.056925 2.963803 1.000000 1.000000 1.000000
v -0.000000 -21.451494 2.352432 1.000000 1.000000 1.000000
v 1.021868 -21.451494 2.352432 1.000000 1.000000 1.000000
v -1.021072 0.699666 -7.004085 1.000000 1.000000 1.000000
v -0.000000 0.667957 -7.004085 1.000000 1.000000 1.000000
v -0.849058 0.068678 -7.001434 1.000000 1.000000 1.000000
v -0.000000 1.358682 -6.883739 1.000000 1.000000 1.000000
v -1.035536 1.367155 -6.883739 1.000000 1.000000 1.000000
v -0.000000 0.015002 -7.001434 1.000000 1.000000 1.000000
v -0.692148 -0.442560 -6.918197 1.000000 1.000000 1.000000
v -0.000000 -0.514034 -6.918197 1.000000 1.000000 1.000000
v -0.000000 0.667957 -7.004085 1.000000 1.000000 1.000000
v 1.021072 0.699666 -7.004085 1.000000 1.000000 1.000000
v 0.849058 0.068678 -7.001434 1.000000 1.000000 1.000000
v -0.000000 1.358682 -6.883739 1.000000 1.000000 1.000000
v 1.035536 1.367155 -6.883739 1.000000 1.000000 1.000000
v -0.000000 0.015002 -7.001434 1.000000 1.000000 1.000000
v 0.692148 -0.442560 -6.918197 1.000000 1.000000 1.000000
v -0.000000 -0.514034 -6.918197 1.000000 1.000000 1.000000
v 1.282088 11.025249 9.528221 1.000000 1.000000 1.000000
v 1.053437 10.902878 10.013288 1.000000 1.000000 1.000000
v 1.320557 10.684504 9.651526 1.000000 1.000000 1.000000
v 1.125139 10.412523 10.023193 1.000000 1.000000 1.000000
v 1.353790 10.260120 9.664845 1.000000 1.000000 1.000000
v 1.053437 11.220504 10.003394 1.000000 1.000000 1.000000
v 1.282088 11.455346 9.417460 1.000000 1.000000 1.000000
v 1.282088 11.624183 9.679685 1.000000 1.000000 1.000000
v 1.053437 11.631609 10.181704 1.000000 1.000000 1.000000
v 1.282088 11.868550 9.885372 1.000000 1.000000 1.000000
v 1.053437 12.206165 10.340202 1.000000 1.000000 1.000000
v 1.282088 12.282308 10.052323 1.000000 1.000000 1.000000
v 0.892635 12.996912 10.180953 1.000000 1.000000 1.000000
v 0.663984 13.028377 10.389733 1.000000 1.000000 1.000000
v 0.598678 13.603513 10.114308 1.000000 1.000000 1.000000
v 0.370027 13.654663 10.210044 1.000000 1.000000 1.000000
v 0.227801 14.107821 9.802367 1.000000 1.000000 1.000000
v -0.000000 13.654663 10.210044 1.000000 1.000000 1.000000
v -0.000000 14.107821 9.802367 1.000000 1.000000 1.000000
v -0.000000 13.028377 10.389733 1.000000 1.000000 1.000000
v -0.000000 12.206165 10.340202 1.000000 1.000000 1.000000
v 1.053437 12.206165 10.340202 1.000000 1.000000 1.000000
v -0.000000 11.631609 10.181704 1.000000 1.000000 1.000000
v 1.053437 11.631609 10.181704 1.000000 1.000000 1.000000
v -0.000000 11.220504 10.003394 1.000000 1.000000 1.000000
v 1.053437 11.220504 10.003394 1.000000 1.000000 1.000000
v 1.053437 10.902878 10.013288 1.000000 1.000000 1.000000
v -0.000000 10.902878 10.013288 1.000000 1.000000 1.000000
v -0.000000 10.412523 10.023193 1.000000 1.000000 1.000000
v 1.125139 10.412523 10.023193 1.000000 1.000000 1.000000
v -1.053437 10.902878 10.013288 1.000000 1.000000 1.000000
v -1.282088 11.025249 9.528221 1.000000 1.000000 1.000000
v -1.320557 10.684504 9.651526 1.000000 1.000000 1.000000
v -1.125139 10.412523 10.023193 1.000000 1.000000 1.000000
v -1.353790 10.260120 9.664845 1.000000 1.000000 1.000000
v -1.053437 11.220504 10.003394 1.000000 1.000000 1.000000
v -1.282088 11.455346 9.417460 1.000000 1.000000 1.000000
v -1.282088 11.624183 9.679685 1.000000 1.000000 1.000000
v -1.053437 11.631609 10.181704 1.000000 1.000000 1.000000
v -1.282088 11.868550 9.885372 1.000000 1.000000 1.000000
v -1.053437 12.206165 10.340202 1.000000 1.000000 1.000000
v -1.282088 12.282308 10.052323 1.000000 1.000000 1.000000
v -0.892635 12.996912 10.180953 1.000000 1.000000 1.000000
v -0.663984 13.028377 10.389733 1.000000 1.000000 1.000000
v -0.598678 13.603513 10.114308 1.000000 1.000000 1.000000
v -1.053437 12.206165 10.340202 1.000000 1.000000 1.000000
v -0.000000 12.206165 10.340202 1.000000 1.000000 1.000000
v -1.053437 11.631609 10.181704 1.000000 1.000000 1.000000
v -0.000000 11.631609 10.181704 1.000000 1.000000 1.000000
v -1.053437 11.220504 10.003394 1.000000 1.000000 1.000000
v -0.000000 11.220504 10.003394 1.000000 1.000000 1.000000
v -0.000000 10.902878 10.013288 1.000000 1.000000 1.000000
v -1.053437 10.902878 10.013288 1.000000 1.000000 1.000000
v -0.000000 10.412523 10.023193 1.000000 1.000000 1.000000
v -1.125139 10.412523 10.023193 1.000000 1.000000 1.000000
v -0.000000 13.028377 10.389733 1.000000 1.000000 1.000000
v -0.370027 13.654663 10.210044 1.000000 1.000000 1.000000
v -0.000000 13.654663 10.210044 1.000000 1.000000 1.000000
v -0.227801 14.107821 9.802367 1.000000 1.000000 1.000000
v 0.298939 17.080935 -5.943287 1.000000 1.000000 1.000000
v -0.000000 17.979197 -6.134916 1.000000 1.000000 1.000000
v -0.000000 17.080935 -5.943287 1.000000 1.000000 1.000000
v -0.000000 16.494072 -5.440261 1.000000 1.000000 1.000000
v 0.552404 16.530731 -5.415326 1.000000 1.000000 1.000000
v -0.000000 15.931163 -4.565954 1.000000 1.000000 1.000000
v 0.690689 15.931163 -4.565954 1.000000 1.000000 1.000000
v -0.000000 15.209464 -2.667387 1.000000 1.000000 1.000000
v 1.214175 15.209464 -2.667387 1.000000 1.000000 1.000000
v -0.000000 14.589759 -0.769306 1.000000 1.000000 1.000000
v 1.214175 14.589759 -0.769306 1.000000 1.000000 1.000000
v 0.983993 5.609300 9.803876 1.000000 1.000000 1.000000
v 1.384583 5.869963 9.500752 1.000000 1.000000 1.000000
v 1.155932 6.066054 9.787116 1.000000 1.000000 1.000000
v 1.306014 5.556191 9.604579 1.000000 1.000000 1.000000
v 1.116944 5.223916 9.579966 1.000000 1.000000 1.000000
v 0.892076 5.265369 9.731747 1.000000 1.000000 1.000000
v 1.009818 4.936200 9.518892 1.000000 1.000000 1.000000
v -0.000000 5.609300 9.803876 1.000000 1.000000 1.000000
v -0.000000 6.066054 9.787116 1.000000 1.000000 1.000000
v 1.155932 6.066054 9.787116 1.000000 1.000000 1.000000
v -0.000000 6.295549 9.659224 1.000000 1.000000 1.000000
v 1.155932 6.295549 9.659224 1.000000 1.000000 1.000000
v -0.000000 5.257033 9.731747 1.000000 1.000000 1.000000
v 0.780417 4.952038 9.619498 1.000000 1.000000 1.000000
v 0.575747 4.770481 9.347122 1.000000 1.000000 1.000000
v -0.000000 4.938834 9.619498 1.000000 1.000000 1.000000
v -0.000000 4.754456 9.347122 1.000000 1.000000 1.000000
v -0.571098 17.193665 -5.841205 1.000000 1.000000 1.000000
v -0.764812 17.211542 -5.967489 1.000000 1.000000 1.000000
v -1.179146 16.666418 -5.746984 1.000000 1.000000 1.000000
v -0.140072 17.696512 -6.046535 1.000000 1.000000 1.000000
v -0.000000 17.193665 -5.841205 1.000000 1.000000 1.000000
v -0.000000 17.696512 -6.046535 1.000000 1.000000 1.000000
v -0.000000 16.799414 -5.561054 1.000000 1.000000 1.000000
v -0.838986 16.799414 -5.561054 1.000000 1.000000 1.000000
v -1.314282 16.177235 -5.266723 1.000000 1.000000 1.000000
v -0.000000 16.341225 -5.079126 1.000000 1.000000 1.000000
v -1.061394 16.341225 -5.079126 1.000000 1.000000 1.000000
v -1.337125 15.818714 -4.845911 1.000000 1.000000 1.000000
v -1.117891 16.083841 -4.603979 1.000000 1.000000 1.000000
v -0.000000 16.083841 -4.603979 1.000000 1.000000 1.000000
v -1.117891 16.083841 -4.603979 1.000000 1.000000 1.000000
v -0.000000 15.824053 -3.899141 1.000000 1.000000 1.000000
v -1.177720 15.824053 -3.899141 1.000000 1.000000 1.000000
v -0.000000 14.970766 -1.427553 1.000000 1.000000 1.000000
v -1.327505 14.970766 -1.427553 1.000000 1.000000 1.000000
v -0.000000 14.700823 -0.641410 1.000000 1.000000 1.000000
v -1.327505 14.700823 -0.641410 1.000000 1.000000 1.000000
v -1.129801 1.547235 -6.422770 1.000000 1.000000 1.000000
v -1.596804 0.991407 -6.152053 1.000000 1.000000 1.000000
v -1.488946 1.272765 -5.864144 1.000000 1.000000 1.000000
v -1.035536 1.367155 -6.883739 1.000000 1.000000 1.000000
v -1.021072 0.699666 -7.004085 1.000000 1.000000 1.000000
v -1.437491 0.461333 -6.467392 1.000000 1.000000 1.000000
v -0.849058 0.068678 -7.001434 1.000000 1.000000 1.000000
v -1.317933 -0.027511 -6.516053 1.000000 1.000000 1.000000
v -1.166592 -0.520607 -6.459681 1.000000 1.000000 1.000000
v -0.692148 -0.442560 -6.918197 1.000000 1.000000 1.000000
v -0.743846 -0.962139 -6.185290 1.000000 1.000000 1.000000
v -0.335113 -0.873982 -6.396517 1.000000 1.000000 1.000000
v -0.000000 -0.514034 -6.918197 1.000000 1.000000 1.000000
v -0.000000 -0.960475 -6.396517 1.000000 1.000000 1.000000
v -0.258839 -1.171790 -5.864947 1.000000 1.000000 1.000000
v -0.000000 -1.257031 -5.864947 1.000000 1.000000 1.000000
v 1.488946 1.272765 -5.864144 1.000000 1.000000 1.000000
v 1.596804 0.991407 -6.152053 1.000000 1.000000 1.000000
v 1.129801 1.547235 -6.422770 1.000000 1.000000 1.000000
v 1.035536 1.367155 -6.883739 1.000000 1.000000 1.000000
v 1.021072 0.699666 -7.004085 1.000000 1.000000 1.000000
v 1.437491 0.461333 -6.467392 1.000000 1.000000 1.000000
v 0.849058 0.068678 -7.001434 1.000000 1.000000 1.000000
v 1.317933 -0.027511 -6.516053 1.000000 1.000000 1.000000
v 1.166592 -0.520607 -6.459681 1.000000 1.000000 1.000000
v 0.692148 -0.442560 -6.918197 1.000000 1.000000 1.000000
v 0.743846 -0.962139 -6.185290 1.000000 1.000000 1.000000
v 0.335113 -0.873982 -6.396517 1.000000 1.000000 1.000000
v -0.000000 -0.514034 -6.918197 1.000000 1.000000 1.000000
v 0.258839 -1.171790 -5.864947 1.000000 1.000000 1.000000
v -0.000000 -0.960475 -6.396517 1.000000 1.000000 1.000000
v -0.000000 -1.257031 -5.864947 1.000000 1.000000 1.000000
v -1.254257 9.664718 9.923633 1.000000 1.000000 1.000000
v -0.000000 9.664718 9.923633 1.000000 1.000000 1.000000
v -1.125139 10.412523 10.023193 1.000000 1.000000 1.000000
v -0.000000 10.412523 10.023193 1.000000 1.000000 1.000000
v -0.000000 9.089346 9.859890 1.000000 1.000000 1.000000
v -1.324817 9.089346 9.859890 1.000000 1.000000 1.000000
v -0.000000 9.664718 9.923633 1.000000 1.000000 1.000000
v 1.254257 9.664718 9.923633 1.000000 1.000000 1.000000
v 1.125139 10.412523 10.023193 1.000000 1.000000 1.000000
v -0.000000 10.412523 10.023193 1.000000 1.000000 1.000000
v -0.000000 9.089346 9.859890 1.000000 1.000000 1.000000
v 1.324817 9.089346 9.859890 1.000000 1.000000 1.000000
v -0.000000 8.956846 11.022470 1.000000 1.000000 1.000000
v -1.150925 8.740405 10.958235 1.000000 1.000000 1.000000
v -0.000000 8.740405 10.958235 1.000000 1.000000 1.000000
v -0.000000 8.366256 10.847198 1.000000 1.000000 1.000000
v -1.150925 8.956846 11.022470 1.000000 1.000000 1.000000
v -1.188205 8.366256 10.846654 1.000000 1.000000 1.000000
v -1.137537 9.644979 11.226690 1.000000 1.000000 1.000000
v -1.185722 7.932833 10.619199 1.000000 1.000000 1.000000
v -0.000000 9.644979 11.226690 1.000000 1.000000 1.000000
v -0.000000 7.932833 10.619199 1.000000 1.000000 1.000000
v -1.078340 10.659707 11.292689 1.000000 1.000000 1.000000
v -1.185722 7.461116 10.371057 1.000000 1.000000 1.000000
v -0.000000 10.659707 11.292689 1.000000 1.000000 1.000000
v -1.018171 11.472481 11.236696 1.000000 1.000000 1.000000
v -0.000000 11.472481 11.236696 1.000000 1.000000 1.000000
v -0.000000 7.461116 10.371057 1.000000 1.000000 1.000000
v -1.168391 6.782289 10.013966 1.000000 1.000000 1.000000
v -0.000000 6.782289 10.013966 1.000000 1.000000 1.000000
v -1.155932 6.295549 9.659224 1.000000 1.000000 1.000000
v -0.000000 6.295549 9.659224 1.000000 1.000000 1.000000
v -0.000000 12.278235 1.158960 1.000000 1.000000 1.000000
v 0.839164 12.466439 1.783425 1.000000 1.000000 1.000000
v 1.214175 12.278235 1.158960 1.000000 1.000000 1.000000
v 1.214175 12.271514 0.782544 1.000000 1.000000 1.000000
v -0.000000 12.466439 1.783425 1.000000 1.000000 1.000000
v -0.000000 12.271514 0.782544 1.000000 1.000000 1.000000
v 0.452268 12.717952 2.370289 1.000000 1.000000 1.000000
v -0.000000 12.266259 0.488259 1.000000 1.000000 1.000000
v -0.000000 12.717952 2.370289 1.000000 1.000000 1.000000
v 1.214175 12.266259 0.488259 1.000000 1.000000 1.000000
v 0.452268 13.379905 2.804934 1.000000 1.000000 1.000000
v -0.000000 12.517773 0.033140 1.000000 1.000000 1.000000
v -0.000000 13.379905 2.804934 1.000000 1.000000 1.000000
v 1.214175 12.517773 0.033140 1.000000 1.000000 1.000000
v 0.452268 14.119238 3.040990 1.000000 1.000000 1.000000
v -0.000000 12.901030 -0.398025 1.000000 1.000000 1.000000
v -0.000000 14.119238 3.040990 1.000000 1.000000 1.000000
v 1.214175 12.901030 -0.398025 1.000000 1.000000 1.000000
v -0.000000 14.586334 2.945175 1.000000 1.000000 1.000000
v -0.000000 13.559753 -0.697445 1.000000 1.000000 1.000000
v 0.452268 14.586334 2.945175 1.000000 1.000000 1.000000
v 1.214175 13.559753 -0.697445 1.000000 1.000000 1.000000
v 0.430443 14.957614 2.514010 1.000000 1.000000 1.000000
v -0.000000 14.182548 -0.805236 1.000000 1.000000 1.000000
v -0.000000 14.957614 2.514010 1.000000 1.000000 1.000000
v 1.214175 14.182548 -0.805236 1.000000 1.000000 1.000000
v 1.214175 14.589759 -0.769306 1.000000 1.000000 1.000000
v -0.000000 14.589759 -0.769306 1.000000 1.000000 1.000000
v 0.422747 15.233081 2.058892 1.000000 1.000000 1.000000
v -0.000000 15.233081 2.058892 1.000000 1.000000 1.000000
v -0.000000 15.376803 0.657605 1.000000 1.000000 1.000000
v -0.000000 12.278235 1.158960 1.000000 1.000000 1.000000
v -0.839164 12.466439 1.783425 1.000000 1.000000 1.000000
v -0.000000 12.466439 1.783425 1.000000 1.000000 1.000000
v -1.214175 12.278235 1.158960 1.000000 1.000000 1.000000
v -0.452268 12.717952 2.370289 1.000000 1.000000 1.000000
v -0.000000 12.271514 0.782544 1.000000 1.000000 1.000000
v -0.000000 12.717952 2.370289 1.000000 1.000000 1.000000
v -1.214175 12.271514 0.782544 1.000000 1.000000 1.000000
v -0.000000 13.379905 2.804934 1.000000 1.000000 1.000000
v -1.214175 12.266259 0.488259 1.000000 1.000000 1.000000
v -0.452268 13.379905 2.804934 1.000000 1.000000 1.000000
v -0.000000 12.266259 0.488259 1.000000 1.000000 1.000000
v -0.000000 14.119238 3.040990 1.000000 1.000000 1.000000
v -1.214175 12.517773 0.033140 1.000000 1.000000 1.000000
v -0.452268 14.119238 3.040990 1.000000 1.000000 1.000000
v -0.000000 12.517773 0.033140 1.000000 1.000000 1.000000
v -0.452268 14.586334 2.945175 1.000000 1.000000 1.000000
v -1.214175 12.901030 -0.398025 1.000000 1.000000 1.000000
v -0.000000 14.586334 2.945175 1.000000 1.000000 1.000000
v -0.000000 12.901030 -0.398025 1.000000 1.000000 1.000000
v -0.430443 14.957614 2.514010 1.000000 1.000000 1.000000
v -1.214175 13.559753 -0.697445 1.000000 1.000000 1.000000
v -0.000000 14.957614 2.514010 1.000000 1.000000 1.000000
v -0.000000 13.559753 -0.697445 1.000000 1.000000 1.000000
v -0.422747 15.233081 2.058892 1.000000 1.000000 1.000000
v -0.000000 15.233081 2.058892 1.000000 1.000000 1.000000
v -0.000000 15.376803 0.657605 1.000000 1.000000 1.000000
v -1.214175 14.182548 -0.805236 1.000000 1.000000 1.000000
v -0.000000 14.182548 -0.805236 1.000000 1.000000 1.000000
v -0.000000 14.589759 -0.769306 1.000000 1.000000 1.000000
v -1.214175 14.589759 -0.769306 1.000000 1.000000 1.000000
v -0.000000 12.712149 -5.508877 1.000000 1.000000 1.000000
v 1.438936 12.720398 -4.873640 1.000000 1.000000 1.000000
v 1.438936 12.712149 -5.508877 1.000000 1.000000 1.000000
v 0.000000 13.124640 -6.573104 1.000000 1.000000 1.000000
v 1.438936 13.124640 -6.573104 1.000000 1.000000 1.000000
v -0.000000 12.720398 -4.873640 1.000000 1.000000 1.000000
v 1.438936 12.951393 -4.477648 1.000000 1.000000 1.000000
v -0.000000 12.951393 -4.477648 1.000000 1.000000 1.000000
v 1.009320 -20.295126 2.694409 1.000000 1.000000 1.000000
v 1.429380 -20.066496 3.228201 1.000000 1.000000 1.000000
v 1.330481 -20.558453 3.028981 1.000000 1.000000 1.000000
v 1.044687 -20.156853 3.627457 1.000000 1.000000 1.000000
v 1.330481 -20.558453 3.028981 1.000000 1.000000 1.000000
v 1.021868 -20.541363 2.495073 1.000000 1.000000 1.000000
v 1.062209 -20.774750 3.303797 1.000000 1.000000 1.000000
v 1.290140 -20.822779 2.764762 1.000000 1.000000 1.000000
v 1.021868 -21.056925 2.963803 1.000000 1.000000 1.000000
v 1.290140 -20.822779 2.764762 1.000000 1.000000 1.000000
v 1.021868 -20.909643 2.120520 1.000000 1.000000 1.000000
v 1.290140 -21.170704 2.234208 1.000000 1.000000 1.000000
v 1.021868 -21.451494 2.352432 1.000000 1.000000 1.000000
v 1.290140 -21.337097 1.855049 1.000000 1.000000 1.000000
v 0.493844 -21.225914 1.371643 1.000000 1.000000 1.000000
v -0.000000 -20.909643 2.120520 1.000000 1.000000 1.000000
v -0.000000 -21.225914 1.371643 1.000000 1.000000 1.000000
v 1.021868 -20.541363 2.495073 1.000000 1.000000 1.000000
v -0.000000 -20.541363 2.495073 1.000000 1.000000 1.000000
v 1.009320 -20.295126 2.694409 1.000000 1.000000 1.000000
v -0.000000 -20.295126 2.694409 1.000000 1.000000 1.000000
v -0.000000 -19.960695 2.833018 1.000000 1.000000 1.000000
v 1.080469 -19.960695 2.833018 1.000000 1.000000 1.000000
v 1.021868 -21.451494 2.352432 1.000000 1.000000 1.000000
v 1.230345 -21.619381 2.235894 1.000000 1.000000 1.000000
v 1.167559 -21.888914 2.553922 1.000000 1.000000 1.000000
v 0.907229 -21.677076 2.931097 1.000000 1.000000 1.000000
v 0.813299 -21.785604 1.924902 1.000000 1.000000 1.000000
v 0.910103 -22.079201 2.215121 1.000000 1.000000 1.000000
v 0.493844 -21.225914 1.371643 1.000000 1.000000 1.000000
v 1.167559 -22.143557 2.812276 1.000000 1.000000 1.000000
v 0.942755 -22.716711 2.666284 1.000000 1.000000 1.000000
v -0.000000 -21.785604 1.924902 1.000000 1.000000 1.000000
v -0.000000 -21.225914 1.371643 1.000000 1.000000 1.000000
v -0.000000 -22.079201 2.215121 1.000000 1.000000 1.000000
v 0.910103 -22.079201 2.215121 1.000000 1.000000 1.000000
v -0.000000 -22.716711 2.666284 1.000000 1.000000 1.000000
v 0.942755 -22.716711 2.666284 1.000000 1.000000 1.000000
v 0.716388 -22.559786 3.088023 1.000000 1.000000 1.000000
v 0.942755 -22.716711 2.666284 1.000000 1.000000 1.000000
v 1.086110 -22.120529 3.017581 1.000000 1.000000 1.000000
v 0.523697 -22.187086 3.578418 1.000000 1.000000 1.000000
v 1.025834 -21.925129 3.245932 1.000000 1.000000 1.000000
v 0.639974 -21.451494 3.421491 1.000000 1.000000 1.000000
v 0.908245 -21.579079 3.620732 1.000000 1.000000 1.000000
v 0.637879 -20.980715 3.813807 1.000000 1.000000 1.000000
v 0.697157 -21.010387 3.878695 1.000000 1.000000 1.000000
v 0.631545 -20.725712 3.921694 1.000000 1.000000 1.000000
v 0.574034 -21.016251 3.972500 1.000000 1.000000 1.000000
v -0.000000 -20.725712 3.921694 1.000000 1.000000 1.000000
v 0.908245 -21.579079 3.620732 1.000000 1.000000 1.000000
v -0.000000 -21.016251 3.972500 1.000000 1.000000 1.000000
v 0.445866 -21.677076 3.902078 1.000000 1.000000 1.000000
v -0.000000 -21.677076 3.902078 1.000000 1.000000 1.000000
v -0.000000 -22.187086 3.578418 1.000000 1.000000 1.000000
v -0.000000 -22.559786 3.088023 1.000000 1.000000 1.000000
v 0.716388 -22.559786 3.088023 1.000000 1.000000 1.000000
v -0.000000 -22.716711 2.666284 1.000000 1.000000 1.000000
v 0.942755 -22.716711 2.666284 1.000000 1.000000 1.000000
v -0.000000 12.110088 5.979445 1.000000 1.000000 1.000000
v 0.877999 12.401799 6.985344 1.000000 1.000000 1.000000
v 0.877999 12.110088 5.979445 1.000000 1.000000 1.000000
v -0.000000 12.401799 6.985344 1.000000 1.000000 1.000000
v -0.000000 11.989381 4.872955 1.000000 1.000000 1.000000
v 1.108655 11.989381 4.872955 1.000000 1.000000 1.000000
v 0.788681 12.110088 4.621480 1.000000 1.000000 1.000000
v -0.000000 12.110088 4.621480 1.000000 1.000000 1.000000
v -0.877999 12.110088 5.979445 1.000000 1.000000 1.000000
v -0.000000 12.401799 6.985344 1.000000 1.000000 1.000000
v -0.000000 12.110088 5.979445 1.000000 1.000000 1.000000
v -0.877999 12.401799 6.985344 1.000000 1.000000 1.000000
v -0.000000 11.989381 4.872955 1.000000 1.000000 1.000000
v -1.108655 11.989381 4.872955 1.000000 1.000000 1.000000
v -0.788681 12.110088 4.621480 1.000000 1.000000 1.000000
v -0.000000 12.110088 4.621480 1.000000 1.000000 1.000000
v -0.000000 9.450190 -6.609118 1.000000 1.000000 1.000000
v 1.266807 9.450190 -6.609118 1.000000 1.000000 1.000000
v 1.266807 9.119438 -6.248275 1.000000 1.000000 1.000000
v -0.000000 9.119438 -6.248275 1.000000 1.000000 1.000000
v -0.000000 8.829776 -6.063189 1.000000 1.000000 1.000000
v 1.273508 8.829776 -6.063189 1.000000 1.000000 1.000000
v 1.273508 7.949584 -5.500828 1.000000 1.000000 1.000000
v -0.000000 7.949584 -5.500828 1.000000 1.000000 1.000000
v -0.000000 6.993399 -5.106197 1.000000 1.000000 1.000000
v 1.326804 6.993399 -5.106197 1.000000 1.000000 1.000000
v 1.326804 6.144932 -4.824083 1.000000 1.000000 1.000000
v -0.000000 6.144932 -4.824083 1.000000 1.000000 1.000000
v 1.326804 5.523503 -4.684896 1.000000 1.000000 1.000000
v -0.000000 5.523503 -4.684896 1.000000 1.000000 1.000000
v 1.326804 4.987601 -4.637734 1.000000 1.000000 1.000000
v -0.000000 4.987601 -4.637734 1.000000 1.000000 1.000000
v -0.000000 4.001545 -4.740493 1.000000 1.000000 1.000000
v 1.326804 4.001545 -4.740493 1.000000 1.000000 1.000000
v 1.323537 3.075022 -5.063845 1.000000 1.000000 1.000000
v -0.000000 3.075022 -5.063845 1.000000 1.000000 1.000000
v -0.000000 2.251200 -5.696986 1.000000 1.000000 1.000000
v 1.311427 2.229646 -5.696986 1.000000 1.000000 1.000000
v 1.129801 1.547235 -6.422770 1.000000 1.000000 1.000000
v -0.000000 1.545033 -6.422770 1.000000 1.000000 1.000000
v 0.764812 17.211542 -5.967489 1.000000 1.000000 1.000000
v 0.571098 17.193665 -6.042345 1.000000 1.000000 1.000000
v 0.140072 17.696512 -6.046535 1.000000 1.000000 1.000000
v -0.000000 17.193665 -6.042345 1.000000 1.000000 1.000000
v -0.000000 17.696512 -6.046535 1.000000 1.000000 1.000000
v 0.571098 17.193665 -5.841205 1.000000 1.000000 1.000000
v -0.000000 17.193665 -5.841205 1.000000 1.000000 1.000000
v -0.000000 17.696512 -6.046535 1.000000 1.000000 1.000000
v -0.000000 16.799414 -5.561054 1.000000 1.000000 1.000000
v 0.838986 16.799414 -5.561054 1.000000 1.000000 1.000000
v 1.179146 16.666418 -5.746984 1.000000 1.000000 1.000000
v -0.000000 16.341225 -5.079126 1.000000 1.000000 1.000000
v 1.314282 16.177235 -5.266723 1.000000 1.000000 1.000000
v 1.061394 16.341225 -5.079126 1.000000 1.000000 1.000000
v -0.000000 16.083841 -4.603979 1.000000 1.000000 1.000000
v 1.337125 15.818714 -4.845911 1.000000 1.000000 1.000000
v 1.117891 16.083841 -4.603979 1.000000 1.000000 1.000000
v 1.117891 16.083841 -4.603979 1.000000 1.000000 1.000000
v -0.000000 15.824053 -3.899141 1.000000 1.000000 1.000000
v 1.374950 15.427977 -3.946045 1.000000 1.000000 1.000000
v 1.177720 15.824053 -3.899141 1.000000 1.000000 1.000000
v 1.177720 15.824053 -3.899141 1.000000 1.000000 1.000000
v -0.000000 14.970766 -1.427553 1.000000 1.000000 1.000000
v 1.524735 14.739393 -1.895120 1.000000 1.000000 1.000000
v 1.327505 14.970766 -1.427553 1.000000 1.000000 1.000000
v 1.327505 14.700823 -0.641410 1.000000 1.000000 1.000000
v -0.000000 14.700823 -0.641410 1.000000 1.000000 1.000000
v 1.327505 14.970766 -1.427553 1.000000 1.000000 1.000000
v 1.524735 14.435942 -1.192374 1.000000 1.000000 1.000000
v 1.327505 14.700823 -0.641410 1.000000 1.000000 1.000000
v 1.327505 14.271832 -0.682659 1.000000 1.000000 1.000000
v 1.524735 14.073604 -1.123868 1.000000 1.000000 1.000000
v 1.330415 13.852667 -0.603690 1.000000 1.000000 1.000000
v 1.527645 13.737316 -1.060287 1.000000 1.000000 1.000000
v 1.527645 13.235373 -0.859782 1.000000 1.000000 1.000000
v 1.330415 13.401504 -0.427148 1.000000 1.000000 1.000000
v 1.527645 12.731338 -0.529665 1.000000 1.000000 1.000000
v 1.330415 12.881686 -0.132912 1.000000 1.000000 1.000000
v 1.620473 12.208591 0.094377 1.000000 1.000000 1.000000
v 1.347693 12.489370 0.269212 1.000000 1.000000 1.000000
v 1.670190 12.078702 0.542903 1.000000 1.000000 1.000000
v 1.378267 12.352059 0.592872 1.000000 1.000000 1.000000
v 1.692899 12.060369 0.707030 1.000000 1.000000 1.000000
v 1.266937 12.349774 1.087498 1.000000 1.000000 1.000000
v 1.730893 12.023008 1.041478 1.000000 1.000000 1.000000
v 1.730893 12.045550 1.276900 1.000000 1.000000 1.000000
v -0.000000 12.352059 0.592872 1.000000 1.000000 1.000000
v 1.347693 12.489370 0.269212 1.000000 1.000000 1.000000
v -0.000000 12.489370 0.269212 1.000000 1.000000 1.000000
v 1.330415 12.881686 -0.132912 1.000000 1.000000 1.000000
v -0.000000 12.881686 -0.132912 1.000000 1.000000 1.000000
v -0.000000 13.401504 -0.427148 1.000000 1.000000 1.000000
v 1.330415 13.401504 -0.427148 1.000000 1.000000 1.000000
v -0.000000 13.852667 -0.603690 1.000000 1.000000 1.000000
v 1.330415 13.852667 -0.603690 1.000000 1.000000 1.000000
v 1.327505 14.271832 -0.682659 1.000000 1.000000 1.000000
v -0.000000 14.271832 -0.682659 1.000000 1.000000 1.000000
v 1.327505 14.700823 -0.641410 1.000000 1.000000 1.000000
v -0.000000 14.700823 -0.641410 1.000000 1.000000 1.000000
v -0.000000 12.349774 1.087498 1.000000 1.000000 1.000000
v 1.186905 12.374625 1.293404 1.000000 1.000000 1.000000
v -0.000000 12.374625 1.293404 1.000000 1.000000 1.000000
v 1.730893 12.106758 1.916141 1.000000 1.000000 1.000000
v 0.989712 12.551869 1.804092 1.000000 1.000000 1.000000
v -1.367984 9.214801 -6.182435 1.000000 1.000000 1.000000
v -1.266807 9.293125 -6.128358 1.000000 1.000000 1.000000
v -1.266807 9.450190 -6.609118 1.000000 1.000000 1.000000
v -1.465389 8.977919 -5.874545 1.000000 1.000000 1.000000
v -1.322044 9.086485 -5.736299 1.000000 1.000000 1.000000
v -1.678743 8.183682 -5.079450 1.000000 1.000000 1.000000
v -1.375736 8.439978 -4.618118 1.000000 1.000000 1.000000
v -1.730328 7.310233 -4.510508 1.000000 1.000000 1.000000
v -1.326804 7.619886 -3.792890 1.000000 1.000000 1.000000
v -1.266807 9.119438 -6.248275 1.000000 1.000000 1.000000
v -1.465389 8.977919 -5.874545 1.000000 1.000000 1.000000
v -0.000000 9.119438 -6.248275 1.000000 1.000000 1.000000
v -0.000000 9.450190 -6.609118 1.000000 1.000000 1.000000
v -0.000000 8.829776 -6.063189 1.000000 1.000000 1.000000
v -1.273508 8.829776 -6.063189 1.000000 1.000000 1.000000
v -1.273508 8.829776 -6.063189 1.000000 1.000000 1.000000
v -1.273508 7.949584 -5.500828 1.000000 1.000000 1.000000
v -0.000000 7.949584 -5.500828 1.000000 1.000000 1.000000
v -1.678743 8.183682 -5.079450 1.000000 1.000000 1.000000
v -1.273508 7.949584 -5.500828 1.000000 1.000000 1.000000
v -1.730328 7.310233 -4.510508 1.000000 1.000000 1.000000
v -0.000000 6.993399 -5.106197 1.000000 1.000000 1.000000
v -1.326804 6.993399 -5.106197 1.000000 1.000000 1.000000
v -1.326804 6.993399 -5.106197 1.000000 1.000000 1.000000
v -1.326804 6.144932 -4.824083 1.000000 1.000000 1.000000
v -0.000000 6.144932 -4.824083 1.000000 1.000000 1.000000
v -1.683394 6.109795 -4.358164 1.000000 1.000000 1.000000
v -1.326804 6.144932 -4.824083 1.000000 1.000000 1.000000
v -1.326804 5.523503 -4.684896 1.000000 1.000000 1.000000
v -0.000000 5.523503 -4.684896 1.000000 1.000000 1.000000
v -1.700823 5.535930 -4.243626 1.000000 1.000000 1.000000
v -1.326804 5.523503 -4.684896 1.000000 1.000000 1.000000
v -1.326804 4.987601 -4.637734 1.000000 1.000000 1.000000
v -0.000000 4.987601 -4.637734 1.000000 1.000000 1.000000
v -1.709701 4.980650 -4.209677 1.000000 1.000000 1.000000
v -1.326804 4.987601 -4.637734 1.000000 1.000000 1.000000
v -1.326804 4.001545 -4.740493 1.000000 1.000000 1.000000
v -1.326804 4.001545 -4.740493 1.000000 1.000000 1.000000
v -1.676080 3.794408 -4.351233 1.000000 1.000000 1.000000
v -0.000000 4.001545 -4.740493 1.000000 1.000000 1.000000
v -1.323537 3.075022 -5.063845 1.000000 1.000000 1.000000
v -1.323537 3.075022 -5.063845 1.000000 1.000000 1.000000
v -1.636215 2.856299 -4.727644 1.000000 1.000000 1.000000
v -0.000000 3.075022 -5.063845 1.000000 1.000000 1.000000
v -1.616897 2.050382 -5.147979 1.000000 1.000000 1.000000
v -0.000000 2.251200 -5.696986 1.000000 1.000000 1.000000
v -1.311427 2.229646 -5.696986 1.000000 1.000000 1.000000
v -1.488946 1.272765 -5.864144 1.000000 1.000000 1.000000
v -1.129801 1.547235 -6.422770 1.000000 1.000000 1.000000
v -1.311427 2.229646 -5.696986 1.000000 1.000000 1.000000
v -1.129801 1.547235 -6.422770 1.000000 1.000000 1.000000
v -0.000000 1.545033 -6.422770 1.000000 1.000000 1.000000
v -1.301909 16.157440 -7.248911 1.000000 1.000000 1.000000
v -1.334841 15.841312 -7.342760 1.000000 1.000000 1.000000
v -1.664601 15.284248 -6.726974 1.000000 1.000000 1.000000
v -1.334841 15.465771 -7.459360 1.000000 1.000000 1.000000
v -1.523271 15.601674 -6.474189 1.000000 1.000000 1.000000
v -1.271124 16.720463 -7.081765 1.000000 1.000000 1.000000
v -1.683482 14.927087 -7.011402 1.000000 1.000000 1.000000
v -1.334841 14.838728 -7.654047 1.000000 1.000000 1.000000
v -1.704182 14.482102 -7.207571 1.000000 1.000000 1.000000
v -1.334841 14.254866 -7.835327 1.000000 1.000000 1.000000
v -1.755521 13.947161 -7.322487 1.000000 1.000000 1.000000
v -1.289887 13.154678 -8.014922 1.000000 1.000000 1.000000
v -1.832413 12.964810 -7.280923 1.000000 1.000000 1.000000
v -1.279722 12.572508 -8.091795 1.000000 1.000000 1.000000
v -1.832413 12.401811 -7.257101 1.000000 1.000000 1.000000
v -1.049188 11.063490 -8.149570 1.000000 1.000000 1.000000
v -1.550642 11.012692 -7.575581 1.000000 1.000000 1.000000
v -1.470726 10.684237 -7.626821 1.000000 1.000000 1.000000
v -0.998429 10.692257 -8.144949 1.000000 1.000000 1.000000
v -1.312413 9.879340 -7.752391 1.000000 1.000000 1.000000
v -0.929387 9.907207 -8.082822 1.000000 1.000000 1.000000
v -1.009076 8.770555 -7.655076 1.000000 1.000000 1.000000
v -0.865929 8.710982 -7.794079 1.000000 1.000000 1.000000
v -0.795066 8.314991 -7.505334 1.000000 1.000000 1.000000
v -1.161712 13.949353 4.567664 1.000000 1.000000 1.000000
v -1.102140 14.209728 4.716978 1.000000 1.000000 1.000000
v -0.973519 14.369029 4.435093 1.000000 1.000000 1.000000
v -1.139703 14.048491 3.961922 1.000000 1.000000 1.000000
v -1.336934 13.554023 3.807057 1.000000 1.000000 1.000000
v -0.951201 14.175956 3.659251 1.000000 1.000000 1.000000
v -1.118709 14.094056 3.320166 1.000000 1.000000 1.000000
v -0.000000 14.048491 3.961922 1.000000 1.000000 1.000000
v -0.000000 14.346867 4.432456 1.000000 1.000000 1.000000
v -0.908961 14.543659 4.615527 1.000000 1.000000 1.000000
v -0.975003 14.414613 4.834471 1.000000 1.000000 1.000000
v -0.000000 14.535083 4.610767 1.000000 1.000000 1.000000
v -0.813067 14.871804 4.871634 1.000000 1.000000 1.000000
v -0.000000 14.882496 4.859303 1.000000 1.000000 1.000000
v -1.053437 12.314496 6.440565 1.000000 1.000000 1.000000
v -0.000000 12.488925 7.009443 1.000000 1.000000 1.000000
v -0.000000 12.314496 6.440565 1.000000 1.000000 1.000000
v -1.053437 12.488925 7.009443 1.000000 1.000000 1.000000
v -1.053437 12.176517 5.990564 1.000000 1.000000 1.000000
v -0.000000 12.176517 5.990564 1.000000 1.000000 1.000000
v -0.000000 12.314496 6.440565 1.000000 1.000000 1.000000
v 1.053437 12.488925 7.009443 1.000000 1.000000 1.000000
v 1.053437 12.314496 6.440565 1.000000 1.000000 1.000000
v -0.000000 12.488925 7.009443 1.000000 1.000000 1.000000
v -0.000000 12.176517 5.990564 1.000000 1.000000 1.000000
v 1.053437 12.176517 5.990564 1.000000 1.000000 1.000000
v -1.271488 16.376984 3.859298 1.000000 1.000000 1.000000
v -0.915900 16.793314 4.066246 1.000000 1.000000 1.000000
v -1.203970 16.783245 3.496392 1.000000 1.000000 1.000000
v -0.469773 17.535643 3.334805 1.000000 1.000000 1.000000
v -0.000000 16.793314 4.066246 1.000000 1.000000 1.000000
v -0.000000 17.535643 3.334805 1.000000 1.000000 1.000000
v -0.000000 16.134556 4.284181 1.000000 1.000000 1.000000
v -0.934458 16.134556 4.284181 1.000000 1.000000 1.000000
v -0.000000 15.627911 4.356663 1.000000 1.000000 1.000000
v -1.219221 16.050541 4.078591 1.000000 1.000000 1.000000
v -0.934458 15.627911 4.356663 1.000000 1.000000 1.000000
v -0.000000 15.029630 4.209545 1.000000 1.000000 1.000000
v -1.188727 15.559258 4.167881 1.000000 1.000000 1.000000
v -1.028367 15.029630 4.209545 1.000000 1.000000 1.000000
v -0.000000 14.872687 4.104096 1.000000 1.000000 1.000000
v -1.188727 15.037587 4.155715 1.000000 1.000000 1.000000
v -1.142573 14.872687 4.104096 1.000000 1.000000 1.000000
v -1.374950 15.427977 -3.946045 1.000000 1.000000 1.000000
v -1.524735 14.739393 -1.895120 1.000000 1.000000 1.000000
v -1.177720 15.824053 -3.899141 1.000000 1.000000 1.000000
v -1.327505 14.970766 -1.427553 1.000000 1.000000 1.000000
v -1.524735 14.435942 -1.192374 1.000000 1.000000 1.000000
v -1.327505 14.700823 -0.641410 1.000000 1.000000 1.000000
v -1.327505 14.271832 -0.682659 1.000000 1.000000 1.000000
v -1.524735 14.073604 -1.123868 1.000000 1.000000 1.000000
v -1.330415 13.852667 -0.603690 1.000000 1.000000 1.000000
v -1.527645 13.737316 -1.060287 1.000000 1.000000 1.000000
v -1.527645 13.235373 -0.859782 1.000000 1.000000 1.000000
v -1.330415 13.401504 -0.427148 1.000000 1.000000 1.000000
v -1.527645 12.731338 -0.529665 1.000000 1.000000 1.000000
v -1.330415 12.881686 -0.132912 1.000000 1.000000 1.000000
v -1.620473 12.208591 0.094377 1.000000 1.000000 1.000000
v -1.347693 12.489370 0.269212 1.000000 1.000000 1.000000
v -1.670190 12.078702 0.542903 1.000000 1.000000 1.000000
v -1.378267 12.352059 0.592872 1.000000 1.000000 1.000000
v -1.692899 12.060369 0.707030 1.000000 1.000000 1.000000
v -1.266937 12.349774 1.087498 1.000000 1.000000 1.000000
v -1.730893 12.023008 1.041478 1.000000 1.000000 1.000000
v -1.730893 12.045550 1.276900 1.000000 1.000000 1.000000
v -0.000000 12.352059 0.592872 1.000000 1.000000 1.000000
v -1.347693 12.489370 0.269212 1.000000 1.000000 1.000000
v -0.000000 12.489370 0.269212 1.000000 1.000000 1.000000
v -1.330415 12.881686 -0.132912 1.000000 1.000000 1.000000
v -0.000000 12.881686 -0.132912 1.000000 1.000000 1.000000
v -1.330415 13.401504 -0.427148 1.000000 1.000000 1.000000
v -0.000000 13.401504 -0.427148 1.000000 1.000000 1.000000
v -1.330415 13.852667 -0.603690 1.000000 1.000000 1.000000
v -0.000000 13.852667 -0.603690 1.000000 1.000000 1.000000
v -1.327505 14.271832 -0.682659 1.000000 1.000000 1.000000
v -0.000000 14.271832 -0.682659 1.000000 1.000000 1.000000
v -0.000000 14.700823 -0.641410 1.000000 1.000000 1.000000
v -1.327505 14.700823 -0.641410 1.000000 1.000000 1.000000
v -0.000000 12.349774 1.087498 1.000000 1.000000 1.000000
v -1.186905 12.374625 1.293404 1.000000 1.000000 1.000000
v -0.000000 12.374625 1.293404 1.000000 1.000000 1.000000
v -1.730893 12.106758 1.916141 1.000000 1.000000 1.000000
v -0.989712 12.551869 1.804092 1.000000 1.000000 1.000000
v -0.000000 14.048491 3.961922 1.000000 1.000000 1.000000
v 0.973519 14.369029 4.435093 1.000000 1.000000 1.000000
v 1.139703 14.048491 3.961922 1.000000 1.000000 1.000000
v -0.000000 14.346867 4.432456 1.000000 1.000000 1.000000
v 0.908961 14.543659 4.615527 1.000000 1.000000 1.000000
v -0.000000 14.535083 4.610767 1.000000 1.000000 1.000000
v 0.813067 14.871804 4.871634 1.000000 1.000000 1.000000
v -0.000000 14.882496 4.859303 1.000000 1.000000 1.000000
v -1.598607 8.065773 10.205087 1.000000 1.000000 1.000000
v -1.595525 8.423668 10.345030 1.000000 1.000000 1.000000
v -1.369956 8.201118 9.783488 1.000000 1.000000 1.000000
v -1.369956 7.843486 9.713134 1.000000 1.000000 1.000000
v -1.598607 7.679724 10.002815 1.000000 1.000000 1.000000
v -1.598607 6.997846 9.552175 1.000000 1.000000 1.000000
v -1.369956 7.196508 9.263971 1.000000 1.000000 1.000000
v -1.485195 6.450423 9.149547 1.000000 1.000000 1.000000
v -1.410959 8.496564 9.707437 1.000000 1.000000 1.000000
v -1.193737 6.799376 8.789796 1.000000 1.000000 1.000000
v -1.581269 8.836985 9.926228 1.000000 1.000000 1.000000
v -1.207316 9.273315 10.191598 1.000000 1.000000 1.000000
v -1.324817 9.089346 9.859890 1.000000 1.000000 1.000000
v -1.517010 8.807078 10.494950 1.000000 1.000000 1.000000
v -1.188205 8.366256 10.846654 1.000000 1.000000 1.000000
v -1.598607 8.065773 10.205087 1.000000 1.000000 1.000000
v -1.150925 8.740405 10.958235 1.000000 1.000000 1.000000
v -1.185722 7.932833 10.619199 1.000000 1.000000 1.000000
v -1.185722 7.461116 10.371057 1.000000 1.000000 1.000000
v -1.598607 7.679724 10.002815 1.000000 1.000000 1.000000
v -1.168391 6.782289 10.013966 1.000000 1.000000 1.000000
v -1.598607 6.997846 9.552175 1.000000 1.000000 1.000000
v -1.155932 6.295549 9.659224 1.000000 1.000000 1.000000
v -1.485195 6.450423 9.149547 1.000000 1.000000 1.000000
v -1.384583 6.042834 9.383016 1.000000 1.000000 1.000000
v -1.155932 6.066054 9.787116 1.000000 1.000000 1.000000
v -1.384583 5.869963 9.500752 1.000000 1.000000 1.000000
v -0.983993 5.609300 9.803876 1.000000 1.000000 1.000000
v -1.306014 5.556191 9.604579 1.000000 1.000000 1.000000
v -1.116944 5.223916 9.579966 1.000000 1.000000 1.000000
v -0.892076 5.265369 9.731747 1.000000 1.000000 1.000000
v -1.009818 4.936200 9.518892 1.000000 1.000000 1.000000
v -0.000000 5.609300 9.803876 1.000000 1.000000 1.000000
v -0.000000 6.066054 9.787116 1.000000 1.000000 1.000000
v -1.155932 6.066054 9.787116 1.000000 1.000000 1.000000
v -1.155932 6.295549 9.659224 1.000000 1.000000 1.000000
v -0.000000 6.295549 9.659224 1.000000 1.000000 1.000000
v -0.000000 5.257033 9.731747 1.000000 1.000000 1.000000
v -0.780417 4.952038 9.619498 1.000000 1.000000 1.000000
v -0.000000 4.938834 9.619498 1.000000 1.000000 1.000000
v -0.575747 4.770481 9.347122 1.000000 1.000000 1.000000
v -0.000000 4.754456 9.347122 1.000000 1.000000 1.000000
v -0.000000 4.754456 9.347122 1.000000 1.000000 1.000000
v -0.000000 4.990775 9.405137 1.000000 1.000000 1.000000
v -0.789468 5.003185 9.405137 1.000000 1.000000 1.000000
v -0.000000 5.245145 9.376499 1.000000 1.000000 1.000000
v -0.890005 5.253663 9.376499 1.000000 1.000000 1.000000
v 1.636215 2.856299 -4.727644 1.000000 1.000000 1.000000
v 1.616897 2.050382 -5.147979 1.000000 1.000000 1.000000
v 1.323537 3.075022 -5.063845 1.000000 1.000000 1.000000
v 1.676080 3.794408 -4.351233 1.000000 1.000000 1.000000
v 1.311427 2.229646 -5.696986 1.000000 1.000000 1.000000
v 1.488946 1.272765 -5.864144 1.000000 1.000000 1.000000
v 1.129801 1.547235 -6.422770 1.000000 1.000000 1.000000
v 1.326804 4.001545 -4.740493 1.000000 1.000000 1.000000
v 1.709701 4.980650 -4.209677 1.000000 1.000000 1.000000
v 1.326804 4.987601 -4.637734 1.000000 1.000000 1.000000
v 1.700823 5.535930 -4.243626 1.000000 1.000000 1.000000
v 1.326804 5.523503 -4.684896 1.000000 1.000000 1.000000
v 1.683394 6.109795 -4.358164 1.000000 1.000000 1.000000
v 1.326804 6.144932 -4.824083 1.000000 1.000000 1.000000
v 1.730328 7.310233 -4.510508 1.000000 1.000000 1.000000
v 1.326804 6.993399 -5.106197 1.000000 1.000000 1.000000
v 1.273508 7.949584 -5.500828 1.000000 1.000000 1.000000
v 1.678743 8.183682 -5.079450 1.000000 1.000000 1.000000
v 1.465389 8.977919 -5.874545 1.000000 1.000000 1.000000
v 1.273508 8.829776 -6.063189 1.000000 1.000000 1.000000
v 1.266807 9.119438 -6.248275 1.000000 1.000000 1.000000
v 1.367984 9.214801 -6.182435 1.000000 1.000000 1.000000
v 1.266807 9.450190 -6.609118 1.000000 1.000000 1.000000
v 1.834231 10.722901 -1.781330 1.000000 1.000000 1.000000
v 1.306705 10.975287 -2.288093 1.000000 1.000000 1.000000
v 1.829017 11.289751 -1.895817 1.000000 1.000000 1.000000
v 1.306705 11.990016 -2.923330 1.000000 1.000000 1.000000
v 1.767657 12.360060 -2.647646 1.000000 1.000000 1.000000
v 1.306705 12.892940 -3.605278 1.000000 1.000000 1.000000
v 1.804443 13.178074 -3.292960 1.000000 1.000000 1.000000
v 1.306705 13.809586 -4.388031 1.000000 1.000000 1.000000
v 1.588839 14.250467 -4.061806 1.000000 1.000000 1.000000
v 1.225562 14.971591 -5.380306 1.000000 1.000000 1.000000
v -0.000000 14.250467 -4.061806 1.000000 1.000000 1.000000
v -0.000000 14.971591 -5.380306 1.000000 1.000000 1.000000
v 1.290969 13.681231 -2.741834 1.000000 1.000000 1.000000
v -0.000000 13.681231 -2.741834 1.000000 1.000000 1.000000
v -0.000000 12.892940 -2.250651 1.000000 1.000000 1.000000
v 1.306628 12.892940 -2.250651 1.000000 1.000000 1.000000
v -0.000000 11.841937 -1.398170 1.000000 1.000000 1.000000
v 1.359842 11.841937 -1.398170 1.000000 1.000000 1.000000
v -0.000000 11.478983 -0.873283 1.000000 1.000000 1.000000
v 1.445896 11.478983 -0.873283 1.000000 1.000000 1.000000
v -0.000000 11.082877 -0.300455 1.000000 1.000000 1.000000
v 1.518232 11.082877 -0.300455 1.000000 1.000000 1.000000
v -0.986315 8.875114 11.526692 1.000000 1.000000 1.000000
v -0.000000 8.188251 13.241462 1.000000 1.000000 1.000000
v -0.000000 8.965871 13.247388 1.000000 1.000000 1.000000
v -0.986315 8.205074 11.493740 1.000000 1.000000 1.000000
v -0.000000 7.145819 13.107685 1.000000 1.000000 1.000000
v -0.986315 9.432272 11.554094 1.000000 1.000000 1.000000
v -0.000000 9.493273 13.251407 1.000000 1.000000 1.000000
v -0.000000 11.337702 13.191523 1.000000 1.000000 1.000000
v -1.214175 9.532863 9.763592 1.000000 1.000000 1.000000
v -0.986315 11.422954 11.563947 1.000000 1.000000 1.000000
v -0.000000 12.469542 13.038396 1.000000 1.000000 1.000000
v -1.214175 8.832788 9.737273 1.000000 1.000000 1.000000
v 1.177046 -18.984463 2.664806 1.000000 1.000000 1.000000
v 1.180454 -19.133627 2.107998 1.000000 1.000000 1.000000
v 0.958088 -18.990324 2.270526 1.000000 1.000000 1.000000
v 0.726155 -18.905642 1.726009 1.000000 1.000000 1.000000
v 1.461871 -19.220695 2.599465 1.000000 1.000000 1.000000
v -0.000000 -18.984463 2.664806 1.000000 1.000000 1.000000
v -0.000000 -18.990324 2.260273 1.000000 1.000000 1.000000
v -0.000000 -18.905642 1.668418 1.000000 1.000000 1.000000
v 1.029655 -19.535566 2.512373 1.000000 1.000000 1.000000
v 1.180454 -19.133627 2.107998 1.000000 1.000000 1.000000
v -0.000000 -19.960695 2.833018 1.000000 1.000000 1.000000
v 1.080469 -19.960695 2.833018 1.000000 1.000000 1.000000
v -0.000000 -19.535566 2.512373 1.000000 1.000000 1.000000
v 0.900337 -19.328819 2.134942 1.000000 1.000000 1.000000
v 0.726155 -18.905642 1.726009 1.000000 1.000000 1.000000
v -0.000000 -19.328819 2.112901 1.000000 1.000000 1.000000
v -0.000000 -18.905642 1.668418 1.000000 1.000000 1.000000
v 1.540158 -19.669329 3.202974 1.000000 1.000000 1.000000
v 1.080469 -19.960695 2.833018 1.000000 1.000000 1.000000
v -1.326804 6.115508 -3.990413 1.000000 1.000000 1.000000
v -0.000000 6.039484 -3.949897 1.000000 1.000000 1.000000
v -1.326804 5.202055 -3.449800 1.000000 1.000000 1.000000
v -0.000000 6.115508 -3.990413 1.000000 1.000000 1.000000
v -0.000000 5.202055 -3.449800 1.000000 1.000000 1.000000
v -0.000000 4.396884 -3.075870 1.000000 1.000000 1.000000
v -1.326804 4.396884 -3.075870 1.000000 1.000000 1.000000
v -1.098684 3.379350 -2.706650 1.000000 1.000000 1.000000
v -0.000000 3.379350 -2.706650 1.000000 1.000000 1.000000
v -0.945490 2.729354 -2.488067 1.000000 1.000000 1.000000
v -0.000000 2.761499 -2.530497 1.000000 1.000000 1.000000
v -0.000000 2.721979 -2.519229 1.000000 1.000000 1.000000
v -1.241213 3.387954 -2.607711 1.000000 1.000000 1.000000
v -1.573665 4.383458 -2.814150 1.000000 1.000000 1.000000
v -1.706068 5.358613 -3.116332 1.000000 1.000000 1.000000
v -1.326804 5.202055 -3.449800 1.000000 1.000000 1.000000
v -1.744460 6.284965 -3.554668 1.000000 1.000000 1.000000
v -1.326804 6.115508 -3.990413 1.000000 1.000000 1.000000
v -1.730328 7.310233 -4.510508 1.000000 1.000000 1.000000
v 1.053437 12.113954 9.578455 1.000000 1.000000 1.000000
v 1.282088 11.868550 9.885372 1.000000 1.000000 1.000000
v 1.282088 11.624183 9.679685 1.000000 1.000000 1.000000
v 1.053437 12.363593 9.744995 1.000000 1.000000 1.000000
v 1.282088 12.282308 10.052323 1.000000 1.000000 1.000000
v 0.663984 12.961637 9.946885 1.000000 1.000000 1.000000
v 0.892635 12.996912 10.180953 1.000000 1.000000 1.000000
v 0.598678 13.603513 10.114308 1.000000 1.000000 1.000000
v 0.370027 13.542253 9.999653 1.000000 1.000000 1.000000
v 0.227801 14.107821 9.802367 1.000000 1.000000 1.000000
v -0.000000 13.542253 9.999653 1.000000 1.000000 1.000000
v -0.000000 14.107821 9.802367 1.000000 1.000000 1.000000
v -0.000000 12.961637 9.946885 1.000000 1.000000 1.000000
v -0.000000 12.363593 9.744995 1.000000 1.000000 1.000000
v 1.053437 12.363593 9.744995 1.000000 1.000000 1.000000
v -0.000000 12.113954 9.578455 1.000000 1.000000 1.000000
v 1.053437 12.113954 9.578455 1.000000 1.000000 1.000000
v -0.000000 11.917782 9.376114 1.000000 1.000000 1.000000
v 1.053437 11.917782 9.376114 1.000000 1.000000 1.000000
v -0.000000 11.803335 9.189385 1.000000 1.000000 1.000000
v 1.053437 11.803335 9.189385 1.000000 1.000000 1.000000
v -0.000000 11.691942 8.773569 1.000000 1.000000 1.000000
v 1.053437 11.691942 8.773569 1.000000 1.000000 1.000000
v -0.000000 11.670990 8.362909 1.000000 1.000000 1.000000
v 1.053437 11.670990 8.362909 1.000000 1.000000 1.000000
v -0.000000 11.755126 7.956573 1.000000 1.000000 1.000000
v 1.053437 11.755126 7.956573 1.000000 1.000000 1.000000
v -0.000000 12.063855 7.491331 1.000000 1.000000 1.000000
v 1.053437 12.063855 7.491331 1.000000 1.000000 1.000000
v -0.000000 12.488925 7.009443 1.000000 1.000000 1.000000
v 1.053437 12.488925 7.009443 1.000000 1.000000 1.000000
v 0.915900 16.793314 4.066246 1.000000 1.000000 1.000000
v 1.271488 16.376984 3.859298 1.000000 1.000000 1.000000
v 1.203970 16.783245 3.496392 1.000000 1.000000 1.000000
v 0.469773 17.535643 3.334805 1.000000 1.000000 1.000000
v 0.934458 16.134556 4.284181 1.000000 1.000000 1.000000
v 1.219221 16.050541 4.078591 1.000000 1.000000 1.000000
v 0.934458 15.627911 4.356663 1.000000 1.000000 1.000000
v 1.188727 15.559258 4.167881 1.000000 1.000000 1.000000
v -0.000000 16.134556 4.284181 1.000000 1.000000 1.000000
v 0.915900 16.793314 4.066246 1.000000 1.000000 1.000000
v -0.000000 15.627911 4.356663 1.000000 1.000000 1.000000
v -0.000000 16.793314 4.066246 1.000000 1.000000 1.000000
v 0.469773 17.535643 3.334805 1.000000 1.000000 1.000000
v -0.000000 17.535643 3.334805 1.000000 1.000000 1.000000
v -0.000000 15.029630 4.209545 1.000000 1.000000 1.000000
v 1.028367 15.029630 4.209545 1.000000 1.000000 1.000000
v -0.000000 14.872687 4.104096 1.000000 1.000000 1.000000
v 1.142573 14.872687 4.104096 1.000000 1.000000 1.000000
v 1.188727 15.037587 4.155715 1.000000 1.000000 1.000000
v 1.142573 15.047301 4.090008 1.000000 1.000000 1.000000
v 1.142573 15.500393 4.006017 1.000000 1.000000 1.000000
v 1.188727 15.559258 4.167881 1.000000 1.000000 1.000000
v 1.142573 15.833860 3.790243 1.000000 1.000000 1.000000
v 1.219221 16.050541 4.078591 1.000000 1.000000 1.000000
v 1.271488 16.376984 3.859298 1.000000 1.000000 1.000000
v 1.142573 15.882900 3.613701 1.000000 1.000000 1.000000
v 1.203970 16.783245 3.496392 1.000000 1.000000 1.000000
v 1.238107 16.467012 3.401227 1.000000 1.000000 1.000000
v 0.617835 16.943054 3.234433 1.000000 1.000000 1.000000
v 0.469773 17.535643 3.334805 1.000000 1.000000 1.000000
v -0.000000 16.943054 3.234433 1.000000 1.000000 1.000000
v -0.000000 17.535643 3.334805 1.000000 1.000000 1.000000
v -0.000000 16.565357 3.116833 1.000000 1.000000 1.000000
v 0.617835 16.565357 3.116833 1.000000 1.000000 1.000000
v -0.000000 15.812147 2.792737 1.000000 1.000000 1.000000
v 1.237020 16.186922 3.304431 1.000000 1.000000 1.000000
v 1.203376 15.672254 3.103397 1.000000 1.000000 1.000000
v 1.142573 15.539624 3.397928 1.000000 1.000000 1.000000
v 0.617835 15.812147 2.792737 1.000000 1.000000 1.000000
v 1.203376 15.672254 3.103397 1.000000 1.000000 1.000000
v 1.172869 15.240339 2.874633 1.000000 1.000000 1.000000
v 0.918435 15.134531 3.367007 1.000000 1.000000 1.000000
v 0.599118 15.336266 2.420653 1.000000 1.000000 1.000000
v -0.000000 15.336266 2.420653 1.000000 1.000000 1.000000
v 1.168759 15.027622 2.758821 1.000000 1.000000 1.000000
v 1.102596 14.873591 2.877196 1.000000 1.000000 1.000000
v 0.891316 14.923435 3.377888 1.000000 1.000000 1.000000
v 1.054902 14.576049 3.098825 1.000000 1.000000 1.000000
v 0.891316 14.641232 3.425774 1.000000 1.000000 1.000000
v 1.059022 14.398828 3.201888 1.000000 1.000000 1.000000
v 0.891316 14.462072 3.486700 1.000000 1.000000 1.000000
v 1.118709 14.094056 3.320166 1.000000 1.000000 1.000000
v 0.951201 14.175956 3.659251 1.000000 1.000000 1.000000
v 0.412414 14.994895 2.178687 1.000000 1.000000 1.000000
v -0.000000 14.994895 2.178687 1.000000 1.000000 1.000000
v 0.613565 14.808094 2.505215 1.000000 1.000000 1.000000
v 1.102596 14.873591 2.877196 1.000000 1.000000 1.000000
v -0.000000 14.808094 2.505215 1.000000 1.000000 1.000000
v -0.000000 14.994895 2.178687 1.000000 1.000000 1.000000
v 0.613565 14.524404 2.840870 1.000000 1.000000 1.000000
v 1.054902 14.576049 3.098825 1.000000 1.000000 1.000000
v -0.000000 14.524404 2.840870 1.000000 1.000000 1.000000
v 1.059022 14.398828 3.201888 1.000000 1.000000 1.000000
v 0.613565 14.344554 2.901292 1.000000 1.000000 1.000000
v -0.000000 14.344554 2.901292 1.000000 1.000000 1.000000
v -0.000000 14.002615 2.922950 1.000000 1.000000 1.000000
v 0.673450 14.002615 2.922950 1.000000 1.000000 1.000000
v 1.118709 14.094056 3.320166 1.000000 1.000000 1.000000
v -0.000000 12.551869 1.804092 1.000000 1.000000 1.000000
v -0.810081 12.747881 2.236649 1.000000 1.000000 1.000000
v -0.000000 12.747881 2.236649 1.000000 1.000000 1.000000
v -0.701207 13.042044 2.511088 1.000000 1.000000 1.000000
v -0.000000 13.042044 2.511088 1.000000 1.000000 1.000000
v -0.693926 13.345887 2.670496 1.000000 1.000000 1.000000
v -0.000000 13.345887 2.670496 1.000000 1.000000 1.000000
v -0.667708 13.652510 2.816418 1.000000 1.000000 1.000000
v -0.000000 13.652510 2.816418 1.000000 1.000000 1.000000
v -0.000000 14.002615 2.922950 1.000000 1.000000 1.000000
v -0.673450 14.002615 2.922950 1.000000 1.000000 1.000000
v -1.118709 14.094056 3.320166 1.000000 1.000000 1.000000
v -1.336934 13.554023 3.807057 1.000000 1.000000 1.000000
v -1.277924 13.185586 3.668313 1.000000 1.000000 1.000000
v -0.693926 13.345887 2.670496 1.000000 1.000000 1.000000
v -1.290887 12.870669 3.549724 1.000000 1.000000 1.000000
v -0.701207 13.042044 2.511088 1.000000 1.000000 1.000000
v -1.339804 12.528568 3.420898 1.000000 1.000000 1.000000
v -0.810081 12.747881 2.236649 1.000000 1.000000 1.000000
v -1.464001 12.307329 3.337585 1.000000 1.000000 1.000000
v -1.852555 11.818460 3.492148 1.000000 1.000000 1.000000
v -0.991305 12.307080 4.616899 1.000000 1.000000 1.000000
v -1.290887 12.870669 3.549724 1.000000 1.000000 1.000000
v -1.195139 12.069317 4.726351 1.000000 1.000000 1.000000
v -0.778696 12.690583 4.641148 1.000000 1.000000 1.000000
v -1.343523 11.279177 4.635313 1.000000 1.000000 1.000000
v -1.277924 13.185586 3.668313 1.000000 1.000000 1.000000
v -1.852555 11.182227 3.836019 1.000000 1.000000 1.000000
v -0.675936 13.020742 4.694400 1.000000 1.000000 1.000000
v -1.468077 10.595141 4.546545 1.000000 1.000000 1.000000
v -1.336934 13.554023 3.807057 1.000000 1.000000 1.000000
v -1.852555 10.367297 4.099845 1.000000 1.000000 1.000000
v -0.575884 13.438601 4.898313 1.000000 1.000000 1.000000
v -1.161712 13.949353 4.567664 1.000000 1.000000 1.000000
v -0.619882 13.711068 5.043520 1.000000 1.000000 1.000000
v -1.593922 9.558719 4.338272 1.000000 1.000000 1.000000
v -0.670923 13.920094 5.029558 1.000000 1.000000 1.000000
v -1.757409 9.586445 4.233538 1.000000 1.000000 1.000000
v -1.634815 9.174304 4.261022 1.000000 1.000000 1.000000
v -0.000000 9.174304 4.261022 1.000000 1.000000 1.000000
v -0.000000 9.558719 4.338272 1.000000 1.000000 1.000000
v -1.468077 10.595141 4.546545 1.000000 1.000000 1.000000
v -0.000000 10.595141 4.546545 1.000000 1.000000 1.000000
v -1.343523 11.279177 4.635313 1.000000 1.000000 1.000000
v -0.000000 11.279177 4.635313 1.000000 1.000000 1.000000
v -1.195139 12.069317 4.726351 1.000000 1.000000 1.000000
v -0.000000 12.069317 4.726351 1.000000 1.000000 1.000000
v -0.991305 12.307080 4.616899 1.000000 1.000000 1.000000
v -0.000000 12.307080 4.616899 1.000000 1.000000 1.000000
v -0.778696 12.690583 4.641148 1.000000 1.000000 1.000000
v -0.000000 12.690583 4.641148 1.000000 1.000000 1.000000
v -0.675936 13.020742 4.694400 1.000000 1.000000 1.000000
v -0.000000 13.020742 4.694400 1.000000 1.000000 1.000000
v -0.575884 13.438601 4.898313 1.000000 1.000000 1.000000
v -0.000000 13.438601 4.898313 1.000000 1.000000 1.000000
v -0.000000 13.734972 5.104501 1.000000 1.000000 1.000000
v -0.619882 13.711068 5.043520 1.000000 1.000000 1.000000
v -0.000000 13.942900 5.078070 1.000000 1.000000 1.000000
v -0.000000 14.224227 5.042310 1.000000 1.000000 1.000000
v -0.748120 14.202904 5.010668 1.000000 1.000000 1.000000
v -0.000000 14.882496 4.859303 1.000000 1.000000 1.000000
v -0.813067 14.871804 4.871634 1.000000 1.000000 1.000000
v -0.975003 14.414613 4.834471 1.000000 1.000000 1.000000
v -1.102140 14.209728 4.716978 1.000000 1.000000 1.000000
v -0.000000 1.043269 6.394824 1.000000 1.000000 1.000000
v -0.412079 2.103641 5.757485 1.000000 1.000000 1.000000
v -0.856564 1.169961 5.823917 1.000000 1.000000 1.000000
v -0.911098 -0.004863 5.716317 1.000000 1.000000 1.000000
v -0.000000 2.007828 6.124070 1.000000 1.000000 1.000000
v -0.000000 -0.082050 6.267908 1.000000 1.000000 1.000000
v -0.298254 2.487596 5.623400 1.000000 1.000000 1.000000
v -0.750152 -0.594221 5.582201 1.000000 1.000000 1.000000
v -0.000000 2.642407 5.794088 1.000000 1.000000 1.000000
v -0.000000 -0.670928 5.982670 1.000000 1.000000 1.000000
v -0.000000 2.870855 5.438725 1.000000 1.000000 1.000000
v -0.134538 2.770166 5.407058 1.000000 1.000000 1.000000
v -0.000000 2.921622 5.227199 1.000000 1.000000 1.000000
v -0.531474 -1.078120 5.424132 1.000000 1.000000 1.000000
v -0.000000 -1.165064 5.743322 1.000000 1.000000 1.000000
v -0.370559 -1.757157 5.200652 1.000000 1.000000 1.000000
v -0.000000 -1.797494 5.308871 1.000000 1.000000 1.000000
v -0.000000 -2.138085 5.074900 1.000000 1.000000 1.000000
v 0.370559 -1.757157 5.200652 1.000000 1.000000 1.000000
v -0.000000 -1.797494 5.308871 1.000000 1.000000 1.000000
v -0.000000 -2.138085 5.074900 1.000000 1.000000 1.000000
v -0.000000 -1.165064 5.743322 1.000000 1.000000 1.000000
v 0.531474 -1.078120 5.424132 1.000000 1.000000 1.000000
v -0.000000 -0.670928 5.982670 1.000000 1.000000 1.000000
v 0.750152 -0.594221 5.582201 1.000000 1.000000 1.000000
v -0.000000 -0.082050 6.267908 1.000000 1.000000 1.000000
v 0.911098 -0.004863 5.716317 1.000000 1.000000 1.000000
v -0.000000 1.043269 6.394824 1.000000 1.000000 1.000000
v 0.856564 1.169961 5.823917 1.000000 1.000000 1.000000
v 0.412079 2.103641 5.757485 1.000000 1.000000 1.000000
v -0.000000 2.007828 6.124070 1.000000 1.000000 1.000000
v 0.298254 2.487596 5.623400 1.000000 1.000000 1.000000
v -0.000000 2.642407 5.794088 1.000000 1.000000 1.000000
v -0.000000 2.870855 5.438725 1.000000 1.000000 1.000000
v 0.134538 2.770166 5.407058 1.000000 1.000000 1.000000
v -0.000000 2.921622 5.227199 1.000000 1.000000 1.000000
v -0.000000 2.649890 5.369233 1.000000 1.000000 1.000000
v 0.298254 2.487596 5.623400 1.000000 1.000000 1.000000
v -0.000000 2.312426 5.430264 1.000000 1.000000 1.000000
v 0.412079 2.103641 5.757485 1.000000 1.000000 1.000000
v -0.000000 2.202433 5.379498 1.000000 1.000000 1.000000
v 1.188205 8.366256 10.846654 1.000000 1.000000 1.000000
v 1.185722 7.932833 10.619199 1.000000 1.000000 1.000000
v 1.598607 8.065773 10.205087 1.000000 1.000000 1.000000
v 1.185722 7.461116 10.371057 1.000000 1.000000 1.000000
v 1.598607 7.679724 10.002815 1.000000 1.000000 1.000000
v 1.168391 6.782289 10.013966 1.000000 1.000000 1.000000
v 1.598607 6.997846 9.552175 1.000000 1.000000 1.000000
v 1.155932 6.295549 9.659224 1.000000 1.000000 1.000000
v 1.485195 6.450423 9.149547 1.000000 1.000000 1.000000
v 1.595525 8.423668 10.345030 1.000000 1.000000 1.000000
v 1.384583 6.042834 9.383016 1.000000 1.000000 1.000000
v 1.384583 6.264677 9.050385 1.000000 1.000000 1.000000
v 1.422388 6.366079 8.736788 1.000000 1.000000 1.000000
v 1.155932 5.724409 9.078290 1.000000 1.000000 1.000000
v 1.193737 5.987432 8.693418 1.000000 1.000000 1.000000
v 1.161712 13.949353 4.567664 1.000000 1.000000 1.000000
v 0.670923 13.920094 5.029558 1.000000 1.000000 1.000000
v 0.619882 13.711068 5.043520 1.000000 1.000000 1.000000
v 1.102140 14.209728 4.716978 1.000000 1.000000 1.000000
v 0.748120 14.202904 5.010668 1.000000 1.000000 1.000000
v 0.975003 14.414613 4.834471 1.000000 1.000000 1.000000
v -0.000000 14.224227 5.042310 1.000000 1.000000 1.000000
v -0.000000 13.942900 5.078070 1.000000 1.000000 1.000000
v -0.000000 14.882496 4.859303 1.000000 1.000000 1.000000
v 0.619882 13.711068 5.043520 1.000000 1.000000 1.000000
v 0.813067 14.871804 4.871634 1.000000 1.000000 1.000000
v -0.000000 13.734972 5.104501 1.000000 1.000000 1.000000
v 0.908961 14.543659 4.615527 1.000000 1.000000 1.000000
v 0.575884 13.438601 4.898313 1.000000 1.000000 1.000000
v 1.102140 14.209728 4.716978 1.000000 1.000000 1.000000
v -0.000000 13.438601 4.898313 1.000000 1.000000 1.000000
v 0.973519 14.369029 4.435093 1.000000 1.000000 1.000000
v -0.000000 13.020742 4.694400 1.000000 1.000000 1.000000
v 1.161712 13.949353 4.567664 1.000000 1.000000 1.000000
v 0.675936 13.020742 4.694400 1.000000 1.000000 1.000000
v 1.139703 14.048491 3.961922 1.000000 1.000000 1.000000
v -0.000000 12.690583 4.641148 1.000000 1.000000 1.000000
v 1.336934 13.554023 3.807057 1.000000 1.000000 1.000000
v 0.951201 14.175956 3.659251 1.000000 1.000000 1.000000
v 1.118709 14.094056 3.320166 1.000000 1.000000 1.000000
v 0.778696 12.690583 4.641148 1.000000 1.000000 1.000000
v -0.000000 12.307080 4.616899 1.000000 1.000000 1.000000
v 0.991305 12.307080 4.616899 1.000000 1.000000 1.000000
v -0.000000 12.069317 4.726351 1.000000 1.000000 1.000000
v 1.195139 12.069317 4.726351 1.000000 1.000000 1.000000
v -0.000000 11.279177 4.635313 1.000000 1.000000 1.000000
v 1.118709 14.094056 3.320166 1.000000 1.000000 1.000000
v 1.336934 13.554023 3.807057 1.000000 1.000000 1.000000
v 0.667708 13.652510 2.816418 1.000000 1.000000 1.000000
v 0.673450 14.002615 2.922950 1.000000 1.000000 1.000000
v -0.000000 14.002615 2.922950 1.000000 1.000000 1.000000
v -0.000000 13.652510 2.816418 1.000000 1.000000 1.000000
v 1.277924 13.185586 3.668313 1.000000 1.000000 1.000000
v -0.000000 13.345887 2.670496 1.000000 1.000000 1.000000
v 0.693926 13.345887 2.670496 1.000000 1.000000 1.000000
v 0.693926 13.345887 2.670496 1.000000 1.000000 1.000000
v 1.290887 12.870669 3.549724 1.000000 1.000000 1.000000
v -0.000000 13.042044 2.511088 1.000000 1.000000 1.000000
v 0.701207 13.042044 2.511088 1.000000 1.000000 1.000000
v 0.701207 13.042044 2.511088 1.000000 1.000000 1.000000
v -0.000000 12.747881 2.236649 1.000000 1.000000 1.000000
v 0.810081 12.747881 2.236649 1.000000 1.000000 1.000000
v -0.000000 12.551869 1.804092 1.000000 1.000000 1.000000
v 1.339804 12.528568 3.420898 1.000000 1.000000 1.000000
v 0.810081 12.747881 2.236649 1.000000 1.000000 1.000000
v 1.464001 12.307329 3.337585 1.000000 1.000000 1.000000
v 0.991305 12.307080 4.616899 1.000000 1.000000 1.000000
v 1.290887 12.870669 3.549724 1.000000 1.000000 1.000000
v 0.778696 12.690583 4.641148 1.000000 1.000000 1.000000
v 1.277924 13.185586 3.668313 1.000000 1.000000 1.000000
v 0.675936 13.020742 4.694400 1.000000 1.000000 1.000000
v 1.336934 13.554023 3.807057 1.000000 1.000000 1.000000
v 0.575884 13.438601 4.898313 1.000000 1.000000 1.000000
v 1.612474 7.602888 2.969334 1.000000 1.000000 1.000000
v 2.019666 8.636156 2.634562 1.000000 1.000000 1.000000
v 1.806376 7.669082 3.138495 1.000000 1.000000 1.000000
v 1.429410 6.750407 3.389736 1.000000 1.000000 1.000000
v 1.819638 8.560470 2.362088 1.000000 1.000000 1.000000
v 2.150130 9.266603 1.999326 1.000000 1.000000 1.000000
v 1.819638 9.092715 1.725707 1.000000 1.000000 1.000000
v 2.126800 9.761074 0.963543 1.000000 1.000000 1.000000
v 1.819638 9.226105 0.937394 1.000000 1.000000 1.000000
v 2.126800 9.377749 0.634105 1.000000 1.000000 1.000000
v 1.819638 8.796845 0.345510 1.000000 1.000000 1.000000
v 2.126800 8.972743 0.249185 1.000000 1.000000 1.000000
v 1.819638 9.494695 0.400214 1.000000 1.000000 1.000000
v 2.126800 8.972743 0.249185 1.000000 1.000000 1.000000
v 1.819638 9.208776 0.119928 1.000000 1.000000 1.000000
v -0.000000 9.208776 0.119928 1.000000 1.000000 1.000000
v -0.000000 9.494695 0.400214 1.000000 1.000000 1.000000
v 1.714176 10.183686 0.388536 1.000000 1.000000 1.000000
v 1.861655 10.276466 0.525948 1.000000 1.000000 1.000000
v 1.524168 10.744222 0.143302 1.000000 1.000000 1.000000
v 1.554493 10.398226 0.706278 1.000000 1.000000 1.000000
v 2.126800 9.761074 0.963543 1.000000 1.000000 1.000000
v -0.000000 10.398226 0.706278 1.000000 1.000000 1.000000
v -0.000000 10.744222 0.143302 1.000000 1.000000 1.000000
v -0.000000 10.055230 1.264373 1.000000 1.000000 1.000000
v 1.631311 10.055230 1.264373 1.000000 1.000000 1.000000
v 2.150130 9.266603 1.999326 1.000000 1.000000 1.000000
v -0.000000 9.389595 2.245309 1.000000 1.000000 1.000000
v 1.772360 9.389595 2.245309 1.000000 1.000000 1.000000
v -0.000000 8.677248 2.782489 1.000000 1.000000 1.000000
v 1.819638 8.677248 2.782489 1.000000 1.000000 1.000000
v 2.019666 8.636156 2.634562 1.000000 1.000000 1.000000
v 1.728892 7.707988 3.237924 1.000000 1.000000 1.000000
v 1.728892 7.707988 3.237924 1.000000 1.000000 1.000000
v 1.806376 7.669082 3.138495 1.000000 1.000000 1.000000
v 1.429410 6.750407 3.389736 1.000000 1.000000 1.000000
v -0.000000 7.707988 3.237924 1.000000 1.000000 1.000000
v 1.429410 6.750407 3.389736 1.000000 1.000000 1.000000
v -0.000000 6.750407 3.389736 1.000000 1.000000 1.000000
v -0.000000 14.107821 9.802367 1.000000 1.000000 1.000000
v -0.370027 13.542253 9.999653 1.000000 1.000000 1.000000
v -0.000000 13.542253 9.999653 1.000000 1.000000 1.000000
v -0.000000 14.107821 9.802367 1.000000 1.000000 1.000000
v -0.000000 12.961637 9.946885 1.000000 1.000000 1.000000
v -0.663984 12.961637 9.946885 1.000000 1.000000 1.000000
v -0.892635 12.996912 10.180953 1.000000 1.000000 1.000000
v -0.000000 12.363593 9.744995 1.000000 1.000000 1.000000
v -1.282088 12.282308 10.052323 1.000000 1.000000 1.000000
v -1.053437 12.363593 9.744995 1.000000 1.000000 1.000000
v -1.053437 12.363593 9.744995 1.000000 1.000000 1.000000
v -1.053437 12.113954 9.578455 1.000000 1.000000 1.000000
v -1.282088 11.868550 9.885372 1.000000 1.000000 1.000000
v -0.000000 12.113954 9.578455 1.000000 1.000000 1.000000
v -1.053437 12.113954 9.578455 1.000000 1.000000 1.000000
v -1.053437 11.917782 9.376114 1.000000 1.000000 1.000000
v -1.282088 11.624183 9.679685 1.000000 1.000000 1.000000
v -0.000000 11.917782 9.376114 1.000000 1.000000 1.000000
v -1.053437 11.917782 9.376114 1.000000 1.000000 1.000000
v -1.053437 11.803335 9.189385 1.000000 1.000000 1.000000
v -0.000000 11.803335 9.189385 1.000000 1.000000 1.000000
v -1.053437 11.691942 8.773569 1.000000 1.000000 1.000000
v -0.000000 11.691942 8.773569 1.000000 1.000000 1.000000
v -1.053437 11.670990 8.362909 1.000000 1.000000 1.000000
v -0.000000 11.670990 8.362909 1.000000 1.000000 1.000000
v -1.053437 11.755126 7.956573 1.000000 1.000000 1.000000
v -0.000000 11.755126 7.956573 1.000000 1.000000 1.000000
v -1.053437 12.063855 7.491331 1.000000 1.000000 1.000000
v -0.000000 12.063855 7.491331 1.000000 1.000000 1.000000
v -1.053437 12.488925 7.009443 1.000000 1.000000 1.000000
v -0.000000 12.488925 7.009443 1.000000 1.000000 1.000000
v -1.282088 11.455346 9.417460 1.000000 1.000000 1.000000
v -1.053437 11.803335 9.189385 1.000000 1.000000 1.000000
v -1.282088 11.236572 8.909350 1.000000 1.000000 1.000000
v -1.053437 11.691942 8.773569 1.000000 1.000000 1.000000
v -1.053437 10.821770 9.033034 1.000000 1.000000 1.000000
v -1.282088 11.025249 9.528221 1.000000 1.000000 1.000000
v -1.282088 11.264717 8.396056 1.000000 1.000000 1.000000
v -1.053437 11.670990 8.362909 1.000000 1.000000 1.000000
v -1.282088 11.473627 7.800042 1.000000 1.000000 1.000000
v -1.053437 11.755126 7.956573 1.000000 1.000000 1.000000
v -1.282088 11.836900 7.318758 1.000000 1.000000 1.000000
v -1.053437 12.063855 7.491331 1.000000 1.000000 1.000000
v -1.282088 12.157152 6.831067 1.000000 1.000000 1.000000
v -1.053437 12.488925 7.009443 1.000000 1.000000 1.000000
v -1.053437 12.314496 6.440565 1.000000 1.000000 1.000000
v -1.053437 10.910360 8.424969 1.000000 1.000000 1.000000
v -1.282088 11.264717 8.396056 1.000000 1.000000 1.000000
v -1.053437 11.205510 7.650952 1.000000 1.000000 1.000000
v -1.282088 11.473627 7.800042 1.000000 1.000000 1.000000
v -1.053437 11.573670 7.118604 1.000000 1.000000 1.000000
v -1.282088 11.836900 7.318758 1.000000 1.000000 1.000000
v -1.053437 11.876775 6.680324 1.000000 1.000000 1.000000
v -1.282088 12.157152 6.831067 1.000000 1.000000 1.000000
v -1.053437 12.314496 6.440565 1.000000 1.000000 1.000000
v -1.053437 12.176517 5.990564 1.000000 1.000000 1.000000
v 1.068781 12.831549 11.586369 1.000000 1.000000 1.000000
v 0.986315 11.422954 11.563947 1.000000 1.000000 1.000000
v 0.927156 11.533560 9.886841 1.000000 1.000000 1.000000
v 1.214175 9.532863 9.763592 1.000000 1.000000 1.000000
v 0.261353 13.201607 10.102055 1.000000 1.000000 1.000000
v -0.000000 12.469542 13.038396 1.000000 1.000000 1.000000
v -0.000000 11.337702 13.191523 1.000000 1.000000 1.000000
v -0.000000 13.816901 12.556753 1.000000 1.000000 1.000000
v 0.986315 9.432272 11.554094 1.000000 1.000000 1.000000
v -0.000000 9.493273 13.251407 1.000000 1.000000 1.000000
v -0.000000 8.965871 13.247388 1.000000 1.000000 1.000000
v 1.023984 13.532512 11.422191 1.000000 1.000000 1.000000
v -0.000000 14.619347 12.173494 1.000000 1.000000 1.000000
v 0.986315 8.875114 11.526692 1.000000 1.000000 1.000000
v 1.214175 8.832788 9.737273 1.000000 1.000000 1.000000
v -0.000000 8.188251 13.241462 1.000000 1.000000 1.000000
v 0.987103 13.947428 11.191762 1.000000 1.000000 1.000000
v -0.000000 13.751575 10.093594 1.000000 1.000000 1.000000
v 0.906655 14.622740 10.779434 1.000000 1.000000 1.000000
v 0.906655 14.622740 10.779434 1.000000 1.000000 1.000000
v -0.000000 15.541562 11.502793 1.000000 1.000000 1.000000
v -0.000000 14.242315 9.704386 1.000000 1.000000 1.000000
v 0.676877 15.406386 10.005941 1.000000 1.000000 1.000000
v 0.676877 15.406386 10.005941 1.000000 1.000000 1.000000
v -0.000000 14.623063 8.951352 1.000000 1.000000 1.000000
v 0.478930 15.942048 9.142001 1.000000 1.000000 1.000000
v -0.000000 16.606369 10.316799 1.000000 1.000000 1.000000
v 0.478930 15.942048 9.142001 1.000000 1.000000 1.000000
v -0.000000 17.194361 9.323014 1.000000 1.000000 1.000000
v 0.986315 8.205074 11.493740 1.000000 1.000000 1.000000
v -0.000000 7.145819 13.107685 1.000000 1.000000 1.000000
v 1.214175 8.195015 9.713297 1.000000 1.000000 1.000000
v 0.986315 7.229352 11.393150 1.000000 1.000000 1.000000
v -0.000000 6.055930 12.916056 1.000000 1.000000 1.000000
v 1.214175 7.269588 9.652943 1.000000 1.000000 1.000000
v 0.986315 6.198255 11.170722 1.000000 1.000000 1.000000
v -1.554493 10.398226 0.706278 1.000000 1.000000 1.000000
v -2.126800 9.761074 0.963543 1.000000 1.000000 1.000000
v -1.631311 10.055230 1.264373 1.000000 1.000000 1.000000
v -1.861655 10.276466 0.525948 1.000000 1.000000 1.000000
v -1.524168 10.744222 0.143302 1.000000 1.000000 1.000000
v -2.150130 9.266603 1.999326 1.000000 1.000000 1.000000
v -0.000000 10.398226 0.706278 1.000000 1.000000 1.000000
v -0.000000 10.744222 0.143302 1.000000 1.000000 1.000000
v -0.000000 10.055230 1.264373 1.000000 1.000000 1.000000
v -0.000000 9.389595 2.245309 1.000000 1.000000 1.000000
v -1.772360 9.389595 2.245309 1.000000 1.000000 1.000000
v -0.000000 8.677248 2.782489 1.000000 1.000000 1.000000
v -1.819638 8.677248 2.782489 1.000000 1.000000 1.000000
v -2.019666 8.636156 2.634562 1.000000 1.000000 1.000000
v -1.728892 7.707988 3.237924 1.000000 1.000000 1.000000
v -1.806376 7.669082 3.138495 1.000000 1.000000 1.000000
v -0.000000 7.707988 3.237924 1.000000 1.000000 1.000000
v -1.429410 6.750407 3.389736 1.000000 1.000000 1.000000
v -0.000000 6.750407 3.389736 1.000000 1.000000 1.000000
v -1.410959 8.496564 9.707437 1.000000 1.000000 1.000000
v -1.581269 8.836985 9.926228 1.000000 1.000000 1.000000
v -1.581269 8.870628 9.623058 1.000000 1.000000 1.000000
v -1.571299 8.105749 8.845528 1.000000 1.000000 1.000000
v -1.342648 7.920274 9.008483 1.000000 1.000000 1.000000
v -0.000000 8.496564 9.707437 1.000000 1.000000 1.000000
v -1.410959 8.496564 9.707437 1.000000 1.000000 1.000000
v -0.000000 7.921473 9.008026 1.000000 1.000000 1.000000
v -1.516620 9.056133 9.667578 1.000000 1.000000 1.000000
v -1.581269 8.870628 9.623058 1.000000 1.000000 1.000000
v -1.324817 9.089346 9.859890 1.000000 1.000000 1.000000
v -1.406464 9.659212 9.665664 1.000000 1.000000 1.000000
v -1.254257 9.664718 9.923633 1.000000 1.000000 1.000000
v -1.353790 10.260120 9.664845 1.000000 1.000000 1.000000
v -1.125139 10.412523 10.023193 1.000000 1.000000 1.000000
v 1.571299 8.105749 8.845528 1.000000 1.000000 1.000000
v 1.581269 8.870628 9.623058 1.000000 1.000000 1.000000
v 1.410959 8.496564 9.707437 1.000000 1.000000 1.000000
v 1.342648 7.920274 9.008483 1.000000 1.000000 1.000000
v 1.581269 8.836985 9.926228 1.000000 1.000000 1.000000
v 1.516620 9.056133 9.667578 1.000000 1.000000 1.000000
v 1.324817 9.089346 9.859890 1.000000 1.000000 1.000000
v 1.406464 9.659212 9.665664 1.000000 1.000000 1.000000
v 1.254257 9.664718 9.923633 1.000000 1.000000 1.000000
v 1.353790 10.260120 9.664845 1.000000 1.000000 1.000000
v 1.125139 10.412523 10.023193 1.000000 1.000000 1.000000
v -0.000000 8.496564 9.707437 1.000000 1.000000 1.000000
v 1.410959 8.496564 9.707437 1.000000 1.000000 1.000000
v -0.000000 7.921473 9.008026 1.000000 1.000000 1.000000
v 1.045277 5.466006 9.260327 1.000000 1.000000 1.000000
v 1.088073 6.165429 8.060665 1.000000 1.000000 1.000000
v 1.316724 6.540421 8.090497 1.000000 1.000000 1.000000
v 1.086072 6.282805 7.292827 1.000000 1.000000 1.000000
v 1.314723 6.615825 7.286378 1.000000 1.000000 1.000000
v 1.059071 6.303212 6.279740 1.000000 1.000000 1.000000
v 1.287722 6.555481 6.242084 1.000000 1.000000 1.000000
v 1.306014 5.556191 9.604579 1.000000 1.000000 1.000000
v 1.000015 6.106279 5.462561 1.000000 1.000000 1.000000
v 0.890005 5.253663 9.376499 1.000000 1.000000 1.000000
v 1.116944 5.223916 9.579966 1.000000 1.000000 1.000000
v 1.009818 4.936200 9.518892 1.000000 1.000000 1.000000
v 0.789468 5.003185 9.405137 1.000000 1.000000 1.000000
v 0.575747 4.770481 9.347122 1.000000 1.000000 1.000000
v -0.000000 4.990775 9.405137 1.000000 1.000000 1.000000
v -0.000000 4.754456 9.347122 1.000000 1.000000 1.000000
v -0.000000 5.245145 9.376499 1.000000 1.000000 1.000000
v -0.000000 5.466006 9.260327 1.000000 1.000000 1.000000
v 1.045277 5.466006 9.260327 1.000000 1.000000 1.000000
v -0.000000 5.724409 9.078290 1.000000 1.000000 1.000000
v 1.155932 5.724409 9.078290 1.000000 1.000000 1.000000
v -0.000000 5.987432 8.693418 1.000000 1.000000 1.000000
v 1.193737 5.987432 8.693418 1.000000 1.000000 1.000000
v 1.088073 6.165429 8.060665 1.000000 1.000000 1.000000
v -0.000000 6.165429 8.060665 1.000000 1.000000 1.000000
v 1.086072 6.282805 7.292827 1.000000 1.000000 1.000000
v -0.000000 6.282805 7.292827 1.000000 1.000000 1.000000
v 1.059071 6.303212 6.279740 1.000000 1.000000 1.000000
v -0.000000 6.303212 6.279740 1.000000 1.000000 1.000000
v -0.000000 6.106279 5.462561 1.000000 1.000000 1.000000
v 0.897893 5.842922 4.782316 1.000000 1.000000 1.000000
v -0.000000 5.842922 4.782316 1.000000 1.000000 1.000000
v 1.228666 6.269903 5.388804 1.000000 1.000000 1.000000
v -0.000000 6.422239 5.320136 1.000000 1.000000 1.000000
v -0.000000 5.842922 4.782316 1.000000 1.000000 1.000000
v 1.000015 6.422239 5.320136 1.000000 1.000000 1.000000
v -0.000000 6.766597 6.208082 1.000000 1.000000 1.000000
v 1.059071 6.766597 6.208082 1.000000 1.000000 1.000000
v 1.287722 6.555481 6.242084 1.000000 1.000000 1.000000
v -0.000000 6.866423 7.281249 1.000000 1.000000 1.000000
v 1.086072 6.866423 7.281249 1.000000 1.000000 1.000000
v 1.086072 6.866423 7.281249 1.000000 1.000000 1.000000
v 1.314723 6.615825 7.286378 1.000000 1.000000 1.000000
v -0.000000 6.851028 8.116451 1.000000 1.000000 1.000000
v 1.088073 6.851028 8.116451 1.000000 1.000000 1.000000
v 1.088073 6.851028 8.116451 1.000000 1.000000 1.000000
v -0.000000 6.799376 8.789796 1.000000 1.000000 1.000000
v 1.193737 6.799376 8.789796 1.000000 1.000000 1.000000
v 1.316724 6.540421 8.090497 1.000000 1.000000 1.000000
v 1.193737 6.799376 8.789796 1.000000 1.000000 1.000000
v 1.422388 6.366079 8.736788 1.000000 1.000000 1.000000
v 1.485195 6.450423 9.149547 1.000000 1.000000 1.000000
v 1.369956 7.196508 9.263971 1.000000 1.000000 1.000000
v 1.598607 6.997846 9.552175 1.000000 1.000000 1.000000
v 1.369956 7.843486 9.713134 1.000000 1.000000 1.000000
v 1.598607 7.679724 10.002815 1.000000 1.000000 1.000000
v 1.598607 8.065773 10.205087 1.000000 1.000000 1.000000
v 1.369956 8.201118 9.783488 1.000000 1.000000 1.000000
v 1.410959 8.496564 9.707437 1.000000 1.000000 1.000000
v 1.581269 8.836985 9.926228 1.000000 1.000000 1.000000
v 1.517010 8.807078 10.494950 1.000000 1.000000 1.000000
v 1.150925 8.740405 10.958235 1.000000 1.000000 1.000000
v 1.150925 8.956846 11.022470 1.000000 1.000000 1.000000
v 1.207316 9.273315 10.191598 1.000000 1.000000 1.000000
v 1.324817 9.089346 9.859890 1.000000 1.000000 1.000000
v 1.456819 9.112312 10.614302 1.000000 1.000000 1.000000
v 1.456819 9.112312 10.614302 1.000000 1.000000 1.000000
v 1.137537 9.644979 11.226690 1.000000 1.000000 1.000000
v 1.193929 9.956841 10.622516 1.000000 1.000000 1.000000
v 1.363172 9.837867 10.853005 1.000000 1.000000 1.000000
v 1.363172 9.837867 10.853005 1.000000 1.000000 1.000000
v 1.126915 10.710397 10.967772 1.000000 1.000000 1.000000
v 1.232114 10.684831 11.131653 1.000000 1.000000 1.000000
v 1.018171 11.472481 11.236696 1.000000 1.000000 1.000000
v 1.078340 10.659707 11.292689 1.000000 1.000000 1.000000
v 1.232114 10.684831 11.131653 1.000000 1.000000 1.000000
v 1.018171 11.472481 11.236696 1.000000 1.000000 1.000000
v -0.000000 10.659707 11.292689 1.000000 1.000000 1.000000
v -0.000000 11.472481 11.236696 1.000000 1.000000 1.000000
v -0.000000 9.644979 11.226690 1.000000 1.000000 1.000000
v 1.137537 9.644979 11.226690 1.000000 1.000000 1.000000
v -0.000000 8.956846 11.022470 1.000000 1.000000 1.000000
v 1.150925 8.956846 11.022470 1.000000 1.000000 1.000000
v -0.000000 8.740405 10.958235 1.000000 1.000000 1.000000
v 1.150925 8.740405 10.958235 1.000000 1.000000 1.000000
v -0.000000 8.366256 10.847198 1.000000 1.000000 1.000000
v 1.188205 8.366256 10.846654 1.000000 1.000000 1.000000
v 1.185722 7.932833 10.619199 1.000000 1.000000 1.000000
v -0.000000 7.932833 10.619199 1.000000 1.000000 1.000000
v -0.000000 7.461116 10.371057 1.000000 1.000000 1.000000
v 1.185722 7.461116 10.371057 1.000000 1.000000 1.000000
v 1.168391 6.782289 10.013966 1.000000 1.000000 1.000000
v -0.000000 6.782289 10.013966 1.000000 1.000000 1.000000
v 1.155932 6.295549 9.659224 1.000000 1.000000 1.000000
v -0.000000 6.295549 9.659224 1.000000 1.000000 1.000000
v -0.000000 -17.288874 1.717451 1.000000 1.000000 1.000000
v 0.760883 -17.288874 1.889048 1.000000 1.000000 1.000000
v 0.760883 -17.798883 2.124437 1.000000 1.000000 1.000000
v -0.000000 -17.798883 1.952840 1.000000 1.000000 1.000000
v 0.760883 -18.720825 2.041111 1.000000 1.000000 1.000000
v -0.000000 -18.720825 2.041111 1.000000 1.000000 1.000000
v -1.203376 15.672254 3.103397 1.000000 1.000000 1.000000
v -0.617835 15.812147 2.792737 1.000000 1.000000 1.000000
v -0.599118 15.336266 2.420653 1.000000 1.000000 1.000000
v -1.172869 15.240339 2.874633 1.000000 1.000000 1.000000
v -1.168759 15.027622 2.758821 1.000000 1.000000 1.000000
v -1.237020 16.186922 3.304431 1.000000 1.000000 1.000000
v -0.412414 14.994895 2.178687 1.000000 1.000000 1.000000
v -0.000000 15.336266 2.420653 1.000000 1.000000 1.000000
v -0.000000 14.994895 2.178687 1.000000 1.000000 1.000000
v -0.000000 15.812147 2.792737 1.000000 1.000000 1.000000
v -0.000000 16.565357 3.116833 1.000000 1.000000 1.000000
v -0.617835 16.565357 3.116833 1.000000 1.000000 1.000000
v -1.238107 16.467012 3.401227 1.000000 1.000000 1.000000
v -0.000000 16.943054 3.234433 1.000000 1.000000 1.000000
v -0.617835 16.943054 3.234433 1.000000 1.000000 1.000000
v -1.203970 16.783245 3.496392 1.000000 1.000000 1.000000
v -0.469773 17.535643 3.334805 1.000000 1.000000 1.000000
v -0.000000 17.535643 3.334805 1.000000 1.000000 1.000000
v -0.760883 -17.288874 1.889048 1.000000 1.000000 1.000000
v -0.000000 -17.798883 1.952840 1.000000 1.000000 1.000000
v -0.760883 -17.798883 2.124437 1.000000 1.000000 1.000000
v -0.000000 -17.288874 1.717451 1.000000 1.000000 1.000000
v -0.000000 -18.720825 2.041111 1.000000 1.000000 1.000000
v -0.760883 -18.720825 2.041111 1.000000 1.000000 1.000000
v 0.991227 -21.386551 2.626865 1.000000 1.000000 1.000000
v -0.000000 -22.637142 4.021019 1.000000 1.000000 1.000000
v 0.760883 -19.601740 1.231880 1.000000 1.000000 1.000000
v 0.816808 -22.541702 2.396761 1.000000 1.000000 1.000000
v 0.760883 -23.065060 2.519192 1.000000 1.000000 1.000000
v 0.721884 -23.826706 3.337785 1.000000 1.000000 1.000000
v -0.000000 -23.354925 4.061585 1.000000 1.000000 1.000000
v -0.000000 -24.124969 4.208654 1.000000 1.000000 1.000000
v 0.519009 -24.320154 3.949728 1.000000 1.000000 1.000000
v -0.000000 -24.498877 4.528033 1.000000 1.000000 1.000000
v 0.292259 -24.640553 4.421402 1.000000 1.000000 1.000000
v -0.000000 -25.000000 5.098204 1.000000 1.000000 1.000000
v -0.000000 -21.020056 0.655065 1.000000 1.000000 1.000000
v 0.816808 -22.541702 2.396761 1.000000 1.000000 1.000000
v -0.000000 -22.685791 0.803365 1.000000 1.000000 1.000000
v -0.000000 -23.359898 1.484424 1.000000 1.000000 1.000000
v 0.760883 -23.065060 2.519192 1.000000 1.000000 1.000000
v -0.000000 -24.245874 2.694698 1.000000 1.000000 1.000000
v 0.721884 -23.826706 3.337785 1.000000 1.000000 1.000000
v -0.000000 -24.580187 3.604774 1.000000 1.000000 1.000000
v 0.519009 -24.320154 3.949728 1.000000 1.000000 1.000000
v -0.000000 -24.816498 4.288978 1.000000 1.000000 1.000000
v 0.292259 -24.640553 4.421402 1.000000 1.000000 1.000000
v -0.000000 -25.000000 5.098204 1.000000 1.000000 1.000000
v -0.000000 -19.176254 0.031962 1.000000 1.000000 1.000000
v 0.760883 -18.895832 0.550904 1.000000 1.000000 1.000000
v -0.000000 -18.460447 -0.517054 1.000000 1.000000 1.000000
v 0.601576 -18.100140 -0.231810 1.000000 1.000000 1.000000
v -0.000000 -17.612534 -1.156260 1.000000 1.000000 1.000000
v 0.332625 -17.512241 -1.035120 1.000000 1.000000 1.000000
v -0.000000 -17.259449 -1.656463 1.000000 1.000000 1.000000
v -0.000000 -17.445808 -0.954878 1.000000 1.000000 1.000000
v 0.601576 -18.100140 -0.231810 1.000000 1.000000 1.000000
v -0.000000 -17.793287 0.011114 1.000000 1.000000 1.000000
v 0.760883 -18.895832 0.550904 1.000000 1.000000 1.000000
v -0.000000 -18.571640 1.150845 1.000000 1.000000 1.000000
v 0.534156 -18.837286 1.579359 1.000000 1.000000 1.000000
v -0.000000 -18.837286 1.579359 1.000000 1.000000 1.000000
v -0.000000 -18.720825 2.041111 1.000000 1.000000 1.000000
v 0.760883 -18.720825 2.041111 1.000000 1.000000 1.000000
v 1.386827 11.292808 1.122498 1.000000 1.000000 1.000000
v -0.000000 11.650276 0.906769 1.000000 1.000000 1.000000
v -0.000000 11.292808 1.122498 1.000000 1.000000 1.000000
v 1.386827 11.650276 0.906769 1.000000 1.000000 1.000000
v 0.329389 0.141999 -6.035617 1.000000 1.000000 1.000000
v -0.000000 0.909606 -5.472705 1.000000 1.000000 1.000000
v -0.000000 0.141999 -6.035617 1.000000 1.000000 1.000000
v -0.000000 -0.468525 -6.089122 1.000000 1.000000 1.000000
v 0.702366 0.909606 -5.472705 1.000000 1.000000 1.000000
v 0.702366 1.370171 -4.244533 1.000000 1.000000 1.000000
v -0.000000 1.370171 -4.244533 1.000000 1.000000 1.000000
v -0.000000 1.421344 -2.572855 1.000000 1.000000 1.000000
v 0.905762 1.421344 -2.572855 1.000000 1.000000 1.000000
v 0.547138 1.165475 -1.464089 1.000000 1.000000 1.000000
v -0.000000 1.165475 -1.464089 1.000000 1.000000 1.000000
v 0.262900 0.636679 -0.611192 1.000000 1.000000 1.000000
v -0.000000 0.636679 -0.611192 1.000000 1.000000 1.000000
v -0.345885 -0.833513 -5.952789 1.000000 1.000000 1.000000
v -0.000000 -0.918596 -5.952789 1.000000 1.000000 1.000000
v -0.000000 -1.257031 -5.864947 1.000000 1.000000 1.000000
v -0.000000 -0.450466 -5.959332 1.000000 1.000000 1.000000
v -0.711002 -0.381131 -5.959332 1.000000 1.000000 1.000000
v -0.711002 -0.381131 -5.959332 1.000000 1.000000 1.000000
v -1.166592 -0.520607 -6.459681 1.000000 1.000000 1.000000
v -0.000000 0.040674 -5.929338 1.000000 1.000000 1.000000
v -1.317933 -0.027511 -6.516053 1.000000 1.000000 1.000000
v -0.856672 0.093486 -5.929338 1.000000 1.000000 1.000000
v -0.856672 0.093486 -5.929338 1.000000 1.000000 1.000000
v -0.000000 0.351732 -5.751292 1.000000 1.000000 1.000000
v -1.437491 0.461333 -6.467392 1.000000 1.000000 1.000000
v -0.929229 0.394079 -5.751292 1.000000 1.000000 1.000000
v -0.929229 0.394079 -5.751292 1.000000 1.000000 1.000000
v -0.000000 0.771338 -5.336019 1.000000 1.000000 1.000000
v -1.596804 0.991407 -6.152053 1.000000 1.000000 1.000000
v -1.051098 0.799569 -5.336019 1.000000 1.000000 1.000000
v -1.051098 0.799569 -5.336019 1.000000 1.000000 1.000000
v -1.007194 1.086572 -4.882278 1.000000 1.000000 1.000000
v -1.488946 1.272765 -5.864144 1.000000 1.000000 1.000000
v -0.000000 1.068332 -4.882278 1.000000 1.000000 1.000000
v -1.007194 1.086572 -4.882278 1.000000 1.000000 1.000000
v -0.000000 1.358682 -3.568674 1.000000 1.000000 1.000000
v -1.499007 1.530720 -4.813674 1.000000 1.000000 1.000000
v -1.045758 1.358682 -3.568674 1.000000 1.000000 1.000000
v -1.463414 1.773802 -3.667193 1.000000 1.000000 1.000000
v -0.000000 1.393062 -2.705580 1.000000 1.000000 1.000000
v -1.045758 1.358682 -3.568674 1.000000 1.000000 1.000000
v -1.106345 1.393062 -2.705580 1.000000 1.000000 1.000000
v -1.524001 1.795827 -2.700752 1.000000 1.000000 1.000000
v -0.000000 1.118216 -1.878698 1.000000 1.000000 1.000000
v -1.106345 1.393062 -2.705580 1.000000 1.000000 1.000000
v -1.264601 1.118216 -1.878698 1.000000 1.000000 1.000000
v -1.626121 1.597439 -1.709300 1.000000 1.000000 1.000000
v -0.000000 0.911386 -1.307310 1.000000 1.000000 1.000000
v -1.264601 1.118216 -1.878698 1.000000 1.000000 1.000000
v -1.264601 0.911386 -1.307310 1.000000 1.000000 1.000000
v -1.264601 0.544628 -0.528229 1.000000 1.000000 1.000000
v -0.000000 0.544628 -0.528229 1.000000 1.000000 1.000000
v -1.637547 1.482360 -1.439186 1.000000 1.000000 1.000000
v -1.264601 0.911386 -1.307310 1.000000 1.000000 1.000000
v -1.682257 1.352021 -1.096221 1.000000 1.000000 1.000000
v -1.264601 0.544628 -0.528229 1.000000 1.000000 1.000000
v 2.126800 8.487597 -1.019730 1.000000 1.000000 1.000000
v 2.126800 8.019822 -0.865652 1.000000 1.000000 1.000000
v 1.504387 7.649599 -1.374814 1.000000 1.000000 1.000000
v 1.620497 8.862471 -1.627204 1.000000 1.000000 1.000000
v 1.983774 9.186901 -1.379770 1.000000 1.000000 1.000000
v 1.457161 9.669862 -1.795216 1.000000 1.000000 1.000000
v 1.934284 9.687949 -1.610541 1.000000 1.000000 1.000000
v -0.000000 8.862471 -1.627204 1.000000 1.000000 1.000000
v -0.000000 9.669862 -1.795216 1.000000 1.000000 1.000000
v -0.000000 7.649599 -1.374814 1.000000 1.000000 1.000000
v 1.024951 6.680340 -1.281392 1.000000 1.000000 1.000000
v 1.811550 7.461751 -0.953180 1.000000 1.000000 1.000000
v 1.332114 6.496665 -1.115492 1.000000 1.000000 1.000000
v -0.000000 6.680340 -1.281392 1.000000 1.000000 1.000000
v 0.828100 4.916990 -1.374814 1.000000 1.000000 1.000000
v -0.000000 4.916990 -1.374814 1.000000 1.000000 1.000000
v 1.109251 2.578779 -1.453039 1.000000 1.000000 1.000000
v -0.000000 2.014128 -1.562007 1.000000 1.000000 1.000000
v -0.000000 2.578779 -1.453039 1.000000 1.000000 1.000000
v 1.264601 2.014128 -1.562007 1.000000 1.000000 1.000000
v 1.682257 1.760751 -1.194603 1.000000 1.000000 1.000000
v 1.682257 1.352021 -1.096221 1.000000 1.000000 1.000000
v 1.485889 2.458743 -1.242485 1.000000 1.000000 1.000000
v 1.188376 3.386777 -1.190489 1.000000 1.000000 1.000000
v 0.829181 3.516418 -1.312860 1.000000 1.000000 1.000000
v -0.000000 3.516418 -1.312860 1.000000 1.000000 1.000000
v 0.944936 4.049287 -1.103067 1.000000 1.000000 1.000000
v 0.774086 4.097360 -1.162437 1.000000 1.000000 1.000000
v -0.000000 4.076089 -1.167945 1.000000 1.000000 1.000000
v 0.760482 4.614901 -1.028431 1.000000 1.000000 1.000000
v -0.000000 4.614901 -1.028431 1.000000 1.000000 1.000000
v 1.343523 11.279177 4.635313 1.000000 1.000000 1.000000
v -0.000000 10.595141 4.546545 1.000000 1.000000 1.000000
v 1.468077 10.595141 4.546545 1.000000 1.000000 1.000000
v -0.000000 9.558719 4.338272 1.000000 1.000000 1.000000
v 1.593922 9.558719 4.338272 1.000000 1.000000 1.000000
v -0.000000 9.174304 4.261022 1.000000 1.000000 1.000000
v 1.634815 9.174304 4.261022 1.000000 1.000000 1.000000
v 1.757409 9.586445 4.233538 1.000000 1.000000 1.000000
v 1.852555 10.367297 4.099845 1.000000 1.000000 1.000000
v 1.468077 10.595141 4.546545 1.000000 1.000000 1.000000
v 1.852555 11.182227 3.836019 1.000000 1.000000 1.000000
v 1.852555 11.818460 3.492148 1.000000 1.000000 1.000000
v 1.543371 7.616815 7.107202 1.000000 1.000000 1.000000
v 1.227042 7.528508 6.459928 1.000000 1.000000 1.000000
v 1.366907 7.853528 7.025597 1.000000 1.000000 1.000000
v 1.595559 7.800243 7.296865 1.000000 1.000000 1.000000
v 1.426776 8.219926 7.436294 1.000000 1.000000 1.000000
v 1.655427 8.187242 7.598279 1.000000 1.000000 1.000000
v 1.456544 8.538398 7.545244 1.000000 1.000000 1.000000
v 1.685195 8.530790 7.738893 1.000000 1.000000 1.000000
v -0.000000 8.538398 7.545244 1.000000 1.000000 1.000000
v -0.000000 8.219926 7.436294 1.000000 1.000000 1.000000
v 1.366907 7.853528 7.025597 1.000000 1.000000 1.000000
v -0.000000 7.853528 7.025597 1.000000 1.000000 1.000000
v 1.227042 7.528508 6.459928 1.000000 1.000000 1.000000
v -0.000000 7.528508 6.459928 1.000000 1.000000 1.000000
v 1.685195 8.807659 7.845242 1.000000 1.000000 1.000000
v 1.456544 8.523357 7.928125 1.000000 1.000000 1.000000
v 1.655427 8.187242 7.598279 1.000000 1.000000 1.000000
v 1.426776 8.164730 7.824278 1.000000 1.000000 1.000000
v 1.253962 7.733835 7.634944 1.000000 1.000000 1.000000
v 1.595559 7.800243 7.296865 1.000000 1.000000 1.000000
v 1.543371 7.616815 7.107202 1.000000 1.000000 1.000000
v 1.456544 9.024485 8.073236 1.000000 1.000000 1.000000
v -0.000000 8.523357 7.928125 1.000000 1.000000 1.000000
v -0.000000 9.024485 8.073236 1.000000 1.000000 1.000000
v 1.426776 8.164730 7.824278 1.000000 1.000000 1.000000
v -0.000000 8.164730 7.824278 1.000000 1.000000 1.000000
v 1.253962 7.733835 7.634944 1.000000 1.000000 1.000000
v -0.000000 7.733835 7.634944 1.000000 1.000000 1.000000
v 1.456544 8.895947 7.491313 1.000000 1.000000 1.000000
v 1.456544 9.024485 8.073236 1.000000 1.000000 1.000000
v -0.000000 8.895947 7.491313 1.000000 1.000000 1.000000
v -0.000000 9.024485 8.073236 1.000000 1.000000 1.000000
v -0.000000 8.689205 6.762271 1.000000 1.000000 1.000000
v 1.685195 8.727830 7.516671 1.000000 1.000000 1.000000
v 1.456544 8.538398 7.545244 1.000000 1.000000 1.000000
v 1.702946 8.544155 6.797439 1.000000 1.000000 1.000000
v 1.474295 8.689205 6.762271 1.000000 1.000000 1.000000
v 1.598175 8.328905 6.070377 1.000000 1.000000 1.000000
v 1.369524 8.447967 6.063888 1.000000 1.000000 1.000000
v -0.000000 8.447967 6.063888 1.000000 1.000000 1.000000
v 1.421686 7.903288 5.460470 1.000000 1.000000 1.000000
v 1.329540 7.995559 5.400387 1.000000 1.000000 1.000000
v -0.000000 7.995559 5.400387 1.000000 1.000000 1.000000
v 1.233373 7.341698 4.911524 1.000000 1.000000 1.000000
v -0.000000 7.341698 4.911524 1.000000 1.000000 1.000000
v 1.233373 7.341698 4.911524 1.000000 1.000000 1.000000
v 1.306947 7.815371 5.517719 1.000000 1.000000 1.000000
v 1.598175 8.328905 6.070377 1.000000 1.000000 1.000000
v 1.369524 8.178021 6.078600 1.000000 1.000000 1.000000
v -0.000000 8.178021 6.078600 1.000000 1.000000 1.000000
v -0.000000 7.815371 5.517719 1.000000 1.000000 1.000000
v 1.233373 7.341698 4.911524 1.000000 1.000000 1.000000
v -0.000000 7.341698 4.911524 1.000000 1.000000 1.000000
v -0.000000 8.401708 6.831975 1.000000 1.000000 1.000000
v 1.474295 8.401708 6.831975 1.000000 1.000000 1.000000
v 1.702946 8.544155 6.797439 1.000000 1.000000 1.000000
v -0.000000 8.538398 7.545244 1.000000 1.000000 1.000000
v -0.000000 5.929756 -13.251407 1.000000 1.000000 1.000000
v -0.512754 5.297838 -12.757554 1.000000 1.000000 1.000000
v -0.304822 6.037745 -13.060094 1.000000 1.000000 1.000000
v -0.000000 6.763416 -13.215838 1.000000 1.000000 1.000000
v -0.000000 5.059801 -13.080828 1.000000 1.000000 1.000000
v -0.820014 4.146533 -11.833269 1.000000 1.000000 1.000000
v -0.000000 3.268717 -12.534974 1.000000 1.000000 1.000000
v -1.020928 3.330124 -10.662058 1.000000 1.000000 1.000000
v -0.000000 0.929825 -11.413310 1.000000 1.000000 1.000000
v -1.214175 2.460985 -9.251287 1.000000 1.000000 1.000000
v -1.214175 0.921794 -9.053555 1.000000 1.000000 1.000000
v -0.702366 0.909606 -5.472705 1.000000 1.000000 1.000000
v -1.214175 3.532148 -7.937327 1.000000 1.000000 1.000000
v -0.000000 4.966895 -10.149776 1.000000 1.000000 1.000000
v -0.000000 4.799220 -11.311527 1.000000 1.000000 1.000000
v -0.820014 4.146533 -11.833269 1.000000 1.000000 1.000000
v -0.000000 5.577712 -12.377462 1.000000 1.000000 1.000000
v -0.512754 5.297838 -12.757554 1.000000 1.000000 1.000000
v -0.000000 6.127117 -12.901762 1.000000 1.000000 1.000000
v -0.304822 6.037745 -13.060094 1.000000 1.000000 1.000000
v -0.000000 6.763416 -13.215838 1.000000 1.000000 1.000000
v -0.927156 11.533560 9.886841 1.000000 1.000000 1.000000
v -1.214175 8.195015 9.713297 1.000000 1.000000 1.000000
v -1.068781 12.831549 11.586369 1.000000 1.000000 1.000000
v -0.000000 13.816901 12.556753 1.000000 1.000000 1.000000
v -1.023984 13.532512 11.422191 1.000000 1.000000 1.000000
v -0.000000 14.619347 12.173494 1.000000 1.000000 1.000000
v -0.987103 13.947428 11.191762 1.000000 1.000000 1.000000
v -0.906655 14.622740 10.779434 1.000000 1.000000 1.000000
v -0.000000 15.541562 11.502793 1.000000 1.000000 1.000000
v -0.676877 15.406386 10.005941 1.000000 1.000000 1.000000
v -0.000000 16.606369 10.316799 1.000000 1.000000 1.000000
v -0.478930 15.942048 9.142001 1.000000 1.000000 1.000000
v -0.000000 17.194361 9.323014 1.000000 1.000000 1.000000
v -0.261353 13.201607 10.102055 1.000000 1.000000 1.000000
v -1.023984 13.532512 11.422191 1.000000 1.000000 1.000000
v -0.987103 13.947428 11.191762 1.000000 1.000000 1.000000
v -0.000000 13.751575 10.093594 1.000000 1.000000 1.000000
v -0.906655 14.622740 10.779434 1.000000 1.000000 1.000000
v -0.000000 14.242315 9.704386 1.000000 1.000000 1.000000
v -0.676877 15.406386 10.005941 1.000000 1.000000 1.000000
v -0.000000 14.623063 8.951352 1.000000 1.000000 1.000000
v -0.478930 15.942048 9.142001 1.000000 1.000000 1.000000
v -0.456937 12.313196 9.772075 1.000000 1.000000 1.000000
v -0.583359 11.771689 9.365944 1.000000 1.000000 1.000000
v -0.000000 11.771689 9.365944 1.000000 1.000000 1.000000
v -0.000000 12.313196 9.772075 1.000000 1.000000 1.000000
v -0.261353 13.201607 10.102055 1.000000 1.000000 1.000000
v -0.000000 13.201607 10.102055 1.000000 1.000000 1.000000
v -0.000000 13.751575 10.093594 1.000000 1.000000 1.000000
v -0.717510 11.577085 8.469072 1.000000 1.000000 1.000000
v -1.214175 9.532863 9.763592 1.000000 1.000000 1.000000
v -1.378125 8.833133 8.066483 1.000000 1.000000 1.000000
v -1.214175 8.195015 9.713297 1.000000 1.000000 1.000000
v -0.877999 11.644774 7.868338 1.000000 1.000000 1.000000
v -0.904717 6.356786 7.703155 1.000000 1.000000 1.000000
v -1.454466 8.823760 7.780217 1.000000 1.000000 1.000000
v -1.214175 7.269588 9.652943 1.000000 1.000000 1.000000
v -1.456061 8.807140 6.704031 1.000000 1.000000 1.000000
v -0.877999 12.401799 6.985344 1.000000 1.000000 1.000000
v -0.877999 12.110088 5.979445 1.000000 1.000000 1.000000
v -1.079358 6.341462 9.512731 1.000000 1.000000 1.000000
v -0.904717 6.341733 6.511091 1.000000 1.000000 1.000000
v -0.882307 6.095252 8.880057 1.000000 1.000000 1.000000
v -1.455324 8.791015 5.650065 1.000000 1.000000 1.000000
v -1.108655 11.989381 4.872955 1.000000 1.000000 1.000000
v -0.904717 6.241757 5.397081 1.000000 1.000000 1.000000
v -1.562369 8.771954 4.863061 1.000000 1.000000 1.000000
v -0.904717 5.941832 4.854359 1.000000 1.000000 1.000000
v -1.214175 12.101493 3.431448 1.000000 1.000000 1.000000
v -0.788681 12.110088 4.621480 1.000000 1.000000 1.000000
v -0.452268 12.391741 4.581244 1.000000 1.000000 1.000000
v -1.214175 12.254014 3.475226 1.000000 1.000000 1.000000
v -1.214175 12.542701 3.558088 1.000000 1.000000 1.000000
v -1.214175 13.207785 3.748987 1.000000 1.000000 1.000000
v -0.452268 13.047958 4.625613 1.000000 1.000000 1.000000
v -1.124376 14.147847 4.018812 1.000000 1.000000 1.000000
v -0.452268 13.749705 4.993663 1.000000 1.000000 1.000000
v -1.124376 14.467065 4.033752 1.000000 1.000000 1.000000
v -0.493272 14.051476 5.396022 1.000000 1.000000 1.000000
v -1.086271 15.037266 4.062263 1.000000 1.000000 1.000000
v -0.000000 14.820579 6.099625 1.000000 1.000000 1.000000
v -0.000000 15.835905 5.727339 1.000000 1.000000 1.000000
v -0.957529 15.992352 4.097900 1.000000 1.000000 1.000000
v -0.000000 17.089294 5.345727 1.000000 1.000000 1.000000
v -0.786637 17.403599 4.140665 1.000000 1.000000 1.000000
v -0.000000 18.842751 4.922909 1.000000 1.000000 1.000000
v -0.529183 19.123987 4.174686 1.000000 1.000000 1.000000
v -0.000000 19.925932 4.661716 1.000000 1.000000 1.000000
v -0.368590 20.035021 4.253114 1.000000 1.000000 1.000000
v -0.000000 22.370270 4.410241 1.000000 1.000000 1.000000
v -0.215313 14.121888 5.848677 1.000000 1.000000 1.000000
v -0.000000 13.709469 6.582985 1.000000 1.000000 1.000000
v -0.000000 14.121888 5.848677 1.000000 1.000000 1.000000
v -0.000000 14.051476 5.396022 1.000000 1.000000 1.000000
v -0.452268 13.749705 4.993663 1.000000 1.000000 1.000000
v -0.000000 13.749705 4.993663 1.000000 1.000000 1.000000
v -0.452268 13.047958 4.625613 1.000000 1.000000 1.000000
v -0.000000 13.047958 4.625613 1.000000 1.000000 1.000000
v -0.452268 12.391741 4.581244 1.000000 1.000000 1.000000
v -0.000000 12.391741 4.581244 1.000000 1.000000 1.000000
v -0.000000 12.110088 4.621480 1.000000 1.000000 1.000000
v -0.788681 12.110088 4.621480 1.000000 1.000000 1.000000
v 1.106345 2.147861 -2.696261 1.000000 1.000000 1.000000
v 1.264601 2.014128 -1.562007 1.000000 1.000000 1.000000
v 1.626121 1.597439 -1.709300 1.000000 1.000000 1.000000
v 1.524001 1.795827 -2.700752 1.000000 1.000000 1.000000
v 1.463414 1.773802 -3.667193 1.000000 1.000000 1.000000
v 1.637547 1.482360 -1.439186 1.000000 1.000000 1.000000
v 1.045758 2.128049 -3.751265 1.000000 1.000000 1.000000
v 1.289108 2.106434 -4.755428 1.000000 1.000000 1.000000
v 1.499007 1.530720 -4.813674 1.000000 1.000000 1.000000
v 1.682257 1.352021 -1.096221 1.000000 1.000000 1.000000
v 1.488946 1.272765 -5.864144 1.000000 1.000000 1.000000
v 1.264601 0.911386 -1.307310 1.000000 1.000000 1.000000
v 1.264601 0.544628 -0.528229 1.000000 1.000000 1.000000
v 1.264601 1.118216 -1.878698 1.000000 1.000000 1.000000
v 1.626121 1.597439 -1.709300 1.000000 1.000000 1.000000
v 1.106345 1.393062 -2.705580 1.000000 1.000000 1.000000
v 1.524001 1.795827 -2.700752 1.000000 1.000000 1.000000
v 1.045758 1.358682 -3.568674 1.000000 1.000000 1.000000
v 1.463414 1.773802 -3.667193 1.000000 1.000000 1.000000
v 1.007194 1.086572 -4.882278 1.000000 1.000000 1.000000
v 1.051098 0.799569 -5.336019 1.000000 1.000000 1.000000
v 1.596804 0.991407 -6.152053 1.000000 1.000000 1.000000
v 0.929229 0.394079 -5.751292 1.000000 1.000000 1.000000
v 1.437491 0.461333 -6.467392 1.000000 1.000000 1.000000
v 0.856672 0.093486 -5.929338 1.000000 1.000000 1.000000
v 1.317933 -0.027511 -6.516053 1.000000 1.000000 1.000000
v 0.711002 -0.381131 -5.959332 1.000000 1.000000 1.000000
v 1.166592 -0.520607 -6.459681 1.000000 1.000000 1.000000
v 0.743846 -0.962139 -6.185290 1.000000 1.000000 1.000000
v 0.345885 -0.833513 -5.952789 1.000000 1.000000 1.000000
v 0.258839 -1.171790 -5.864947 1.000000 1.000000 1.000000
v -0.000000 -0.918596 -5.952789 1.000000 1.000000 1.000000
v -0.000000 -1.257031 -5.864947 1.000000 1.000000 1.000000
v -0.000000 -0.450466 -5.959332 1.000000 1.000000 1.000000
v 0.711002 -0.381131 -5.959332 1.000000 1.000000 1.000000
v -0.000000 0.040674 -5.929338 1.000000 1.000000 1.000000
v 0.856672 0.093486 -5.929338 1.000000 1.000000 1.000000
v -0.000000 0.351732 -5.751292 1.000000 1.000000 1.000000
v 0.929229 0.394079 -5.751292 1.000000 1.000000 1.000000
v -0.000000 0.771338 -5.336019 1.000000 1.000000 1.000000
v 1.051098 0.799569 -5.336019 1.000000 1.000000 1.000000
v 1.007194 1.086572 -4.882278 1.000000 1.000000 1.000000
v -0.000000 1.068332 -4.882278 1.000000 1.000000 1.000000
v -0.000000 1.358682 -3.568674 1.000000 1.000000 1.000000
v 1.045758 1.358682 -3.568674 1.000000 1.000000 1.000000
v -0.000000 1.393062 -2.705580 1.000000 1.000000 1.000000
v 1.106345 1.393062 -2.705580 1.000000 1.000000 1.000000
v -0.000000 1.118216 -1.878698 1.000000 1.000000 1.000000
v 1.264601 1.118216 -1.878698 1.000000 1.000000 1.000000
v 1.264601 0.911386 -1.307310 1.000000 1.000000 1.000000
v -0.000000 0.911386 -1.307310 1.000000 1.000000 1.000000
v -0.000000 0.544628 -0.528229 1.000000 1.000000 1.000000
v 1.264601 0.544628 -0.528229 1.000000 1.000000 1.000000
v 0.329389 0.141999 -6.035617 1.000000 1.000000 1.000000
v -0.000000 -0.468525 -6.089122 1.000000 1.000000 1.000000
v 1.095342 -0.902759 -8.001397 1.000000 1.000000 1.000000
v 1.214175 0.053358 -8.498673 1.000000 1.000000 1.000000
v 1.018254 -1.647331 -7.536038 1.000000 1.000000 1.000000
v -0.000000 -1.052057 -6.018559 1.000000 1.000000 1.000000
v -0.000000 -1.683201 -5.796806 1.000000 1.000000 1.000000
v 0.898622 -2.582572 -6.760310 1.000000 1.000000 1.000000
v -0.000000 -2.160823 -5.199778 1.000000 1.000000 1.000000
v 0.702366 0.909606 -5.472705 1.000000 1.000000 1.000000
v 0.709652 -3.960908 -5.461081 1.000000 1.000000 1.000000
v 1.214175 0.921794 -9.053555 1.000000 1.000000 1.000000
v -0.000000 -2.109649 -4.449229 1.000000 1.000000 1.000000
v 0.558768 -5.051185 -4.414955 1.000000 1.000000 1.000000
v -0.000000 -1.819664 -3.971606 1.000000 1.000000 1.000000
v 0.645377 -4.510529 -4.933717 1.000000 1.000000 1.000000
v -0.000000 -6.791128 -5.393932 1.000000 1.000000 1.000000
v -0.000000 -7.414669 -4.739213 1.000000 1.000000 1.000000
v -0.000000 -6.391193 -5.813863 1.000000 1.000000 1.000000
v -0.000000 -3.555573 -8.312754 1.000000 1.000000 1.000000
v 0.898622 -2.582572 -6.760310 1.000000 1.000000 1.000000
v 1.018254 -1.647331 -7.536038 1.000000 1.000000 1.000000
v -0.000000 -2.269513 -9.258332 1.000000 1.000000 1.000000
v 1.095342 -0.902759 -8.001397 1.000000 1.000000 1.000000
v -0.000000 -1.183937 -10.056503 1.000000 1.000000 1.000000
v 1.214175 0.053358 -8.498673 1.000000 1.000000 1.000000
v -0.000000 -0.029377 -10.797606 1.000000 1.000000 1.000000
v -0.000000 0.929825 -11.413310 1.000000 1.000000 1.000000
v 1.214175 2.460985 -9.251287 1.000000 1.000000 1.000000
v 1.020928 3.330124 -10.662058 1.000000 1.000000 1.000000
v -0.000000 3.268717 -12.534974 1.000000 1.000000 1.000000
v 0.820014 4.146533 -11.833269 1.000000 1.000000 1.000000
v -0.000000 5.059801 -13.080828 1.000000 1.000000 1.000000
v 0.512754 5.297838 -12.757554 1.000000 1.000000 1.000000
v -0.000000 5.929756 -13.251407 1.000000 1.000000 1.000000
v 0.304822 6.037745 -13.060094 1.000000 1.000000 1.000000
v -0.000000 6.763416 -13.215838 1.000000 1.000000 1.000000
v -0.000000 6.127117 -12.901762 1.000000 1.000000 1.000000
v 0.512754 5.297838 -12.757554 1.000000 1.000000 1.000000
v -0.000000 5.577712 -12.377462 1.000000 1.000000 1.000000
v 0.820014 4.146533 -11.833269 1.000000 1.000000 1.000000
v -0.000000 4.799220 -11.311527 1.000000 1.000000 1.000000
v 1.020928 3.330124 -10.662058 1.000000 1.000000 1.000000
v -0.000000 4.966895 -10.149776 1.000000 1.000000 1.000000
v 1.214175 3.532148 -7.937327 1.000000 1.000000 1.000000
v -0.000000 5.625619 -9.407214 1.000000 1.000000 1.000000
v 1.214175 2.170384 -5.031532 1.000000 1.000000 1.000000
v 1.214175 4.769321 -6.979159 1.000000 1.000000 1.000000
v 1.214175 3.872414 -4.435956 1.000000 1.000000 1.000000
v -0.000000 6.523880 -9.047910 1.000000 1.000000 1.000000
v 1.214175 5.417282 -3.895375 1.000000 1.000000 1.000000
v 1.214175 6.030819 -6.752125 1.000000 1.000000 1.000000
v 1.214175 6.891478 -6.597232 1.000000 1.000000 1.000000
v -0.000000 7.362256 -8.892211 1.000000 1.000000 1.000000
v 1.214175 6.275624 -3.595023 1.000000 1.000000 1.000000
v 1.214175 8.213038 -6.359388 1.000000 1.000000 1.000000
v 1.214175 7.744238 -3.323430 1.000000 1.000000 1.000000
v -0.000000 8.637094 -9.105572 1.000000 1.000000 1.000000
v 1.217857 8.629430 -3.514550 1.000000 1.000000 1.000000
v 1.214175 8.633522 -6.499910 1.000000 1.000000 1.000000
v 1.214175 9.816394 -6.895215 1.000000 1.000000 1.000000
v -0.000000 9.922489 -9.805398 1.000000 1.000000 1.000000
v 1.214175 9.712850 -4.054992 1.000000 1.000000 1.000000
v -0.593664 -0.001840 3.591193 1.000000 1.000000 1.000000
v -1.214175 0.859883 3.094583 1.000000 1.000000 1.000000
v -0.903887 -0.239700 3.119348 1.000000 1.000000 1.000000
v -0.605880 0.685222 3.975878 1.000000 1.000000 1.000000
v -1.214175 1.316218 3.235879 1.000000 1.000000 1.000000
v -1.214175 1.898239 3.602372 1.000000 1.000000 1.000000
v -0.844830 1.360904 4.893641 1.000000 1.000000 1.000000
v -0.000000 0.268741 4.233727 1.000000 1.000000 1.000000
v -0.000000 -0.001840 3.945108 1.000000 1.000000 1.000000
v -0.000000 0.171781 4.558776 1.000000 1.000000 1.000000
v -0.911098 -0.004863 5.716317 1.000000 1.000000 1.000000
v -0.856564 1.169961 5.823917 1.000000 1.000000 1.000000
v -0.000000 -0.476822 4.906238 1.000000 1.000000 1.000000
v -0.750152 -0.594221 5.582201 1.000000 1.000000 1.000000
v -0.531474 -1.078120 5.424132 1.000000 1.000000 1.000000
v -0.000000 -1.012765 5.066439 1.000000 1.000000 1.000000
v -0.000000 -1.681188 5.108745 1.000000 1.000000 1.000000
v -0.370559 -1.757157 5.200652 1.000000 1.000000 1.000000
v -0.000000 -2.138085 5.074900 1.000000 1.000000 1.000000
v -0.515368 -0.241500 3.597916 1.000000 1.000000 1.000000
v -0.730396 -0.939315 3.104657 1.000000 1.000000 1.000000
v -0.000000 -0.241500 3.865091 1.000000 1.000000 1.000000
v -0.258962 -0.973821 3.694123 1.000000 1.000000 1.000000
v -0.000000 -0.973821 3.961297 1.000000 1.000000 1.000000
v -1.214175 6.891478 -6.597232 1.000000 1.000000 1.000000
v -1.214175 5.417282 -3.895375 1.000000 1.000000 1.000000
v -1.214175 6.275624 -3.595023 1.000000 1.000000 1.000000
v -0.000000 6.523880 -9.047910 1.000000 1.000000 1.000000
v -0.000000 7.362256 -8.892211 1.000000 1.000000 1.000000
v -1.214175 8.213038 -6.359388 1.000000 1.000000 1.000000
v -1.214175 7.744238 -3.323430 1.000000 1.000000 1.000000
v -0.000000 8.637094 -9.105572 1.000000 1.000000 1.000000
v -1.262130 8.629430 -3.514550 1.000000 1.000000 1.000000
v -1.214175 8.633522 -6.499910 1.000000 1.000000 1.000000
v -1.214175 9.816394 -6.895215 1.000000 1.000000 1.000000
v -0.000000 9.922489 -9.805398 1.000000 1.000000 1.000000
v -1.214175 9.712850 -4.054992 1.000000 1.000000 1.000000
v -1.214175 11.088994 -7.320507 1.000000 1.000000 1.000000
v -0.000000 10.752413 -10.720639 1.000000 1.000000 1.000000
v -1.214175 11.401580 -4.162783 1.000000 1.000000 1.000000
v -1.214175 12.901030 -0.398025 1.000000 1.000000 1.000000
v -1.214175 13.559753 -0.697445 1.000000 1.000000 1.000000
v -1.214175 12.517773 0.033140 1.000000 1.000000 1.000000
v -1.214175 14.182548 -0.805236 1.000000 1.000000 1.000000
v -1.214175 14.589759 -0.769306 1.000000 1.000000 1.000000
v -1.214175 13.425660 -4.605925 1.000000 1.000000 1.000000
v -1.214175 15.209464 -2.667387 1.000000 1.000000 1.000000
v -1.214175 14.407758 -5.084997 1.000000 1.000000 1.000000
v -0.690689 15.931163 -4.565954 1.000000 1.000000 1.000000
v -1.214175 15.976720 -5.923374 1.000000 1.000000 1.000000
v -0.552404 16.530731 -5.415326 1.000000 1.000000 1.000000
v -0.298939 17.080935 -5.943287 1.000000 1.000000 1.000000
v -1.214175 13.099833 -8.695650 1.000000 1.000000 1.000000
v -1.214175 14.407758 -5.084997 1.000000 1.000000 1.000000
v -0.000000 10.878683 -11.225723 1.000000 1.000000 1.000000
v -0.000000 16.494072 -5.440261 1.000000 1.000000 1.000000
v -0.000000 17.080935 -5.943287 1.000000 1.000000 1.000000
v -0.000000 17.979197 -6.134916 1.000000 1.000000 1.000000
v -0.000000 15.931163 -4.565954 1.000000 1.000000 1.000000
v -0.690689 15.931163 -4.565954 1.000000 1.000000 1.000000
v -0.000000 15.209464 -2.667387 1.000000 1.000000 1.000000
v -1.214175 15.209464 -2.667387 1.000000 1.000000 1.000000
v -1.214175 14.589759 -0.769306 1.000000 1.000000 1.000000
v -0.000000 14.589759 -0.769306 1.000000 1.000000 1.000000
v -0.853458 11.594310 -11.988603 1.000000 1.000000 1.000000
v -0.000000 10.499870 -11.658653 1.000000 1.000000 1.000000
v -0.674645 10.645426 -12.418010 1.000000 1.000000 1.000000
v -0.000000 9.901683 -12.031631 1.000000 1.000000 1.000000
v -0.538793 10.003176 -12.614159 1.000000 1.000000 1.000000
v -0.000000 9.310272 -12.280970 1.000000 1.000000 1.000000
v -0.371776 9.281235 -12.702009 1.000000 1.000000 1.000000
v -0.197013 8.383971 -12.701707 1.000000 1.000000 1.000000
v -0.000000 8.406040 -12.583390 1.000000 1.000000 1.000000
v -0.000000 7.865856 -12.633268 1.000000 1.000000 1.000000
v -0.990617 12.533486 -11.472478 1.000000 1.000000 1.000000
v -0.000000 12.279048 -13.133144 1.000000 1.000000 1.000000
v -0.000000 10.750855 -13.204556 1.000000 1.000000 1.000000
v -0.674645 10.645426 -12.418010 1.000000 1.000000 1.000000
v -0.000000 15.021226 -12.547576 1.000000 1.000000 1.000000
v -0.000000 10.106826 -13.209062 1.000000 1.000000 1.000000
v -0.538793 10.003176 -12.614159 1.000000 1.000000 1.000000
v -0.000000 9.253143 -13.109337 1.000000 1.000000 1.000000
v -0.371776 9.281235 -12.702009 1.000000 1.000000 1.000000
v -0.000000 8.351450 -12.876066 1.000000 1.000000 1.000000
v -0.197013 8.383971 -12.701707 1.000000 1.000000 1.000000
v -0.000000 7.865856 -12.633268 1.000000 1.000000 1.000000
v -1.214175 14.805856 -9.927694 1.000000 1.000000 1.000000
v -0.000000 17.277172 -11.792117 1.000000 1.000000 1.000000
v -1.214175 15.976720 -5.923374 1.000000 1.000000 1.000000
v -1.108969 16.719137 -9.279480 1.000000 1.000000 1.000000
v -0.000000 18.680965 -10.931897 1.000000 1.000000 1.000000
v -0.298939 17.080935 -5.943287 1.000000 1.000000 1.000000
v -1.000274 18.108448 -8.853716 1.000000 1.000000 1.000000
v -0.000000 20.463001 -9.839897 1.000000 1.000000 1.000000
v -0.000000 17.979197 -6.134916 1.000000 1.000000 1.000000
v -0.947837 19.342058 -8.171039 1.000000 1.000000 1.000000
v -0.947837 19.342058 -8.171039 1.000000 1.000000 1.000000
v -0.947837 20.168459 -7.703942 1.000000 1.000000 1.000000
v -0.000000 18.911528 -6.134657 1.000000 1.000000 1.000000
v -0.000000 21.230354 -9.213542 1.000000 1.000000 1.000000
v -0.947837 20.168459 -7.703942 1.000000 1.000000 1.000000
v -0.000000 22.142540 -8.468968 1.000000 1.000000 1.000000
v -0.000000 19.885618 -5.900154 1.000000 1.000000 1.000000
v -0.911497 20.899044 -7.117079 1.000000 1.000000 1.000000
v -0.911497 20.899044 -7.117079 1.000000 1.000000 1.000000
v -0.845720 21.454838 -6.618328 1.000000 1.000000 1.000000
v -0.000000 20.480898 -5.581470 1.000000 1.000000 1.000000
v -0.000000 22.737225 -7.983554 1.000000 1.000000 1.000000
v -0.845720 21.454838 -6.618328 1.000000 1.000000 1.000000
v -0.771969 22.015356 -5.897851 1.000000 1.000000 1.000000
v -0.000000 20.757490 -5.274811 1.000000 1.000000 1.000000
v -0.771969 22.015356 -5.897851 1.000000 1.000000 1.000000
v -0.000000 23.852438 -7.073256 1.000000 1.000000 1.000000
v -0.000000 20.769516 -4.775740 1.000000 1.000000 1.000000
v -0.648222 21.298878 -4.853302 1.000000 1.000000 1.000000
v -0.490615 20.958529 -4.551920 1.000000 1.000000 1.000000
v -0.254859 20.317085 -4.151818 1.000000 1.000000 1.000000
v -0.000000 20.264433 -4.258630 1.000000 1.000000 1.000000
v -0.000000 19.660557 -3.791610 1.000000 1.000000 1.000000
v -0.601515 22.580076 -5.127091 1.000000 1.000000 1.000000
v -0.000000 25.000000 -5.596695 1.000000 1.000000 1.000000
v -0.648222 21.298878 -4.853302 1.000000 1.000000 1.000000
v -0.482084 22.684162 -4.813789 1.000000 1.000000 1.000000
v -0.000000 22.684162 -4.813789 1.000000 1.000000 1.000000
v -0.000000 21.169741 -4.301814 1.000000 1.000000 1.000000
v -0.490615 21.169741 -4.301814 1.000000 1.000000 1.000000
v -0.490615 21.169741 -4.301814 1.000000 1.000000 1.000000
v -0.490615 20.958529 -4.551920 1.000000 1.000000 1.000000
v -0.254859 20.375504 -4.033310 1.000000 1.000000 1.000000
v -0.000000 20.375504 -4.033310 1.000000 1.000000 1.000000
v -0.254859 20.317085 -4.151818 1.000000 1.000000 1.000000
v -0.000000 19.660557 -3.791610 1.000000 1.000000 1.000000
v -0.000000 2.202433 5.379498 1.000000 1.000000 1.000000
v -0.844830 1.360904 4.893641 1.000000 1.000000 1.000000
v -0.412079 2.103641 5.757485 1.000000 1.000000 1.000000
v -0.856564 1.169961 5.823917 1.000000 1.000000 1.000000
v -0.000000 2.312426 5.430264 1.000000 1.000000 1.000000
v -0.298254 2.487596 5.623400 1.000000 1.000000 1.000000
v -0.000000 2.649890 5.369233 1.000000 1.000000 1.000000
v -0.134538 2.770166 5.407058 1.000000 1.000000 1.000000
v -0.000000 2.921622 5.227199 1.000000 1.000000 1.000000
v -0.000000 2.297932 5.118134 1.000000 1.000000 1.000000
v -0.569951 2.860305 4.282195 1.000000 1.000000 1.000000
v -1.214175 1.898239 3.602372 1.000000 1.000000 1.000000
v -1.096190 2.493517 3.391921 1.000000 1.000000 1.000000
v -1.008606 3.294354 3.179378 1.000000 1.000000 1.000000
v -0.000000 2.860305 4.516335 1.000000 1.000000 1.000000
v -0.569951 3.691577 3.910045 1.000000 1.000000 1.000000
v -0.000000 3.691577 4.144185 1.000000 1.000000 1.000000
v -0.569951 4.370792 3.863264 1.000000 1.000000 1.000000
v -0.000000 4.370792 4.097404 1.000000 1.000000 1.000000
v -1.133342 4.400383 3.169088 1.000000 1.000000 1.000000
v -0.000000 4.585699 4.117046 1.000000 1.000000 1.000000
v -1.214175 4.716101 3.324954 1.000000 1.000000 1.000000
v -0.569951 4.585699 3.882907 1.000000 1.000000 1.000000
v -0.000000 5.056337 4.268790 1.000000 1.000000 1.000000
v -1.214175 5.225658 3.576517 1.000000 1.000000 1.000000
v -0.569951 5.056337 4.034650 1.000000 1.000000 1.000000
v -0.000000 5.941832 4.854359 1.000000 1.000000 1.000000
v -1.245807 6.147730 3.846793 1.000000 1.000000 1.000000
v -0.904717 5.941832 4.854359 1.000000 1.000000 1.000000
v -0.000000 0.797899 0.302869 1.000000 1.000000 1.000000
v -0.251341 0.905056 0.541641 1.000000 1.000000 1.000000
v -0.000000 1.309098 0.463546 1.000000 1.000000 1.000000
v -0.543585 0.409346 0.678968 1.000000 1.000000 1.000000
v -0.000000 -0.056667 0.328252 1.000000 1.000000 1.000000
v -0.764408 -0.116044 0.846753 1.000000 1.000000 1.000000
v -0.000000 -0.294946 0.441122 1.000000 1.000000 1.000000
v -0.543585 -0.704701 1.034743 1.000000 1.000000 1.000000
v -0.000000 -0.860467 0.709000 1.000000 1.000000 1.000000
v -0.251341 -1.248708 1.216329 1.000000 1.000000 1.000000
v -0.000000 -1.305974 1.107885 1.000000 1.000000 1.000000
v -0.000000 -1.588117 1.360500 1.000000 1.000000 1.000000
v 1.214175 11.088994 -7.320507 1.000000 1.000000 1.000000
v -0.000000 10.752413 -10.720639 1.000000 1.000000 1.000000
v 1.214175 11.401580 -4.162783 1.000000 1.000000 1.000000
v 1.214175 12.901030 -0.398025 1.000000 1.000000 1.000000
v 1.214175 13.559753 -0.697445 1.000000 1.000000 1.000000
v 1.214175 12.517773 0.033140 1.000000 1.000000 1.000000
v 1.214175 14.182548 -0.805236 1.000000 1.000000 1.000000
v 1.214175 14.589759 -0.769306 1.000000 1.000000 1.000000
v 1.214175 13.425660 -4.605925 1.000000 1.000000 1.000000
v 1.214175 15.209464 -2.667387 1.000000 1.000000 1.000000
v 1.214175 14.407758 -5.084997 1.000000 1.000000 1.000000
v 0.690689 15.931163 -4.565954 1.000000 1.000000 1.000000
v 1.214175 15.976720 -5.923374 1.000000 1.000000 1.000000
v 0.552404 16.530731 -5.415326 1.000000 1.000000 1.000000
v 0.298939 17.080935 -5.943287 1.000000 1.000000 1.000000
v 1.214175 13.099833 -8.695650 1.000000 1.000000 1.000000
v 1.214175 14.407758 -5.084997 1.000000 1.000000 1.000000
v -0.000000 10.878683 -11.225723 1.000000 1.000000 1.000000
v 1.214175 14.805856 -9.927694 1.000000 1.000000 1.000000
v 1.214175 15.976720 -5.923374 1.000000 1.000000 1.000000
v 0.853458 11.594310 -11.988603 1.000000 1.000000 1.000000
v -0.000000 10.499870 -11.658653 1.000000 1.000000 1.000000
v 0.674645 10.645426 -12.418010 1.000000 1.000000 1.000000
v -0.000000 9.901683 -12.031631 1.000000 1.000000 1.000000
v 0.538793 10.003176 -12.614159 1.000000 1.000000 1.000000
v -0.000000 9.310272 -12.280970 1.000000 1.000000 1.000000
v 0.371776 9.281235 -12.702009 1.000000 1.000000 1.000000
v 0.197013 8.383971 -12.701707 1.000000 1.000000 1.000000
v -0.000000 8.406040 -12.583390 1.000000 1.000000 1.000000
v -0.000000 7.865856 -12.633268 1.000000 1.000000 1.000000
v -0.000000 8.351450 -12.876066 1.000000 1.000000 1.000000
v 0.371776 9.281235 -12.702009 1.000000 1.000000 1.000000
v -0.000000 9.253143 -13.109337 1.000000 1.000000 1.000000
v 0.538793 10.003176 -12.614159 1.000000 1.000000 1.000000
v -0.000000 10.106826 -13.209062 1.000000 1.000000 1.000000
v 0.674645 10.645426 -12.418010 1.000000 1.000000 1.000000
v -0.000000 10.750855 -13.204556 1.000000 1.000000 1.000000
v -0.000000 12.279048 -13.133144 1.000000 1.000000 1.000000
v 0.990617 12.533486 -11.472478 1.000000 1.000000 1.000000
v -0.000000 15.021226 -12.547576 1.000000 1.000000 1.000000
v -0.000000 17.277172 -11.792117 1.000000 1.000000 1.000000
v 1.108969 16.719137 -9.279480 1.000000 1.000000 1.000000
v -0.000000 18.680965 -10.931897 1.000000 1.000000 1.000000
v 0.298939 17.080935 -5.943287 1.000000 1.000000 1.000000
v 1.000274 18.108448 -8.853716 1.000000 1.000000 1.000000
v -0.000000 20.463001 -9.839897 1.000000 1.000000 1.000000
v -0.000000 17.979197 -6.134916 1.000000 1.000000 1.000000
v 0.947837 19.342058 -8.171039 1.000000 1.000000 1.000000
v 0.947837 19.342058 -8.171039 1.000000 1.000000 1.000000
v 0.947837 20.168459 -7.703942 1.000000 1.000000 1.000000
v -0.000000 18.911528 -6.134657 1.000000 1.000000 1.000000
v -0.000000 21.230354 -9.213542 1.000000 1.000000 1.000000
v 0.947837 20.168459 -7.703942 1.000000 1.000000 1.000000
v -0.000000 22.142540 -8.468968 1.000000 1.000000 1.000000
v -0.000000 19.885618 -5.900154 1.000000 1.000000 1.000000
v 0.911497 20.899044 -7.117079 1.000000 1.000000 1.000000
v 0.911497 20.899044 -7.117079 1.000000 1.000000 1.000000
v 0.845720 21.454838 -6.618328 1.000000 1.000000 1.000000
v -0.000000 20.480898 -5.581470 1.000000 1.000000 1.000000
v -0.000000 22.737225 -7.983554 1.000000 1.000000 1.000000
v 0.845720 21.454838 -6.618328 1.000000 1.000000 1.000000
v -0.000000 20.757490 -5.274811 1.000000 1.000000 1.000000
v 0.771969 22.015356 -5.897851 1.000000 1.000000 1.000000
v -0.000000 23.852438 -7.073256 1.000000 1.000000 1.000000
v -0.000000 20.769516 -4.775740 1.000000 1.000000 1.000000
v 0.601515 22.580076 -5.127091 1.000000 1.000000 1.000000
v -0.000000 25.000000 -5.596695 1.000000 1.000000 1.000000
v 0.482084 22.684162 -4.813789 1.000000 1.000000 1.000000
v 0.648222 21.298878 -4.853302 1.000000 1.000000 1.000000
v 0.490615 21.169741 -4.301814 1.000000 1.000000 1.000000
v 0.490615 20.958529 -4.551920 1.000000 1.000000 1.000000
v 0.254859 20.375504 -4.033310 1.000000 1.000000 1.000000
v 0.254859 20.317085 -4.151818 1.000000 1.000000 1.000000
v -0.000000 20.264433 -4.258630 1.000000 1.000000 1.000000
v -0.000000 19.660557 -3.791610 1.000000 1.000000 1.000000
v -0.000000 15.882900 3.613701 1.000000 1.000000 1.000000
v -1.142573 15.539624 3.397928 1.000000 1.000000 1.000000
v -0.000000 15.539624 3.397928 1.000000 1.000000 1.000000
v -1.142573 15.882900 3.613701 1.000000 1.000000 1.000000
v -0.918435 15.134531 3.367007 1.000000 1.000000 1.000000
v -0.000000 15.134531 3.367007 1.000000 1.000000 1.000000
v -0.891316 14.923435 3.377888 1.000000 1.000000 1.000000
v -0.000000 14.923435 3.377888 1.000000 1.000000 1.000000
v -0.000000 14.641232 3.425774 1.000000 1.000000 1.000000
v -0.891316 14.641232 3.425774 1.000000 1.000000 1.000000
v -0.000000 14.462072 3.486700 1.000000 1.000000 1.000000
v -0.891316 14.462072 3.486700 1.000000 1.000000 1.000000
v -0.000000 14.175956 3.659251 1.000000 1.000000 1.000000
v -0.951201 14.175956 3.659251 1.000000 1.000000 1.000000
v -0.000000 15.539624 3.397928 1.000000 1.000000 1.000000
v 1.142573 15.539624 3.397928 1.000000 1.000000 1.000000
v 1.142573 15.882900 3.613701 1.000000 1.000000 1.000000
v -0.000000 15.882900 3.613701 1.000000 1.000000 1.000000
v 0.918435 15.134531 3.367007 1.000000 1.000000 1.000000
v -0.000000 15.134531 3.367007 1.000000 1.000000 1.000000
v 0.891316 14.923435 3.377888 1.000000 1.000000 1.000000
v -0.000000 14.923435 3.377888 1.000000 1.000000 1.000000
v 0.891316 14.641232 3.425774 1.000000 1.000000 1.000000
v -0.000000 14.641232 3.425774 1.000000 1.000000 1.000000
v 0.891316 14.462072 3.486700 1.000000 1.000000 1.000000
v -0.000000 14.462072 3.486700 1.000000 1.000000 1.000000
v -0.000000 14.175956 3.659251 1.000000 1.000000 1.000000
v 0.951201 14.175956 3.659251 1.000000 1.000000 1.000000
v 1.214175 5.225658 3.576517 1.000000 1.000000 1.000000
v 0.569951 5.056337 4.034650 1.000000 1.000000 1.000000
v 0.569951 4.585699 3.882907 1.000000 1.000000 1.000000
v 1.245807 6.147730 3.846793 1.000000 1.000000 1.000000
v 0.904717 5.941832 4.854359 1.000000 1.000000 1.000000
v 1.214175 4.716101 3.324954 1.000000 1.000000 1.000000
v -0.000000 5.941832 4.854359 1.000000 1.000000 1.000000
v 0.904717 5.941832 4.854359 1.000000 1.000000 1.000000
v -0.000000 5.056337 4.268790 1.000000 1.000000 1.000000
v -0.000000 4.585699 4.117046 1.000000 1.000000 1.000000
v -0.000000 4.370792 4.097404 1.000000 1.000000 1.000000
v 0.569951 4.370792 3.863264 1.000000 1.000000 1.000000
v 1.133342 4.400383 3.169088 1.000000 1.000000 1.000000
v 0.569951 3.691577 3.910045 1.000000 1.000000 1.000000
v 1.008606 3.294354 3.179378 1.000000 1.000000 1.000000
v -0.000000 3.691577 4.144185 1.000000 1.000000 1.000000
v 0.569951 2.860305 4.282195 1.000000 1.000000 1.000000
v -0.000000 2.860305 4.516335 1.000000 1.000000 1.000000
v -0.000000 2.297932 5.118134 1.000000 1.000000 1.000000
v 0.844830 1.360904 4.893641 1.000000 1.000000 1.000000
v -0.000000 2.202433 5.379498 1.000000 1.000000 1.000000
v 0.412079 2.103641 5.757485 1.000000 1.000000 1.000000
v 0.856564 1.169961 5.823917 1.000000 1.000000 1.000000
v 1.214175 1.898239 3.602372 1.000000 1.000000 1.000000
v 0.605880 0.685222 3.975878 1.000000 1.000000 1.000000
v 1.214175 1.316218 3.235879 1.000000 1.000000 1.000000
v 1.214175 0.859883 3.094583 1.000000 1.000000 1.000000
v -0.000000 0.268741 4.233727 1.000000 1.000000 1.000000
v 0.593664 -0.001840 3.591193 1.000000 1.000000 1.000000
v -0.000000 0.171781 4.558776 1.000000 1.000000 1.000000
v -0.000000 -0.001840 3.945108 1.000000 1.000000 1.000000
v 0.911098 -0.004863 5.716317 1.000000 1.000000 1.000000
v 0.856564 1.169961 5.823917 1.000000 1.000000 1.000000
v -0.000000 -0.476822 4.906238 1.000000 1.000000 1.000000
v 0.750152 -0.594221 5.582201 1.000000 1.000000 1.000000
v 0.531474 -1.078120 5.424132 1.000000 1.000000 1.000000
v -0.000000 -1.012765 5.066439 1.000000 1.000000 1.000000
v -0.000000 -1.681188 5.108745 1.000000 1.000000 1.000000
v 0.370559 -1.757157 5.200652 1.000000 1.000000 1.000000
v -0.000000 -2.138085 5.074900 1.000000 1.000000 1.000000
v 0.515368 -0.241500 3.597916 1.000000 1.000000 1.000000
v -0.000000 -0.241500 3.865091 1.000000 1.000000 1.000000
v 0.258962 -0.973821 3.694123 1.000000 1.000000 1.000000
v -0.000000 -0.973821 3.961297 1.000000 1.000000 1.000000
v 0.730396 -0.939315 3.104657 1.000000 1.000000 1.000000
v 0.903887 -0.239700 3.119348 1.000000 1.000000 1.000000
v 0.445705 -0.103953 2.479668 1.000000 1.000000 1.000000
v 0.138581 -0.907572 2.445824 1.000000 1.000000 1.000000
v 0.730396 -0.939315 3.104657 1.000000 1.000000 1.000000
v -0.000000 -0.268193 2.350443 1.000000 1.000000 1.000000
v -0.000000 -0.907572 2.350729 1.000000 1.000000 1.000000
v -1.714176 10.183686 0.388536 1.000000 1.000000 1.000000
v -1.861655 10.276466 0.525948 1.000000 1.000000 1.000000
v -1.524168 10.744222 0.143302 1.000000 1.000000 1.000000
v -2.126800 9.761074 0.963543 1.000000 1.000000 1.000000
v -0.000000 10.183686 0.388536 1.000000 1.000000 1.000000
v -0.000000 10.744222 0.143302 1.000000 1.000000 1.000000
v -0.000000 9.494695 0.400214 1.000000 1.000000 1.000000
v -1.819638 9.494695 0.400214 1.000000 1.000000 1.000000
v -2.126800 9.377749 0.634105 1.000000 1.000000 1.000000
v -2.126800 8.972743 0.249185 1.000000 1.000000 1.000000
v -1.819638 9.208776 0.119928 1.000000 1.000000 1.000000
v -0.000000 9.494695 0.400214 1.000000 1.000000 1.000000
v -0.000000 9.208776 0.119928 1.000000 1.000000 1.000000
v -0.000000 -0.624402 2.285628 1.000000 1.000000 1.000000
v -0.000000 -2.600166 2.092155 1.000000 1.000000 1.000000
v -0.753545 -0.891436 2.743941 1.000000 1.000000 1.000000
v -0.000000 -0.267676 2.725338 1.000000 1.000000 1.000000
v -0.000000 -0.461979 3.276667 1.000000 1.000000 1.000000
v -0.860590 -0.904601 3.189989 1.000000 1.000000 1.000000
v -0.550277 -1.169377 3.814710 1.000000 1.000000 1.000000
v -0.000000 -0.671712 3.835453 1.000000 1.000000 1.000000
v -0.000000 -1.111033 4.160377 1.000000 1.000000 1.000000
v -0.804635 -2.809736 3.708596 1.000000 1.000000 1.000000
v -0.000000 -3.046158 4.372940 1.000000 1.000000 1.000000
v -1.005314 -2.705943 3.226248 1.000000 1.000000 1.000000
v -0.860590 -0.904601 3.189989 1.000000 1.000000 1.000000
v -0.870745 -5.311367 3.107675 1.000000 1.000000 1.000000
v -0.670066 -5.411699 3.554211 1.000000 1.000000 1.000000
v -0.000000 -5.508023 3.881485 1.000000 1.000000 1.000000
v -0.758730 -9.271682 2.927440 1.000000 1.000000 1.000000
v -0.474168 -9.230825 3.327606 1.000000 1.000000 1.000000
v -0.000000 -9.183719 3.648635 1.000000 1.000000 1.000000
v -0.000000 -12.742990 3.665267 1.000000 1.000000 1.000000
v -0.542045 -12.775999 3.380321 1.000000 1.000000 1.000000
v -0.826607 -12.852039 2.851739 1.000000 1.000000 1.000000
v -0.000000 -14.577082 3.783145 1.000000 1.000000 1.000000
v -0.655573 -14.710828 3.409090 1.000000 1.000000 1.000000
v -0.895644 -14.859059 2.953559 1.000000 1.000000 1.000000
v -0.000000 -15.389740 3.835375 1.000000 1.000000 1.000000
v -0.793981 -15.922585 3.412337 1.000000 1.000000 1.000000
v -0.000000 -16.186581 3.501649 1.000000 1.000000 1.000000
v -1.006811 -16.169874 2.997856 1.000000 1.000000 1.000000
v -0.000000 -16.504337 3.028890 1.000000 1.000000 1.000000
v -0.793981 -16.485756 2.468405 1.000000 1.000000 1.000000
v -0.000000 -16.670420 2.538896 1.000000 1.000000 1.000000
v -0.000000 -16.535110 1.985425 1.000000 1.000000 1.000000
v -0.000000 5.165080 -0.334736 1.000000 1.000000 1.000000
v -0.355493 4.574318 -0.144825 1.000000 1.000000 1.000000
v -0.156999 5.190318 -0.229581 1.000000 1.000000 1.000000
v -0.000000 5.507201 -0.177930 1.000000 1.000000 1.000000
v -0.000000 4.509349 -0.470158 1.000000 1.000000 1.000000
v -0.590381 3.783170 0.019231 1.000000 1.000000 1.000000
v -0.000000 3.810853 -0.427393 1.000000 1.000000 1.000000
v -0.000000 3.090975 -0.185058 1.000000 1.000000 1.000000
v -0.525718 3.199379 0.156957 1.000000 1.000000 1.000000
v -0.496878 3.053477 0.181558 1.000000 1.000000 1.000000
v -0.247429 2.442711 0.405113 1.000000 1.000000 1.000000
v -0.000000 2.413862 0.178445 1.000000 1.000000 1.000000
v -0.000000 1.957701 0.613223 1.000000 1.000000 1.000000
v -1.626121 1.597439 -1.709300 1.000000 1.000000 1.000000
v -1.106345 2.147861 -2.696261 1.000000 1.000000 1.000000
v -1.524001 1.795827 -2.700752 1.000000 1.000000 1.000000
v -1.463414 1.773802 -3.667193 1.000000 1.000000 1.000000
v -1.045758 2.128049 -3.751265 1.000000 1.000000 1.000000
v -1.289108 2.106434 -4.755428 1.000000 1.000000 1.000000
v -1.499007 1.530720 -4.813674 1.000000 1.000000 1.000000
v -1.488946 1.272765 -5.864144 1.000000 1.000000 1.000000
v -1.264601 2.014128 -1.562007 1.000000 1.000000 1.000000
v -1.637547 1.482360 -1.439186 1.000000 1.000000 1.000000
v -1.682257 1.352021 -1.096221 1.000000 1.000000 1.000000
v -1.682257 1.760751 -1.194603 1.000000 1.000000 1.000000
v -1.485889 2.458743 -1.242485 1.000000 1.000000 1.000000
v -1.109251 2.578779 -1.453039 1.000000 1.000000 1.000000
v -1.188376 3.386777 -1.190489 1.000000 1.000000 1.000000
v -0.000000 2.014128 -1.562007 1.000000 1.000000 1.000000
v -0.829181 3.516418 -1.312860 1.000000 1.000000 1.000000
v -0.000000 2.578779 -1.453039 1.000000 1.000000 1.000000
v 1.456061 8.807140 6.704031 1.000000 1.000000 1.000000
v 0.904717 6.356786 7.703155 1.000000 1.000000 1.000000
v 0.904717 6.341733 6.511091 1.000000 1.000000 1.000000
v 1.455324 8.791015 5.650065 1.000000 1.000000 1.000000
v 0.904717 6.241757 5.397081 1.000000 1.000000 1.000000
v 1.562369 8.771954 4.863061 1.000000 1.000000 1.000000
v 1.108655 11.989381 4.872955 1.000000 1.000000 1.000000
v 0.877999 12.110088 5.979445 1.000000 1.000000 1.000000
v 0.877999 12.401799 6.985344 1.000000 1.000000 1.000000
v 0.877999 11.644774 7.868338 1.000000 1.000000 1.000000
v 1.454466 8.823760 7.780217 1.000000 1.000000 1.000000
v 1.378125 8.833133 8.066483 1.000000 1.000000 1.000000
v -1.892512 10.095481 -1.705465 1.000000 1.000000 1.000000
v -1.578988 10.639120 -1.386492 1.000000 1.000000 1.000000
v -1.834231 10.722901 -1.781330 1.000000 1.000000 1.000000
v -1.776825 11.185441 -1.309969 1.000000 1.000000 1.000000
v -1.829017 11.289751 -1.895817 1.000000 1.000000 1.000000
v -1.578988 10.113619 -1.503270 1.000000 1.000000 1.000000
v -1.934284 9.687949 -1.610541 1.000000 1.000000 1.000000
v -1.578988 9.704814 -1.438361 1.000000 1.000000 1.000000
v -0.000000 9.704814 -1.438361 1.000000 1.000000 1.000000
v -0.000000 10.113619 -1.503270 1.000000 1.000000 1.000000
v -0.000000 10.639120 -1.386492 1.000000 1.000000 1.000000
v -1.578988 10.639120 -1.386492 1.000000 1.000000 1.000000
v -1.359842 11.841937 -1.398170 1.000000 1.000000 1.000000
v -1.767657 12.360060 -2.647646 1.000000 1.000000 1.000000
v -1.306628 12.892940 -2.250651 1.000000 1.000000 1.000000
v -1.804443 13.178074 -3.292960 1.000000 1.000000 1.000000
v -1.290969 13.681231 -2.741834 1.000000 1.000000 1.000000
v -1.445896 11.478983 -0.873283 1.000000 1.000000 1.000000
v -1.588839 14.250467 -4.061806 1.000000 1.000000 1.000000
v -0.000000 14.250467 -4.061806 1.000000 1.000000 1.000000
v -1.225562 14.971591 -5.380306 1.000000 1.000000 1.000000
v -0.000000 14.971591 -5.380306 1.000000 1.000000 1.000000
v -0.000000 13.681231 -2.741834 1.000000 1.000000 1.000000
v -0.000000 12.892940 -2.250651 1.000000 1.000000 1.000000
v -1.306628 12.892940 -2.250651 1.000000 1.000000 1.000000
v -0.000000 11.841937 -1.398170 1.000000 1.000000 1.000000
v -1.359842 11.841937 -1.398170 1.000000 1.000000 1.000000
v -0.000000 11.478983 -0.873283 1.000000 1.000000 1.000000
v -0.000000 11.082877 -0.300455 1.000000 1.000000 1.000000
v -1.518232 11.082877 -0.300455 1.000000 1.000000 1.000000
v -1.735706 11.165105 -0.927606 1.000000 1.000000 1.000000
v -1.518232 10.942506 -0.966091 1.000000 1.000000 1.000000
v -1.735706 11.165105 -0.927606 1.000000 1.000000 1.000000
v -0.000000 10.639120 -1.386492 1.000000 1.000000 1.000000
v -1.518232 11.082877 -0.300455 1.000000 1.000000 1.000000
v -0.000000 10.942744 -0.966091 1.000000 1.000000 1.000000
v -0.000000 11.082877 -0.300455 1.000000 1.000000 1.000000
v -0.197791 1.110223 9.079473 1.000000 1.000000 1.000000
v -0.000000 1.272343 9.553978 1.000000 1.000000 1.000000
v -0.282504 1.322781 8.855112 1.000000 1.000000 1.000000
v -0.000000 0.389517 9.600039 1.000000 1.000000 1.000000
v -0.000000 1.110223 9.079473 1.000000 1.000000 1.000000
v -0.000000 1.766849 9.528177 1.000000 1.000000 1.000000
v -0.000000 1.322781 8.855112 1.000000 1.000000 1.000000
v -0.000000 1.910571 8.234682 1.000000 1.000000 1.000000
v -0.401368 1.832480 8.937498 1.000000 1.000000 1.000000
v -0.580062 2.741698 9.132304 1.000000 1.000000 1.000000
v -0.000000 2.605226 9.767715 1.000000 1.000000 1.000000
v -0.686778 3.600353 9.539699 1.000000 1.000000 1.000000
v -0.000000 3.311572 10.182013 1.000000 1.000000 1.000000
v -0.776845 4.168055 9.869949 1.000000 1.000000 1.000000
v -0.000000 3.850814 10.498299 1.000000 1.000000 1.000000
v -0.872071 4.728611 10.325994 1.000000 1.000000 1.000000
v -0.000000 4.593376 11.013302 1.000000 1.000000 1.000000
v -0.898008 5.158112 10.737503 1.000000 1.000000 1.000000
v -0.000000 5.144309 11.971445 1.000000 1.000000 1.000000
v -0.986315 5.505014 10.923646 1.000000 1.000000 1.000000
v -0.000000 5.552904 12.724428 1.000000 1.000000 1.000000
v -0.986315 6.198255 11.170722 1.000000 1.000000 1.000000
v -0.000000 6.055930 12.916056 1.000000 1.000000 1.000000
v -1.214175 7.269588 9.652943 1.000000 1.000000 1.000000
v -0.832945 5.351519 9.406117 1.000000 1.000000 1.000000
v -0.898008 5.158112 10.737503 1.000000 1.000000 1.000000
v -0.872071 4.728611 10.325994 1.000000 1.000000 1.000000
v -0.986315 7.229352 11.393150 1.000000 1.000000 1.000000
v -0.882307 6.095252 8.880057 1.000000 1.000000 1.000000
v -0.000000 6.095252 8.880057 1.000000 1.000000 1.000000
v -0.000000 5.351519 9.406117 1.000000 1.000000 1.000000
v -0.552473 4.894622 9.482267 1.000000 1.000000 1.000000
v -0.000000 4.894622 9.482267 1.000000 1.000000 1.000000
v -0.776845 4.168055 9.869949 1.000000 1.000000 1.000000
v -0.000000 4.491386 9.229533 1.000000 1.000000 1.000000
v -0.686778 3.600353 9.539699 1.000000 1.000000 1.000000
v -0.000000 3.874768 8.929337 1.000000 1.000000 1.000000
v -0.580062 2.741698 9.132304 1.000000 1.000000 1.000000
v -0.000000 3.000460 8.270613 1.000000 1.000000 1.000000
v -0.000000 1.910571 8.234682 1.000000 1.000000 1.000000
v -0.401368 1.832480 8.937498 1.000000 1.000000 1.000000
v -0.282504 1.322781 8.855112 1.000000 1.000000 1.000000
v 0.616373 6.445201 1.562174 1.000000 1.000000 1.000000
v -0.000000 6.334032 1.845152 1.000000 1.000000 1.000000
v -0.000000 6.521669 1.367530 1.000000 1.000000 1.000000
v 0.616373 6.334032 1.845152 1.000000 1.000000 1.000000
v 0.616373 6.521669 1.367530 1.000000 1.000000 1.000000
v 1.776388 8.707474 1.571164 1.000000 1.000000 1.000000
v -0.000000 6.436379 1.009313 1.000000 1.000000 1.000000
v 1.245807 6.147730 3.846793 1.000000 1.000000 1.000000
v 0.616373 6.436379 1.009313 1.000000 1.000000 1.000000
v -0.000000 6.146394 0.668154 1.000000 1.000000 1.000000
v 0.616373 6.146394 0.668154 1.000000 1.000000 1.000000
v 0.455021 5.719945 0.565807 1.000000 1.000000 1.000000
v -0.000000 5.719945 0.565807 1.000000 1.000000 1.000000
v 1.776388 8.739588 3.663859 1.000000 1.000000 1.000000
v 1.776388 8.703135 1.288492 1.000000 1.000000 1.000000
v 0.904717 5.941832 4.854359 1.000000 1.000000 1.000000
v 1.214175 12.101493 3.431448 1.000000 1.000000 1.000000
v 1.776388 8.697504 0.921440 1.000000 1.000000 1.000000
v 1.214175 12.278235 1.158960 1.000000 1.000000 1.000000
v 0.616373 6.436379 1.009313 1.000000 1.000000 1.000000
v 0.839164 12.466439 1.783425 1.000000 1.000000 1.000000
v 1.214175 12.271514 0.782544 1.000000 1.000000 1.000000
v 0.788681 12.110088 4.621480 1.000000 1.000000 1.000000
v 1.214175 12.254014 3.475226 1.000000 1.000000 1.000000
v 0.452268 12.391741 4.581244 1.000000 1.000000 1.000000
v 0.452268 12.717952 2.370289 1.000000 1.000000 1.000000
v 1.214175 12.542701 3.558088 1.000000 1.000000 1.000000
v 1.214175 12.542701 3.558088 1.000000 1.000000 1.000000
v 1.214175 13.207785 3.748987 1.000000 1.000000 1.000000
v 0.452268 13.379905 2.804934 1.000000 1.000000 1.000000
v 0.452268 13.047958 4.625613 1.000000 1.000000 1.000000
v 1.214175 13.207785 3.748987 1.000000 1.000000 1.000000
v 1.124376 14.147847 4.018812 1.000000 1.000000 1.000000
v 0.452268 14.119238 3.040990 1.000000 1.000000 1.000000
v 0.452268 13.749705 4.993663 1.000000 1.000000 1.000000
v 1.124376 14.147847 4.018812 1.000000 1.000000 1.000000
v 1.124376 14.467065 4.033752 1.000000 1.000000 1.000000
v 0.452268 14.586334 2.945175 1.000000 1.000000 1.000000
v 0.493272 14.051476 5.396022 1.000000 1.000000 1.000000
v 1.124376 14.467065 4.033752 1.000000 1.000000 1.000000
v 0.430443 14.957614 2.514010 1.000000 1.000000 1.000000
v 1.086271 15.037266 4.062263 1.000000 1.000000 1.000000
v 0.422747 15.233081 2.058892 1.000000 1.000000 1.000000
v 1.086271 15.037266 4.062263 1.000000 1.000000 1.000000
v 0.957529 15.992352 4.097900 1.000000 1.000000 1.000000
v -0.000000 14.820579 6.099625 1.000000 1.000000 1.000000
v 0.215313 14.121888 5.848677 1.000000 1.000000 1.000000
v -0.000000 13.709469 6.582985 1.000000 1.000000 1.000000
v -0.000000 15.835905 5.727339 1.000000 1.000000 1.000000
v 0.957529 15.992352 4.097900 1.000000 1.000000 1.000000
v -0.000000 17.089294 5.345727 1.000000 1.000000 1.000000
v 0.786637 17.403599 4.140665 1.000000 1.000000 1.000000
v -0.000000 18.842751 4.922909 1.000000 1.000000 1.000000
v 0.529183 19.123987 4.174686 1.000000 1.000000 1.000000
v -0.000000 19.925932 4.661716 1.000000 1.000000 1.000000
v 0.368590 20.035021 4.253114 1.000000 1.000000 1.000000
v -0.000000 22.370270 4.410241 1.000000 1.000000 1.000000
v -0.000000 20.159866 3.785496 1.000000 1.000000 1.000000
v -0.000000 19.405327 3.426192 1.000000 1.000000 1.000000
v 0.529183 19.123987 4.174686 1.000000 1.000000 1.000000
v -0.000000 17.873896 2.478912 1.000000 1.000000 1.000000
v 0.786637 17.403599 4.140665 1.000000 1.000000 1.000000
v -0.000000 16.292551 1.325525 1.000000 1.000000 1.000000
v -0.000000 15.376803 0.657605 1.000000 1.000000 1.000000
v -0.000000 -0.029377 -10.797606 1.000000 1.000000 1.000000
v -1.214175 0.134726 -8.550663 1.000000 1.000000 1.000000
v -1.214175 0.053358 -8.498673 1.000000 1.000000 1.000000
v -0.000000 -1.183937 -10.056503 1.000000 1.000000 1.000000
v -1.095342 -0.902759 -8.001397 1.000000 1.000000 1.000000
v -0.000000 -2.269513 -9.258332 1.000000 1.000000 1.000000
v -1.018254 -1.647331 -7.536038 1.000000 1.000000 1.000000
v -0.000000 -3.555573 -8.312754 1.000000 1.000000 1.000000
v -0.898622 -2.582572 -6.760310 1.000000 1.000000 1.000000
v -0.709652 -3.960908 -5.461081 1.000000 1.000000 1.000000
v -0.000000 -6.391193 -5.813863 1.000000 1.000000 1.000000
v -0.645377 -4.510529 -4.933717 1.000000 1.000000 1.000000
v -0.000000 -6.791128 -5.393932 1.000000 1.000000 1.000000
v -0.558768 -5.051185 -4.414955 1.000000 1.000000 1.000000
v -0.000000 -7.414669 -4.739213 1.000000 1.000000 1.000000
v -0.000000 -2.109649 -4.449229 1.000000 1.000000 1.000000
v -0.000000 -1.819664 -3.971606 1.000000 1.000000 1.000000
v -0.000000 -2.160823 -5.199778 1.000000 1.000000 1.000000
v -0.898622 -2.582572 -6.760310 1.000000 1.000000 1.000000
v -0.000000 -1.683201 -5.796806 1.000000 1.000000 1.000000
v -1.018254 -1.647331 -7.536038 1.000000 1.000000 1.000000
v -0.000000 -1.052057 -6.018559 1.000000 1.000000 1.000000
v -0.000000 -0.468525 -6.089122 1.000000 1.000000 1.000000
v -1.095342 -0.902759 -8.001397 1.000000 1.000000 1.000000
v -0.329390 0.141999 -6.035617 1.000000 1.000000 1.000000
v -1.214175 0.053358 -8.498673 1.000000 1.000000 1.000000
v -0.000000 0.141999 -6.035617 1.000000 1.000000 1.000000
v -1.214175 0.134726 -8.550663 1.000000 1.000000 1.000000
v -0.000000 0.909606 -5.472705 1.000000 1.000000 1.000000
v -0.702366 0.909606 -5.472705 1.000000 1.000000 1.000000
v -0.000000 1.370171 -4.244533 1.000000 1.000000 1.000000
v -0.702366 1.370171 -4.244533 1.000000 1.000000 1.000000
v -0.000000 1.421344 -2.572855 1.000000 1.000000 1.000000
v -0.905762 1.421344 -2.572855 1.000000 1.000000 1.000000
v -0.547138 1.165475 -1.464089 1.000000 1.000000 1.000000
v -0.000000 1.165475 -1.464089 1.000000 1.000000 1.000000
v -0.262900 0.636679 -0.611192 1.000000 1.000000 1.000000
v -0.000000 0.636679 -0.611192 1.000000 1.000000 1.000000
v -0.547138 1.489576 -0.901177 1.000000 1.000000 1.000000
v -0.905762 1.421344 -2.572855 1.000000 1.000000 1.000000
v -0.630380 3.775340 -1.105872 1.000000 1.000000 1.000000
v -1.214175 3.872414 -4.435956 1.000000 1.000000 1.000000
v -0.702366 1.370171 -4.244533 1.000000 1.000000 1.000000
v -1.214175 5.417282 -3.895375 1.000000 1.000000 1.000000
v -0.727190 4.747643 -1.020582 1.000000 1.000000 1.000000
v -1.214175 2.170384 -5.031532 1.000000 1.000000 1.000000
v -0.640119 5.693774 -0.927562 1.000000 1.000000 1.000000
v -1.214175 6.275624 -3.595023 1.000000 1.000000 1.000000
v -0.616373 5.890525 -0.338264 1.000000 1.000000 1.000000
v -1.214175 4.769321 -6.979159 1.000000 1.000000 1.000000
v -1.214175 3.872414 -4.435956 1.000000 1.000000 1.000000
v -0.000000 5.625619 -9.407214 1.000000 1.000000 1.000000
v -1.214175 6.030819 -6.752125 1.000000 1.000000 1.000000
v -1.421686 7.903288 5.460470 1.000000 1.000000 1.000000
v -1.369524 8.447967 6.063888 1.000000 1.000000 1.000000
v -1.329540 7.995559 5.400387 1.000000 1.000000 1.000000
v -1.233373 7.341698 4.911524 1.000000 1.000000 1.000000
v -1.598175 8.328905 6.070377 1.000000 1.000000 1.000000
v -0.000000 8.447967 6.063888 1.000000 1.000000 1.000000
v -0.000000 7.995559 5.400387 1.000000 1.000000 1.000000
v -1.233373 7.341698 4.911524 1.000000 1.000000 1.000000
v -0.000000 7.341698 4.911524 1.000000 1.000000 1.000000
v -0.000000 8.689205 6.762271 1.000000 1.000000 1.000000
v -1.474295 8.689205 6.762271 1.000000 1.000000 1.000000
v -1.702946 8.544155 6.797439 1.000000 1.000000 1.000000
v -1.456544 8.895947 7.491313 1.000000 1.000000 1.000000
v -0.000000 8.895947 7.491313 1.000000 1.000000 1.000000
v -1.685195 8.727830 7.516671 1.000000 1.000000 1.000000
v -0.000000 9.024485 8.073236 1.000000 1.000000 1.000000
v -1.685195 8.807659 7.845242 1.000000 1.000000 1.000000
v -1.456544 9.024485 8.073236 1.000000 1.000000 1.000000
v -0.000000 6.521669 1.367530 1.000000 1.000000 1.000000
v -0.616373 6.445201 1.562174 1.000000 1.000000 1.000000
v -0.616373 6.521669 1.367530 1.000000 1.000000 1.000000
v -0.616373 6.436379 1.009313 1.000000 1.000000 1.000000
v -0.000000 6.334032 1.845152 1.000000 1.000000 1.000000
v -0.000000 6.436379 1.009313 1.000000 1.000000 1.000000
v -0.616373 6.146394 0.668154 1.000000 1.000000 1.000000
v -0.000000 6.146394 0.668154 1.000000 1.000000 1.000000
v -0.455021 5.719945 0.565807 1.000000 1.000000 1.000000
v -0.000000 5.719945 0.565807 1.000000 1.000000 1.000000
v -0.616373 6.334032 1.845152 1.000000 1.000000 1.000000
v -1.776388 8.707474 1.571164 1.000000 1.000000 1.000000
v -0.616373 6.521669 1.367530 1.000000 1.000000 1.000000
v -1.245807 6.147730 3.846793 1.000000 1.000000 1.000000
v -1.776388 8.703135 1.288492 1.000000 1.000000 1.000000
v -1.776388 8.739588 3.663859 1.000000 1.000000 1.000000
v -1.776388 8.697504 0.921440 1.000000 1.000000 1.000000
v -0.616373 6.436379 1.009313 1.000000 1.000000 1.000000
v -1.214175 12.278235 1.158960 1.000000 1.000000 1.000000
v -1.214175 12.271514 0.782544 1.000000 1.000000 1.000000
v -0.839164 12.466439 1.783425 1.000000 1.000000 1.000000
v -1.776388 8.692468 0.593312 1.000000 1.000000 1.000000
v -1.214175 12.266259 0.488259 1.000000 1.000000 1.000000
v -0.616373 6.146394 0.668154 1.000000 1.000000 1.000000
v -0.452268 12.717952 2.370289 1.000000 1.000000 1.000000
v -1.214175 12.542701 3.558088 1.000000 1.000000 1.000000
v -0.452268 13.379905 2.804934 1.000000 1.000000 1.000000
v -1.214175 13.207785 3.748987 1.000000 1.000000 1.000000
v -0.452268 14.119238 3.040990 1.000000 1.000000 1.000000
v -1.124376 14.147847 4.018812 1.000000 1.000000 1.000000
v -0.452268 14.586334 2.945175 1.000000 1.000000 1.000000
v -1.124376 14.467065 4.033752 1.000000 1.000000 1.000000
v -0.430443 14.957614 2.514010 1.000000 1.000000 1.000000
v -1.086271 15.037266 4.062263 1.000000 1.000000 1.000000
v -0.422747 15.233081 2.058892 1.000000 1.000000 1.000000
v -0.957529 15.992352 4.097900 1.000000 1.000000 1.000000
v -0.000000 16.292551 1.325525 1.000000 1.000000 1.000000
v -0.000000 15.376803 0.657605 1.000000 1.000000 1.000000
v -0.000000 17.873896 2.478912 1.000000 1.000000 1.000000
v -0.786637 17.403599 4.140665 1.000000 1.000000 1.000000
v -0.529183 19.123987 4.174686 1.000000 1.000000 1.000000
v -0.000000 19.405327 3.426192 1.000000 1.000000 1.000000
v -0.368590 20.035021 4.253114 1.000000 1.000000 1.000000
v -0.000000 20.159866 3.785496 1.000000 1.000000 1.000000
v -0.000000 22.370270 4.410241 1.000000 1.000000 1.000000
v 1.214175 6.275624 -3.595023 1.000000 1.000000 1.000000
v 1.214175 7.744238 -3.323430 1.000000 1.000000 1.000000
v 0.616373 5.890525 -0.338264 1.000000 1.000000 1.000000
v 0.640119 5.693774 -0.927562 1.000000 1.000000 1.000000
v 1.214175 5.417282 -3.895375 1.000000 1.000000 1.000000
v 0.727190 4.747643 -1.020582 1.000000 1.000000 1.000000
v 0.630380 3.775340 -1.105872 1.000000 1.000000 1.000000
v 1.214175 3.872414 -4.435956 1.000000 1.000000 1.000000
v 1.776388 8.680572 -0.181904 1.000000 1.000000 1.000000
v 0.616373 5.924641 0.054068 1.000000 1.000000 1.000000
v 1.214175 12.266259 0.488259 1.000000 1.000000 1.000000
v 0.905762 1.421344 -2.572855 1.000000 1.000000 1.000000
v 0.547138 1.489576 -0.901177 1.000000 1.000000 1.000000
v 0.547138 1.165475 -1.464089 1.000000 1.000000 1.000000
v 0.262900 0.636679 -0.611192 1.000000 1.000000 1.000000
v 0.702366 1.370171 -4.244533 1.000000 1.000000 1.000000
v 1.214175 2.170384 -5.031532 1.000000 1.000000 1.000000
v 0.702366 0.909606 -5.472705 1.000000 1.000000 1.000000
v 1.776388 8.687096 0.243205 1.000000 1.000000 1.000000
v 0.616373 6.146394 0.668154 1.000000 1.000000 1.000000
v 0.455021 5.719945 0.565807 1.000000 1.000000 1.000000
v 1.776388 8.692468 0.593312 1.000000 1.000000 1.000000
v -1.776388 8.687096 0.243205 1.000000 1.000000 1.000000
v -1.604768 8.680572 -0.181904 1.000000 1.000000 1.000000
v -0.616373 5.924641 0.054068 1.000000 1.000000 1.000000
v -0.455021 5.719945 0.565807 1.000000 1.000000 1.000000
v -0.000000 5.924641 0.054068 1.000000 1.000000 1.000000
v -0.000000 5.719945 0.565807 1.000000 1.000000 1.000000
v -0.000000 5.890525 -0.338264 1.000000 1.000000 1.000000
v -0.616373 5.890525 -0.338264 1.000000 1.000000 1.000000
v 0.001124 5.693774 -0.927562 1.000000 1.000000 1.000000
v -0.640119 5.693774 -0.927562 1.000000 1.000000 1.000000
v -0.000000 -17.553349 3.760911 1.000000 1.000000 1.000000
v -0.760883 -18.285387 3.736328 1.000000 1.000000 1.000000
v -0.000000 -18.285387 3.736328 1.000000 1.000000 1.000000
v -1.325600 -17.646156 3.077500 1.000000 1.000000 1.000000
v -1.291018 -18.455070 3.075732 1.000000 1.000000 1.000000
v -0.000000 -18.801371 4.006440 1.000000 1.000000 1.000000
v -1.221241 -18.969231 3.074608 1.000000 1.000000 1.000000
v -0.760883 -18.801371 4.006440 1.000000 1.000000 1.000000
v -0.000000 -18.771948 4.585105 1.000000 1.000000 1.000000
v -0.760883 -18.801371 4.006440 1.000000 1.000000 1.000000
v -1.027677 -20.459501 3.071350 1.000000 1.000000 1.000000
v -0.817644 -20.062845 4.155257 1.000000 1.000000 1.000000
v -0.760883 -19.586069 4.734257 1.000000 1.000000 1.000000
v -0.000000 -18.771948 4.585105 1.000000 1.000000 1.000000
v -0.760883 -19.342873 5.042465 1.000000 1.000000 1.000000
v -0.000000 -18.491352 5.021162 1.000000 1.000000 1.000000
v -0.613558 -19.016729 5.455791 1.000000 1.000000 1.000000
v -0.000000 -18.200521 5.281379 1.000000 1.000000 1.000000
v -0.613558 -18.594721 5.882775 1.000000 1.000000 1.000000
v -0.222592 -20.680124 5.514481 1.000000 1.000000 1.000000
v -0.000000 -17.932304 5.521364 1.000000 1.000000 1.000000
v -0.000000 -20.992365 5.236936 1.000000 1.000000 1.000000
v -0.000000 -20.923708 5.874448 1.000000 1.000000 1.000000
v -0.000000 -21.712851 4.382398 1.000000 1.000000 1.000000
v -0.991227 -21.386551 2.626865 1.000000 1.000000 1.000000
v -0.760883 -18.352310 6.128042 1.000000 1.000000 1.000000
v -0.760883 -18.183592 6.211265 1.000000 1.000000 1.000000
v -0.760883 -17.963951 6.205317 1.000000 1.000000 1.000000
v -0.636453 -17.394083 6.143280 1.000000 1.000000 1.000000
v -0.000000 -17.412485 5.609635 1.000000 1.000000 1.000000
v -0.000000 -16.893141 5.595600 1.000000 1.000000 1.000000
v -0.406995 -16.736094 5.856177 1.000000 1.000000 1.000000
v -0.000000 -16.559198 5.501748 1.000000 1.000000 1.000000
v -0.243058 -16.486813 5.631775 1.000000 1.000000 1.000000
v -0.000000 -16.330223 5.373213 1.000000 1.000000 1.000000
v -0.000000 -22.637142 4.021019 1.000000 1.000000 1.000000
v -0.816808 -22.541702 2.396761 1.000000 1.000000 1.000000
v -0.760883 -23.065060 2.519192 1.000000 1.000000 1.000000
v -0.721884 -23.826706 3.337785 1.000000 1.000000 1.000000
v -0.000000 -23.354925 4.061585 1.000000 1.000000 1.000000
v -0.000000 -24.124969 4.208654 1.000000 1.000000 1.000000
v -0.519009 -24.320154 3.949728 1.000000 1.000000 1.000000
v -0.000000 -24.498877 4.528033 1.000000 1.000000 1.000000
v -0.292259 -24.640553 4.421402 1.000000 1.000000 1.000000
v -0.000000 -25.000000 5.098204 1.000000 1.000000 1.000000
v -0.000000 -24.816498 4.288978 1.000000 1.000000 1.000000
v -0.519009 -24.320154 3.949728 1.000000 1.000000 1.000000
v -0.000000 -24.580187 3.604774 1.000000 1.000000 1.000000
v -0.721884 -23.826706 3.337785 1.000000 1.000000 1.000000
v -0.000000 -24.245874 2.694698 1.000000 1.000000 1.000000
v -0.760883 -23.065060 2.519192 1.000000 1.000000 1.000000
v -0.000000 -23.359898 1.484424 1.000000 1.000000 1.000000
v -0.816808 -22.541702 2.396761 1.000000 1.000000 1.000000
v -0.000000 -22.685791 0.803365 1.000000 1.000000 1.000000
v -0.000000 -21.020056 0.655065 1.000000 1.000000 1.000000
v -0.991227 -21.386551 2.626865 1.000000 1.000000 1.000000
v -0.760883 -19.601740 1.231880 1.000000 1.000000 1.000000
v -0.000000 -19.176254 0.031962 1.000000 1.000000 1.000000
v -1.027677 -20.459501 3.071350 1.000000 1.000000 1.000000
v -0.760883 -18.895832 0.550904 1.000000 1.000000 1.000000
v -0.000000 -18.460447 -0.517054 1.000000 1.000000 1.000000
v -0.601576 -18.100140 -0.231810 1.000000 1.000000 1.000000
v -0.000000 -17.612534 -1.156260 1.000000 1.000000 1.000000
v -0.332625 -17.512241 -1.035120 1.000000 1.000000 1.000000
v -0.000000 -17.259449 -1.656463 1.000000 1.000000 1.000000
v -0.760883 -19.169304 1.963945 1.000000 1.000000 1.000000
v -1.221241 -18.969231 3.074608 1.000000 1.000000 1.000000
v -0.000000 -17.445808 -0.954878 1.000000 1.000000 1.000000
v -0.332625 -17.512241 -1.035120 1.000000 1.000000 1.000000
v -0.601576 -18.100140 -0.231810 1.000000 1.000000 1.000000
v -0.000000 -17.793287 0.011114 1.000000 1.000000 1.000000
v -0.760883 -18.895832 0.550904 1.000000 1.000000 1.000000
v -0.000000 -18.571640 1.150845 1.000000 1.000000 1.000000
v -0.534156 -18.837286 1.579359 1.000000 1.000000 1.000000
v -0.000000 -18.837286 1.579359 1.000000 1.000000 1.000000
v -0.760883 -18.720825 2.041111 1.000000 1.000000 1.000000
v -1.291018 -18.455070 3.075732 1.000000 1.000000 1.000000
v -0.760883 -17.798883 2.124437 1.000000 1.000000 1.000000
v -1.325600 -17.646156 3.077500 1.000000 1.000000 1.000000
v -0.760883 -17.288874 1.889048 1.000000 1.000000 1.000000
v -1.325600 -16.767433 3.079421 1.000000 1.000000 1.000000
v -0.760883 -16.848669 2.155487 1.000000 1.000000 1.000000
v -0.828515 -16.160965 3.080747 1.000000 1.000000 1.000000
v -0.534156 -18.837286 1.579359 1.000000 1.000000 1.000000
v -0.760883 -18.895832 0.550904 1.000000 1.000000 1.000000
v -0.000000 -18.720825 2.041111 1.000000 1.000000 1.000000
v -0.419109 -16.397984 2.354791 1.000000 1.000000 1.000000
v -0.000000 -16.160965 3.080747 1.000000 1.000000 1.000000
v -0.000000 -16.397984 2.149224 1.000000 1.000000 1.000000
v -0.000000 -16.848669 1.983890 1.000000 1.000000 1.000000
v -0.000000 -16.397984 2.149224 1.000000 1.000000 1.000000
v -0.760883 -17.288874 1.889048 1.000000 1.000000 1.000000
v -0.000000 -17.288874 1.717451 1.000000 1.000000 1.000000
v 0.717510 11.577085 8.469072 1.000000 1.000000 1.000000
v 1.214175 8.195015 9.713297 1.000000 1.000000 1.000000
v 1.214175 7.269588 9.652943 1.000000 1.000000 1.000000
v 1.079358 6.341462 9.512731 1.000000 1.000000 1.000000
v 1.214175 9.532863 9.763592 1.000000 1.000000 1.000000
v 0.927156 11.533560 9.886841 1.000000 1.000000 1.000000
v 0.583359 11.771689 9.365944 1.000000 1.000000 1.000000
v 0.456937 12.313196 9.772075 1.000000 1.000000 1.000000
v 0.261353 13.201607 10.102055 1.000000 1.000000 1.000000
v 0.882307 6.095252 8.880057 1.000000 1.000000 1.000000
v 0.832945 5.351519 9.406117 1.000000 1.000000 1.000000
v -0.000000 6.095252 8.880057 1.000000 1.000000 1.000000
v -0.000000 5.351519 9.406117 1.000000 1.000000 1.000000
v 0.552473 4.894622 9.482267 1.000000 1.000000 1.000000
v -0.000000 4.894622 9.482267 1.000000 1.000000 1.000000
v 0.986315 5.505014 10.923646 1.000000 1.000000 1.000000
v -0.000000 5.552904 12.724428 1.000000 1.000000 1.000000
v -0.000000 5.144309 11.971445 1.000000 1.000000 1.000000
v 0.898008 5.158112 10.737503 1.000000 1.000000 1.000000
v -0.000000 4.593376 11.013302 1.000000 1.000000 1.000000
v 0.872071 4.728611 10.325994 1.000000 1.000000 1.000000
v 0.552473 4.894622 9.482267 1.000000 1.000000 1.000000
v -0.000000 3.850814 10.498299 1.000000 1.000000 1.000000
v 0.776845 4.168055 9.869949 1.000000 1.000000 1.000000
v 0.776845 4.168055 9.869949 1.000000 1.000000 1.000000
v -0.000000 4.491386 9.229533 1.000000 1.000000 1.000000
v -0.000000 3.311572 10.182013 1.000000 1.000000 1.000000
v 0.686778 3.600353 9.539699 1.000000 1.000000 1.000000
v 0.686778 3.600353 9.539699 1.000000 1.000000 1.000000
v -0.000000 3.874768 8.929337 1.000000 1.000000 1.000000
v -0.000000 2.605226 9.767715 1.000000 1.000000 1.000000
v 0.580062 2.741698 9.132304 1.000000 1.000000 1.000000
v 0.580062 2.741698 9.132304 1.000000 1.000000 1.000000
v -0.000000 3.000460 8.270613 1.000000 1.000000 1.000000
v -0.000000 1.766849 9.528177 1.000000 1.000000 1.000000
v -0.000000 1.910571 8.234682 1.000000 1.000000 1.000000
v 0.401368 1.832480 8.937498 1.000000 1.000000 1.000000
v 0.282504 1.322781 8.855112 1.000000 1.000000 1.000000
v -0.000000 1.272343 9.553978 1.000000 1.000000 1.000000
v 0.197791 1.110223 9.079473 1.000000 1.000000 1.000000
v -0.000000 0.389517 9.600039 1.000000 1.000000 1.000000
v -1.142573 15.833860 3.790243 1.000000 1.000000 1.000000
v -1.219221 16.050541 4.078591 1.000000 1.000000 1.000000
v -1.188727 15.559258 4.167881 1.000000 1.000000 1.000000
v -1.142573 15.500393 4.006017 1.000000 1.000000 1.000000
v -1.188727 15.037587 4.155715 1.000000 1.000000 1.000000
v -1.142573 15.047301 4.090008 1.000000 1.000000 1.000000
v -1.142573 14.872687 4.104096 1.000000 1.000000 1.000000
v -1.142573 15.882900 3.613701 1.000000 1.000000 1.000000
v -1.238107 16.467012 3.401227 1.000000 1.000000 1.000000
v -1.237020 16.186922 3.304431 1.000000 1.000000 1.000000
v -1.203376 15.672254 3.103397 1.000000 1.000000 1.000000
v -1.142573 15.539624 3.397928 1.000000 1.000000 1.000000
v -1.172869 15.240339 2.874633 1.000000 1.000000 1.000000
v -0.918435 15.134531 3.367007 1.000000 1.000000 1.000000
v -1.168759 15.027622 2.758821 1.000000 1.000000 1.000000
v -1.102596 14.873591 2.877196 1.000000 1.000000 1.000000
v -0.891316 14.923435 3.377888 1.000000 1.000000 1.000000
v -1.054902 14.576049 3.098825 1.000000 1.000000 1.000000
v -0.891316 14.641232 3.425774 1.000000 1.000000 1.000000
v -1.059022 14.398828 3.201888 1.000000 1.000000 1.000000
v -0.891316 14.462072 3.486700 1.000000 1.000000 1.000000
v -1.118709 14.094056 3.320166 1.000000 1.000000 1.000000
v -0.951201 14.175956 3.659251 1.000000 1.000000 1.000000
v -1.504387 7.649599 -1.374814 1.000000 1.000000 1.000000
v -1.811550 7.461751 -0.953180 1.000000 1.000000 1.000000
v -2.126800 8.019822 -0.865652 1.000000 1.000000 1.000000
v -2.126800 8.487597 -1.019730 1.000000 1.000000 1.000000
v -1.024951 6.680340 -1.281392 1.000000 1.000000 1.000000
v -1.620497 8.862471 -1.627204 1.000000 1.000000 1.000000
v -1.983774 9.186901 -1.379770 1.000000 1.000000 1.000000
v -1.457161 9.669862 -1.795216 1.000000 1.000000 1.000000
v -1.934284 9.687949 -1.610541 1.000000 1.000000 1.000000
v -0.000000 8.862471 -1.627204 1.000000 1.000000 1.000000
v -0.000000 9.669862 -1.795216 1.000000 1.000000 1.000000
v -0.000000 7.649599 -1.374814 1.000000 1.000000 1.000000
v -0.000000 6.680340 -1.281392 1.000000 1.000000 1.000000
v -1.332114 6.496665 -1.115492 1.000000 1.000000 1.000000
v -0.828100 4.916990 -1.374814 1.000000 1.000000 1.000000
v -0.000000 4.916990 -1.374814 1.000000 1.000000 1.000000
v -0.000000 6.318328 -0.954413 1.000000 1.000000 1.000000
v -0.000000 4.916990 -1.374814 1.000000 1.000000 1.000000
v -1.024951 6.318328 -0.954413 1.000000 1.000000 1.000000
v -0.000000 7.280568 -0.546507 1.000000 1.000000 1.000000
v -1.504387 7.280568 -0.546507 1.000000 1.000000 1.000000
v -1.504387 7.280568 -0.546507 1.000000 1.000000 1.000000
v -1.811550 7.461751 -0.953180 1.000000 1.000000 1.000000
v -0.000000 8.046645 -0.207032 1.000000 1.000000 1.000000
v -2.126800 8.019822 -0.865652 1.000000 1.000000 1.000000
v -1.819638 8.046645 -0.207032 1.000000 1.000000 1.000000
v -0.000000 8.796845 0.345510 1.000000 1.000000 1.000000
v -1.819638 8.796845 0.345510 1.000000 1.000000 1.000000
v -1.819638 8.046645 -0.207032 1.000000 1.000000 1.000000
v -2.126800 8.611009 -0.223734 1.000000 1.000000 1.000000
v -1.819638 8.796845 0.345510 1.000000 1.000000 1.000000
v -2.126800 8.972743 0.249185 1.000000 1.000000 1.000000
v -2.126800 8.487597 -1.019730 1.000000 1.000000 1.000000
v -1.744485 9.027582 -0.790923 1.000000 1.000000 1.000000
v -1.983774 9.186901 -1.379770 1.000000 1.000000 1.000000
v -1.819638 8.954080 -0.233886 1.000000 1.000000 1.000000
v -2.126800 8.972743 0.249185 1.000000 1.000000 1.000000
v -1.819638 9.208776 0.119928 1.000000 1.000000 1.000000
v -1.578988 9.331205 -1.269714 1.000000 1.000000 1.000000
v -1.934284 9.687949 -1.610541 1.000000 1.000000 1.000000
v -1.578988 9.704814 -1.438361 1.000000 1.000000 1.000000
v -0.000000 8.954080 -0.233886 1.000000 1.000000 1.000000
v -1.819638 8.954080 -0.233886 1.000000 1.000000 1.000000
v -0.000000 9.208776 0.119928 1.000000 1.000000 1.000000
v -0.000000 9.331205 -1.269714 1.000000 1.000000 1.000000
v -0.000000 9.704814 -1.438361 1.000000 1.000000 1.000000
v -0.000000 9.027582 -0.790923 1.000000 1.000000 1.000000
v -1.744485 9.027582 -0.790923 1.000000 1.000000 1.000000
v -0.000000 8.954080 -0.233886 1.000000 1.000000 1.000000
v -1.819638 8.954080 -0.233886 1.000000 1.000000 1.000000
v -0.000000 -9.443454 1.878534 1.000000 1.000000 1.000000
v 0.625928 -12.923210 2.357012 1.000000 1.000000 1.000000
v -0.000000 -13.010799 1.764983 1.000000 1.000000 1.000000
v 0.655573 -15.045546 2.380463 1.000000 1.000000 1.000000
v -0.000000 -15.355901 1.812677 1.000000 1.000000 1.000000
v 0.895644 -14.859059 2.953559 1.000000 1.000000 1.000000
v 1.006811 -16.169874 2.997856 1.000000 1.000000 1.000000
v 0.826607 -12.852039 2.851739 1.000000 1.000000 1.000000
v 0.793981 -16.485756 2.468405 1.000000 1.000000 1.000000
v -0.000000 -16.535110 1.985425 1.000000 1.000000 1.000000
v -0.000000 -16.670420 2.538896 1.000000 1.000000 1.000000
v -0.000000 -16.504337 3.028890 1.000000 1.000000 1.000000
v 1.006811 -16.169874 2.997856 1.000000 1.000000 1.000000
v 0.793981 -15.922585 3.412337 1.000000 1.000000 1.000000
v -0.000000 -16.186581 3.501649 1.000000 1.000000 1.000000
v -0.000000 -15.389740 3.835375 1.000000 1.000000 1.000000
v 0.655573 -14.710828 3.409090 1.000000 1.000000 1.000000
v -0.000000 -14.577082 3.783145 1.000000 1.000000 1.000000
v 0.895644 -14.859059 2.953559 1.000000 1.000000 1.000000
v 1.006811 -16.169874 2.997856 1.000000 1.000000 1.000000
v 0.826607 -12.852039 2.851739 1.000000 1.000000 1.000000
v 0.542044 -12.775999 3.380321 1.000000 1.000000 1.000000
v -0.000000 -12.742990 3.665267 1.000000 1.000000 1.000000
v 0.758730 -9.271682 2.927440 1.000000 1.000000 1.000000
v 0.474168 -9.230825 3.327606 1.000000 1.000000 1.000000
v -0.000000 -9.183719 3.648635 1.000000 1.000000 1.000000
v -0.000000 -5.508023 3.881485 1.000000 1.000000 1.000000
v 0.670066 -5.411699 3.554211 1.000000 1.000000 1.000000
v 0.870745 -5.311367 3.107675 1.000000 1.000000 1.000000
v -0.000000 -3.046158 4.372940 1.000000 1.000000 1.000000
v 0.804635 -2.809736 3.708596 1.000000 1.000000 1.000000
v 1.005314 -2.705943 3.226248 1.000000 1.000000 1.000000
v -0.000000 -1.111033 4.160377 1.000000 1.000000 1.000000
v 0.550277 -1.169377 3.814710 1.000000 1.000000 1.000000
v 0.860590 -0.904601 3.189989 1.000000 1.000000 1.000000
v -0.000000 -0.671712 3.835453 1.000000 1.000000 1.000000
v -0.000000 -0.461979 3.276667 1.000000 1.000000 1.000000
v 0.860590 -0.904601 3.189989 1.000000 1.000000 1.000000
v 0.753545 -0.891436 2.743941 1.000000 1.000000 1.000000
v -0.000000 -0.267676 2.725338 1.000000 1.000000 1.000000
v -0.000000 -0.624402 2.285628 1.000000 1.000000 1.000000
v -0.000000 -2.600166 2.092155 1.000000 1.000000 1.000000
v 0.804635 -2.477141 2.774002 1.000000 1.000000 1.000000
v 0.860590 -0.904601 3.189989 1.000000 1.000000 1.000000
v -0.000000 -4.948416 1.980153 1.000000 1.000000 1.000000
v 1.005314 -2.705943 3.226248 1.000000 1.000000 1.000000
v 0.670066 -5.182866 2.535774 1.000000 1.000000 1.000000
v 0.870745 -5.311367 3.107675 1.000000 1.000000 1.000000
v 0.558051 -9.318780 2.466146 1.000000 1.000000 1.000000
v 0.758730 -9.271682 2.927440 1.000000 1.000000 1.000000
v 0.590381 3.783170 0.019231 1.000000 1.000000 1.000000
v 0.525718 3.199379 0.156957 1.000000 1.000000 1.000000
v -0.000000 3.090975 -0.185058 1.000000 1.000000 1.000000
v 0.496878 3.053477 0.181558 1.000000 1.000000 1.000000
v -0.000000 3.810853 -0.427393 1.000000 1.000000 1.000000
v -0.000000 4.509349 -0.470158 1.000000 1.000000 1.000000
v 0.247429 2.442711 0.405113 1.000000 1.000000 1.000000
v -0.000000 2.413862 0.178445 1.000000 1.000000 1.000000
v -0.000000 1.957701 0.613223 1.000000 1.000000 1.000000
v -0.000000 2.463755 0.570458 1.000000 1.000000 1.000000
v -0.000000 3.033955 0.620351 1.000000 1.000000 1.000000
v 0.496878 3.053477 0.181558 1.000000 1.000000 1.000000
v 0.525718 3.199379 0.156957 1.000000 1.000000 1.000000
v -0.000000 3.326183 0.862686 1.000000 1.000000 1.000000
v 0.391350 3.734402 0.773219 1.000000 1.000000 1.000000
v 0.398245 3.741125 1.310536 1.000000 1.000000 1.000000
v -0.000000 4.202867 0.670243 1.000000 1.000000 1.000000
v -0.000000 3.418841 1.354484 1.000000 1.000000 1.000000
v -0.000000 3.326183 1.618202 1.000000 1.000000 1.000000
v 0.502099 3.746699 1.755927 1.000000 1.000000 1.000000
v -0.000000 4.673282 0.078660 1.000000 1.000000 1.000000
v 0.355493 4.574318 -0.144825 1.000000 1.000000 1.000000
v -0.000000 5.165080 -0.334736 1.000000 1.000000 1.000000
v 0.156999 5.190318 -0.229581 1.000000 1.000000 1.000000
v -0.000000 5.207845 -0.156548 1.000000 1.000000 1.000000
v -0.000000 5.507201 -0.177930 1.000000 1.000000 1.000000
v -1.004093 4.603910 -2.268080 1.000000 1.000000 1.000000
v -1.373341 6.233994 -2.234914 1.000000 1.000000 1.000000
v -1.168986 6.234262 -2.468048 1.000000 1.000000 1.000000
v -1.571671 7.037385 -2.348605 1.000000 1.000000 1.000000
v 0.000000 6.234262 -2.468048 1.000000 1.000000 1.000000
v -0.000000 4.603910 -2.268080 1.000000 1.000000 1.000000
v 0.000000 7.025817 -2.629096 1.000000 1.000000 1.000000
v -1.279749 7.025817 -2.629096 1.000000 1.000000 1.000000
v -1.279749 7.025817 -2.629096 1.000000 1.000000 1.000000
v -1.832413 8.020740 -2.508291 1.000000 1.000000 1.000000
v -0.000000 7.899360 -2.866361 1.000000 1.000000 1.000000
v -1.438936 7.899360 -2.866361 1.000000 1.000000 1.000000
v -1.438936 7.899360 -2.866361 1.000000 1.000000 1.000000
v -1.832413 8.755636 -2.784626 1.000000 1.000000 1.000000
v -1.438936 8.683991 -3.170405 1.000000 1.000000 1.000000
v -1.438936 8.683991 -3.170405 1.000000 1.000000 1.000000
v -0.000000 8.683991 -3.170405 1.000000 1.000000 1.000000
v -1.438936 9.420467 -3.652666 1.000000 1.000000 1.000000
v -1.438936 9.420467 -3.652666 1.000000 1.000000 1.000000
v -1.832413 9.835378 -3.325905 1.000000 1.000000 1.000000
v -0.000000 9.420467 -3.652666 1.000000 1.000000 1.000000
v -1.438936 10.220700 -4.452899 1.000000 1.000000 1.000000
v -1.438936 10.220700 -4.452899 1.000000 1.000000 1.000000
v -1.832413 11.120269 -4.033378 1.000000 1.000000 1.000000
v -0.000000 10.220700 -4.452899 1.000000 1.000000 1.000000
v -1.438936 10.905437 -5.533626 1.000000 1.000000 1.000000
v -1.438936 10.905437 -5.533626 1.000000 1.000000 1.000000
v -1.832413 11.658850 -5.206529 1.000000 1.000000 1.000000
v -0.000000 10.905437 -5.533626 1.000000 1.000000 1.000000
v -1.832413 11.952559 -5.880840 1.000000 1.000000 1.000000
v -1.438936 11.111682 -6.292610 1.000000 1.000000 1.000000
v -1.438936 11.111682 -6.292610 1.000000 1.000000 1.000000
v -0.000000 11.111682 -6.292610 1.000000 1.000000 1.000000
v -1.832413 12.257043 -6.639081 1.000000 1.000000 1.000000
v -1.327522 10.954935 -6.738101 1.000000 1.000000 1.000000
v -1.327522 10.954935 -6.738101 1.000000 1.000000 1.000000
v -0.000000 10.954935 -6.738101 1.000000 1.000000 1.000000
v -1.832413 12.401811 -7.257101 1.000000 1.000000 1.000000
v -1.289816 10.674441 -6.993845 1.000000 1.000000 1.000000
v -1.550642 11.012692 -7.575581 1.000000 1.000000 1.000000
v -0.000000 10.674441 -6.993845 1.000000 1.000000 1.000000
v -1.289816 10.674441 -6.993845 1.000000 1.000000 1.000000
v -1.168646 9.849459 -7.398087 1.000000 1.000000 1.000000
v -1.470726 10.684237 -7.626821 1.000000 1.000000 1.000000
v -0.000000 9.849459 -7.398087 1.000000 1.000000 1.000000
v -1.168646 9.849459 -7.398087 1.000000 1.000000 1.000000
v -1.312413 9.879340 -7.752391 1.000000 1.000000 1.000000
v -0.865929 8.809980 -7.563083 1.000000 1.000000 1.000000
v -1.009076 8.770555 -7.655076 1.000000 1.000000 1.000000
v -0.000000 8.809980 -7.563083 1.000000 1.000000 1.000000
v -0.795066 8.314991 -7.505334 1.000000 1.000000 1.000000
v -0.000000 8.314991 -7.505334 1.000000 1.000000 1.000000
v -0.138581 -0.907572 2.445824 1.000000 1.000000 1.000000
v -0.445705 -0.103953 2.479668 1.000000 1.000000 1.000000
v -0.000000 -0.268193 2.350443 1.000000 1.000000 1.000000
v -0.000000 -0.907572 2.350729 1.000000 1.000000 1.000000
v -0.903887 -0.239700 3.119348 1.000000 1.000000 1.000000
v -0.730396 -0.939315 3.104657 1.000000 1.000000 1.000000
v 0.762583 3.790518 2.098857 1.000000 1.000000 1.000000
v 1.133342 4.400383 3.169088 1.000000 1.000000 1.000000
v 1.008606 3.294354 3.179378 1.000000 1.000000 1.000000
v 0.284489 2.763102 1.981438 1.000000 1.000000 1.000000
v 0.502099 3.746699 1.755927 1.000000 1.000000 1.000000
v -0.000000 3.326183 1.618202 1.000000 1.000000 1.000000
v -0.000000 2.763102 1.981438 1.000000 1.000000 1.000000
v 0.169927 2.057479 1.967183 1.000000 1.000000 1.000000
v -0.000000 2.057479 1.967183 1.000000 1.000000 1.000000
v 0.145249 1.465896 1.788995 1.000000 1.000000 1.000000
v -0.000000 1.465896 1.788995 1.000000 1.000000 1.000000
v -0.000000 1.023998 1.489907 1.000000 1.000000 1.000000
v 1.096190 2.493517 3.391921 1.000000 1.000000 1.000000
v 0.169927 2.057479 1.967183 1.000000 1.000000 1.000000
v 1.214175 1.316218 3.235879 1.000000 1.000000 1.000000
v 0.930536 0.744941 2.614361 1.000000 1.000000 1.000000
v 0.145249 1.465896 1.788995 1.000000 1.000000 1.000000
v 0.580023 0.437102 2.129210 1.000000 1.000000 1.000000
v -0.000000 1.023998 1.489907 1.000000 1.000000 1.000000
v 0.398085 0.304818 1.822551 1.000000 1.000000 1.000000
v -0.000000 0.860065 1.325974 1.000000 1.000000 1.000000
v 0.381098 0.167091 1.488713 1.000000 1.000000 1.000000
v -0.000000 0.806745 0.978045 1.000000 1.000000 1.000000
v -0.000000 -0.192044 2.003540 1.000000 1.000000 1.000000
v 0.398085 0.304818 1.822551 1.000000 1.000000 1.000000
v -0.000000 -0.268193 2.350443 1.000000 1.000000 1.000000
v -0.000000 -0.259732 1.588948 1.000000 1.000000 1.000000
v 0.381098 0.167091 1.488713 1.000000 1.000000 1.000000
v 0.543585 0.043452 1.208382 1.000000 1.000000 1.000000
v -0.000000 -0.572791 1.394344 1.000000 1.000000 1.000000
v 0.764408 -0.116044 0.846753 1.000000 1.000000 1.000000
v 0.543585 0.409346 0.678968 1.000000 1.000000 1.000000
v 0.543585 -0.704701 1.034743 1.000000 1.000000 1.000000
v 0.251341 -1.248708 1.216329 1.000000 1.000000 1.000000
v -0.000000 -1.190447 1.326656 1.000000 1.000000 1.000000
v -0.000000 -1.588117 1.360500 1.000000 1.000000 1.000000
v 0.251341 0.905056 0.541641 1.000000 1.000000 1.000000
v -0.000000 0.988360 0.727263 1.000000 1.000000 1.000000
v -0.000000 1.309098 0.463546 1.000000 1.000000 1.000000
v -0.000000 0.797899 0.302869 1.000000 1.000000 1.000000
v 0.543585 0.409346 0.678968 1.000000 1.000000 1.000000
v -0.000000 -0.056667 0.328252 1.000000 1.000000 1.000000
v 0.764408 -0.116044 0.846753 1.000000 1.000000 1.000000
v -0.000000 -0.294946 0.441122 1.000000 1.000000 1.000000
v 0.543585 -0.704701 1.034743 1.000000 1.000000 1.000000
v -0.000000 -0.860467 0.709000 1.000000 1.000000 1.000000
v 0.251341 -1.248708 1.216329 1.000000 1.000000 1.000000
v -0.000000 -1.305974 1.107885 1.000000 1.000000 1.000000
v -0.000000 -1.588117 1.360500 1.000000 1.000000 1.000000
v 1.438936 8.095518 -2.287695 1.000000 1.000000 1.000000
v 1.571671 7.037385 -2.348605 1.000000 1.000000 1.000000
v 1.832413 8.020740 -2.508291 1.000000 1.000000 1.000000
v -0.000000 8.811494 -2.483853 1.000000 1.000000 1.000000
v -0.000000 8.095518 -2.287695 1.000000 1.000000 1.000000
v 1.832413 8.755636 -2.784626 1.000000 1.000000 1.000000
v 1.438936 8.811494 -2.483853 1.000000 1.000000 1.000000
v -0.000000 10.331717 -2.935016 1.000000 1.000000 1.000000
v 1.832413 9.835378 -3.325905 1.000000 1.000000 1.000000
v 1.438936 10.331717 -2.935016 1.000000 1.000000 1.000000
v 1.438936 10.331717 -2.935016 1.000000 1.000000 1.000000
v 0.000000 11.940210 -3.650992 1.000000 1.000000 1.000000
v 1.832413 11.120269 -4.033378 1.000000 1.000000 1.000000
v 1.438936 11.940210 -3.650992 1.000000 1.000000 1.000000
v 1.438936 12.951393 -4.477648 1.000000 1.000000 1.000000
v -0.000000 12.951393 -4.477648 1.000000 1.000000 1.000000
v 1.438936 11.940210 -3.650992 1.000000 1.000000 1.000000
v 1.832413 11.658850 -5.206529 1.000000 1.000000 1.000000
v 1.438936 12.951393 -4.477648 1.000000 1.000000 1.000000
v 1.438936 12.720398 -4.873640 1.000000 1.000000 1.000000
v 1.438936 12.712149 -5.508877 1.000000 1.000000 1.000000
v 1.832413 11.952559 -5.880840 1.000000 1.000000 1.000000
v 1.832413 12.257043 -6.639081 1.000000 1.000000 1.000000
v 1.438936 13.124640 -6.573104 1.000000 1.000000 1.000000
v 1.438936 11.111682 -6.292610 1.000000 1.000000 1.000000
v 1.438936 10.905437 -5.533626 1.000000 1.000000 1.000000
v 1.832413 11.658850 -5.206529 1.000000 1.000000 1.000000
v 1.327522 10.954935 -6.738101 1.000000 1.000000 1.000000
v 1.832413 11.120269 -4.033378 1.000000 1.000000 1.000000
v 1.438936 10.220700 -4.452899 1.000000 1.000000 1.000000
v 1.832413 9.835378 -3.325905 1.000000 1.000000 1.000000
v 1.438936 9.420467 -3.652666 1.000000 1.000000 1.000000
v 1.832413 8.755636 -2.784626 1.000000 1.000000 1.000000
v 1.438936 8.683991 -3.170405 1.000000 1.000000 1.000000
v 1.438936 7.899360 -2.866361 1.000000 1.000000 1.000000
v 1.832413 8.020740 -2.508291 1.000000 1.000000 1.000000
v 1.279749 7.025817 -2.629096 1.000000 1.000000 1.000000
v 1.571671 7.037385 -2.348605 1.000000 1.000000 1.000000
v 1.168986 6.234262 -2.468048 1.000000 1.000000 1.000000
v 1.373341 6.233994 -2.234914 1.000000 1.000000 1.000000
v 1.004093 4.603910 -2.268080 1.000000 1.000000 1.000000
v 1.832413 12.401811 -7.257101 1.000000 1.000000 1.000000
v 1.550642 11.012692 -7.575581 1.000000 1.000000 1.000000
v 1.832413 12.964810 -7.280923 1.000000 1.000000 1.000000
v 1.289816 10.674441 -6.993845 1.000000 1.000000 1.000000
v 1.438936 13.636128 -6.804099 1.000000 1.000000 1.000000
v 1.470726 10.684237 -7.626821 1.000000 1.000000 1.000000
v 1.755521 13.947161 -7.322487 1.000000 1.000000 1.000000
v 1.168646 9.849459 -7.398087 1.000000 1.000000 1.000000
v 1.438936 14.122869 -6.804099 1.000000 1.000000 1.000000
v 1.312413 9.879340 -7.752391 1.000000 1.000000 1.000000
v 1.704182 14.482102 -7.207571 1.000000 1.000000 1.000000
v 0.865929 8.809980 -7.563083 1.000000 1.000000 1.000000
v 1.438936 14.419862 -6.589604 1.000000 1.000000 1.000000
v 1.683482 14.927087 -7.011402 1.000000 1.000000 1.000000
v 1.009076 8.770555 -7.655076 1.000000 1.000000 1.000000
v 0.795066 8.314991 -7.505334 1.000000 1.000000 1.000000
v 0.865929 8.710982 -7.794079 1.000000 1.000000 1.000000
v 0.929387 9.907207 -8.082822 1.000000 1.000000 1.000000
v 1.312413 9.879340 -7.752391 1.000000 1.000000 1.000000
v 0.998429 10.692257 -8.144949 1.000000 1.000000 1.000000
v 1.470726 10.684237 -7.626821 1.000000 1.000000 1.000000
v 1.049188 11.063490 -8.149570 1.000000 1.000000 1.000000
v 1.550642 11.012692 -7.575581 1.000000 1.000000 1.000000
v 1.832413 12.401811 -7.257101 1.000000 1.000000 1.000000
v 1.279722 12.572508 -8.091795 1.000000 1.000000 1.000000
v 1.832413 12.964810 -7.280923 1.000000 1.000000 1.000000
v 1.289887 13.154678 -8.014922 1.000000 1.000000 1.000000
v 1.755521 13.947161 -7.322487 1.000000 1.000000 1.000000
v 1.334841 14.254866 -7.835327 1.000000 1.000000 1.000000
v 1.704182 14.482102 -7.207571 1.000000 1.000000 1.000000
v 1.334841 14.838728 -7.654047 1.000000 1.000000 1.000000
v 1.683482 14.927087 -7.011402 1.000000 1.000000 1.000000
v 1.334841 15.465771 -7.459360 1.000000 1.000000 1.000000
v 1.664601 15.284248 -6.726974 1.000000 1.000000 1.000000
v 1.334841 15.841312 -7.342760 1.000000 1.000000 1.000000
v 1.301909 16.157440 -7.248911 1.000000 1.000000 1.000000
v 1.523271 15.601674 -6.474189 1.000000 1.000000 1.000000
v 1.271124 16.720463 -7.081765 1.000000 1.000000 1.000000
v 1.352374 14.502360 -6.259611 1.000000 1.000000 1.000000
v 1.271124 14.259138 -5.745103 1.000000 1.000000 1.000000
v -0.000000 9.849459 -7.398087 1.000000 1.000000 1.000000
v -0.000000 8.809980 -7.563083 1.000000 1.000000 1.000000
v -0.000000 8.314991 -7.505334 1.000000 1.000000 1.000000
v 1.168646 9.849459 -7.398087 1.000000 1.000000 1.000000
v -0.000000 10.674441 -6.993845 1.000000 1.000000 1.000000
v 1.289816 10.674441 -6.993845 1.000000 1.000000 1.000000
v -0.000000 10.954935 -6.738101 1.000000 1.000000 1.000000
v 1.327522 10.954935 -6.738101 1.000000 1.000000 1.000000
v -0.000000 11.111682 -6.292610 1.000000 1.000000 1.000000
v 1.438936 11.111682 -6.292610 1.000000 1.000000 1.000000
v 1.438936 10.905437 -5.533626 1.000000 1.000000 1.000000
v -0.000000 10.905437 -5.533626 1.000000 1.000000 1.000000
v 1.438936 10.220700 -4.452899 1.000000 1.000000 1.000000
v -0.000000 10.220700 -4.452899 1.000000 1.000000 1.000000
v 1.438936 9.420467 -3.652666 1.000000 1.000000 1.000000
v -0.000000 9.420467 -3.652666 1.000000 1.000000 1.000000
v 1.438936 8.683991 -3.170405 1.000000 1.000000 1.000000
v -0.000000 8.683991 -3.170405 1.000000 1.000000 1.000000
v 1.438936 7.899360 -2.866361 1.000000 1.000000 1.000000
v -0.000000 7.899360 -2.866361 1.000000 1.000000 1.000000
v 1.279749 7.025817 -2.629096 1.000000 1.000000 1.000000
v 0.000000 7.025817 -2.629096 1.000000 1.000000 1.000000
v 1.168986 6.234262 -2.468048 1.000000 1.000000 1.000000
v 0.000000 6.234262 -2.468048 1.000000 1.000000 1.000000
v 1.004093 4.603910 -2.268080 1.000000 1.000000 1.000000
v -0.000000 4.603910 -2.268080 1.000000 1.000000 1.000000
v 1.282088 11.455346 9.417460 1.000000 1.000000 1.000000
v 1.282088 11.025249 9.528221 1.000000 1.000000 1.000000
v 1.053437 10.821770 9.033034 1.000000 1.000000 1.000000
v 1.282088 11.236572 8.909350 1.000000 1.000000 1.000000
v 1.053437 10.458600 9.277289 1.000000 1.000000 1.000000
v 1.053437 10.910360 8.424969 1.000000 1.000000 1.000000
v 1.320557 10.684504 9.651526 1.000000 1.000000 1.000000
v 1.353790 10.260120 9.664845 1.000000 1.000000 1.000000
v 1.105260 10.128340 9.354984 1.000000 1.000000 1.000000
v 1.282088 11.264717 8.396056 1.000000 1.000000 1.000000
v 1.053437 11.205510 7.650952 1.000000 1.000000 1.000000
v 1.282088 11.473627 7.800042 1.000000 1.000000 1.000000
v 1.053437 11.573670 7.118604 1.000000 1.000000 1.000000
v 1.282088 11.836900 7.318758 1.000000 1.000000 1.000000
v 1.053437 11.876775 6.680324 1.000000 1.000000 1.000000
v 1.282088 12.157152 6.831067 1.000000 1.000000 1.000000
v 1.053437 12.314496 6.440565 1.000000 1.000000 1.000000
v 1.053437 12.176517 5.990564 1.000000 1.000000 1.000000
v 1.053437 12.488925 7.009443 1.000000 1.000000 1.000000
v 1.053437 12.063855 7.491331 1.000000 1.000000 1.000000
v 1.282088 11.836900 7.318758 1.000000 1.000000 1.000000
v 1.053437 11.755126 7.956573 1.000000 1.000000 1.000000
v 1.282088 11.473627 7.800042 1.000000 1.000000 1.000000
v 1.053437 11.670990 8.362909 1.000000 1.000000 1.000000
v 1.282088 11.264717 8.396056 1.000000 1.000000 1.000000
v 1.053437 11.691942 8.773569 1.000000 1.000000 1.000000
v 1.282088 11.236572 8.909350 1.000000 1.000000 1.000000
v 1.053437 11.803335 9.189385 1.000000 1.000000 1.000000
v 1.282088 11.455346 9.417460 1.000000 1.000000 1.000000
v 1.053437 11.917782 9.376114 1.000000 1.000000 1.000000
v -1.214175 4.716101 3.324954 1.000000 1.000000 1.000000
v -1.214175 5.225658 3.576517 1.000000 1.000000 1.000000
v -0.623784 4.867049 2.408064 1.000000 1.000000 1.000000
v -0.000000 4.867049 2.408064 1.000000 1.000000 1.000000
v -0.623784 4.406484 2.169253 1.000000 1.000000 1.000000
v -0.000000 4.406484 2.169253 1.000000 1.000000 1.000000
v -0.000000 4.219003 1.910614 1.000000 1.000000 1.000000
v -0.502099 3.746699 1.755927 1.000000 1.000000 1.000000
v -0.398245 3.741125 1.310536 1.000000 1.000000 1.000000
v -0.000000 4.046062 1.268954 1.000000 1.000000 1.000000
v -0.762583 3.790518 2.098857 1.000000 1.000000 1.000000
v -0.391350 3.734402 0.773219 1.000000 1.000000 1.000000
v -0.000000 4.202867 0.670243 1.000000 1.000000 1.000000
v -0.590381 3.783170 0.019231 1.000000 1.000000 1.000000
v -0.000000 4.673282 0.078660 1.000000 1.000000 1.000000
v -0.355493 4.574318 -0.144825 1.000000 1.000000 1.000000
v -0.156999 5.190318 -0.229581 1.000000 1.000000 1.000000
v -0.000000 5.207845 -0.156548 1.000000 1.000000 1.000000
v -0.000000 5.507201 -0.177930 1.000000 1.000000 1.000000
v -0.284490 2.763102 1.981438 1.000000 1.000000 1.000000
v -0.502099 3.746699 1.755927 1.000000 1.000000 1.000000
v -0.000000 3.326183 1.618202 1.000000 1.000000 1.000000
v -0.398245 3.741125 1.310536 1.000000 1.000000 1.000000
v -0.000000 3.418841 1.354484 1.000000 1.000000 1.000000
v -0.000000 3.326183 0.862686 1.000000 1.000000 1.000000
v -0.000000 2.763102 1.981438 1.000000 1.000000 1.000000
v -0.391350 3.734402 0.773219 1.000000 1.000000 1.000000
v -0.525718 3.199379 0.156957 1.000000 1.000000 1.000000
v -0.590381 3.783170 0.019231 1.000000 1.000000 1.000000
v -0.000000 3.033955 0.620351 1.000000 1.000000 1.000000
v -0.496878 3.053477 0.181558 1.000000 1.000000 1.000000
v -0.247429 2.442711 0.405113 1.000000 1.000000 1.000000
v -0.000000 2.463755 0.570458 1.000000 1.000000 1.000000
v -0.000000 1.957701 0.613223 1.000000 1.000000 1.000000
v -0.169927 2.057479 1.967183 1.000000 1.000000 1.000000
v -0.000000 2.057479 1.967183 1.000000 1.000000 1.000000
v -0.145249 1.465896 1.788995 1.000000 1.000000 1.000000
v -0.000000 1.465896 1.788995 1.000000 1.000000 1.000000
v -0.000000 1.023998 1.489907 1.000000 1.000000 1.000000
v -1.096190 2.493517 3.391921 1.000000 1.000000 1.000000
v -0.169927 2.057479 1.967183 1.000000 1.000000 1.000000
v -1.214175 1.898239 3.602372 1.000000 1.000000 1.000000
v -1.214175 1.316218 3.235879 1.000000 1.000000 1.000000
v -1.214175 0.859883 3.094583 1.000000 1.000000 1.000000
v -0.930536 0.744941 2.614361 1.000000 1.000000 1.000000
v -0.145249 1.465896 1.788995 1.000000 1.000000 1.000000
v -0.580023 0.437102 2.129210 1.000000 1.000000 1.000000
v -0.000000 1.023998 1.489907 1.000000 1.000000 1.000000
v -0.398085 0.304818 1.822551 1.000000 1.000000 1.000000
v -0.000000 0.860065 1.325974 1.000000 1.000000 1.000000
v -0.381098 0.167091 1.488713 1.000000 1.000000 1.000000
v -0.000000 0.806745 0.978045 1.000000 1.000000 1.000000
v -0.543585 0.043452 1.208382 1.000000 1.000000 1.000000
v -0.764408 -0.116044 0.846753 1.000000 1.000000 1.000000
v -0.543585 0.409346 0.678968 1.000000 1.000000 1.000000
v -0.251341 0.905056 0.541641 1.000000 1.000000 1.000000
v -0.000000 0.988360 0.727263 1.000000 1.000000 1.000000
v -0.000000 1.309098 0.463546 1.000000 1.000000 1.000000
v -0.000000 -0.192044 2.003540 1.000000 1.000000 1.000000
v -0.398085 0.304818 1.822551 1.000000 1.000000 1.000000
v -0.000000 -0.268193 2.350443 1.000000 1.000000 1.000000
v -0.000000 -0.259732 1.588948 1.000000 1.000000 1.000000
v -0.381098 0.167091 1.488713 1.000000 1.000000 1.000000
v -0.543585 0.043452 1.208382 1.000000 1.000000 1.000000
v -0.000000 -0.572791 1.394344 1.000000 1.000000 1.000000
v -0.764408 -0.116044 0.846753 1.000000 1.000000 1.000000
v -0.543585 -0.704701 1.034743 1.000000 1.000000 1.000000
v -0.251341 -1.248708 1.216329 1.000000 1.000000 1.000000
v -0.000000 -1.190447 1.326656 1.000000 1.000000 1.000000
v -0.000000 -1.588117 1.360500 1.000000 1.000000 1.000000
v -1.543371 7.616815 7.107202 1.000000 1.000000 1.000000
v -1.482613 7.576757 7.564792 1.000000 1.000000 1.000000
v -1.253962 7.733835 7.634944 1.000000 1.000000 1.000000
v -1.470637 7.711262 8.039515 1.000000 1.000000 1.000000
v -1.241986 7.854738 8.037247 1.000000 1.000000 1.000000
v -0.000000 7.733835 7.634944 1.000000 1.000000 1.000000
v -0.000000 7.854738 8.037247 1.000000 1.000000 1.000000
v -0.000000 8.252764 8.715888 1.000000 1.000000 1.000000
v -1.342648 8.252764 8.715888 1.000000 1.000000 1.000000
v -1.571299 8.105749 8.845528 1.000000 1.000000 1.000000
v 1.482613 7.576757 7.564792 1.000000 1.000000 1.000000
v 1.543371 7.616815 7.107202 1.000000 1.000000 1.000000
v 1.253962 7.733835 7.634944 1.000000 1.000000 1.000000
v 1.470637 7.711262 8.039515 1.000000 1.000000 1.000000
v 1.241986 7.854738 8.037247 1.000000 1.000000 1.000000
v -0.000000 7.733835 7.634944 1.000000 1.000000 1.000000
v -0.000000 7.854738 8.037247 1.000000 1.000000 1.000000
v -0.000000 8.252764 8.715888 1.000000 1.000000 1.000000
v 1.342648 8.252764 8.715888 1.000000 1.000000 1.000000
v 1.571299 8.105749 8.845528 1.000000 1.000000 1.000000
v 1.578988 10.639120 -1.386492 1.000000 1.000000 1.000000
v 1.892512 10.095481 -1.705465 1.000000 1.000000 1.000000
v 1.834231 10.722901 -1.781330 1.000000 1.000000 1.000000
v 1.776825 11.185441 -1.309969 1.000000 1.000000 1.000000
v 1.578988 10.113619 -1.503270 1.000000 1.000000 1.000000
v 1.829017 11.289751 -1.895817 1.000000 1.000000 1.000000
v 1.578988 9.704814 -1.438361 1.000000 1.000000 1.000000
v 1.934284 9.687949 -1.610541 1.000000 1.000000 1.000000
v -0.000000 10.113619 -1.503270 1.000000 1.000000 1.000000
v -0.000000 9.704814 -1.438361 1.000000 1.000000 1.000000
v 1.578988 10.639120 -1.386492 1.000000 1.000000 1.000000
v -0.000000 10.639120 -1.386492 1.000000 1.000000 1.000000
v 1.518232 10.942506 -0.966091 1.000000 1.000000 1.000000
v 1.359842 11.841937 -1.398170 1.000000 1.000000 1.000000
v 1.767657 12.360060 -2.647646 1.000000 1.000000 1.000000
v 1.735706 11.165105 -0.927606 1.000000 1.000000 1.000000
v 1.518232 11.082877 -0.300455 1.000000 1.000000 1.000000
v 1.445896 11.478983 -0.873283 1.000000 1.000000 1.000000
v 1.518232 11.082877 -0.300455 1.000000 1.000000 1.000000
v 1.306628 12.892940 -2.250651 1.000000 1.000000 1.000000
v 1.804443 13.178074 -3.292960 1.000000 1.000000 1.000000
v 1.290969 13.681231 -2.741834 1.000000 1.000000 1.000000
v 1.588839 14.250467 -4.061806 1.000000 1.000000 1.000000
v -1.306705 10.975287 -2.288093 1.000000 1.000000 1.000000
v -1.834231 10.722901 -1.781330 1.000000 1.000000 1.000000
v -1.829017 11.289751 -1.895817 1.000000 1.000000 1.000000
v -1.306705 11.990016 -2.923330 1.000000 1.000000 1.000000
v -1.767657 12.360060 -2.647646 1.000000 1.000000 1.000000
v -1.306705 12.892940 -3.605278 1.000000 1.000000 1.000000
v -1.804443 13.178074 -3.292960 1.000000 1.000000 1.000000
v -1.306705 13.809586 -4.388031 1.000000 1.000000 1.000000
v -1.588839 14.250467 -4.061806 1.000000 1.000000 1.000000
v -1.225562 14.971591 -5.380306 1.000000 1.000000 1.000000
v -0.000000 13.809586 -4.388031 1.000000 1.000000 1.000000
v -0.000000 14.971591 -5.380306 1.000000 1.000000 1.000000
v -0.000000 12.892940 -3.605278 1.000000 1.000000 1.000000
v -1.306705 12.892940 -3.605278 1.000000 1.000000 1.000000
v -0.000000 11.990016 -2.923330 1.000000 1.000000 1.000000
v -1.306705 11.990016 -2.923330 1.000000 1.000000 1.000000
v -0.000000 10.975287 -2.288093 1.000000 1.000000 1.000000
v -0.000000 10.073750 -1.947708 1.000000 1.000000 1.000000
v -1.393602 10.073750 -1.947708 1.000000 1.000000 1.000000
v -0.000000 9.669862 -1.795216 1.000000 1.000000 1.000000
v -1.457161 9.669862 -1.795216 1.000000 1.000000 1.000000
v -1.892512 10.095481 -1.705465 1.000000 1.000000 1.000000
v -1.934284 9.687949 -1.610541 1.000000 1.000000 1.000000
v 1.524168 10.744222 0.143302 1.000000 1.000000 1.000000
v -0.000000 10.183686 0.388536 1.000000 1.000000 1.000000
v -0.000000 10.744222 0.143302 1.000000 1.000000 1.000000
v 1.714176 10.183686 0.388536 1.000000 1.000000 1.000000
v -0.000000 9.494695 0.400214 1.000000 1.000000 1.000000
v 1.819638 9.494695 0.400214 1.000000 1.000000 1.000000
v 1.892512 10.095481 -1.705465 1.000000 1.000000 1.000000
v 1.457161 9.669862 -1.795216 1.000000 1.000000 1.000000
v 1.393602 10.073750 -1.947708 1.000000 1.000000 1.000000
v 1.934284 9.687949 -1.610541 1.000000 1.000000 1.000000
v -0.000000 9.669862 -1.795216 1.000000 1.000000 1.000000
v -0.000000 10.073750 -1.947708 1.000000 1.000000 1.000000
v -0.000000 10.975287 -2.288093 1.000000 1.000000 1.000000
v -0.000000 11.990016 -2.923330 1.000000 1.000000 1.000000
v 1.306705 11.990016 -2.923330 1.000000 1.000000 1.000000
v -0.000000 12.892940 -3.605278 1.000000 1.000000 1.000000
v 1.306705 12.892940 -3.605278 1.000000 1.000000 1.000000
v -0.000000 13.809586 -4.388031 1.000000 1.000000 1.000000
v 1.306705 13.809586 -4.388031 1.000000 1.000000 1.000000
v 1.225562 14.971591 -5.380306 1.000000 1.000000 1.000000
v -0.000000 14.971591 -5.380306 1.000000 1.000000 1.000000
v -1.035536 1.367155 -6.883739 1.000000 1.000000 1.000000
v -0.000000 1.545033 -6.422770 1.000000 1.000000 1.000000
v -0.000000 1.358682 -6.883739 1.000000 1.000000 1.000000
v -1.129801 1.547235 -6.422770 1.000000 1.000000 1.000000
v 1.035536 1.367155 -6.883739 1.000000 1.000000 1.000000
v -0.000000 1.358682 -6.883739 1.000000 1.000000 1.000000
v -0.000000 1.545033 -6.422770 1.000000 1.000000 1.000000
v 1.129801 1.547235 -6.422770 1.000000 1.000000 1.000000
v 0.617669 6.193831 1.928675 1.000000 1.000000 1.000000
v -0.000000 5.532308 2.322774 1.000000 1.000000 1.000000
v -0.000000 6.334032 1.845152 1.000000 1.000000 1.000000
v 0.616373 6.334032 1.845152 1.000000 1.000000 1.000000
v 0.623784 5.532308 2.322774 1.000000 1.000000 1.000000
v 0.623784 4.867049 2.408064 1.000000 1.000000 1.000000
v -0.000000 4.867049 2.408064 1.000000 1.000000 1.000000
v -0.000000 4.406484 2.169253 1.000000 1.000000 1.000000
v 0.623784 4.406484 2.169253 1.000000 1.000000 1.000000
v 0.623784 5.532308 2.322774 1.000000 1.000000 1.000000
v -0.000000 4.219003 1.910614 1.000000 1.000000 1.000000
v 0.502099 3.746699 1.755927 1.000000 1.000000 1.000000
v 0.398245 3.741125 1.310536 1.000000 1.000000 1.000000
v -0.000000 4.046062 1.268954 1.000000 1.000000 1.000000
v 0.623784 4.867049 2.408064 1.000000 1.000000 1.000000
v -0.000000 -9.443454 1.878534 1.000000 1.000000 1.000000
v -0.625928 -12.923210 2.357012 1.000000 1.000000 1.000000
v -0.558051 -9.318780 2.466146 1.000000 1.000000 1.000000
v -0.000000 -13.010799 1.764983 1.000000 1.000000 1.000000
v -0.655573 -15.045546 2.380463 1.000000 1.000000 1.000000
v -0.000000 -15.355901 1.812677 1.000000 1.000000 1.000000
v -0.793981 -16.485756 2.468405 1.000000 1.000000 1.000000
v -0.000000 -16.535110 1.985425 1.000000 1.000000 1.000000
v -1.006811 -16.169874 2.997856 1.000000 1.000000 1.000000
v -0.895644 -14.859059 2.953559 1.000000 1.000000 1.000000
v -0.826607 -12.852039 2.851739 1.000000 1.000000 1.000000
v -0.758730 -9.271682 2.927440 1.000000 1.000000 1.000000
v -0.870745 -5.311367 3.107675 1.000000 1.000000 1.000000
v -0.670066 -5.182866 2.535774 1.000000 1.000000 1.000000
v -1.005314 -2.705943 3.226248 1.000000 1.000000 1.000000
v -0.000000 -4.948416 1.980153 1.000000 1.000000 1.000000
v -0.804635 -2.477141 2.774002 1.000000 1.000000 1.000000
v -0.860590 -0.904601 3.189989 1.000000 1.000000 1.000000
v 0.490615 21.169741 -4.301814 1.000000 1.000000 1.000000
v 0.482084 22.684162 -4.813789 1.000000 1.000000 1.000000
v -0.000000 21.169741 -4.301814 1.000000 1.000000 1.000000
v 0.254859 20.375504 -4.033310 1.000000 1.000000 1.000000
v -0.000000 22.684162 -4.813789 1.000000 1.000000 1.000000
v -0.000000 25.000000 -5.596695 1.000000 1.000000 1.000000
v -0.000000 20.375504 -4.033310 1.000000 1.000000 1.000000
v -0.000000 19.660557 -3.791610 1.000000 1.000000 1.000000
v 1.266807 9.293125 -6.128358 1.000000 1.000000 1.000000
v 1.367984 9.214801 -6.182435 1.000000 1.000000 1.000000
v 1.266807 9.450190 -6.609118 1.000000 1.000000 1.000000
v -0.000000 9.450190 -6.609118 1.000000 1.000000 1.000000
v -0.000000 9.293125 -6.128358 1.000000 1.000000 1.000000
v 1.465389 8.977919 -5.874545 1.000000 1.000000 1.000000
v -0.000000 9.086485 -5.736299 1.000000 1.000000 1.000000
v 1.322044 9.086485 -5.736299 1.000000 1.000000 1.000000
v 1.322044 9.086485 -5.736299 1.000000 1.000000 1.000000
v 1.678743 8.183682 -5.079450 1.000000 1.000000 1.000000
v -0.000000 8.439978 -4.618118 1.000000 1.000000 1.000000
v 1.375736 8.439978 -4.618118 1.000000 1.000000 1.000000
v 1.730328 7.310233 -4.510508 1.000000 1.000000 1.000000
v 1.326804 7.619886 -3.792890 1.000000 1.000000 1.000000
v 1.375736 8.439978 -4.618118 1.000000 1.000000 1.000000
v 1.326804 7.619886 -3.792890 1.000000 1.000000 1.000000
v -0.000000 7.619886 -3.792890 1.000000 1.000000 1.000000
v -1.266807 9.450190 -6.609118 1.000000 1.000000 1.000000
v -0.000000 9.293125 -6.128358 1.000000 1.000000 1.000000
v -0.000000 9.450190 -6.609118 1.000000 1.000000 1.000000
v -1.266807 9.293125 -6.128358 1.000000 1.000000 1.000000
v -0.000000 9.086485 -5.736299 1.000000 1.000000 1.000000
v -1.322044 9.086485 -5.736299 1.000000 1.000000 1.000000
v -0.000000 8.439978 -4.618118 1.000000 1.000000 1.000000
v -1.375736 8.439978 -4.618118 1.000000 1.000000 1.000000
v -1.326804 7.619886 -3.792890 1.000000 1.000000 1.000000
v -0.000000 7.619886 -3.792890 1.000000 1.000000 1.000000
v -0.000000 6.334032 1.845152 1.000000 1.000000 1.000000
v -0.617669 6.193831 1.928675 1.000000 1.000000 1.000000
v -0.616373 6.334032 1.845152 1.000000 1.000000 1.000000
v -0.000000 5.532308 2.322774 1.000000 1.000000 1.000000
v -0.623784 5.532308 2.322774 1.000000 1.000000 1.000000
v -1.241986 7.553651 8.043903 1.000000 1.000000 1.000000
v -1.571299 8.105749 8.845528 1.000000 1.000000 1.000000
v -1.470637 7.711262 8.039515 1.000000 1.000000 1.000000
v -1.342648 7.920274 9.008483 1.000000 1.000000 1.000000
v -0.000000 7.921473 9.008026 1.000000 1.000000 1.000000
v -0.000000 7.553651 8.043903 1.000000 1.000000 1.000000
v -1.482613 7.576757 7.564792 1.000000 1.000000 1.000000
v -0.000000 7.439544 7.481184 1.000000 1.000000 1.000000
v -1.253962 7.439544 7.481184 1.000000 1.000000 1.000000
v -1.543371 7.616815 7.107202 1.000000 1.000000 1.000000
v -1.227042 7.528508 6.459928 1.000000 1.000000 1.000000
v -0.000000 7.528508 6.459928 1.000000 1.000000 1.000000
v -1.366907 7.853528 7.025597 1.000000 1.000000 1.000000
v -1.595559 7.800243 7.296865 1.000000 1.000000 1.000000
v -1.253962 7.733835 7.634944 1.000000 1.000000 1.000000
v -1.426776 8.219926 7.436294 1.000000 1.000000 1.000000
v -1.655427 8.187242 7.598279 1.000000 1.000000 1.000000
v -1.426776 8.164730 7.824278 1.000000 1.000000 1.000000
v -1.655427 8.187242 7.598279 1.000000 1.000000 1.000000
v -1.456544 8.523357 7.928125 1.000000 1.000000 1.000000
v -1.685195 8.530790 7.738893 1.000000 1.000000 1.000000
v -1.685195 8.807659 7.845242 1.000000 1.000000 1.000000
v -1.456544 9.024485 8.073236 1.000000 1.000000 1.000000
v -0.000000 9.024485 8.073236 1.000000 1.000000 1.000000
v -0.000000 8.523357 7.928125 1.000000 1.000000 1.000000
v -1.426776 8.164730 7.824278 1.000000 1.000000 1.000000
v -0.000000 8.164730 7.824278 1.000000 1.000000 1.000000
v -1.253962 7.733835 7.634944 1.000000 1.000000 1.000000
v -0.000000 7.733835 7.634944 1.000000 1.000000 1.000000
v -1.456544 8.538398 7.545244 1.000000 1.000000 1.000000
v -1.685195 8.530790 7.738893 1.000000 1.000000 1.000000
v -1.685195 8.807659 7.845242 1.000000 1.000000 1.000000
v -0.000000 8.538398 7.545244 1.000000 1.000000 1.000000
v -0.000000 8.219926 7.436294 1.000000 1.000000 1.000000
v -1.366907 7.853528 7.025597 1.000000 1.000000 1.000000
v -0.000000 7.853528 7.025597 1.000000 1.000000 1.000000
v -1.227042 7.528508 6.459928 1.000000 1.000000 1.000000
v -0.000000 7.528508 6.459928 1.000000 1.000000 1.000000
v -0.000000 -19.378284 4.151283 1.000000 1.000000 1.000000
v -1.036454 -19.161501 4.148577 1.000000 1.000000 1.000000
v -0.733484 -18.911251 4.519975 1.000000 1.000000 1.000000
v -0.000000 -18.911251 4.519975 1.000000 1.000000 1.000000
v -0.859591 -18.974659 4.146246 1.000000 1.000000 1.000000
v -0.989905 -18.888052 3.820067 1.000000 1.000000 1.000000
v -1.265207 -19.277050 3.787186 1.000000 1.000000 1.000000
v -0.000000 -18.974659 4.146246 1.000000 1.000000 1.000000
v -0.000000 -18.911251 4.519975 1.000000 1.000000 1.000000
v -0.000000 -18.888052 3.820067 1.000000 1.000000 1.000000
v -0.989905 -18.888052 3.820067 1.000000 1.000000 1.000000
v -0.000000 -18.734711 3.421491 1.000000 1.000000 1.000000
v -1.194531 -18.734711 3.421491 1.000000 1.000000 1.000000
v -1.194531 -18.734711 3.421491 1.000000 1.000000 1.000000
v -1.634046 -19.286722 3.163433 1.000000 1.000000 1.000000
v -1.513850 -18.851604 3.067331 1.000000 1.000000 1.000000
v -1.513850 -18.423634 2.949235 1.000000 1.000000 1.000000
v -1.365774 -18.214891 3.137063 1.000000 1.000000 1.000000
v -1.544097 -17.920784 2.706191 1.000000 1.000000 1.000000
v -1.365774 -17.655842 3.097831 1.000000 1.000000 1.000000
v -1.634046 -17.686121 2.546955 1.000000 1.000000 1.000000
v -1.634046 -17.501743 2.722953 1.000000 1.000000 1.000000
v -1.571596 -17.091084 3.079138 1.000000 1.000000 1.000000
v -1.308299 -17.176113 3.227924 1.000000 1.000000 1.000000
v -1.106012 -16.576973 3.548994 1.000000 1.000000 1.000000
v -1.406053 -16.486982 3.402166 1.000000 1.000000 1.000000
v -1.296027 -16.239441 3.483665 1.000000 1.000000 1.000000
v -0.000000 -16.239441 3.483665 1.000000 1.000000 1.000000
v -1.039488 -15.968884 3.431299 1.000000 1.000000 1.000000
v -0.000000 -15.968884 3.431299 1.000000 1.000000 1.000000
v -0.000000 -16.576973 3.548994 1.000000 1.000000 1.000000
v -0.000000 -17.176113 3.227924 1.000000 1.000000 1.000000
v -0.000000 -17.655842 3.097831 1.000000 1.000000 1.000000
v -1.365774 -17.655842 3.097831 1.000000 1.000000 1.000000
v -0.000000 -18.214891 3.137063 1.000000 1.000000 1.000000
v -1.365774 -18.214891 3.137063 1.000000 1.000000 1.000000
v -1.194531 -18.734711 3.421491 1.000000 1.000000 1.000000
v -0.000000 -18.734711 3.421491 1.000000 1.000000 1.000000
v -0.000000 5.924641 0.054068 1.000000 1.000000 1.000000
v 0.616373 5.924641 0.054068 1.000000 1.000000 1.000000
v 0.455021 5.719945 0.565807 1.000000 1.000000 1.000000
v -0.000000 5.719945 0.565807 1.000000 1.000000 1.000000
v 0.616373 5.890525 -0.338264 1.000000 1.000000 1.000000
v -0.000000 5.890525 -0.338264 1.000000 1.000000 1.000000
v -0.001125 5.693774 -0.927562 1.000000 1.000000 1.000000
v 0.640119 5.693774 -0.927562 1.000000 1.000000 1.000000
v -1.456544 8.538398 7.545244 1.000000 1.000000 1.000000
v -1.685195 8.807659 7.845242 1.000000 1.000000 1.000000
v -1.685195 8.727830 7.516671 1.000000 1.000000 1.000000
v -1.474295 8.401708 6.831975 1.000000 1.000000 1.000000
v -1.702946 8.544155 6.797439 1.000000 1.000000 1.000000
v -1.598175 8.328905 6.070377 1.000000 1.000000 1.000000
v -0.000000 8.401708 6.831975 1.000000 1.000000 1.000000
v -0.000000 8.538398 7.545244 1.000000 1.000000 1.000000
v -1.369524 8.178021 6.078600 1.000000 1.000000 1.000000
v -0.000000 8.178021 6.078600 1.000000 1.000000 1.000000
v -1.306947 7.815371 5.517719 1.000000 1.000000 1.000000
v -1.421686 7.903288 5.460470 1.000000 1.000000 1.000000
v -0.000000 7.815371 5.517719 1.000000 1.000000 1.000000
v -1.233373 7.341698 4.911524 1.000000 1.000000 1.000000
v -0.000000 7.341698 4.911524 1.000000 1.000000 1.000000
v -0.000000 6.241757 5.397081 1.000000 1.000000 1.000000
v 0.904717 6.241757 5.397081 1.000000 1.000000 1.000000
v 0.904717 6.341733 6.511091 1.000000 1.000000 1.000000
v -0.000000 5.941832 4.854359 1.000000 1.000000 1.000000
v 0.904717 5.941832 4.854359 1.000000 1.000000 1.000000
v -0.000000 6.341733 6.511091 1.000000 1.000000 1.000000
v 0.904717 6.356786 7.703155 1.000000 1.000000 1.000000
v -0.000000 6.356786 7.703155 1.000000 1.000000 1.000000
v 0.882307 6.095252 8.880057 1.000000 1.000000 1.000000
v -0.000000 6.095252 8.880057 1.000000 1.000000 1.000000
v -0.904717 6.341733 6.511091 1.000000 1.000000 1.000000
v -0.000000 6.356786 7.703155 1.000000 1.000000 1.000000
v -0.904717 6.356786 7.703155 1.000000 1.000000 1.000000
v -0.882307 6.095252 8.880057 1.000000 1.000000 1.000000
v -0.000000 6.095252 8.880057 1.000000 1.000000 1.000000
v -0.000000 6.341733 6.511091 1.000000 1.000000 1.000000
v -0.904717 6.241757 5.397081 1.000000 1.000000 1.000000
v -0.000000 6.241757 5.397081 1.000000 1.000000 1.000000
v -0.000000 5.941832 4.854359 1.000000 1.000000 1.000000
v -1.832413 12.964810 -7.280923 1.000000 1.000000 1.000000
v -1.832413 12.401811 -7.257101 1.000000 1.000000 1.000000
v -1.438936 13.124640 -6.573104 1.000000 1.000000 1.000000
v -1.832413 12.257043 -6.639081 1.000000 1.000000 1.000000
v -1.438936 12.712149 -5.508877 1.000000 1.000000 1.000000
v -1.832413 11.952559 -5.880840 1.000000 1.000000 1.000000
v -1.832413 11.658850 -5.206529 1.000000 1.000000 1.000000
v -1.438936 12.720398 -4.873640 1.000000 1.000000 1.000000
v -1.438936 12.951393 -4.477648 1.000000 1.000000 1.000000
v -1.438936 11.940210 -3.650992 1.000000 1.000000 1.000000
v -0.000000 12.951393 -4.477648 1.000000 1.000000 1.000000
v -1.832413 11.120269 -4.033378 1.000000 1.000000 1.000000
v -0.000000 12.720398 -4.873640 1.000000 1.000000 1.000000
v -1.438936 10.331717 -2.935016 1.000000 1.000000 1.000000
v -1.438936 12.712149 -5.508877 1.000000 1.000000 1.000000
v -1.832413 9.835378 -3.325905 1.000000 1.000000 1.000000
v -0.000000 12.712149 -5.508877 1.000000 1.000000 1.000000
v -1.438936 13.124640 -6.573104 1.000000 1.000000 1.000000
v 0.000000 13.124640 -6.573104 1.000000 1.000000 1.000000
v -1.438936 8.811494 -2.483853 1.000000 1.000000 1.000000
v -1.832413 8.755636 -2.784626 1.000000 1.000000 1.000000
v -1.438936 8.095518 -2.287695 1.000000 1.000000 1.000000
v -1.832413 8.020740 -2.508291 1.000000 1.000000 1.000000
v -1.571671 7.037385 -2.348605 1.000000 1.000000 1.000000
v -0.000000 8.095518 -2.287695 1.000000 1.000000 1.000000
v -0.000000 8.811494 -2.483853 1.000000 1.000000 1.000000
v -1.438936 10.331717 -2.935016 1.000000 1.000000 1.000000
v -0.000000 10.331717 -2.935016 1.000000 1.000000 1.000000
v -1.438936 11.940210 -3.650992 1.000000 1.000000 1.000000
v 0.000000 11.940210 -3.650992 1.000000 1.000000 1.000000
v -0.000000 12.951393 -4.477648 1.000000 1.000000 1.000000
v -1.438936 12.951393 -4.477648 1.000000 1.000000 1.000000
v -1.279749 7.047363 -2.106670 1.000000 1.000000 1.000000
v -0.000000 7.047363 -2.106670 1.000000 1.000000 1.000000
v -1.373341 6.233994 -2.234914 1.000000 1.000000 1.000000
v -1.168986 6.233820 -2.083258 1.000000 1.000000 1.000000
v -0.000000 6.233820 -2.083258 1.000000 1.000000 1.000000
v -1.004093 4.603910 -2.268080 1.000000 1.000000 1.000000
v -0.000000 4.603910 -2.268080 1.000000 1.000000 1.000000
v -0.499470 -16.294386 4.115527 1.000000 1.000000 1.000000
v -0.828515 -16.160965 3.080747 1.000000 1.000000 1.000000
v -1.325600 -16.767433 3.079421 1.000000 1.000000 1.000000
v -0.760883 -17.553349 3.561444 1.000000 1.000000 1.000000
v -0.395511 -15.878035 3.770260 1.000000 1.000000 1.000000
v -0.419109 -15.550138 3.256277 1.000000 1.000000 1.000000
v -0.000000 -15.550138 3.455745 1.000000 1.000000 1.000000
v -0.000000 -15.878035 3.969727 1.000000 1.000000 1.000000
v -0.000000 -16.294386 4.314994 1.000000 1.000000 1.000000
v -0.000000 -16.294386 4.314994 1.000000 1.000000 1.000000
v 1.504387 7.280568 -0.546507 1.000000 1.000000 1.000000
v 1.332114 6.496665 -1.115492 1.000000 1.000000 1.000000
v 1.819638 8.046645 -0.207032 1.000000 1.000000 1.000000
v 1.024951 6.318328 -0.954413 1.000000 1.000000 1.000000
v 0.828100 4.916990 -1.374814 1.000000 1.000000 1.000000
v -0.000000 6.318328 -0.954413 1.000000 1.000000 1.000000
v -0.000000 4.916990 -1.374814 1.000000 1.000000 1.000000
v -0.000000 7.280568 -0.546507 1.000000 1.000000 1.000000
v 1.504387 7.280568 -0.546507 1.000000 1.000000 1.000000
v -0.000000 8.046645 -0.207032 1.000000 1.000000 1.000000
v 1.819638 8.046645 -0.207032 1.000000 1.000000 1.000000
v 1.819638 8.796845 0.345510 1.000000 1.000000 1.000000
v -0.000000 8.796845 0.345510 1.000000 1.000000 1.000000
v 2.126800 8.611009 -0.223734 1.000000 1.000000 1.000000
v 1.819638 8.796845 0.345510 1.000000 1.000000 1.000000
v 2.126800 8.972743 0.249185 1.000000 1.000000 1.000000
v 2.126800 8.487597 -1.019730 1.000000 1.000000 1.000000
v 1.744485 9.027582 -0.790923 1.000000 1.000000 1.000000
v 1.983774 9.186901 -1.379770 1.000000 1.000000 1.000000
v 1.819638 8.954080 -0.233886 1.000000 1.000000 1.000000
v 2.126800 8.972743 0.249185 1.000000 1.000000 1.000000
v 1.819638 9.208776 0.119928 1.000000 1.000000 1.000000
v 1.578988 9.331205 -1.269714 1.000000 1.000000 1.000000
v 1.934284 9.687949 -1.610541 1.000000 1.000000 1.000000
v 1.578988 9.704814 -1.438361 1.000000 1.000000 1.000000
v -0.000000 9.704814 -1.438361 1.000000 1.000000 1.000000
v -0.000000 9.331205 -1.269714 1.000000 1.000000 1.000000
v -0.000000 9.027582 -0.790923 1.000000 1.000000 1.000000
v 1.744485 9.027582 -0.790923 1.000000 1.000000 1.000000
v -0.000000 8.954080 -0.233886 1.000000 1.000000 1.000000
v 1.819638 8.954080 -0.233886 1.000000 1.000000 1.000000
v 1.819638 8.954080 -0.233886 1.000000 1.000000 1.000000
v -0.000000 9.208776 0.119928 1.000000 1.000000 1.000000
v -0.000000 8.954080 -0.233886 1.000000 1.000000 1.000000
v -0.000000 13.047958 4.625613 1.000000 1.000000 1.000000
v 0.452268 13.047958 4.625613 1.000000 1.000000 1.000000
v 0.452268 13.749705 4.993663 1.000000 1.000000 1.000000
v -0.000000 12.391741 4.581244 1.000000 1.000000 1.000000
v -0.000000 13.749705 4.993663 1.000000 1.000000 1.000000
v 0.452268 12.391741 4.581244 1.000000 1.000000 1.000000
v -0.000000 12.110088 4.621480 1.000000 1.000000 1.000000
v 0.788681 12.110088 4.621480 1.000000 1.000000 1.000000
v -0.000000 14.051476 5.396022 1.000000 1.000000 1.000000
v 0.493272 14.051476 5.396022 1.000000 1.000000 1.000000
v 0.215313 14.121888 5.848677 1.000000 1.000000 1.000000
v -0.000000 14.121888 5.848677 1.000000 1.000000 1.000000
v -0.000000 13.709469 6.582985 1.000000 1.000000 1.000000
v 1.241986 7.553651 8.043903 1.000000 1.000000 1.000000
v 1.571299 8.105749 8.845528 1.000000 1.000000 1.000000
v 1.342648 7.920274 9.008483 1.000000 1.000000 1.000000
v 1.470637 7.711262 8.039515 1.000000 1.000000 1.000000
v -0.000000 7.921473 9.008026 1.000000 1.000000 1.000000
v -0.000000 7.553651 8.043903 1.000000 1.000000 1.000000
v 1.482613 7.576757 7.564792 1.000000 1.000000 1.000000
v -0.000000 7.439544 7.481184 1.000000 1.000000 1.000000
v 1.253962 7.439544 7.481184 1.000000 1.000000 1.000000
v 1.543371 7.616815 7.107202 1.000000 1.000000 1.000000
v 1.227042 7.528508 6.459928 1.000000 1.000000 1.000000
v -0.000000 7.528508 6.459928 1.000000 1.000000 1.000000
v 1.271124 14.259138 -5.745103 1.000000 1.000000 1.000000
v 0.000000 15.601674 -6.474189 1.000000 1.000000 1.000000
v -0.000000 14.259138 -5.745103 1.000000 1.000000 1.000000
v 1.523271 15.601674 -6.474189 1.000000 1.000000 1.000000
v 1.271124 16.720463 -7.081765 1.000000 1.000000 1.000000
v -0.000000 16.720463 -7.081765 1.000000 1.000000 1.000000
v -1.523271 15.601674 -6.474189 1.000000 1.000000 1.000000
v 0.000000 15.601674 -6.474189 1.000000 1.000000 1.000000
v -1.271124 16.720463 -7.081765 1.000000 1.000000 1.000000
v -0.000000 16.720463 -7.081765 1.000000 1.000000 1.000000
v -1.271124 14.259138 -5.745103 1.000000 1.000000 1.000000
v -0.000000 14.259138 -5.745103 1.000000 1.000000 1.000000
v 0.945490 2.729354 -2.488067 1.000000 1.000000 1.000000
v -0.000000 3.396112 -2.513891 1.000000 1.000000 1.000000
v -0.000000 2.721979 -2.519229 1.000000 1.000000 1.000000
v -0.000000 2.721979 -2.519229 1.000000 1.000000 1.000000
v -0.000000 2.761499 -2.530497 1.000000 1.000000 1.000000
v -0.000000 3.379350 -2.706650 1.000000 1.000000 1.000000
v 1.088660 3.396112 -2.513891 1.000000 1.000000 1.000000
v -0.000000 4.373408 -2.618248 1.000000 1.000000 1.000000
v 1.098684 3.379350 -2.706650 1.000000 1.000000 1.000000
v -0.000000 4.396884 -3.075870 1.000000 1.000000 1.000000
v 1.241213 3.387954 -2.607711 1.000000 1.000000 1.000000
v 1.174006 4.373408 -2.618248 1.000000 1.000000 1.000000
v -0.000000 5.488387 -2.839913 1.000000 1.000000 1.000000
v 1.573665 4.383458 -2.814150 1.000000 1.000000 1.000000
v 1.706068 5.358613 -3.116332 1.000000 1.000000 1.000000
v 1.326804 4.396884 -3.075870 1.000000 1.000000 1.000000
v 1.573665 4.383458 -2.814150 1.000000 1.000000 1.000000
v -0.000000 5.202055 -3.449800 1.000000 1.000000 1.000000
v 1.706068 5.358613 -3.116332 1.000000 1.000000 1.000000
v 1.326804 5.202055 -3.449800 1.000000 1.000000 1.000000
v 1.326804 5.202055 -3.449800 1.000000 1.000000 1.000000
v -0.000000 6.039484 -3.949897 1.000000 1.000000 1.000000
v 1.326804 6.115508 -3.990413 1.000000 1.000000 1.000000
v -0.000000 6.115508 -3.990413 1.000000 1.000000 1.000000
v 1.744460 6.284965 -3.554668 1.000000 1.000000 1.000000
v 1.326804 6.115508 -3.990413 1.000000 1.000000 1.000000
v 1.730328 7.310233 -4.510508 1.000000 1.000000 1.000000
v 1.208854 5.488387 -2.839913 1.000000 1.000000 1.000000
v 1.744460 6.284965 -3.554668 1.000000 1.000000 1.000000
v -0.000000 6.458784 -3.107703 1.000000 1.000000 1.000000
v 1.326804 6.458784 -3.107703 1.000000 1.000000 1.000000
v 1.326804 7.619886 -3.792890 1.000000 1.000000 1.000000
v 1.730328 7.310233 -4.510508 1.000000 1.000000 1.000000
v 1.326804 6.458784 -3.107703 1.000000 1.000000 1.000000
v -0.000000 7.619886 -3.792890 1.000000 1.000000 1.000000
v 1.326804 7.619886 -3.792890 1.000000 1.000000 1.000000
v -1.194236 -18.550615 2.647218 1.000000 1.000000 1.000000
v -1.544097 -17.920784 2.706191 1.000000 1.000000 1.000000
v -1.194236 -18.064003 2.412706 1.000000 1.000000 1.000000
v -1.513850 -18.423634 2.949235 1.000000 1.000000 1.000000
v -1.513850 -18.851604 3.067331 1.000000 1.000000 1.000000
v -0.896188 -17.641882 1.955407 1.000000 1.000000 1.000000
v -1.634046 -17.686121 2.546955 1.000000 1.000000 1.000000
v -1.177046 -18.984463 2.664806 1.000000 1.000000 1.000000
v -0.000000 -18.064003 2.412706 1.000000 1.000000 1.000000
v -0.000000 -17.641882 1.955407 1.000000 1.000000 1.000000
v -0.000000 -18.550615 2.647218 1.000000 1.000000 1.000000
v -1.194236 -18.550615 2.647218 1.000000 1.000000 1.000000
v -1.177046 -18.984463 2.664806 1.000000 1.000000 1.000000
v 1.177046 -18.984463 2.664806 1.000000 1.000000 1.000000
v -0.000000 -18.984463 2.664806 1.000000 1.000000 1.000000
v -1.634046 -19.286722 3.163433 1.000000 1.000000 1.000000
v -1.461871 -19.220695 2.599465 1.000000 1.000000 1.000000
v -1.180454 -19.133627 2.107998 1.000000 1.000000 1.000000
v -0.958089 -18.990324 2.270526 1.000000 1.000000 1.000000
v -0.000000 -18.984463 2.664806 1.000000 1.000000 1.000000
v -0.000000 -18.990324 2.260273 1.000000 1.000000 1.000000
v -0.726155 -18.905642 1.726009 1.000000 1.000000 1.000000
v -0.000000 -18.905642 1.668418 1.000000 1.000000 1.000000
v -0.900337 -19.328819 2.134942 1.000000 1.000000 1.000000
v -0.000000 -19.328819 2.112901 1.000000 1.000000 1.000000
v -0.000000 -18.905642 1.668418 1.000000 1.000000 1.000000
v -0.000000 -19.535566 2.512373 1.000000 1.000000 1.000000
v -1.029655 -19.535566 2.512373 1.000000 1.000000 1.000000
v -1.461871 -19.220695 2.599465 1.000000 1.000000 1.000000
v -0.000000 -19.960695 2.833018 1.000000 1.000000 1.000000
v -1.080469 -19.960695 2.833018 1.000000 1.000000 1.000000
v -1.634046 -19.286722 3.163433 1.000000 1.000000 1.000000
v -1.540158 -19.669329 3.202974 1.000000 1.000000 1.000000
v -1.080469 -19.960695 2.833018 1.000000 1.000000 1.000000
v -1.429380 -20.066496 3.228201 1.000000 1.000000 1.000000
v -1.009320 -20.295126 2.694409 1.000000 1.000000 1.000000
v -1.330481 -20.558453 3.028981 1.000000 1.000000 1.000000
v -1.021868 -20.541363 2.495073 1.000000 1.000000 1.000000
v -1.290140 -20.822779 2.764762 1.000000 1.000000 1.000000
v -1.021868 -20.909643 2.120520 1.000000 1.000000 1.000000
v -1.290140 -21.170704 2.234208 1.000000 1.000000 1.000000
v -1.290140 -21.337097 1.855049 1.000000 1.000000 1.000000
v -0.493844 -21.225914 1.371643 1.000000 1.000000 1.000000
v -0.000000 -20.909643 2.120520 1.000000 1.000000 1.000000
v -0.000000 -21.225914 1.371643 1.000000 1.000000 1.000000
v -0.000000 -20.541363 2.495073 1.000000 1.000000 1.000000
v -1.021868 -20.541363 2.495073 1.000000 1.000000 1.000000
v -1.009320 -20.295126 2.694409 1.000000 1.000000 1.000000
v -0.000000 -20.295126 2.694409 1.000000 1.000000 1.000000
v -0.000000 -19.960695 2.833018 1.000000 1.000000 1.000000
v -1.080469 -19.960695 2.833018 1.000000 1.000000 1.000000
v -0.000000 -16.413618 5.755440 1.000000 1.000000 1.000000
v -0.406995 -16.736094 5.856177 1.000000 1.000000 1.000000
v -0.000000 -16.578815 6.109837 1.000000 1.000000 1.000000
v -0.000000 -17.373255 6.747350 1.000000 1.000000 1.000000
v -0.243058 -16.486813 5.631775 1.000000 1.000000 1.000000
v -0.000000 -16.330223 5.373213 1.000000 1.000000 1.000000
v -0.636453 -17.394083 6.143280 1.000000 1.000000 1.000000
v -0.000000 -17.998123 6.943818 1.000000 1.000000 1.000000
v -0.760883 -17.963951 6.205317 1.000000 1.000000 1.000000
v -0.760883 -18.183592 6.211265 1.000000 1.000000 1.000000
v -0.000000 -18.471737 7.002355 1.000000 1.000000 1.000000
v -0.760883 -18.352310 6.128042 1.000000 1.000000 1.000000
v -0.000000 -18.903284 6.923892 1.000000 1.000000 1.000000
v 0.630380 3.775340 -1.105872 1.000000 1.000000 1.000000
v -0.000000 4.747643 -1.020582 1.000000 1.000000 1.000000
v -0.000000 3.775340 -1.105872 1.000000 1.000000 1.000000
v 0.727190 4.747643 -1.020582 1.000000 1.000000 1.000000
v 0.640119 5.693774 -0.927562 1.000000 1.000000 1.000000
v -0.001125 5.693774 -0.927562 1.000000 1.000000 1.000000
v 0.547138 1.489576 -0.901177 1.000000 1.000000 1.000000
v -0.000000 1.489576 -0.901177 1.000000 1.000000 1.000000
v 0.262900 0.636679 -0.611192 1.000000 1.000000 1.000000
v -0.000000 0.636679 -0.611192 1.000000 1.000000 1.000000
v -0.630380 3.775340 -1.105872 1.000000 1.000000 1.000000
v -0.000000 4.747643 -1.020582 1.000000 1.000000 1.000000
v -0.727190 4.747643 -1.020582 1.000000 1.000000 1.000000
v -0.640119 5.693774 -0.927562 1.000000 1.000000 1.000000
v 0.001124 5.693774 -0.927562 1.000000 1.000000 1.000000
v -0.000000 3.775340 -1.105872 1.000000 1.000000 1.000000
v -0.547138 1.489576 -0.901177 1.000000 1.000000 1.000000
v -0.000000 1.489576 -0.901177 1.000000 1.000000 1.000000
v -0.262900 0.636679 -0.611192 1.000000 1.000000 1.000000
v -0.000000 0.636679 -0.611192 1.000000 1.000000 1.000000
v -0.000000 3.197913 -1.012215 1.000000 1.000000 1.000000
v 0.871964 3.197913 -1.012215 1.000000 1.000000 1.000000
v 0.731845 4.046044 -1.048047 1.000000 1.000000 1.000000
v -0.000000 4.046044 -1.048047 1.000000 1.000000 1.000000
v -0.000000 4.614901 -1.028431 1.000000 1.000000 1.000000
v 0.760482 4.614901 -1.028431 1.000000 1.000000 1.000000
v 0.944936 4.049287 -1.103067 1.000000 1.000000 1.000000
v 1.188376 3.386777 -1.190489 1.000000 1.000000 1.000000
v -0.000000 2.276641 -0.923060 1.000000 1.000000 1.000000
v 1.485889 2.458743 -1.242485 1.000000 1.000000 1.000000
v 1.109251 2.276641 -0.923060 1.000000 1.000000 1.000000
v -0.000000 1.456761 -0.753810 1.000000 1.000000 1.000000
v 1.682257 1.760751 -1.194603 1.000000 1.000000 1.000000
v 1.264601 0.544628 -0.528229 1.000000 1.000000 1.000000
v -0.000000 0.544628 -0.528229 1.000000 1.000000 1.000000
v 1.264601 1.456761 -0.753810 1.000000 1.000000 1.000000
v 1.682257 1.352021 -1.096221 1.000000 1.000000 1.000000
v 1.264601 0.544628 -0.528229 1.000000 1.000000 1.000000
v -1.106345 2.147861 -2.696261 1.000000 1.000000 1.000000
v -0.000000 2.014128 -1.562007 1.000000 1.000000 1.000000
v -0.000000 2.147861 -2.696261 1.000000 1.000000 1.000000
v -1.264601 2.014128 -1.562007 1.000000 1.000000 1.000000
v -1.045758 2.128049 -3.751265 1.000000 1.000000 1.000000
v -0.000000 2.128049 -3.751265 1.000000 1.000000 1.000000
v -0.000000 2.123698 -4.755428 1.000000 1.000000 1.000000
v -1.289108 2.106434 -4.755428 1.000000 1.000000 1.000000
v -0.000000 2.147861 -2.696261 1.000000 1.000000 1.000000
v -0.000000 2.014128 -1.562007 1.000000 1.000000 1.000000
v 1.106345 2.147861 -2.696261 1.000000 1.000000 1.000000
v 1.264601 2.014128 -1.562007 1.000000 1.000000 1.000000
v 1.045758 2.128049 -3.751265 1.000000 1.000000 1.000000
v -0.000000 2.128049 -3.751265 1.000000 1.000000 1.000000
v -0.000000 2.123698 -4.755428 1.000000 1.000000 1.000000
v 1.289108 2.106434 -4.755428 1.000000 1.000000 1.000000
v -0.774086 4.097360 -1.162437 1.000000 1.000000 1.000000
v -0.000000 4.076089 -1.167945 1.000000 1.000000 1.000000
v -0.000000 3.516418 -1.312860 1.000000 1.000000 1.000000
v -0.000000 4.614901 -1.028431 1.000000 1.000000 1.000000
v -0.760482 4.614901 -1.028431 1.000000 1.000000 1.000000
v -0.944936 4.049287 -1.103067 1.000000 1.000000 1.000000
v -0.731845 4.046044 -1.048047 1.000000 1.000000 1.000000
v -0.000000 4.614901 -1.028431 1.000000 1.000000 1.000000
v -0.000000 4.046044 -1.048047 1.000000 1.000000 1.000000
v -1.188376 3.386777 -1.190489 1.000000 1.000000 1.000000
v -0.000000 3.197913 -1.012215 1.000000 1.000000 1.000000
v -0.871965 3.197913 -1.012215 1.000000 1.000000 1.000000
v -1.485889 2.458743 -1.242485 1.000000 1.000000 1.000000
v -0.000000 2.276641 -0.923060 1.000000 1.000000 1.000000
v -1.109251 2.276641 -0.923060 1.000000 1.000000 1.000000
v -1.682257 1.760751 -1.194603 1.000000 1.000000 1.000000
v -0.000000 1.456761 -0.753810 1.000000 1.000000 1.000000
v -1.264601 1.456761 -0.753810 1.000000 1.000000 1.000000
v -1.682257 1.352021 -1.096221 1.000000 1.000000 1.000000
v -1.264601 0.544628 -0.528229 1.000000 1.000000 1.000000
v -0.000000 0.544628 -0.528229 1.000000 1.000000 1.000000
v -1.264601 0.544628 -0.528229 1.000000 1.000000 1.000000
v 1.700823 5.535930 -4.243626 1.000000 1.000000 1.000000
v 1.326804 6.115508 -3.990413 1.000000 1.000000 1.000000
v 1.326804 5.546650 -3.862911 1.000000 1.000000 1.000000
v 1.683394 6.109795 -4.358164 1.000000 1.000000 1.000000
v 1.730328 7.310233 -4.510508 1.000000 1.000000 1.000000
v 1.709701 4.980650 -4.209677 1.000000 1.000000 1.000000
v 1.326804 4.974486 -3.830098 1.000000 1.000000 1.000000
v 1.676080 3.794408 -4.351233 1.000000 1.000000 1.000000
v 1.326804 3.597528 -3.981250 1.000000 1.000000 1.000000
v 1.636215 2.856299 -4.727644 1.000000 1.000000 1.000000
v 1.241281 2.650030 -4.410585 1.000000 1.000000 1.000000
v 1.289108 2.106434 -4.755428 1.000000 1.000000 1.000000
v 1.616897 2.050382 -5.147979 1.000000 1.000000 1.000000
v 1.488946 1.272765 -5.864144 1.000000 1.000000 1.000000
v -1.700823 5.535930 -4.243626 1.000000 1.000000 1.000000
v -1.326804 6.115508 -3.990413 1.000000 1.000000 1.000000
v -1.683394 6.109795 -4.358164 1.000000 1.000000 1.000000
v -1.730328 7.310233 -4.510508 1.000000 1.000000 1.000000
v -1.326804 5.546650 -3.862911 1.000000 1.000000 1.000000
v -1.709701 4.980650 -4.209677 1.000000 1.000000 1.000000
v -1.326804 4.974486 -3.830098 1.000000 1.000000 1.000000
v -1.676080 3.794408 -4.351233 1.000000 1.000000 1.000000
v -1.326804 3.597528 -3.981250 1.000000 1.000000 1.000000
v -1.636215 2.856299 -4.727644 1.000000 1.000000 1.000000
v -1.241281 2.650030 -4.410585 1.000000 1.000000 1.000000
v -1.289108 2.106434 -4.755428 1.000000 1.000000 1.000000
v -1.616897 2.050382 -5.147979 1.000000 1.000000 1.000000
v -1.488946 1.272765 -5.864144 1.000000 1.000000 1.000000
v 1.431065 11.528197 2.064055 1.000000 1.000000 1.000000
v 1.529539 11.028971 2.962819 1.000000 1.000000 1.000000
v 1.852555 11.182227 3.836019 1.000000 1.000000 1.000000
v 1.390109 11.704740 1.259808 1.000000 1.000000 1.000000
v 1.655325 10.194324 3.721589 1.000000 1.000000 1.000000
v 1.852555 10.367297 4.099845 1.000000 1.000000 1.000000
v 1.634815 9.632562 4.059338 1.000000 1.000000 1.000000
v 1.757409 9.586445 4.233538 1.000000 1.000000 1.000000
v 1.634815 9.174304 4.261022 1.000000 1.000000 1.000000
v 1.730893 12.045550 1.276900 1.000000 1.000000 1.000000
v 1.730893 12.023008 1.041478 1.000000 1.000000 1.000000
v 1.390109 11.708913 1.027412 1.000000 1.000000 1.000000
v 1.390109 11.709038 1.020457 1.000000 1.000000 1.000000
v 1.386827 11.650276 0.906769 1.000000 1.000000 1.000000
v 1.692899 12.060369 0.707030 1.000000 1.000000 1.000000
v 1.670190 12.078702 0.542903 1.000000 1.000000 1.000000
v 1.671416 11.817187 0.495100 1.000000 1.000000 1.000000
v 1.620473 12.208591 0.094377 1.000000 1.000000 1.000000
v 1.423242 11.881589 -0.192354 1.000000 1.000000 1.000000
v 1.527645 12.731338 -0.529665 1.000000 1.000000 1.000000
v 1.330415 12.528602 -1.064661 1.000000 1.000000 1.000000
v 1.527645 13.235373 -0.859782 1.000000 1.000000 1.000000
v 1.330415 13.062200 -1.310755 1.000000 1.000000 1.000000
v 1.527645 13.737316 -1.060287 1.000000 1.000000 1.000000
v 1.330415 13.617278 -1.535440 1.000000 1.000000 1.000000
v 1.327505 13.855479 -1.609364 1.000000 1.000000 1.000000
v 1.524735 14.073604 -1.123868 1.000000 1.000000 1.000000
v 1.327505 14.186134 -1.711982 1.000000 1.000000 1.000000
v 1.524735 14.435942 -1.192374 1.000000 1.000000 1.000000
v 1.524735 14.739393 -1.895120 1.000000 1.000000 1.000000
v 1.327505 14.499988 -2.378918 1.000000 1.000000 1.000000
v 1.374950 15.427977 -3.946045 1.000000 1.000000 1.000000
v 1.184832 15.078652 -3.987411 1.000000 1.000000 1.000000
v 1.139895 15.542858 -5.062581 1.000000 1.000000 1.000000
v 1.337125 15.818714 -4.845911 1.000000 1.000000 1.000000
v 1.314282 16.177235 -5.266723 1.000000 1.000000 1.000000
v 1.117052 15.902515 -5.547348 1.000000 1.000000 1.000000
v 0.981915 16.530220 -5.978895 1.000000 1.000000 1.000000
v -0.000000 16.530220 -5.978895 1.000000 1.000000 1.000000
v -0.000000 15.902515 -5.547348 1.000000 1.000000 1.000000
v 1.117052 15.902515 -5.547348 1.000000 1.000000 1.000000
v -0.000000 15.542858 -5.062581 1.000000 1.000000 1.000000
v 1.139895 15.542858 -5.062581 1.000000 1.000000 1.000000
v -0.000000 15.078652 -3.987411 1.000000 1.000000 1.000000
v 1.184832 15.078652 -3.987411 1.000000 1.000000 1.000000
v -0.000000 14.499988 -2.378918 1.000000 1.000000 1.000000
v 1.327505 14.499988 -2.378918 1.000000 1.000000 1.000000
v -0.000000 14.186134 -1.711982 1.000000 1.000000 1.000000
v 1.327505 14.186134 -1.711982 1.000000 1.000000 1.000000
v -0.000000 1.910571 8.234682 1.000000 1.000000 1.000000
v 0.282504 1.322781 8.855112 1.000000 1.000000 1.000000
v -0.000000 1.322781 8.855112 1.000000 1.000000 1.000000
v 0.197791 1.110223 9.079473 1.000000 1.000000 1.000000
v -0.000000 1.110223 9.079473 1.000000 1.000000 1.000000
v -0.000000 0.389517 9.600039 1.000000 1.000000 1.000000
v -2.019666 8.636156 2.634562 1.000000 1.000000 1.000000
v -1.612474 7.602888 2.969334 1.000000 1.000000 1.000000
v -1.806376 7.669082 3.138495 1.000000 1.000000 1.000000
v -1.429410 6.750407 3.389736 1.000000 1.000000 1.000000
v -1.819638 8.560470 2.362088 1.000000 1.000000 1.000000
v -2.150130 9.266603 1.999326 1.000000 1.000000 1.000000
v -1.819638 9.092715 1.725707 1.000000 1.000000 1.000000
v -2.126800 9.761074 0.963543 1.000000 1.000000 1.000000
v -1.819638 9.226105 0.937394 1.000000 1.000000 1.000000
v -2.126800 9.377749 0.634105 1.000000 1.000000 1.000000
v -1.819638 8.796845 0.345510 1.000000 1.000000 1.000000
v -2.126800 8.972743 0.249185 1.000000 1.000000 1.000000
v -0.000000 7.602888 2.969334 1.000000 1.000000 1.000000
v -0.000000 6.750407 3.389736 1.000000 1.000000 1.000000
v -0.000000 8.560470 2.362088 1.000000 1.000000 1.000000
v -1.819638 8.560470 2.362088 1.000000 1.000000 1.000000
v -1.819638 9.092715 1.725707 1.000000 1.000000 1.000000
v -0.000000 9.092715 1.725707 1.000000 1.000000 1.000000
v -1.819638 9.226105 0.937394 1.000000 1.000000 1.000000
v -0.000000 9.226105 0.937394 1.000000 1.000000 1.000000
v -0.000000 8.560470 2.362088 1.000000 1.000000 1.000000
v 1.819638 8.560470 2.362088 1.000000 1.000000 1.000000
v 1.612474 7.602888 2.969334 1.000000 1.000000 1.000000
v -0.000000 9.092715 1.725707 1.000000 1.000000 1.000000
v -0.000000 7.602888 2.969334 1.000000 1.000000 1.000000
v 1.429410 6.750407 3.389736 1.000000 1.000000 1.000000
v -0.000000 6.750407 3.389736 1.000000 1.000000 1.000000
v 1.819638 9.092715 1.725707 1.000000 1.000000 1.000000
v -0.000000 9.226105 0.937394 1.000000 1.000000 1.000000
v 1.819638 9.226105 0.937394 1.000000 1.000000 1.000000
v -1.116944 5.223916 9.579966 1.000000 1.000000 1.000000
v -0.000000 5.466006 9.260327 1.000000 1.000000 1.000000
v -1.306014 5.556191 9.604579 1.000000 1.000000 1.000000
v -1.045277 5.466006 9.260327 1.000000 1.000000 1.000000
v -1.045277 5.466006 9.260327 1.000000 1.000000 1.000000
v -0.000000 5.724409 9.078290 1.000000 1.000000 1.000000
v -1.384583 5.869963 9.500752 1.000000 1.000000 1.000000
v -1.155932 5.724409 9.078290 1.000000 1.000000 1.000000
v -0.000000 5.987432 8.693418 1.000000 1.000000 1.000000
v -1.384583 6.042834 9.383016 1.000000 1.000000 1.000000
v -1.384583 6.264677 9.050385 1.000000 1.000000 1.000000
v -1.193737 5.987432 8.693418 1.000000 1.000000 1.000000
v -1.088073 6.165429 8.060665 1.000000 1.000000 1.000000
v -0.000000 6.165429 8.060665 1.000000 1.000000 1.000000
v -1.086072 6.282805 7.292827 1.000000 1.000000 1.000000
v -0.000000 6.282805 7.292827 1.000000 1.000000 1.000000
v -1.059071 6.303212 6.279740 1.000000 1.000000 1.000000
v -0.000000 6.303212 6.279740 1.000000 1.000000 1.000000
v -1.000015 6.106279 5.462561 1.000000 1.000000 1.000000
v -1.422388 6.366079 8.736788 1.000000 1.000000 1.000000
v -1.088073 6.165429 8.060665 1.000000 1.000000 1.000000
v -1.316724 6.540421 8.090497 1.000000 1.000000 1.000000
v -1.316724 6.540421 8.090497 1.000000 1.000000 1.000000
v -1.086072 6.282805 7.292827 1.000000 1.000000 1.000000
v -1.088073 6.851028 8.116451 1.000000 1.000000 1.000000
v -1.314723 6.615825 7.286378 1.000000 1.000000 1.000000
v -1.314723 6.615825 7.286378 1.000000 1.000000 1.000000
v -1.059071 6.303212 6.279740 1.000000 1.000000 1.000000
v -1.086072 6.866423 7.281249 1.000000 1.000000 1.000000
v -1.287722 6.555481 6.242084 1.000000 1.000000 1.000000
v -1.287722 6.555481 6.242084 1.000000 1.000000 1.000000
v -1.228666 6.269903 5.388804 1.000000 1.000000 1.000000
v -0.897893 5.842922 4.782316 1.000000 1.000000 1.000000
v -0.000000 6.106279 5.462561 1.000000 1.000000 1.000000
v -0.000000 5.842922 4.782316 1.000000 1.000000 1.000000
v -1.059071 6.766597 6.208082 1.000000 1.000000 1.000000
v -1.228666 6.269903 5.388804 1.000000 1.000000 1.000000
v -1.000015 6.422239 5.320136 1.000000 1.000000 1.000000
v -0.897893 5.842922 4.782316 1.000000 1.000000 1.000000
v -0.000000 6.422239 5.320136 1.000000 1.000000 1.000000
v -0.000000 5.842922 4.782316 1.000000 1.000000 1.000000
v -0.000000 6.766597 6.208082 1.000000 1.000000 1.000000
v -0.000000 6.866423 7.281249 1.000000 1.000000 1.000000
v -1.086072 6.866423 7.281249 1.000000 1.000000 1.000000
v -0.000000 6.851028 8.116451 1.000000 1.000000 1.000000
v -1.088073 6.851028 8.116451 1.000000 1.000000 1.000000
v -0.000000 6.799376 8.789796 1.000000 1.000000 1.000000
v -1.193737 6.799376 8.789796 1.000000 1.000000 1.000000
v -1.053437 10.458600 9.277289 1.000000 1.000000 1.000000
v -1.320557 10.684504 9.651526 1.000000 1.000000 1.000000
v -1.353790 10.260120 9.664845 1.000000 1.000000 1.000000
v -1.105260 10.128340 9.354984 1.000000 1.000000 1.000000
v 1.004093 4.603910 -2.268080 1.000000 1.000000 1.000000
v -0.000000 6.233820 -2.083258 1.000000 1.000000 1.000000
v -0.000000 4.603910 -2.268080 1.000000 1.000000 1.000000
v 1.168986 6.233820 -2.083258 1.000000 1.000000 1.000000
v 1.373341 6.233994 -2.234914 1.000000 1.000000 1.000000
v -0.000000 7.047363 -2.106670 1.000000 1.000000 1.000000
v 1.279749 7.047363 -2.106670 1.000000 1.000000 1.000000
v -1.456819 9.112312 10.614302 1.000000 1.000000 1.000000
v -1.150925 8.956846 11.022470 1.000000 1.000000 1.000000
v -1.137537 9.644979 11.226690 1.000000 1.000000 1.000000
v -1.363172 9.837867 10.853005 1.000000 1.000000 1.000000
v -1.078340 10.659707 11.292689 1.000000 1.000000 1.000000
v -1.232114 10.684831 11.131653 1.000000 1.000000 1.000000
v -1.018171 11.472481 11.236696 1.000000 1.000000 1.000000
v -1.456819 9.112312 10.614302 1.000000 1.000000 1.000000
v -1.193929 9.956841 10.622516 1.000000 1.000000 1.000000
v -1.363172 9.837867 10.853005 1.000000 1.000000 1.000000
v -1.126915 10.710397 10.967772 1.000000 1.000000 1.000000
v -0.000000 10.710397 10.967772 1.000000 1.000000 1.000000
v -0.000000 11.472481 11.236696 1.000000 1.000000 1.000000
v -0.000000 9.956841 10.622516 1.000000 1.000000 1.000000
v -1.193929 9.956841 10.622516 1.000000 1.000000 1.000000
v -0.000000 9.273315 10.191598 1.000000 1.000000 1.000000
v -1.207316 9.273315 10.191598 1.000000 1.000000 1.000000
v -0.000000 9.089346 9.859890 1.000000 1.000000 1.000000
v -1.324817 9.089346 9.859890 1.000000 1.000000 1.000000
v -1.706068 5.358613 -3.116332 1.000000 1.000000 1.000000
v -1.208854 5.488387 -2.839913 1.000000 1.000000 1.000000
v -1.744460 6.284965 -3.554668 1.000000 1.000000 1.000000
v -1.326804 7.619886 -3.792890 1.000000 1.000000 1.000000
v -1.730328 7.310233 -4.510508 1.000000 1.000000 1.000000
v -1.326804 6.458784 -3.107703 1.000000 1.000000 1.000000
v -1.174006 4.373408 -2.618248 1.000000 1.000000 1.000000
v -1.573665 4.383458 -2.814150 1.000000 1.000000 1.000000
v -1.241213 3.387954 -2.607711 1.000000 1.000000 1.000000
v -0.000000 5.488387 -2.839913 1.000000 1.000000 1.000000
v -0.000000 6.458784 -3.107703 1.000000 1.000000 1.000000
v -1.326804 6.458784 -3.107703 1.000000 1.000000 1.000000
v -1.326804 7.619886 -3.792890 1.000000 1.000000 1.000000
v -0.000000 7.619886 -3.792890 1.000000 1.000000 1.000000
v -0.000000 4.373408 -2.618248 1.000000 1.000000 1.000000
v -1.088660 3.396112 -2.513891 1.000000 1.000000 1.000000
v -0.945490 2.729354 -2.488067 1.000000 1.000000 1.000000
v -0.000000 3.396112 -2.513891 1.000000 1.000000 1.000000
v -0.000000 2.721979 -2.519229 1.000000 1.000000 1.000000
v 0.456937 12.313196 9.772075 1.000000 1.000000 1.000000
v -0.000000 11.771689 9.365944 1.000000 1.000000 1.000000
v -0.000000 12.313196 9.772075 1.000000 1.000000 1.000000
v 0.583359 11.771689 9.365944 1.000000 1.000000 1.000000
v 0.261353 13.201607 10.102055 1.000000 1.000000 1.000000
v -0.000000 13.201607 10.102055 1.000000 1.000000 1.000000
v -0.000000 13.751575 10.093594 1.000000 1.000000 1.000000
v 1.441197 11.439927 0.426138 1.000000 1.000000 1.000000
v 1.590846 11.478826 0.798439 1.000000 1.000000 1.000000
v 1.386827 11.292808 1.122498 1.000000 1.000000 1.000000
v 1.441197 11.383141 0.694924 1.000000 1.000000 1.000000
v -0.000000 11.383141 0.694924 1.000000 1.000000 1.000000
v -0.000000 11.292808 1.122498 1.000000 1.000000 1.000000
v -0.000000 11.439927 0.426138 1.000000 1.000000 1.000000
v 1.423242 11.881589 -0.192354 1.000000 1.000000 1.000000
v -0.000000 11.881589 -0.192354 1.000000 1.000000 1.000000
v 1.330415 12.528602 -1.064661 1.000000 1.000000 1.000000
v -0.000000 12.528602 -1.064661 1.000000 1.000000 1.000000
v -0.000000 13.062200 -1.310755 1.000000 1.000000 1.000000
v 1.330415 13.062200 -1.310755 1.000000 1.000000 1.000000
v -0.000000 13.617278 -1.535440 1.000000 1.000000 1.000000
v 1.330415 13.617278 -1.535440 1.000000 1.000000 1.000000
v 1.327505 13.855479 -1.609364 1.000000 1.000000 1.000000
v -0.000000 13.855479 -1.609364 1.000000 1.000000 1.000000
v -0.000000 14.186134 -1.711982 1.000000 1.000000 1.000000
v 1.327505 14.186134 -1.711982 1.000000 1.000000 1.000000
v -0.000000 9.226105 0.937394 1.000000 1.000000 1.000000
v -1.819638 9.226105 0.937394 1.000000 1.000000 1.000000
v -0.000000 8.796845 0.345510 1.000000 1.000000 1.000000
v -1.819638 8.796845 0.345510 1.000000 1.000000 1.000000
v 1.819638 8.796845 0.345510 1.000000 1.000000 1.000000
v -0.000000 9.226105 0.937394 1.000000 1.000000 1.000000
v -0.000000 8.796845 0.345510 1.000000 1.000000 1.000000
v 1.819638 9.226105 0.937394 1.000000 1.000000 1.000000
v -1.423242 11.881589 -0.192354 1.000000 1.000000 1.000000
v -1.671416 11.817187 0.495100 1.000000 1.000000 1.000000
v -1.620473 12.208591 0.094377 1.000000 1.000000 1.000000
v -1.527645 12.731338 -0.529665 1.000000 1.000000 1.000000
v -1.670190 12.078702 0.542903 1.000000 1.000000 1.000000
v -1.441197 11.439927 0.426138 1.000000 1.000000 1.000000
v -1.386827 11.650276 0.906769 1.000000 1.000000 1.000000
v -1.590846 11.478826 0.798439 1.000000 1.000000 1.000000
v -1.386827 11.292808 1.122498 1.000000 1.000000 1.000000
v -0.000000 11.292808 1.122498 1.000000 1.000000 1.000000
v -0.000000 11.650276 0.906769 1.000000 1.000000 1.000000
v -1.590846 11.478826 0.798439 1.000000 1.000000 1.000000
v -1.441197 11.383141 0.694924 1.000000 1.000000 1.000000
v -1.386827 11.292808 1.122498 1.000000 1.000000 1.000000
v -0.000000 11.439927 0.426138 1.000000 1.000000 1.000000
v -0.000000 11.383141 0.694924 1.000000 1.000000 1.000000
v -0.000000 11.292808 1.122498 1.000000 1.000000 1.000000
v -1.423242 11.881589 -0.192354 1.000000 1.000000 1.000000
v -0.000000 11.881589 -0.192354 1.000000 1.000000 1.000000
v -1.330415 12.528602 -1.064661 1.000000 1.000000 1.000000
v -0.000000 12.528602 -1.064661 1.000000 1.000000 1.000000
v -1.330415 13.062200 -1.310755 1.000000 1.000000 1.000000
v -0.000000 13.062200 -1.310755 1.000000 1.000000 1.000000
v -1.330415 13.617278 -1.535440 1.000000 1.000000 1.000000
v -0.000000 13.617278 -1.535440 1.000000 1.000000 1.000000
v -1.327505 13.855479 -1.609364 1.000000 1.000000 1.000000
v -0.000000 13.855479 -1.609364 1.000000 1.000000 1.000000
v -1.327505 14.186134 -1.711982 1.000000 1.000000 1.000000
v -0.000000 14.186134 -1.711982 1.000000 1.000000 1.000000
v -1.330415 12.528602 -1.064661 1.000000 1.000000 1.000000
v -1.527645 13.235373 -0.859782 1.000000 1.000000 1.000000
v -1.330415 13.062200 -1.310755 1.000000 1.000000 1.000000
v -1.527645 13.737316 -1.060287 1.000000 1.000000 1.000000
v -1.330415 13.617278 -1.535440 1.000000 1.000000 1.000000
v -1.327505 13.855479 -1.609364 1.000000 1.000000 1.000000
v -1.524735 14.073604 -1.123868 1.000000 1.000000 1.000000
v -1.327505 14.186134 -1.711982 1.000000 1.000000 1.000000
v -1.524735 14.435942 -1.192374 1.000000 1.000000 1.000000
v -1.524735 14.739393 -1.895120 1.000000 1.000000 1.000000
v -1.327505 14.499988 -2.378918 1.000000 1.000000 1.000000
v -1.374950 15.427977 -3.946045 1.000000 1.000000 1.000000
v -1.184832 15.078652 -3.987411 1.000000 1.000000 1.000000
v -1.139895 15.542858 -5.062581 1.000000 1.000000 1.000000
v -1.337125 15.818714 -4.845911 1.000000 1.000000 1.000000
v -1.314282 16.177235 -5.266723 1.000000 1.000000 1.000000
v -1.117052 15.902515 -5.547348 1.000000 1.000000 1.000000
v -1.179146 16.666418 -5.746984 1.000000 1.000000 1.000000
v -0.981915 16.530220 -5.978895 1.000000 1.000000 1.000000
v -0.764812 17.211542 -5.967489 1.000000 1.000000 1.000000
v -0.571098 17.193665 -6.042345 1.000000 1.000000 1.000000
v -0.140072 17.696512 -6.046535 1.000000 1.000000 1.000000
v -0.000000 17.193665 -6.042345 1.000000 1.000000 1.000000
v -0.000000 17.696512 -6.046535 1.000000 1.000000 1.000000
v -0.000000 16.530220 -5.978895 1.000000 1.000000 1.000000
v -0.000000 15.902515 -5.547348 1.000000 1.000000 1.000000
v -1.117052 15.902515 -5.547348 1.000000 1.000000 1.000000
v -0.000000 15.542858 -5.062581 1.000000 1.000000 1.000000
v -1.139895 15.542858 -5.062581 1.000000 1.000000 1.000000
v -0.000000 15.078652 -3.987411 1.000000 1.000000 1.000000
v -1.184832 15.078652 -3.987411 1.000000 1.000000 1.000000
v -0.000000 14.499988 -2.378918 1.000000 1.000000 1.000000
v -1.327505 14.499988 -2.378918 1.000000 1.000000 1.000000
v -1.327505 14.186134 -1.711982 1.000000 1.000000 1.000000
v -0.000000 14.186134 -1.711982 1.000000 1.000000 1.000000
v -0.000000 -7.414669 -4.739213 1.000000 1.000000 1.000000
v 0.558768 -5.051185 -4.414955 1.000000 1.000000 1.000000
v -0.000000 -5.051185 -4.414955 1.000000 1.000000 1.000000
v -0.000000 -1.819664 -3.971606 1.000000 1.000000 1.000000
v -0.558768 -5.051185 -4.414955 1.000000 1.000000 1.000000
v -0.000000 -7.414669 -4.739213 1.000000 1.000000 1.000000
v -0.000000 -5.051185 -4.414955 1.000000 1.000000 1.000000
v -0.000000 -1.819664 -3.971606 1.000000 1.000000 1.000000
v 1.221241 -18.969231 3.074608 1.000000 1.000000 1.000000
v 0.760883 -18.285387 3.736328 1.000000 1.000000 1.000000
v 1.291018 -18.455070 3.075732 1.000000 1.000000 1.000000
v 1.325600 -17.646156 3.077500 1.000000 1.000000 1.000000
v 0.760883 -17.553349 3.561444 1.000000 1.000000 1.000000
v 1.325600 -16.767433 3.079421 1.000000 1.000000 1.000000
v 0.499469 -16.294386 4.115527 1.000000 1.000000 1.000000
v -0.000000 -18.285387 3.736328 1.000000 1.000000 1.000000
v 0.760883 -18.801371 4.006440 1.000000 1.000000 1.000000
v -0.000000 -18.801371 4.006440 1.000000 1.000000 1.000000
v -0.000000 -17.553349 3.760911 1.000000 1.000000 1.000000
v -0.000000 -16.294386 4.314994 1.000000 1.000000 1.000000
v -0.000000 -18.771948 4.585105 1.000000 1.000000 1.000000
v 0.760883 -18.801371 4.006440 1.000000 1.000000 1.000000
v 0.760883 -19.169304 1.963945 1.000000 1.000000 1.000000
v 0.760883 -18.720825 2.041111 1.000000 1.000000 1.000000
v 1.291018 -18.455070 3.075732 1.000000 1.000000 1.000000
v 0.760883 -17.798883 2.124437 1.000000 1.000000 1.000000
v 1.325600 -17.646156 3.077500 1.000000 1.000000 1.000000
v 0.760883 -17.288874 1.889048 1.000000 1.000000 1.000000
v 1.325600 -16.767433 3.079421 1.000000 1.000000 1.000000
v 0.760883 -16.848669 2.155487 1.000000 1.000000 1.000000
v -0.000000 -17.288874 1.717451 1.000000 1.000000 1.000000
v 0.760883 -17.288874 1.889048 1.000000 1.000000 1.000000
v -0.000000 -16.848669 1.983890 1.000000 1.000000 1.000000
v 0.828515 -16.160965 3.080747 1.000000 1.000000 1.000000
v 0.419109 -16.397984 2.354791 1.000000 1.000000 1.000000
v -0.000000 -16.397984 2.149224 1.000000 1.000000 1.000000
v 0.499469 -16.294386 4.115527 1.000000 1.000000 1.000000
v -0.000000 -16.160965 3.080747 1.000000 1.000000 1.000000
v -0.000000 -16.397984 2.149224 1.000000 1.000000 1.000000
v 0.395511 -15.878035 3.770260 1.000000 1.000000 1.000000
v 0.419109 -15.550138 3.256277 1.000000 1.000000 1.000000
v -0.000000 -16.294386 4.314994 1.000000 1.000000 1.000000
v -0.000000 -15.878035 3.969727 1.000000 1.000000 1.000000
v -0.000000 -15.550138 3.455745 1.000000 1.000000 1.000000
v 0.419109 -15.550138 3.256277 1.000000 1.000000 1.000000
v 1.018171 11.472481 11.236696 1.000000 1.000000 1.000000
v -0.000000 10.710397 10.967772 1.000000 1.000000 1.000000
v -0.000000 11.472481 11.236696 1.000000 1.000000 1.000000
v 1.126915 10.710397 10.967772 1.000000 1.000000 1.000000
v -0.000000 9.956841 10.622516 1.000000 1.000000 1.000000
v 1.193929 9.956841 10.622516 1.000000 1.000000 1.000000
v -0.000000 9.273315 10.191598 1.000000 1.000000 1.000000
v 1.207316 9.273315 10.191598 1.000000 1.000000 1.000000
v -0.000000 9.089346 9.859890 1.000000 1.000000 1.000000
v 1.324817 9.089346 9.859890 1.000000 1.000000 1.000000
v -1.390109 11.709038 1.020457 1.000000 1.000000 1.000000
v -1.390109 11.708913 1.027412 1.000000 1.000000 1.000000
v -1.730893 12.023008 1.041478 1.000000 1.000000 1.000000
v -1.386827 11.650276 0.906769 1.000000 1.000000 1.000000
v -1.390109 11.704740 1.259808 1.000000 1.000000 1.000000
v -1.692899 12.060369 0.707030 1.000000 1.000000 1.000000
v -1.670190 12.078702 0.542903 1.000000 1.000000 1.000000
v -1.730893 12.045550 1.276900 1.000000 1.000000 1.000000
v -1.730893 12.106758 1.916141 1.000000 1.000000 1.000000
v -1.431065 11.528197 2.064055 1.000000 1.000000 1.000000
v -1.852555 11.818460 3.492148 1.000000 1.000000 1.000000
v -1.529539 11.028971 2.962819 1.000000 1.000000 1.000000
v -1.852555 11.182227 3.836019 1.000000 1.000000 1.000000
v -1.655325 10.194324 3.721589 1.000000 1.000000 1.000000
v -1.852555 10.367297 4.099845 1.000000 1.000000 1.000000
v -1.634815 9.632562 4.059338 1.000000 1.000000 1.000000
v -1.757409 9.586445 4.233538 1.000000 1.000000 1.000000
v -1.634815 9.174304 4.261022 1.000000 1.000000 1.000000
v -0.000000 9.174304 4.261022 1.000000 1.000000 1.000000
v -0.000000 9.632562 4.059338 1.000000 1.000000 1.000000
v -0.000000 10.194324 3.721589 1.000000 1.000000 1.000000
v -1.655325 10.194324 3.721589 1.000000 1.000000 1.000000
v -0.000000 11.028971 2.962819 1.000000 1.000000 1.000000
v -0.000000 11.528197 2.064055 1.000000 1.000000 1.000000
v -1.390109 11.704740 1.259808 1.000000 1.000000 1.000000
v -0.000000 11.704740 1.259808 1.000000 1.000000 1.000000
v -1.390109 11.708913 1.027412 1.000000 1.000000 1.000000
v -0.000000 11.709038 1.020457 1.000000 1.000000 1.000000
v -1.390109 11.709038 1.020457 1.000000 1.000000 1.000000
v -1.386827 11.650276 0.906769 1.000000 1.000000 1.000000
v -0.000000 11.650276 0.906769 1.000000 1.000000 1.000000
v -1.571299 8.105749 8.845528 1.000000 1.000000 1.000000
v -1.581269 8.870628 9.623058 1.000000 1.000000 1.000000
v -1.287969 8.965816 9.347878 1.000000 1.000000 1.000000
v -1.342648 8.252764 8.715888 1.000000 1.000000 1.000000
v -1.516620 9.056133 9.667578 1.000000 1.000000 1.000000
v -1.158706 9.586030 9.397717 1.000000 1.000000 1.000000
v -1.406464 9.659212 9.665664 1.000000 1.000000 1.000000
v -1.105260 10.128340 9.354984 1.000000 1.000000 1.000000
v -1.353790 10.260120 9.664845 1.000000 1.000000 1.000000
v -1.287969 8.965816 9.347878 1.000000 1.000000 1.000000
v -0.000000 8.252764 8.715888 1.000000 1.000000 1.000000
v -0.000000 8.965816 9.347878 1.000000 1.000000 1.000000
v -1.158706 9.586030 9.397717 1.000000 1.000000 1.000000
v -0.000000 9.586030 9.397717 1.000000 1.000000 1.000000
v -1.105260 10.128340 9.354984 1.000000 1.000000 1.000000
v -0.000000 10.128340 9.354984 1.000000 1.000000 1.000000
v 1.581269 8.870628 9.623058 1.000000 1.000000 1.000000
v 1.571299 8.105749 8.845528 1.000000 1.000000 1.000000
v 1.287969 8.965816 9.347878 1.000000 1.000000 1.000000
v 1.342648 8.252764 8.715888 1.000000 1.000000 1.000000
v 1.516620 9.056133 9.667578 1.000000 1.000000 1.000000
v 1.158706 9.586030 9.397717 1.000000 1.000000 1.000000
v 1.406464 9.659212 9.665664 1.000000 1.000000 1.000000
v 1.105260 10.128340 9.354984 1.000000 1.000000 1.000000
v 1.353790 10.260120 9.664845 1.000000 1.000000 1.000000
v -0.000000 8.252764 8.715888 1.000000 1.000000 1.000000
v 1.287969 8.965816 9.347878 1.000000 1.000000 1.000000
v -0.000000 8.965816 9.347878 1.000000 1.000000 1.000000
v 1.158706 9.586030 9.397717 1.000000 1.000000 1.000000
v -0.000000 9.586030 9.397717 1.000000 1.000000 1.000000
v 1.105260 10.128340 9.354984 1.000000 1.000000 1.000000
v -0.000000 10.128340 9.354984 1.000000 1.000000 1.000000
v -0.000000 6.115508 -3.990413 1.000000 1.000000 1.000000
v -1.326804 6.115508 -3.990413 1.000000 1.000000 1.000000
v -0.000000 5.546650 -3.862911 1.000000 1.000000 1.000000
v -1.326804 5.546650 -3.862911 1.000000 1.000000 1.000000
v -0.000000 4.974486 -3.830098 1.000000 1.000000 1.000000
v -1.326804 4.974486 -3.830098 1.000000 1.000000 1.000000
v -1.326804 3.597528 -3.981250 1.000000 1.000000 1.000000
v -0.000000 3.597528 -3.981250 1.000000 1.000000 1.000000
v -1.241281 2.650030 -4.410585 1.000000 1.000000 1.000000
v -0.000000 2.650030 -4.410585 1.000000 1.000000 1.000000
v -0.000000 2.123698 -4.755428 1.000000 1.000000 1.000000
v -1.289108 2.106434 -4.755428 1.000000 1.000000 1.000000
v -0.000000 2.123698 -4.755428 1.000000 1.000000 1.000000
v 1.289108 2.106434 -4.755428 1.000000 1.000000 1.000000
v 1.241281 2.650030 -4.410585 1.000000 1.000000 1.000000
v -0.000000 2.650030 -4.410585 1.000000 1.000000 1.000000
v -0.000000 3.597528 -3.981250 1.000000 1.000000 1.000000
v 1.326804 3.597528 -3.981250 1.000000 1.000000 1.000000
v 1.326804 4.974486 -3.830098 1.000000 1.000000 1.000000
v -0.000000 4.974486 -3.830098 1.000000 1.000000 1.000000
v -0.000000 5.546650 -3.862911 1.000000 1.000000 1.000000
v 1.326804 5.546650 -3.862911 1.000000 1.000000 1.000000
v -0.000000 6.115508 -3.990413 1.000000 1.000000 1.000000
v 1.326804 6.115508 -3.990413 1.000000 1.000000 1.000000
v 1.390109 11.708913 1.027412 1.000000 1.000000 1.000000
v -0.000000 11.709038 1.020457 1.000000 1.000000 1.000000
v 1.390109 11.709038 1.020457 1.000000 1.000000 1.000000
v 1.386827 11.650276 0.906769 1.000000 1.000000 1.000000
v -0.000000 11.650276 0.906769 1.000000 1.000000 1.000000
v -0.000000 11.704740 1.259808 1.000000 1.000000 1.000000
v 1.390109 11.704740 1.259808 1.000000 1.000000 1.000000
v -0.000000 11.528197 2.064055 1.000000 1.000000 1.000000
v 1.431065 11.528197 2.064055 1.000000 1.000000 1.000000
v -0.000000 11.028971 2.962819 1.000000 1.000000 1.000000
v 1.529539 11.028971 2.962819 1.000000 1.000000 1.000000
v -0.000000 10.194324 3.721589 1.000000 1.000000 1.000000
v 1.655325 10.194324 3.721589 1.000000 1.000000 1.000000
v 1.634815 9.632562 4.059338 1.000000 1.000000 1.000000
v -0.000000 9.632562 4.059338 1.000000 1.000000 1.000000
v 1.634815 9.174304 4.261022 1.000000 1.000000 1.000000
v -0.000000 9.174304 4.261022 1.000000 1.000000 1.000000
v -0.000000 15.500393 4.006017 1.000000 1.000000 1.000000
v -1.142573 15.833860 3.790243 1.000000 1.000000 1.000000
v -0.000000 15.833860 3.790243 1.000000 1.000000 1.000000
v -1.142573 15.500393 4.006017 1.000000 1.000000 1.000000
v -0.000000 15.047301 4.090008 1.000000 1.000000 1.000000
v -1.142573 15.047301 4.090008 1.000000 1.000000 1.000000
v -0.000000 14.872687 4.104096 1.000000 1.000000 1.000000
v -1.142573 14.872687 4.104096 1.000000 1.000000 1.000000
v -0.000000 15.833860 3.790243 1.000000 1.000000 1.000000
v 1.142573 15.833860 3.790243 1.000000 1.000000 1.000000
v 1.142573 15.500393 4.006017 1.000000 1.000000 1.000000
v -0.000000 15.500393 4.006017 1.000000 1.000000 1.000000
v 1.142573 15.047301 4.090008 1.000000 1.000000 1.000000
v -0.000000 15.047301 4.090008 1.000000 1.000000 1.000000
v 1.142573 14.872687 4.104096 1.000000 1.000000 1.000000
v -0.000000 14.872687 4.104096 1.000000 1.000000 1.000000
v -0.000000 7.843486 9.713134 1.000000 1.000000 1.000000
v -1.369956 7.843486 9.713134 1.000000 1.000000 1.000000
v -0.000000 8.201118 9.783488 1.000000 1.000000 1.000000
v -1.369956 8.201118 9.783488 1.000000 1.000000 1.000000
v -0.000000 8.496564 9.707437 1.000000 1.000000 1.000000
v -1.410959 8.496564 9.707437 1.000000 1.000000 1.000000
v -1.369956 7.196508 9.263971 1.000000 1.000000 1.000000
v -0.000000 7.196508 9.263971 1.000000 1.000000 1.000000
v -1.193737 6.799376 8.789796 1.000000 1.000000 1.000000
v -0.000000 6.799376 8.789796 1.000000 1.000000 1.000000
v 1.369956 8.201118 9.783488 1.000000 1.000000 1.000000
v -0.000000 7.843486 9.713134 1.000000 1.000000 1.000000
v -0.000000 8.201118 9.783488 1.000000 1.000000 1.000000
v -0.000000 8.496564 9.707437 1.000000 1.000000 1.000000
v 1.410959 8.496564 9.707437 1.000000 1.000000 1.000000
v 1.369956 7.843486 9.713134 1.000000 1.000000 1.000000
v -0.000000 7.196508 9.263971 1.000000 1.000000 1.000000
v 1.369956 7.196508 9.263971 1.000000 1.000000 1.000000
v 1.193737 6.799376 8.789796 1.000000 1.000000 1.000000
v -0.000000 6.799376 8.789796 1.000000 1.000000 1.000000
v -0.000000 17.194361 9.323014 1.000000 1.000000 1.000000
v 0.478930 15.942048 9.142001 1.000000 1.000000 1.000000
v -0.000000 15.942048 9.142001 1.000000 1.000000 1.000000
v -0.000000 14.623063 8.951352 1.000000 1.000000 1.000000
v -0.478930 15.942048 9.142001 1.000000 1.000000 1.000000
v -0.000000 17.194361 9.323014 1.000000 1.000000 1.000000
v -0.000000 15.942048 9.142001 1.000000 1.000000 1.000000
v -0.000000 14.623063 8.951352 1.000000 1.000000 1.000000
v -0.613565 14.808094 2.505215 1.000000 1.000000 1.000000
v -1.168759 15.027622 2.758821 1.000000 1.000000 1.000000
v -0.412414 14.994895 2.178687 1.000000 1.000000 1.000000
v -1.102596 14.873591 2.877196 1.000000 1.000000 1.000000
v -0.000000 14.808094 2.505215 1.000000 1.000000 1.000000
v -0.000000 14.994895 2.178687 1.000000 1.000000 1.000000
v -0.000000 14.524404 2.840870 1.000000 1.000000 1.000000
v -0.613565 14.524404 2.840870 1.000000 1.000000 1.000000
v -1.054902 14.576049 3.098825 1.000000 1.000000 1.000000
v -0.000000 14.344554 2.901292 1.000000 1.000000 1.000000
v -1.059022 14.398828 3.201888 1.000000 1.000000 1.000000
v -0.613565 14.344554 2.901292 1.000000 1.000000 1.000000
v -0.000000 14.002615 2.922950 1.000000 1.000000 1.000000
v -0.673450 14.002615 2.922950 1.000000 1.000000 1.000000
v -1.118709 14.094056 3.320166 1.000000 1.000000 1.000000
v -1.438936 13.636128 -6.804099 1.000000 1.000000 1.000000
v -1.755521 13.947161 -7.322487 1.000000 1.000000 1.000000
v -0.000000 13.636128 -6.804099 1.000000 1.000000 1.000000
v 0.000000 13.124640 -6.573104 1.000000 1.000000 1.000000
v -1.438936 14.122869 -6.804099 1.000000 1.000000 1.000000
v -1.438936 14.122869 -6.804099 1.000000 1.000000 1.000000
v -1.704182 14.482102 -7.207571 1.000000 1.000000 1.000000
v -0.000000 14.122869 -6.804099 1.000000 1.000000 1.000000
v -0.000000 14.419862 -6.589604 1.000000 1.000000 1.000000
v -1.438936 14.419862 -6.589604 1.000000 1.000000 1.000000
v -1.438936 14.419862 -6.589604 1.000000 1.000000 1.000000
v -1.683482 14.927087 -7.011402 1.000000 1.000000 1.000000
v -1.352374 14.502360 -6.259611 1.000000 1.000000 1.000000
v -1.271124 14.259138 -5.745103 1.000000 1.000000 1.000000
v 0.552473 4.894622 9.482267 1.000000 1.000000 1.000000
v -0.000000 4.491386 9.229533 1.000000 1.000000 1.000000
v -0.000000 4.894622 9.482267 1.000000 1.000000 1.000000
v -0.000000 4.491386 9.229533 1.000000 1.000000 1.000000
v -0.552473 4.894622 9.482267 1.000000 1.000000 1.000000
v -0.000000 4.894622 9.482267 1.000000 1.000000 1.000000
v 1.518232 10.942506 -0.966091 1.000000 1.000000 1.000000
v -0.000000 11.082877 -0.300455 1.000000 1.000000 1.000000
v -0.000000 10.942744 -0.966091 1.000000 1.000000 1.000000
v 1.518232 11.082877 -0.300455 1.000000 1.000000 1.000000
v -0.000000 10.639120 -1.386492 1.000000 1.000000 1.000000
v 1.578988 10.639120 -1.386492 1.000000 1.000000 1.000000
v -0.000000 14.122869 -6.804099 1.000000 1.000000 1.000000
v 1.438936 14.122869 -6.804099 1.000000 1.000000 1.000000
v 1.438936 14.419862 -6.589604 1.000000 1.000000 1.000000
v -0.000000 14.419862 -6.589604 1.000000 1.000000 1.000000
v -0.000000 13.636128 -6.804099 1.000000 1.000000 1.000000
v 1.438936 13.636128 -6.804099 1.000000 1.000000 1.000000
v 0.000000 13.124640 -6.573104 1.000000 1.000000 1.000000
v 1.438936 13.124640 -6.573104 1.000000 1.000000 1.000000
v -0.000000 14.419862 -6.589604 1.000000 1.000000 1.000000
v 1.438936 14.419862 -6.589604 1.000000 1.000000 1.000000
v 1.352374 14.502360 -6.259611 1.000000 1.000000 1.000000
v -0.000000 14.502360 -6.259611 1.000000 1.000000 1.000000
v 1.271124 14.259138 -5.745103 1.000000 1.000000 1.000000
v -0.000000 14.259138 -5.745103 1.000000 1.000000 1.000000
v -0.000000 14.259138 -5.745103 1.000000 1.000000 1.000000
v -1.271124 14.259138 -5.745103 1.000000 1.000000 1.000000
v -0.000000 14.502360 -6.259611 1.000000 1.000000 1.000000
v -1.352374 14.502360 -6.259611 1.000000 1.000000 1.000000
v -0.000000 14.419862 -6.589604 1.000000 1.000000 1.000000
v -1.438936 14.419862 -6.589604 1.000000 1.000000 1.000000
v -1.053437 11.205510 7.650952 1.000000 1.000000 1.000000
v -0.000000 10.910360 8.424969 1.000000 1.000000 1.000000
v -1.053437 10.910360 8.424969 1.000000 1.000000 1.000000
v -0.000000 10.821770 9.033034 1.000000 1.000000 1.000000
v -1.053437 10.821770 9.033034 1.000000 1.000000 1.000000
v -0.000000 11.205510 7.650952 1.000000 1.000000 1.000000
v -1.053437 11.573670 7.118604 1.000000 1.000000 1.000000
v -0.000000 11.573670 7.118604 1.000000 1.000000 1.000000
v -1.053437 11.876775 6.680324 1.000000 1.000000 1.000000
v -0.000000 11.876775 6.680324 1.000000 1.000000 1.000000
v -1.053437 12.176517 5.990564 1.000000 1.000000 1.000000
v -0.000000 12.176517 5.990564 1.000000 1.000000 1.000000
v -0.000000 11.205510 7.650952 1.000000 1.000000 1.000000
v 1.053437 11.205510 7.650952 1.000000 1.000000 1.000000
v 1.053437 10.910360 8.424969 1.000000 1.000000 1.000000
v -0.000000 11.573670 7.118604 1.000000 1.000000 1.000000
v -0.000000 10.910360 8.424969 1.000000 1.000000 1.000000
v 1.053437 10.821770 9.033034 1.000000 1.000000 1.000000
v -0.000000 10.821770 9.033034 1.000000 1.000000 1.000000
v 1.053437 11.573670 7.118604 1.000000 1.000000 1.000000
v -0.000000 11.876775 6.680324 1.000000 1.000000 1.000000
v 1.053437 11.876775 6.680324 1.000000 1.000000 1.000000
v -0.000000 12.176517 5.990564 1.000000 1.000000 1.000000
v 1.053437 12.176517 5.990564 1.000000 1.000000 1.000000
v -0.000000 -18.771948 4.585105 1.000000 1.000000 1.000000
v 0.760883 -19.342873 5.042465 1.000000 1.000000 1.000000
v -0.000000 -18.491352 5.021162 1.000000 1.000000 1.000000
v 0.613558 -19.016729 5.455791 1.000000 1.000000 1.000000
v -0.000000 -18.200521 5.281379 1.000000 1.000000 1.000000
v 0.613558 -18.594721 5.882775 1.000000 1.000000 1.000000
v -0.000000 -17.932304 5.521364 1.000000 1.000000 1.000000
v 0.760883 -18.352310 6.128042 1.000000 1.000000 1.000000
v -0.000000 -18.471737 7.002355 1.000000 1.000000 1.000000
v -0.000000 -18.903284 6.923892 1.000000 1.000000 1.000000
v 0.760883 -18.183592 6.211265 1.000000 1.000000 1.000000
v -0.000000 -17.998123 6.943818 1.000000 1.000000 1.000000
v 0.760883 -17.963951 6.205317 1.000000 1.000000 1.000000
v 0.760883 -17.963951 6.205317 1.000000 1.000000 1.000000
v 0.636453 -17.394083 6.143280 1.000000 1.000000 1.000000
v 0.636453 -17.394083 6.143280 1.000000 1.000000 1.000000
v -0.000000 -17.412485 5.609635 1.000000 1.000000 1.000000
v -0.000000 -17.373255 6.747350 1.000000 1.000000 1.000000
v -0.000000 -16.893141 5.595600 1.000000 1.000000 1.000000
v 0.406995 -16.736094 5.856177 1.000000 1.000000 1.000000
v 0.406995 -16.736094 5.856177 1.000000 1.000000 1.000000
v -0.000000 -16.578815 6.109837 1.000000 1.000000 1.000000
v -0.000000 -16.559198 5.501748 1.000000 1.000000 1.000000
v -0.000000 -16.413618 5.755440 1.000000 1.000000 1.000000
v 0.243058 -16.486813 5.631775 1.000000 1.000000 1.000000
v -0.000000 -16.330223 5.373213 1.000000 1.000000 1.000000
v -0.000000 -16.160965 3.080747 1.000000 1.000000 1.000000
v -0.419109 -15.550138 3.256277 1.000000 1.000000 1.000000
v -0.000000 -15.550138 3.455745 1.000000 1.000000 1.000000
v -0.828515 -16.160965 3.080747 1.000000 1.000000 1.000000
v 0.419109 -15.550138 3.256277 1.000000 1.000000 1.000000
v -0.000000 -16.160965 3.080747 1.000000 1.000000 1.000000
v -0.000000 -15.550138 3.455745 1.000000 1.000000 1.000000
v 0.828515 -16.160965 3.080747 1.000000 1.000000 1.000000
v -0.000000 10.128340 9.354984 1.000000 1.000000 1.000000
v -1.053437 10.458600 9.277289 1.000000 1.000000 1.000000
v -0.000000 10.458600 9.277289 1.000000 1.000000 1.000000
v -1.105260 10.128340 9.354984 1.000000 1.000000 1.000000
v -1.053437 10.821770 9.033034 1.000000 1.000000 1.000000
v -0.000000 10.821770 9.033034 1.000000 1.000000 1.000000
v 1.053437 10.458600 9.277289 1.000000 1.000000 1.000000
v -0.000000 10.128340 9.354984 1.000000 1.000000 1.000000
v -0.000000 10.458600 9.277289 1.000000 1.000000 1.000000
v 1.105260 10.128340 9.354984 1.000000 1.000000 1.000000
v -0.000000 10.821770 9.033034 1.000000 1.000000 1.000000
v 1.053437 10.821770 9.033034 1.000000 1.000000 1.000000
v -0.000000 15.833860 3.790243 1.000000 1.000000 1.000000
v -1.142573 15.882900 3.613701 1.000000 1.000000 1.000000
v -0.000000 15.882900 3.613701 1.000000 1.000000 1.000000
v -1.142573 15.833860 3.790243 1.000000 1.000000 1.000000
v -0.000000 15.882900 3.613701 1.000000 1.000000 1.000000
v 1.142573 15.882900 3.613701 1.000000 1.000000 1.000000
v 1.142573 15.833860 3.790243 1.000000 1.000000 1.000000
v -0.000000 15.833860 3.790243 1.000000 1.000000 1.000000
v -1.278705 -16.390625 3.244949 1.000000 1.000000 1.000000
v -1.296027 -16.239441 3.483665 1.000000 1.000000 1.000000
v -1.039488 -15.968884 3.431299 1.000000 1.000000 1.000000
v -1.406053 -16.486982 3.402166 1.000000 1.000000 1.000000
v -1.571596 -17.091084 3.079138 1.000000 1.000000 1.000000
v -1.365774 -17.002834 2.858279 1.000000 1.000000 1.000000
v -1.141791 -17.383917 2.465471 1.000000 1.000000 1.000000
v -1.634046 -17.501743 2.722953 1.000000 1.000000 1.000000
v -1.634046 -17.686121 2.546955 1.000000 1.000000 1.000000
v -0.896188 -17.641882 1.955407 1.000000 1.000000 1.000000
v -0.000000 -17.383917 2.465471 1.000000 1.000000 1.000000
v -0.000000 -17.641882 1.955407 1.000000 1.000000 1.000000
v -0.000000 -17.002834 2.858279 1.000000 1.000000 1.000000
v -1.365774 -17.002834 2.858279 1.000000 1.000000 1.000000
v -1.278705 -16.390625 3.244949 1.000000 1.000000 1.000000
v -0.000000 -16.390625 3.244949 1.000000 1.000000 1.000000
v -1.039488 -15.968884 3.431299 1.000000 1.000000 1.000000
v -0.000000 -15.968884 3.431299 1.000000 1.000000 1.000000
v 1.278705 -16.390625 3.244949 1.000000 1.000000 1.000000
v 1.296027 -16.239441 3.483665 1.000000 1.000000 1.000000
v 1.406053 -16.486982 3.402166 1.000000 1.000000 1.000000
v 1.039488 -15.968884 3.431299 1.000000 1.000000 1.000000
v 1.571596 -17.091084 3.079138 1.000000 1.000000 1.000000
v 1.365774 -17.002834 2.858279 1.000000 1.000000 1.000000
v 1.141791 -17.383917 2.465471 1.000000 1.000000 1.000000
v 1.634046 -17.501743 2.722953 1.000000 1.000000 1.000000
v 1.634046 -17.686121 2.546955 1.000000 1.000000 1.000000
v 0.896188 -17.641882 1.955407 1.000000 1.000000 1.000000
v -0.000000 -17.383917 2.465471 1.000000 1.000000 1.000000
v -0.000000 -17.641882 1.955407 1.000000 1.000000 1.000000
v -0.000000 -17.002834 2.858279 1.000000 1.000000 1.000000
v 1.365774 -17.002834 2.858279 1.000000 1.000000 1.000000
v 1.278705 -16.390625 3.244949 1.000000 1.000000 1.000000
v -0.000000 -16.390625 3.244949 1.000000 1.000000 1.000000
v 1.039488 -15.968884 3.431299 1.000000 1.000000 1.000000
v -0.000000 -15.968884 3.431299 1.000000 1.000000 1.000000
v 0.637879 -20.980715 3.813807 1.000000 1.000000 1.000000
v -0.000000 -21.451494 3.421491 1.000000 1.000000 1.000000
v -0.000000 -20.980715 3.813807 1.000000 1.000000 1.000000
v 0.631545 -20.725712 3.921694 1.000000 1.000000 1.000000
v -0.000000 -20.725712 3.921694 1.000000 1.000000 1.000000
v 0.639974 -21.451494 3.421491 1.000000 1.000000 1.000000
v -0.000000 -21.677076 2.931097 1.000000 1.000000 1.000000
v 0.907229 -21.677076 2.931097 1.000000 1.000000 1.000000
v -0.000000 -18.888052 3.820067 1.000000 1.000000 1.000000
v 0.859591 -18.974659 4.146246 1.000000 1.000000 1.000000
v 0.989905 -18.888052 3.820067 1.000000 1.000000 1.000000
v -0.000000 -18.734711 3.421491 1.000000 1.000000 1.000000
v 1.194531 -18.734711 3.421491 1.000000 1.000000 1.000000
v -0.000000 -18.974659 4.146246 1.000000 1.000000 1.000000
v 0.733484 -18.911251 4.519975 1.000000 1.000000 1.000000
v -0.000000 -18.911251 4.519975 1.000000 1.000000 1.000000
v -0.000000 -21.451494 2.352432 1.000000 1.000000 1.000000
v -0.907229 -21.677076 2.931097 1.000000 1.000000 1.000000
v -0.000000 -21.677076 2.931097 1.000000 1.000000 1.000000
v -1.021868 -21.451494 2.352432 1.000000 1.000000 1.000000
v -0.000000 -21.451494 2.352432 1.000000 1.000000 1.000000
v 0.907229 -21.677076 2.931097 1.000000 1.000000 1.000000
v 1.021868 -21.451494 2.352432 1.000000 1.000000 1.000000
v -0.000000 -21.677076 2.931097 1.000000 1.000000 1.000000

vn -0.601368 -0.545516 -0.583781
vn -0.802638 -0.390166 -0.449926
vn -0.802638 -0.390166 -0.449926
vn -0.867123 -0.290508 -0.404983
vn -0.867123 -0.290508 -0.404983
vn -0.315095 -0.658852 -0.683439
vn -0.459697 -0.592414 -0.661944
vn -0.236932 -0.666669 -0.706888
vn 0.000489 -0.702819 -0.710796
vn 0.000489 -0.702819 -0.710796
vn 0.000489 -0.642243 -0.766487
vn 0.000489 -0.642243 -0.766487
vn 0.000489 -0.577758 -0.816316
vn 0.000489 -0.577758 -0.816316
vn -0.578896 -0.304187 0.756718
vn -0.307279 -0.024754 0.951148
vn -0.582804 -0.080445 0.808501
vn -0.319980 0.101284 0.942355
vn 0.000489 0.172608 0.985345
vn 0.000489 0.033869 0.999023
vn -0.306302 -0.332521 0.891549
vn 0.000489 -0.329590 0.944309
vn -0.623840 -0.445858 0.642404
vn 0.000489 -0.676439 0.736200
vn -0.333659 -0.594368 0.731314
vn -0.694187 -0.468330 0.547631
vn 0.000489 -0.875755 0.482169
vn -0.694187 -0.468330 0.547631
vn -0.733268 -0.467353 0.493894
vn -0.733268 -0.467353 0.493894
vn 0.000489 -0.875755 0.482169
vn 0.000489 -0.937309 0.348315
vn 0.000489 -0.937309 0.348315
vn -0.751832 -0.390166 0.531998
vn -0.782120 -0.288554 0.552516
vn -0.782120 -0.288554 0.552516
vn -0.723498 0.014328 0.690279
vn -0.751832 -0.390166 0.531998
vn 0.000489 0.229277 0.973620
vn -0.583781 0.361177 0.727406
vn 0.481192 0.160884 0.862238
vn -0.718613 -0.608046 0.337568
vn -0.718613 -0.608046 0.337568
vn -0.658036 -0.733107 0.170494
vn -0.658036 -0.733107 0.170494
vn -0.398144 0.489169 -0.776258
vn -0.739130 0.584919 -0.333659
vn -0.729360 0.377787 -0.571079
vn -0.424524 0.361177 -0.829995
vn -0.739130 0.584919 -0.333659
vn -0.854421 0.513595 -0.080605
vn 0.000489 0.520434 -0.853444
vn 0.000489 0.389511 -0.920860
vn 0.000489 0.794006 -0.608207
vn 0.000489 0.794006 -0.608207
vn 0.000489 0.908319 -0.417684
vn 0.000489 0.908319 -0.417684
vn -0.865169 0.463766 0.189057
vn -0.913043 0.391465 0.117734
vn -0.856375 0.392442 0.335613
vn -0.822179 0.414914 0.390328
vn -0.888618 -0.056019 0.454812
vn -0.746947 0.487215 0.451881
vn -0.883732 -0.052111 0.464583
vn -0.749878 -0.581666 0.314119
vn -0.757694 -0.539653 0.366879
vn -0.757694 -0.539653 0.366879
vn -0.765510 -0.429248 0.478261
vn -0.765510 -0.429248 0.478261
vn -0.474353 -0.289531 0.831950
vn -0.742062 -0.244588 0.623840
vn -0.704934 -0.111710 0.701026
vn -0.518319 -0.393098 0.759649
vn -0.741085 -0.301256 0.600391
vn -0.713727 -0.475169 0.515389
vn 0.000489 -0.380396 0.924768
vn 0.000489 -0.628564 0.777235
vn 0.000489 -0.628564 0.777235
vn 0.000489 -0.521090 0.853444
vn 0.000489 -0.806385 0.591598
vn 0.000489 -0.806385 0.591598
vn 0.000489 -0.840582 0.542746
vn 0.000489 -0.840582 0.542746
vn -0.331705 -0.581666 0.743039
vn 0.000489 0.296692 -0.955056
vn 0.000489 0.296692 -0.955056
vn 0.000489 0.290830 -0.957010
vn 0.000489 0.296692 -0.955056
vn 0.000489 0.290830 -0.957010
vn 0.000489 0.296692 -0.955056
vn 0.000489 0.284968 -0.958964
vn 0.000489 0.229277 -0.973620
vn 0.000489 0.284968 -0.958964
vn 0.000489 0.284968 -0.958964
vn 0.000489 0.284968 -0.958964
vn 0.000489 0.229277 -0.973620
vn 0.000489 0.146228 -0.989252
vn 0.000489 0.146228 -0.989252
vn 0.000489 0.084675 -0.996092
vn 0.000489 0.084675 -0.996092
vn 0.000489 0.013351 -1.000000
vn 0.000489 0.013351 -1.000000
vn 0.000489 -0.045271 -0.999023
vn 0.000489 -0.045271 -0.999023
vn 0.000489 -0.157631 -0.987298
vn 0.000489 -0.157631 -0.987298
vn 0.000489 -0.420455 -0.907181
vn 0.000489 -0.420455 -0.907181
vn 0.000489 -0.589483 -0.808500
vn 0.000489 -0.589483 -0.808500
vn 0.000489 0.284968 -0.958964
vn 0.000489 0.290830 -0.957010
vn 0.000489 0.284968 -0.958964
vn 0.000489 0.284968 -0.958964
vn 0.000489 0.284968 -0.958964
vn 0.000489 0.290830 -0.957010
vn 0.000489 0.296692 -0.955056
vn 0.000489 0.296692 -0.955056
vn 0.000489 0.296692 -0.955056
vn 0.000489 0.296692 -0.955056
vn 0.000489 0.229277 -0.973620
vn 0.000489 0.229277 -0.973620
vn 0.000489 0.146228 -0.989252
vn 0.000489 0.146228 -0.989252
vn 0.000489 0.084675 -0.996092
vn 0.000489 0.084675 -0.996092
vn 0.000489 0.013351 -1.000000
vn 0.000489 0.013351 -1.000000
vn 0.000489 -0.045271 -0.999023
vn 0.000489 -0.045271 -0.999023
vn 0.000489 -0.157631 -0.987298
vn 0.000489 -0.157631 -0.987298
vn 0.000489 -0.420455 -0.907181
vn 0.000489 -0.420455 -0.907181
vn 0.000489 -0.589483 -0.808500
vn 0.000489 -0.589483 -0.808500
vn 0.000489 0.755901 0.654128
vn 0.000489 0.921998 0.388374
vn 0.000489 0.755901 0.654128
vn 0.000489 0.921998 0.388374
vn 0.000489 0.755901 0.654128
vn 0.000489 0.755901 0.654128
vn 0.000489 0.921998 0.388374
vn 0.000489 0.921998 0.388374
vn 0.000489 -0.935355 0.354177
vn 0.979482 -0.162516 0.120665
vn 0.953102 -0.238725 0.186126
vn 0.000489 -0.565057 0.825110
vn 0.874939 -0.182057 0.447973
vn 0.481192 0.160884 0.862238
vn 0.000489 0.229277 0.973620
vn 0.885686 0.113009 0.450904
vn 0.782120 -0.288554 0.552516
vn 0.782120 -0.288554 0.552516
vn 0.751832 -0.390166 0.531998
vn 0.751832 -0.390166 0.531998
vn 0.718613 -0.608046 0.337568
vn 0.718613 -0.608046 0.337568
vn 0.658036 -0.733107 0.170494
vn 0.658036 -0.733107 0.170494
vn 0.930630 0.159907 0.329751
vn 0.000489 -0.040386 -0.999023
vn 0.000489 -0.040386 -0.999023
vn 0.000489 -0.242633 -0.969711
vn 0.000489 -0.242633 -0.969711
vn 0.000489 -0.040386 -0.999023
vn 0.000489 -0.595345 -0.803615
vn 0.346361 -0.523044 -0.778212
vn 0.311187 -0.624656 -0.715681
vn 0.000489 -0.735061 -0.678554
vn 0.646312 -0.388212 -0.657059
vn 0.588666 -0.445858 -0.673669
vn 0.727406 -0.224070 -0.648265
vn 0.727406 -0.224070 -0.648265
vn 0.754763 -0.026708 -0.656082
vn 0.754763 -0.026708 -0.656082
vn 0.754763 0.064157 -0.653151
vn 0.000489 0.999184 -0.050317
vn 0.000489 0.977689 -0.211529
vn 0.000489 0.999184 -0.050317
vn 0.000489 0.977689 -0.211529
vn 0.000489 0.917113 0.399121
vn 0.000489 0.917113 0.399121
vn 0.000489 0.758832 0.651197
vn 0.000489 0.758832 0.651197
vn 0.000489 0.999184 -0.050317
vn 0.000489 0.977689 -0.211529
vn 0.000489 0.977689 -0.211529
vn 0.000489 0.999184 -0.050317
vn 0.000489 0.917113 0.399121
vn 0.000489 0.917113 0.399121
vn 0.000489 0.758832 0.651197
vn 0.000489 0.758832 0.651197
vn 0.488031 -0.184011 0.853444
vn 0.157792 0.101284 0.982414
vn 0.259404 -0.173264 0.950171
vn 0.629702 -0.265105 0.730337
vn 0.000489 0.190195 0.981437
vn 0.000489 0.190195 0.981437
vn 0.000489 0.190195 0.981437
vn 0.000489 -0.149815 0.988276
vn 0.000489 -0.369649 0.929653
vn 0.333659 -0.336429 0.880801
vn 0.000489 -0.097055 0.995115
vn 0.000489 -0.097055 0.995115
vn 0.000489 0.281060 0.959942
vn 0.000489 0.281060 0.959942
vn 0.000489 0.480376 0.876893
vn 0.000489 0.480376 0.876893
vn 0.856375 -0.154700 0.492917
vn 0.782120 -0.326659 0.531021
vn 0.871031 -0.227001 0.436248
vn 0.899365 0.022144 0.437226
vn 0.846605 0.103239 0.523205
vn 0.846605 0.103239 0.523205
vn 0.774304 0.295715 0.560332
vn 0.773327 0.226345 0.591598
vn 0.969712 -0.009121 0.244749
vn 0.841720 0.012374 0.539815
vn 0.719590 -0.287577 0.631656
vn 0.754763 0.497963 0.427455
vn 0.331705 -0.581666 0.743039
vn 0.737176 0.628886 0.247680
vn 0.737176 0.628886 0.247680
vn 0.719590 0.682623 0.126527
vn 0.624817 -0.425340 0.655105
vn 0.298486 -0.529883 0.793845
vn 0.000489 -0.669600 0.743039
vn 0.000489 -0.619771 0.785052
vn 0.000489 -0.521090 0.853444
vn 0.000489 -0.521090 0.853444
vn 0.000489 -0.380396 0.924768
vn 0.000489 -0.380396 0.924768
vn 0.000489 -0.628564 0.777235
vn 0.000489 -0.628564 0.777235
vn 0.000489 -0.806385 0.591598
vn 0.000489 -0.806385 0.591598
vn 0.000489 -0.840582 0.542746
vn 0.000489 -0.840582 0.542746
vn 0.001466 0.085652 -0.996092
vn 0.000489 0.085652 -0.996092
vn -0.006351 -0.082399 -0.997069
vn 0.000489 0.174562 -0.984367
vn 0.003420 0.174562 -0.984367
vn 0.000489 -0.082399 -0.997069
vn -0.013190 -0.159585 -0.987298
vn 0.000489 -0.159585 -0.987298
vn 0.000489 0.085652 -0.996092
vn -0.001466 0.085652 -0.996092
vn 0.006351 -0.082399 -0.997069
vn 0.000489 0.174562 -0.984367
vn -0.003420 0.174562 -0.984367
vn 0.000489 -0.082399 -0.997069
vn 0.013190 -0.159585 -0.987298
vn 0.000489 -0.159585 -0.987298
vn 0.897411 0.122779 0.424524
vn 0.863214 0.126687 0.488032
vn 0.863214 0.126687 0.488032
vn 0.850513 0.094445 0.517343
vn 0.850513 0.094445 0.517343
vn 0.921837 -0.085330 0.378603
vn 0.940401 -0.123435 0.318027
vn 0.903273 -0.291485 0.314119
vn 0.853444 -0.209414 0.477284
vn 0.853444 -0.209414 0.477284
vn 0.780166 0.049501 0.623840
vn 0.780166 0.049501 0.623840
vn 0.628725 0.343590 0.697118
vn 0.339521 0.243932 0.908159
vn 0.488031 0.550723 0.676600
vn 0.254519 0.537044 0.803615
vn 0.208598 0.689462 0.693210
vn 0.000489 0.484284 0.874939
vn 0.000489 0.668944 0.743039
vn 0.000489 0.109101 0.994138
vn 0.000489 -0.163493 0.986322
vn 0.000489 -0.163493 0.986322
vn 0.000489 -0.332521 0.943332
vn 0.000489 -0.332521 0.943332
vn 0.000489 -0.187919 0.982414
vn 0.000489 -0.187919 0.982414
vn 0.000489 0.026052 1.000000
vn 0.000489 0.026052 1.000000
vn 0.000489 -0.056019 0.998046
vn 0.000489 -0.056019 0.998046
vn -0.863214 0.126687 0.488032
vn -0.897411 0.122779 0.424524
vn -0.863214 0.126687 0.488032
vn -0.850513 0.094445 0.517343
vn -0.850513 0.094445 0.517343
vn -0.921837 -0.085330 0.378603
vn -0.940401 -0.123435 0.318027
vn -0.903273 -0.291485 0.314119
vn -0.853444 -0.209414 0.477284
vn -0.853444 -0.209414 0.477284
vn -0.780166 0.049501 0.623840
vn -0.780166 0.049501 0.623840
vn -0.628725 0.343590 0.697118
vn -0.339521 0.243932 0.908159
vn -0.854421 0.501871 -0.136297
vn 0.000489 -0.163493 0.986322
vn 0.000489 -0.163493 0.986322
vn 0.000489 -0.332521 0.943332
vn 0.000489 -0.332521 0.943332
vn 0.000489 -0.187919 0.982414
vn 0.000489 -0.187919 0.982414
vn 0.000489 0.026052 1.000000
vn 0.000489 0.026052 1.000000
vn 0.000489 -0.056019 0.998046
vn 0.000489 -0.056019 0.998046
vn 0.000489 0.109101 0.994138
vn -0.254519 0.537044 0.803615
vn 0.000489 0.484284 0.874939
vn -0.682462 0.644518 -0.345383
vn -0.025892 0.452042 0.891549
vn 0.000489 0.208759 0.977528
vn 0.000489 0.452042 0.891549
vn 0.000489 0.751993 0.659013
vn -0.043478 0.751993 0.658036
vn 0.000489 0.886824 0.461652
vn -0.018075 0.886824 0.461652
vn 0.000489 0.942516 0.332682
vn 0.000489 0.942516 0.332682
vn 0.000489 0.950332 0.310210
vn 0.000489 0.950332 0.310210
vn 0.293600 -0.149815 0.944309
vn 0.976551 -0.161539 0.143137
vn 0.765511 0.100307 0.635565
vn 0.560332 -0.202575 0.802638
vn 0.442110 -0.351085 0.825110
vn 0.229116 -0.319820 0.919883
vn 0.294577 -0.665692 0.685394
vn 0.000489 -0.083376 0.996092
vn 0.000489 0.269335 0.962873
vn 0.000489 0.269335 0.962873
vn 0.000489 0.487215 0.873962
vn 0.000489 0.487215 0.873962
vn 0.000489 -0.269991 0.962873
vn 0.154861 -0.648105 0.745970
vn 0.082560 -0.854260 0.513435
vn 0.000489 -0.615863 0.787983
vn 0.000489 -0.832765 0.552516
vn -0.276991 0.597621 0.752809
vn -0.396190 0.601529 0.693210
vn -0.520274 0.660151 0.541769
vn -0.201759 0.513595 0.833904
vn 0.000489 0.481353 0.875916
vn 0.000489 0.377787 0.925745
vn 0.000489 0.655266 0.755740
vn -0.302394 0.708026 0.638496
vn -0.697118 0.612276 0.372741
vn 0.000489 0.808661 0.587690
vn -0.376649 0.767626 0.518320
vn -0.825110 0.517503 0.226185
vn -0.825110 0.517503 0.226185
vn 0.000489 0.911250 0.411822
vn 0.000489 0.911250 0.411822
vn 0.000489 0.941539 0.335613
vn 0.000489 0.941539 0.335613
vn 0.000489 0.945447 0.325843
vn 0.000489 0.945447 0.325843
vn 0.000489 0.945447 0.324866
vn 0.000489 0.945447 0.324866
vn -0.845628 0.383649 -0.370786
vn -0.830972 0.317210 -0.457743
vn -0.845628 0.383649 -0.370786
vn -0.830972 0.317210 -0.457743
vn -0.772350 -0.033547 -0.633610
vn -0.772350 -0.033547 -0.633610
vn -0.685393 -0.228955 -0.691255
vn -0.685393 -0.228955 -0.691255
vn -0.489985 -0.561148 -0.666829
vn -0.370786 -0.650059 -0.662921
vn -0.602345 -0.761441 0.237909
vn -0.179287 -0.825926 -0.534929
vn 0.000489 -0.784890 -0.618954
vn 0.000489 -0.835696 -0.549584
vn -0.420616 -0.768281 0.483146
vn 0.000489 -0.880640 -0.474352
vn 0.845628 0.383649 -0.370786
vn 0.830972 0.317210 -0.457743
vn 0.845628 0.383649 -0.370786
vn 0.830972 0.317210 -0.457743
vn 0.772350 -0.033547 -0.633610
vn 0.772350 -0.033547 -0.633610
vn 0.685393 -0.228955 -0.691255
vn 0.685393 -0.228955 -0.691255
vn 0.489985 -0.561148 -0.666829
vn 0.370787 -0.650059 -0.662921
vn 0.174402 -0.830811 -0.529067
vn 0.179287 -0.825926 -0.534929
vn 0.000489 -0.784890 -0.618954
vn 0.153884 -0.867939 -0.472398
vn 0.000489 -0.835696 -0.549584
vn 0.000489 -0.880640 -0.474352
vn 0.000489 -0.120503 0.992184
vn 0.000489 -0.120503 0.992184
vn 0.000489 -0.056019 0.998046
vn 0.000489 -0.056019 0.998046
vn 0.000489 -0.109756 0.994138
vn 0.000489 -0.109756 0.994138
vn 0.000489 -0.120503 0.992184
vn 0.000489 -0.120503 0.992184
vn 0.000489 -0.056019 0.998046
vn 0.000489 -0.056019 0.998046
vn 0.000489 -0.109756 0.994138
vn 0.000489 -0.109756 0.994138
vn 0.000489 -0.284646 0.958965
vn -0.000489 -0.284646 0.958965
vn 0.000489 -0.284646 0.958965
vn 0.000489 -0.376488 0.926722
vn 0.000489 -0.284646 0.958965
vn -0.000489 -0.376488 0.926722
vn 0.000489 -0.176195 0.984368
vn -0.000489 -0.465398 0.884710
vn 0.000489 -0.176195 0.984368
vn 0.000489 -0.465398 0.884710
vn 0.000489 0.001626 1.000000
vn 0.000489 -0.465398 0.884710
vn 0.000489 0.001626 1.000000
vn 0.000489 0.069042 0.998046
vn 0.000489 0.069042 0.998046
vn 0.000489 -0.465398 0.884710
vn 0.000489 -0.528906 0.848559
vn 0.000489 -0.528906 0.848559
vn 0.000489 -0.588506 0.808501
vn 0.000489 -0.588506 0.808501
vn 0.000489 0.988436 -0.154860
vn 0.000489 0.939584 -0.341475
vn 0.000489 0.988436 -0.154860
vn 0.000489 1.000161 -0.018075
vn 0.000489 0.939584 -0.341475
vn 0.000489 1.000161 -0.018075
vn 0.000489 0.766648 -0.642403
vn 0.000489 0.970850 0.240840
vn 0.000489 0.766648 -0.642403
vn 0.000489 0.970850 0.240840
vn 0.000489 0.430547 -0.902296
vn 0.000489 0.816477 0.577919
vn 0.000489 0.430547 -0.902296
vn 0.000489 0.816477 0.577919
vn 0.000489 0.053410 -0.999023
vn 0.000489 0.593712 0.804592
vn 0.000489 0.053410 -0.999023
vn 0.000489 0.593712 0.804592
vn 0.000489 -0.506434 -0.862237
vn 0.000489 0.294738 0.956034
vn 0.000489 -0.506434 -0.862237
vn 0.000489 0.294738 0.956034
vn 0.000489 -0.809316 -0.586712
vn 0.000489 0.041685 0.999023
vn 0.000489 -0.809316 -0.586712
vn 0.000489 0.041685 0.999023
vn 0.000489 -0.088261 0.996092
vn 0.000489 -0.088261 0.996092
vn 0.000489 -0.948056 -0.318026
vn 0.000489 -0.948056 -0.318026
vn 0.000489 -0.994954 -0.102100
vn 0.000489 0.988436 -0.154860
vn 0.000489 0.939584 -0.341475
vn 0.000489 0.939584 -0.341475
vn 0.000489 0.988436 -0.154860
vn 0.000489 0.766648 -0.642403
vn 0.000489 1.000161 -0.018075
vn 0.000489 0.766648 -0.642403
vn 0.000489 1.000161 -0.018075
vn 0.000489 0.430547 -0.902296
vn 0.000489 0.970850 0.240840
vn 0.000489 0.430547 -0.902296
vn 0.000489 0.970850 0.240840
vn 0.000489 0.053410 -0.999023
vn 0.000489 0.816477 0.577919
vn 0.000489 0.053410 -0.999023
vn 0.000489 0.816477 0.577919
vn 0.000489 -0.506434 -0.862237
vn 0.000489 0.593712 0.804592
vn 0.000489 -0.506434 -0.862237
vn 0.000489 0.593712 0.804592
vn 0.000489 -0.809316 -0.586712
vn 0.000489 0.294738 0.956034
vn 0.000489 -0.809316 -0.586712
vn 0.000489 0.294738 0.956034
vn 0.000489 -0.948056 -0.318026
vn 0.000489 -0.948056 -0.318026
vn 0.000489 -0.994954 -0.102100
vn 0.000489 0.041685 0.999023
vn 0.000489 0.041685 0.999023
vn 0.000489 -0.088261 0.996092
vn 0.000489 -0.088261 0.996092
vn 0.000489 0.984528 0.177333
vn 0.000489 0.964010 -0.267220
vn 0.000489 0.984528 0.177333
vn 0.000489 0.932745 0.361016
vn 0.000489 0.932745 0.361016
vn 0.000489 0.964010 -0.267220
vn 0.000489 0.863375 -0.503664
vn 0.000489 0.863375 -0.503664
vn 0.794822 0.241978 -0.556424
vn 0.978505 -0.206483 -0.025891
vn 0.794822 0.241978 -0.556424
vn 0.728383 -0.189873 0.658036
vn 0.765511 -0.429248 0.478261
vn 0.795799 0.432501 -0.424523
vn 0.765511 -0.429248 0.478261
vn 0.795799 0.432501 -0.424523
vn 0.757694 -0.539653 0.366879
vn 0.757694 -0.539653 0.366879
vn 0.355154 0.757855 -0.546653
vn 0.994138 -0.002282 -0.104054
vn 0.749878 -0.581666 0.314119
vn 0.985344 -0.009121 -0.172447
vn 0.277968 0.830156 -0.483146
vn 0.000489 0.832110 -0.554470
vn 0.000489 0.921021 -0.389350
vn 0.000489 0.671876 -0.740107
vn 0.000489 0.671876 -0.740107
vn 0.000489 0.511641 -0.859306
vn 0.000489 0.511641 -0.859306
vn 0.000489 0.382672 -0.923791
vn 0.000489 0.382672 -0.923791
vn 0.746947 0.487215 0.451881
vn 0.995115 -0.038432 -0.092330
vn 0.999023 0.017259 -0.035662
vn 0.865169 0.463766 0.189057
vn 0.315095 -0.658852 -0.683439
vn 0.802638 -0.390166 -0.449926
vn 0.236932 -0.666669 -0.706888
vn 0.974597 0.007489 0.223254
vn 0.867123 -0.290508 -0.404983
vn 0.000489 -0.702819 -0.710796
vn 0.000489 -0.702819 -0.710796
vn 0.000489 -0.642243 -0.766487
vn 0.000489 -0.642243 -0.766487
vn 0.000489 -0.577758 -0.816316
vn 0.000489 -0.577758 -0.816316
vn 0.694187 -0.468330 0.547631
vn 0.733268 -0.467353 0.493894
vn 0.921837 -0.048203 0.384465
vn 0.333659 -0.594368 0.731314
vn 0.932584 0.038754 0.358085
vn 0.739130 0.584919 -0.333659
vn 0.739130 0.584919 -0.333659
vn 0.729360 0.377787 -0.571079
vn 0.959941 0.217552 0.175379
vn 0.731314 0.242955 0.637519
vn 0.307279 -0.024754 0.951148
vn 0.000489 0.172608 0.985345
vn 0.578896 -0.304187 0.756718
vn 0.000489 0.033869 0.999023
vn 0.306302 -0.332521 0.891549
vn 0.000489 -0.329590 0.944309
vn 0.000489 -0.676439 0.736200
vn 0.000489 -0.875755 0.482169
vn 0.000489 -0.875755 0.482169
vn 0.000489 -0.937309 0.348315
vn 0.000489 -0.937309 0.348315
vn 0.000489 0.980620 -0.193942
vn 0.000489 0.960102 -0.278944
vn 0.000489 0.980620 -0.193942
vn 0.000489 0.960102 -0.278944
vn 0.000489 0.985505 0.168540
vn 0.000489 0.985505 0.168540
vn 0.000489 0.901480 0.432340
vn 0.000489 0.901480 0.432340
vn 0.000489 0.980620 -0.193942
vn 0.000489 0.960102 -0.278944
vn 0.000489 0.980620 -0.193942
vn 0.000489 0.960102 -0.278944
vn 0.000489 0.985505 0.168540
vn 0.000489 0.985505 0.168540
vn 0.000489 0.901480 0.432340
vn 0.000489 0.901480 0.432340
vn 0.000489 -0.737015 -0.675623
vn 0.000489 -0.737015 -0.675623
vn 0.000489 -0.643220 -0.765510
vn 0.000489 -0.643220 -0.765510
vn 0.000489 -0.538676 -0.842696
vn 0.000489 -0.538676 -0.842696
vn 0.000489 -0.461490 -0.886663
vn 0.000489 -0.461490 -0.886663
vn 0.000489 -0.349131 -0.937469
vn 0.000489 -0.349131 -0.937469
vn 0.000489 -0.267059 -0.963849
vn 0.000489 -0.267059 -0.963849
vn 0.000489 -0.153723 -0.988275
vn 0.000489 -0.153723 -0.988275
vn 0.000489 0.008466 -1.000000
vn 0.000489 0.008466 -1.000000
vn 0.000489 0.217552 -0.975574
vn 0.000489 0.217552 -0.975574
vn 0.002443 0.472560 -0.880801
vn 0.000489 0.472560 -0.880801
vn 0.000489 0.665036 -0.746946
vn 0.005374 0.665036 -0.746946
vn 0.000489 0.841881 -0.539814
vn 0.000489 0.841881 -0.539814
vn 0.702003 0.698256 -0.137274
vn 0.231070 0.093468 -0.968734
vn 0.485100 0.851651 -0.199804
vn 0.000489 -0.052111 -0.999023
vn 0.000489 -0.008144 -1.000000
vn 0.276991 0.597621 0.752809
vn 0.000489 0.481353 0.875916
vn 0.000489 0.377787 0.925745
vn 0.000489 0.655266 0.755740
vn 0.302394 0.708026 0.638496
vn 0.830972 0.549746 0.086468
vn 0.000489 0.808661 0.587690
vn 0.697118 0.612276 0.372741
vn 0.376649 0.767626 0.518320
vn 0.000489 0.911250 0.411822
vn 0.825110 0.517503 0.226185
vn 0.000489 0.911250 0.411822
vn 0.825110 0.517503 0.226185
vn 0.000489 0.941539 0.335613
vn 0.871031 0.475491 0.122619
vn 0.000489 0.941539 0.335613
vn 0.871031 0.475491 0.122619
vn 0.000489 0.945447 0.325843
vn 0.891549 0.435432 0.128481
vn 0.000489 0.945447 0.325843
vn 0.000489 0.945447 0.324866
vn 0.000489 0.945447 0.324866
vn 0.891549 0.435432 0.128481
vn 0.940401 0.211690 0.266244
vn 0.940401 0.211690 0.266244
vn 0.927699 0.045593 0.371764
vn 0.927699 0.045593 0.371764
vn 0.921837 0.111055 0.370787
vn 0.921837 0.111055 0.370787
vn 0.916952 0.179448 0.357108
vn 0.916952 0.179448 0.357108
vn 0.874939 0.342613 0.341476
vn 0.874939 0.342613 0.341476
vn 0.781143 0.575149 0.244749
vn 0.781143 0.575149 0.244749
vn 0.705911 0.705095 0.072790
vn 0.437225 0.888778 0.136297
vn 0.650220 0.758832 0.039570
vn 0.305325 0.952286 -0.003419
vn 0.580850 0.812569 0.050318
vn 0.532975 0.844812 -0.039570
vn 0.000489 0.979643 0.201759
vn 0.000489 0.832110 0.554470
vn 0.000489 0.832110 0.554470
vn 0.000489 0.610322 0.791891
vn 0.000489 0.610322 0.791891
vn 0.000489 0.429570 0.903273
vn 0.000489 0.429570 0.903273
vn 0.000489 0.276175 0.960919
vn 0.000489 0.276175 0.960919
vn 0.000489 0.045593 0.999023
vn 0.000489 0.045593 0.999023
vn 0.000489 -0.096078 0.995115
vn 0.000489 -0.096078 0.995115
vn 0.000489 0.998207 -0.058134
vn 0.278945 0.950332 -0.138251
vn 0.000489 0.974758 -0.225207
vn 0.936492 0.342613 -0.074743
vn 0.370787 0.904411 -0.211529
vn -0.970689 0.174562 -0.165608
vn -0.689301 0.681646 0.246703
vn -0.809477 -0.295394 -0.508549
vn -0.758671 0.591758 0.272106
vn -0.758671 0.591758 0.272106
vn -0.845628 0.419799 0.330728
vn -0.845628 0.419799 0.330728
vn -0.852467 0.325027 0.409868
vn -0.852467 0.325027 0.409868
vn -0.418661 -0.586551 -0.693209
vn -0.766488 -0.347177 -0.539814
vn 0.000489 -0.643220 -0.765510
vn 0.000489 -0.737015 -0.675623
vn 0.000489 -0.538676 -0.842696
vn -0.766488 -0.347177 -0.539814
vn 0.000489 -0.538676 -0.842696
vn -0.795799 -0.285623 -0.533952
vn 0.000489 -0.461490 -0.886663
vn -0.795799 -0.285623 -0.533952
vn 0.000489 -0.461490 -0.886663
vn -0.821202 -0.183034 -0.539814
vn 0.000489 -0.349131 -0.937469
vn -0.821202 -0.183034 -0.539814
vn 0.000489 -0.349131 -0.937469
vn -0.797753 -0.128320 -0.588666
vn 0.000489 -0.267059 -0.963849
vn -0.797753 -0.128320 -0.588666
vn 0.000489 -0.267059 -0.963849
vn -0.763556 -0.082399 -0.640449
vn 0.000489 -0.153723 -0.988275
vn -0.763556 -0.082399 -0.640449
vn 0.000489 -0.153723 -0.988275
vn -0.753786 0.009443 -0.657059
vn 0.000489 0.008466 -1.000000
vn -0.753786 0.009443 -0.657059
vn 0.000489 0.008466 -1.000000
vn -0.768442 0.133527 -0.626771
vn 0.000489 0.217552 -0.975574
vn -0.768442 0.133527 -0.626771
vn 0.000489 0.217552 -0.975574
vn -0.813385 0.241978 -0.529067
vn -0.002443 0.472560 -0.880801
vn -0.813385 0.241978 -0.529067
vn 0.000489 0.472560 -0.880801
vn -0.857352 0.257611 -0.445041
vn 0.000489 0.665036 -0.746946
vn -0.857352 0.257611 -0.445041
vn -0.845628 0.383649 -0.370786
vn -0.845628 0.383649 -0.370786
vn -0.005374 0.665036 -0.746946
vn -0.000489 0.841881 -0.539814
vn 0.000489 0.841881 -0.539814
vn -0.952125 0.216575 -0.214460
vn -0.917929 0.204851 -0.338544
vn -0.996092 0.076858 -0.041524
vn -0.882755 0.206805 -0.422569
vn -0.993161 0.075881 0.093308
vn -0.965804 0.239047 -0.105031
vn -0.882755 0.206805 -0.422569
vn -0.834880 0.188241 -0.517342
vn -0.834880 0.188241 -0.517342
vn -0.810454 0.116917 -0.574010
vn -0.810454 0.116917 -0.574010
vn -0.811431 0.035823 -0.583781
vn -0.811431 0.035823 -0.583781
vn -0.822179 -0.042340 -0.567171
vn -0.800684 -0.028662 -0.598436
vn -0.773327 -0.066766 -0.630679
vn -0.747924 -0.048203 -0.661944
vn -0.721544 -0.083376 -0.687347
vn -0.721544 -0.083376 -0.687347
vn -0.680508 -0.148838 -0.717635
vn -0.680508 -0.148838 -0.717635
vn -0.689301 -0.366717 -0.624817
vn -0.689301 -0.366717 -0.624817
vn -0.702003 -0.497641 -0.509526
vn -0.924768 0.375833 -0.055202
vn -0.898388 0.414914 -0.143136
vn -0.645335 0.670898 -0.363947
vn -0.769419 0.592735 -0.237909
vn -0.883732 0.467674 -0.018075
vn -0.873962 0.474514 0.105032
vn -0.829018 0.458881 0.319004
vn 0.000489 0.836018 -0.549584
vn 0.000489 0.773488 -0.634587
vn -0.557401 0.655266 -0.509526
vn -0.907181 0.413937 -0.070835
vn 0.000489 0.652335 -0.757694
vn -0.591597 0.586873 -0.552516
vn 0.000489 0.599575 -0.800684
vn 0.000489 0.956194 -0.293600
vn 0.000489 0.956194 -0.293600
vn 0.000489 0.956194 -0.293600
vn 0.000489 0.956194 -0.293600
vn 0.000489 0.956194 -0.293600
vn 0.000489 0.956194 -0.293600
vn 0.000489 0.956194 -0.293600
vn 0.000489 0.956194 -0.293600
vn 0.000489 0.956194 -0.293600
vn 0.000489 0.956194 -0.293600
vn 0.000489 0.956194 -0.293600
vn 0.000489 0.956194 -0.293600
vn -0.970689 0.125710 0.202736
vn -0.470445 0.555608 0.685394
vn -0.928676 0.296692 0.221300
vn -0.348315 0.755901 0.554470
vn 0.000489 0.521411 0.853444
vn 0.000489 0.702164 0.712751
vn 0.000489 0.228300 0.973620
vn -0.339521 0.226345 0.913044
vn 0.000489 -0.049180 0.999023
vn -0.639472 0.197034 0.743039
vn -0.291646 -0.017914 0.956034
vn 0.000489 -0.404822 0.914998
vn -0.554470 0.013351 0.831950
vn -0.210552 -0.322751 0.922814
vn 0.000489 -0.557240 0.829995
vn -0.408891 -0.225047 0.883733
vn -0.158769 -0.468330 0.869077
vn -0.871031 0.475491 0.122619
vn -0.891549 0.435432 0.128481
vn -0.871031 0.475491 0.122619
vn -0.891549 0.435432 0.128481
vn -0.940401 0.211690 0.266244
vn -0.940401 0.211690 0.266244
vn -0.927699 0.045593 0.371764
vn -0.927699 0.045593 0.371764
vn -0.921837 0.111055 0.370787
vn -0.921837 0.111055 0.370787
vn -0.916952 0.179448 0.357108
vn -0.916952 0.179448 0.357108
vn -0.874939 0.342613 0.341476
vn -0.874939 0.342613 0.341476
vn -0.781143 0.575149 0.244749
vn -0.781143 0.575149 0.244749
vn -0.705911 0.705095 0.072790
vn -0.437225 0.888778 0.136297
vn -0.650220 0.758832 0.039570
vn -0.305325 0.952286 -0.003419
vn -0.580850 0.812569 0.050318
vn -0.532975 0.844812 -0.039570
vn 0.000489 0.979643 0.201759
vn 0.000489 0.832110 0.554470
vn 0.000489 0.832110 0.554470
vn 0.000489 0.610322 0.791891
vn 0.000489 0.610322 0.791891
vn 0.000489 0.429570 0.903273
vn 0.000489 0.429570 0.903273
vn 0.000489 0.276175 0.960919
vn 0.000489 0.276175 0.960919
vn 0.000489 0.045593 0.999023
vn 0.000489 0.045593 0.999023
vn 0.000489 -0.096078 0.995115
vn 0.000489 -0.096078 0.995115
vn 0.000489 0.998207 -0.058134
vn -0.278945 0.950332 -0.138251
vn 0.000489 0.974758 -0.225207
vn -0.612115 0.791074 -0.019052
vn -0.370786 0.904411 -0.211529
vn 0.000489 0.836018 -0.549584
vn -0.008305 0.773488 -0.634587
vn -0.008305 0.836018 -0.549584
vn 0.000489 0.773488 -0.634587
vn 0.000489 0.652335 -0.757694
vn 0.000489 0.652335 -0.757694
vn 0.008305 0.599575 -0.800684
vn 0.000489 0.599575 -0.800684
vn -0.873962 0.174562 -0.452858
vn -0.994138 -0.086307 0.061065
vn -0.912066 0.049501 -0.407914
vn -0.847582 0.244909 -0.471421
vn -0.847582 0.244909 -0.471421
vn -0.836834 0.259565 -0.481192
vn -0.836834 0.259565 -0.481192
vn -0.959941 -0.037455 -0.277967
vn -0.925745 -0.378442 0.015144
vn -0.871031 0.414914 -0.265266
vn -0.956033 0.290830 0.040547
vn -0.842697 0.493077 -0.217391
vn -0.767465 0.544860 0.338545
vn -0.926722 0.103239 0.361016
vn -0.767465 -0.185965 0.613093
vn -0.737176 -0.292462 0.609184
vn -0.787005 -0.140044 0.601368
vn -0.719590 -0.324705 0.614070
vn -0.731314 -0.335452 0.593552
vn -0.731314 -0.335452 0.593552
vn -0.765510 -0.388212 0.512458
vn -0.765510 -0.388212 0.512458
vn -0.856375 -0.008144 0.517343
vn -0.833903 -0.158608 0.529067
vn -0.832926 0.201919 0.514412
vn -0.765510 0.100307 0.635565
vn -0.765510 0.100307 0.635565
vn -0.293600 -0.149815 0.944309
vn -0.560332 -0.202575 0.802638
vn -0.442110 -0.351085 0.825110
vn -0.229116 -0.319820 0.919883
vn -0.681485 -0.707704 -0.189057
vn 0.000489 -0.083376 0.996092
vn 0.000489 0.269335 0.962873
vn 0.000489 0.269335 0.962873
vn 0.000489 0.487215 0.873962
vn 0.000489 0.487215 0.873962
vn 0.000489 -0.269991 0.962873
vn -0.154861 -0.648105 0.745970
vn 0.000489 -0.615863 0.787983
vn -0.299463 -0.846444 -0.441133
vn 0.000489 -0.832765 0.552516
vn 0.000489 0.241978 -0.969711
vn 0.000489 0.066111 -0.998046
vn -0.251588 -0.050157 -0.966780
vn 0.000489 -0.298325 -0.954079
vn -0.331705 -0.342291 -0.878847
vn 0.813385 0.241978 -0.529067
vn 0.857352 0.257611 -0.445041
vn 0.813385 0.241978 -0.529067
vn 0.768442 0.133527 -0.626771
vn 0.857352 0.257611 -0.445041
vn 0.845628 0.383649 -0.370786
vn 0.845628 0.383649 -0.370786
vn 0.768442 0.133527 -0.626771
vn 0.753786 0.009443 -0.657059
vn 0.753786 0.009443 -0.657059
vn 0.763556 -0.082399 -0.640449
vn 0.763556 -0.082399 -0.640449
vn 0.797753 -0.128320 -0.588666
vn 0.797753 -0.128320 -0.588666
vn 0.821202 -0.183034 -0.539814
vn 0.821202 -0.183034 -0.539814
vn 0.795799 -0.285623 -0.533952
vn 0.795799 -0.285623 -0.533952
vn 0.766488 -0.347177 -0.539814
vn 0.766488 -0.347177 -0.539814
vn 0.759648 -0.422409 -0.494870
vn 0.759648 -0.422409 -0.494870
vn 0.749878 -0.487870 -0.446995
vn 0.603322 -0.156654 -0.782120
vn 0.405960 -0.340337 -0.848559
vn 0.674646 -0.269014 -0.687347
vn 0.679531 -0.425340 -0.597459
vn 0.679531 -0.425340 -0.597459
vn 0.720567 -0.402868 -0.564240
vn 0.720567 -0.402868 -0.564240
vn 0.826087 -0.309072 -0.470444
vn 0.812408 0.582965 -0.029799
vn 0.821202 0.564401 0.082560
vn 0.000489 0.898549 0.438203
vn 0.000489 0.877054 0.480215
vn 0.000489 0.757855 0.652174
vn 0.000489 0.757855 0.652174
vn 0.000489 0.580034 0.814363
vn 0.000489 0.580034 0.814363
vn 0.000489 0.733429 0.679531
vn 0.000489 0.733429 0.679531
vn 0.000489 0.822340 0.569126
vn 0.000489 0.822340 0.569126
vn 0.000489 0.822340 0.569126
vn 0.000489 0.822340 0.569126
vn -0.948217 -0.010098 0.318027
vn -0.869077 -0.035501 0.493894
vn -0.867123 -0.014006 0.497802
vn -0.948217 -0.021823 0.317050
vn -0.868100 -0.076537 0.490963
vn -0.952125 0.014328 0.305325
vn -0.863214 -0.004236 0.505618
vn -0.846605 0.003581 0.532975
vn -0.995115 0.031915 0.089399
vn -0.959941 0.005535 0.280899
vn -0.799707 0.107147 0.590621
vn -0.997069 0.005535 0.077675
vn 0.399121 0.909296 -0.115779
vn 0.510503 0.846766 -0.148998
vn 0.265266 0.963033 -0.042501
vn 0.257450 0.965964 0.036639
vn 0.902296 0.064157 -0.425500
vn 0.000489 1.000161 -0.015144
vn 0.000489 0.998207 0.066927
vn 0.000489 0.988436 0.148999
vn 0.478261 -0.648105 -0.591597
vn 0.441133 -0.645174 -0.623839
vn 0.000489 -0.602184 -0.798730
vn 0.000489 -0.602184 -0.798730
vn 0.000489 -0.760464 -0.649243
vn 0.235955 -0.743855 -0.625794
vn 0.186126 -0.652013 -0.735222
vn 0.000489 -0.803454 -0.595505
vn 0.000489 -0.706727 -0.707865
vn 0.962873 -0.267059 0.049341
vn 0.738153 -0.169356 -0.653151
vn -0.000489 -0.490802 -0.871030
vn 0.000489 -0.490802 -0.871030
vn -0.000489 -0.466376 -0.884709
vn 0.000489 -0.937309 0.347338
vn 0.000489 -0.466376 -0.884709
vn 0.000489 -0.381373 -0.924768
vn -0.353200 -0.383327 -0.853444
vn -0.312164 -0.366717 -0.876893
vn 0.000489 -0.319820 -0.947240
vn -0.204690 -0.329590 -0.921837
vn 0.000489 -0.286600 -0.957987
vn 0.000489 -0.273899 -0.961895
vn -0.586712 -0.375511 -0.717635
vn -0.660967 -0.336429 -0.670737
vn -0.707865 -0.318843 -0.630679
vn -0.707865 -0.318843 -0.630679
vn -0.724475 -0.402868 -0.559355
vn -0.724475 -0.402868 -0.559355
vn -0.722521 -0.466376 -0.510503
vn 0.856375 0.290830 -0.426477
vn 0.856375 0.290830 -0.426477
vn 0.874939 0.371924 -0.309233
vn 0.763556 0.393419 -0.512457
vn 0.763556 0.393419 -0.512457
vn 0.331705 0.326981 -0.884709
vn 0.621886 0.404167 -0.670737
vn 0.528090 0.042662 -0.848559
vn 0.275037 -0.041363 -0.960918
vn 0.247679 -0.263151 -0.932584
vn 0.000489 -0.122458 -0.992183
vn 0.000489 -0.329590 -0.944308
vn 0.000489 0.206805 -0.978505
vn 0.000489 0.441294 -0.897411
vn 0.000489 0.441294 -0.897411
vn 0.000489 0.639633 -0.768441
vn 0.000489 0.639633 -0.768441
vn 0.000489 0.790097 -0.613092
vn 0.000489 0.790097 -0.613092
vn 0.000489 0.919067 -0.394235
vn 0.000489 0.919067 -0.394235
vn 0.000489 0.987459 -0.155838
vn 0.000489 0.987459 -0.155838
vn 0.000489 0.997230 0.076698
vn 0.000489 0.997230 0.076698
vn 0.000489 0.922975 0.384465
vn 0.000489 0.922975 0.384465
vn 0.000489 0.793029 0.608207
vn 0.000489 0.793029 0.608207
vn 0.000489 0.750039 0.661945
vn 0.000489 0.750039 0.661945
vn 0.720567 0.500894 0.478261
vn 0.740107 0.387557 0.549585
vn 0.722521 0.592735 0.355154
vn 0.645335 0.697279 0.314119
vn 0.339521 0.226345 0.913044
vn 0.639472 0.197034 0.743039
vn 0.291646 -0.017914 0.956034
vn 0.554470 0.013351 0.831950
vn 0.000489 0.228300 0.973620
vn 0.000489 0.521411 0.853444
vn 0.000489 -0.049180 0.999023
vn 0.000489 0.521411 0.853444
vn 0.000489 0.702164 0.712751
vn 0.000489 0.702164 0.712751
vn 0.000489 -0.404822 0.914998
vn 0.210552 -0.322751 0.922814
vn 0.000489 -0.557240 0.829995
vn 0.604299 -0.518159 0.605276
vn 0.937469 -0.190850 0.291647
vn 0.877870 -0.037455 -0.478261
vn 0.956033 -0.068720 -0.285784
vn 0.956033 -0.068720 -0.285784
vn 0.976551 -0.165447 -0.140205
vn 0.976551 -0.165447 -0.140205
vn 0.968735 -0.162516 -0.188080
vn 0.990230 -0.110733 0.080606
vn 0.948217 0.064157 -0.310210
vn 0.918906 0.151113 -0.364924
vn 0.229116 0.261519 -0.937469
vn 0.234001 0.227323 -0.945285
vn 0.000489 0.232208 -0.972643
vn 0.000489 0.166746 -0.986321
vn 0.000489 0.346521 -0.938446
vn 0.234978 0.333820 -0.913043
vn 0.000489 0.509687 -0.860283
vn 0.904250 0.127665 -0.405960
vn 0.948217 -0.237748 0.211529
vn 0.948217 -0.237748 0.211529
vn 0.270151 0.463766 -0.843673
vn 0.518319 0.382672 -0.764533
vn 0.966781 0.070996 -0.244748
vn 0.906204 -0.229932 0.354177
vn 0.370787 0.471582 -0.799707
vn 0.000489 0.597621 -0.801661
vn 0.886663 -0.209414 -0.412799
vn 0.917929 0.007489 0.398144
vn 0.917929 0.007489 0.398144
vn 0.895457 0.159907 0.414754
vn 0.895457 0.159907 0.414754
vn 0.869077 0.283991 0.404983
vn 0.869077 0.283991 0.404983
vn 0.829018 0.458881 0.319004
vn 0.873962 0.474514 0.105032
vn 0.365901 -0.207460 -0.907181
vn 0.000489 0.578080 -0.816316
vn 0.316072 -0.722360 -0.615046
vn 0.501710 -0.637357 -0.584758
vn 0.000489 -0.819087 -0.573033
vn 0.000489 -0.867939 -0.496824
vn 0.271129 -0.546493 -0.791890
vn 0.516365 -0.492756 -0.700049
vn 0.000489 -0.562125 -0.827064
vn 0.581827 -0.203552 -0.787005
vn 0.305325 -0.208437 -0.929653
vn 0.000489 -0.192804 -0.981436
vn 0.000489 0.115940 -0.993160
vn 0.334636 0.105193 -0.936492
vn 0.700049 -0.006190 -0.714704
vn 0.000489 0.928837 -0.370786
vn 0.000489 0.812569 -0.582804
vn 0.000489 0.812569 -0.582804
vn 0.000489 0.578080 -0.815339
vn 0.000489 0.578080 -0.815339
vn 0.000489 0.447156 -0.894479
vn 0.000489 0.447156 -0.894479
vn -0.513434 0.210713 -0.831949
vn 0.000489 0.361177 -0.932584
vn 0.000489 0.115940 -0.993160
vn -0.334636 0.105193 -0.936492
vn -0.700049 -0.006190 -0.714704
vn -0.838788 -0.004236 -0.544699
vn -0.851490 0.203874 -0.483146
vn -0.851490 0.203874 -0.483146
vn -0.852467 0.331866 -0.404006
vn -0.852467 0.331866 -0.404006
vn -0.856375 0.514572 0.046410
vn -0.784074 0.568309 -0.248656
vn -0.713727 0.695324 0.086468
vn -0.838788 0.435432 0.326820
vn -0.846605 0.411983 0.337568
vn -0.893503 0.138412 0.426478
vn -0.820225 0.459858 0.339522
vn -0.893503 0.138412 0.426478
vn -0.848559 0.172608 0.500733
vn -0.865169 -0.074583 0.495848
vn -0.827064 0.200942 0.526136
vn -0.865169 -0.074583 0.495848
vn -0.769419 0.058295 0.635565
vn -0.788959 -0.351085 0.505618
vn -0.769419 0.058295 0.635565
vn -0.788959 -0.351085 0.505618
vn -0.710796 -0.357924 0.606253
vn -0.710796 -0.357924 0.606253
vn -0.334636 -0.138090 0.932585
vn -0.388373 -0.028662 0.920860
vn -0.631656 -0.062858 0.773327
vn -0.286761 -0.159585 0.944309
vn 0.000489 -0.196713 0.980460
vn 0.000489 -0.196713 0.980460
vn 0.000489 -0.162516 0.986322
vn 0.000489 -0.162516 0.986322
vn 0.000489 -0.121481 0.992184
vn 0.000489 -0.121481 0.992184
vn 0.000489 0.157953 0.987299
vn 0.000489 0.157953 0.987299
vn 0.000489 0.183356 0.983391
vn 0.000489 0.183356 0.983391
vn 0.000489 -0.111710 0.994138
vn 0.000489 -0.111710 0.994138
vn 0.000489 -0.302233 0.953102
vn 0.000489 -0.302233 0.953102
vn -0.016121 -0.483962 0.874939
vn 0.000489 -0.483962 0.874939
vn 0.000489 -0.232863 0.972643
vn -0.063019 -0.232863 0.970689
vn 0.000489 0.086629 0.996092
vn 0.000489 0.161861 0.986322
vn -0.328774 0.093468 0.939424
vn 0.000489 0.235139 0.971666
vn -0.286761 0.185310 0.939424
vn -0.590620 0.016282 0.806547
vn -0.659013 -0.141021 0.739131
vn -0.549585 0.099330 0.829995
vn -0.560332 0.330889 0.759649
vn -0.549585 0.099330 0.829995
vn -0.520274 -0.214299 0.826087
vn -0.560332 0.330889 0.759649
vn -0.520274 -0.214299 0.826087
vn -0.600391 0.543883 0.586713
vn -0.488031 -0.386258 0.783098
vn -0.600391 0.543883 0.586713
vn -0.488031 -0.386258 0.783098
vn -0.613092 0.726590 0.310210
vn -0.613092 0.726590 0.310210
vn -0.616023 0.765671 0.184172
vn -0.459697 -0.433156 0.775281
vn -0.459697 -0.433156 0.775281
vn -0.362970 -0.495687 0.788960
vn 0.000489 -0.531837 0.846605
vn 0.000489 -0.566034 0.824133
vn 0.362970 -0.495687 0.788960
vn 0.000489 -0.531837 0.846605
vn 0.000489 -0.566034 0.824133
vn 0.459697 -0.433156 0.775281
vn 0.459697 -0.433156 0.775281
vn 0.488031 -0.386258 0.783098
vn 0.488031 -0.386258 0.783098
vn 0.520274 -0.214299 0.826087
vn 0.520274 -0.214299 0.826087
vn 0.549585 0.099330 0.829995
vn 0.549585 0.099330 0.829995
vn 0.560332 0.330889 0.759649
vn 0.560332 0.330889 0.759649
vn 0.600391 0.543883 0.586713
vn 0.600391 0.543883 0.586713
vn 0.613092 0.726590 0.310210
vn 0.881778 0.319164 -0.347337
vn 0.430386 -0.004236 -0.902296
vn 0.000489 -0.359878 -0.932584
vn 0.600391 -0.098032 -0.793844
vn 0.600391 -0.098032 -0.793844
vn 0.625794 0.012374 -0.780166
vn 0.625794 0.012374 -0.780166
vn 0.767465 -0.185965 0.613093
vn 0.719590 -0.324705 0.614070
vn 0.737176 -0.292462 0.609184
vn 0.731314 -0.335452 0.593552
vn 0.731314 -0.335452 0.593552
vn 0.765511 -0.388212 0.512458
vn 0.765511 -0.388212 0.512458
vn 0.856375 -0.008144 0.517343
vn 0.929653 -0.308095 0.200782
vn 0.994138 -0.086307 0.061065
vn 0.990230 -0.139067 0.031754
vn 0.891549 -0.424363 -0.156815
vn 0.865169 -0.485916 -0.125549
vn 0.875916 -0.376488 -0.302393
vn 0.870054 -0.463444 -0.171470
vn 0.710796 -0.357924 0.606253
vn 0.388373 -0.028662 0.920860
vn 0.710796 -0.357924 0.606253
vn 0.659013 -0.141021 0.739131
vn 0.328774 0.093468 0.939424
vn 0.870054 0.249794 0.425501
vn 0.000489 0.161861 0.986322
vn 0.000489 0.086629 0.996092
vn 0.000489 0.235139 0.971666
vn 0.063019 -0.232863 0.970689
vn 0.624817 0.291807 0.723498
vn 0.000489 -0.232863 0.972643
vn 0.907181 0.413937 -0.070835
vn 0.016121 -0.483962 0.874939
vn 0.898388 0.414914 -0.143136
vn 0.000489 -0.483962 0.874939
vn 0.905227 0.417845 -0.083537
vn 0.000489 -0.302233 0.953102
vn 0.924768 0.375833 -0.055202
vn 0.000489 -0.302233 0.953102
vn 0.906204 0.412960 -0.092330
vn 0.000489 -0.111710 0.994138
vn 0.883732 0.467674 -0.018075
vn 0.873962 0.474514 0.105032
vn 0.829018 0.458881 0.319004
vn 0.000489 -0.111710 0.994138
vn 0.000489 0.183356 0.983391
vn 0.000489 0.183356 0.983391
vn 0.000489 0.157953 0.987299
vn 0.581827 0.401236 0.706888
vn 0.000489 -0.121481 0.992184
vn 0.700049 -0.006190 -0.714704
vn 0.838789 -0.004236 -0.544699
vn 0.513434 0.210713 -0.831949
vn 0.334636 0.105193 -0.936492
vn 0.000489 0.115940 -0.993160
vn 0.000489 0.361177 -0.932584
vn 0.851490 0.203874 -0.483146
vn 0.000489 0.447156 -0.894479
vn 0.851490 0.203874 -0.483146
vn 0.000489 0.447156 -0.894479
vn 0.852467 0.331866 -0.404006
vn 0.000489 0.578080 -0.815339
vn 0.852467 0.331866 -0.404006
vn 0.000489 0.578080 -0.815339
vn 0.000489 0.812569 -0.582804
vn 0.000489 0.812569 -0.582804
vn 0.000489 0.928837 -0.370786
vn 0.856375 0.514572 0.046410
vn 0.784074 0.568309 -0.248656
vn 0.713727 0.695324 0.086468
vn 0.846605 0.411983 0.337568
vn 0.893503 0.138412 0.426478
vn 0.893503 0.138412 0.426478
vn 0.865169 -0.074583 0.495848
vn 0.865169 -0.074583 0.495848
vn 0.788960 -0.351085 0.505618
vn 0.788960 -0.351085 0.505618
vn 0.702980 -0.446835 -0.553493
vn 0.722521 -0.505457 -0.472398
vn 0.702980 -0.446835 -0.553493
vn 0.670738 -0.439018 -0.597459
vn 0.722521 -0.505457 -0.472398
vn 0.678554 -0.622702 -0.389350
vn 0.753786 -0.588506 -0.291646
vn 0.908158 -0.241656 -0.340498
vn 0.781143 -0.532814 0.326820
vn 0.999023 0.002603 -0.046409
vn 0.664875 -0.539653 0.517343
vn 0.664875 -0.539653 0.517343
vn 0.574988 0.504802 -0.644357
vn 0.652174 0.568309 -0.501710
vn 0.348315 0.707049 -0.615046
vn 0.000489 0.758832 -0.651197
vn 0.000489 0.700210 -0.713727
vn 0.770396 -0.045271 -0.636541
vn 0.892526 0.408075 -0.191011
vn 0.629702 0.767626 0.120665
vn 0.297509 0.820386 0.488032
vn 0.588666 0.711934 0.383488
vn 0.000489 0.851651 0.523205
vn 0.000489 0.851651 0.523205
vn 0.000489 0.839926 0.542746
vn 0.310210 0.816477 0.487055
vn 0.586712 0.629863 0.508549
vn 0.000489 0.724636 0.689302
vn 0.308256 0.712911 0.629702
vn 0.000489 0.516526 0.856376
vn 0.338544 0.476468 0.811432
vn 0.638495 0.379741 0.669761
vn 0.000489 0.293761 0.956034
vn 0.733268 0.051455 0.678554
vn 0.733268 0.051455 0.678554
vn 0.755740 -0.134182 0.641427
vn 0.000489 0.293761 0.956034
vn 0.000489 0.156976 0.987299
vn 0.000489 0.156976 0.987299
vn 0.000489 0.668944 0.743039
vn -0.275037 -0.041363 -0.960918
vn 0.000489 -0.122458 -0.992183
vn 0.000489 -0.329590 -0.944308
vn 0.000489 0.206805 -0.978505
vn -0.331705 0.326981 -0.884709
vn -0.621886 0.404167 -0.670737
vn 0.000489 0.441294 -0.897411
vn -0.763556 0.393419 -0.512457
vn 0.000489 0.441294 -0.897411
vn -0.763556 0.393419 -0.512457
vn 0.000489 0.639633 -0.768441
vn -0.856375 0.290830 -0.426477
vn 0.000489 0.639633 -0.768441
vn -0.856375 0.290830 -0.426477
vn 0.000489 0.790097 -0.613092
vn -0.874939 0.371924 -0.309233
vn 0.000489 0.790097 -0.613092
vn -0.874939 0.371924 -0.309233
vn 0.000489 0.919067 -0.394235
vn 0.000489 0.919067 -0.394235
vn 0.000489 0.987459 -0.155838
vn 0.000489 0.987459 -0.155838
vn 0.000489 0.997230 0.076698
vn 0.000489 0.997230 0.076698
vn 0.000489 0.922975 0.384465
vn 0.000489 0.922975 0.384465
vn 0.000489 0.793029 0.608207
vn 0.000489 0.793029 0.608207
vn 0.000489 0.750039 0.661945
vn 0.000489 0.750039 0.661945
vn -0.981436 0.086629 -0.168539
vn -0.882755 0.422731 -0.206644
vn -1.000000 -0.013029 -0.005373
vn -0.887640 0.453019 -0.075720
vn -0.930630 -0.320797 -0.177332
vn -0.905227 -0.135159 -0.403029
vn -0.862237 0.499917 0.079629
vn -0.862237 0.499917 0.079629
vn -0.821202 0.512618 0.252565
vn -0.821202 0.512618 0.252565
vn -0.809477 0.472560 0.348315
vn -0.809477 0.472560 0.348315
vn -0.823156 0.562447 0.081583
vn -0.823156 0.562447 0.081583
vn -0.756717 0.624978 -0.191988
vn -0.832926 -0.537699 -0.129457
vn -0.832926 -0.537699 -0.129457
vn -0.812408 -0.515227 -0.274059
vn -0.812408 -0.515227 -0.274059
vn -0.814362 -0.476146 -0.331705
vn -0.814362 -0.476146 -0.331705
vn -0.900342 -0.316888 -0.297508
vn -0.900342 -0.316888 -0.297508
vn -0.954079 -0.143952 -0.263312
vn -0.954079 -0.143952 -0.263312
vn 0.992184 0.111055 0.064973
vn 0.959941 0.005535 0.280899
vn 0.983390 0.137435 -0.121641
vn 0.995115 0.031915 0.089399
vn 0.859306 0.032892 -0.509526
vn 0.799707 0.107147 0.590621
vn 0.846605 0.003581 0.532975
vn 0.756717 0.262496 0.598437
vn 0.952125 0.014328 0.305325
vn 0.863214 -0.004236 0.505618
vn 0.867123 -0.014006 0.497802
vn 0.993161 0.088583 0.075721
vn 0.765511 0.347498 0.540792
vn 0.948217 -0.010098 0.318027
vn 0.997069 0.005535 0.077675
vn 0.869077 -0.035501 0.493894
vn 0.987298 0.155999 -0.014167
vn 0.771373 -0.185965 -0.608207
vn 0.804592 0.419799 0.420616
vn 0.771373 -0.185965 -0.608207
vn 0.804592 0.419799 0.420616
vn 0.835857 -0.350108 -0.422569
vn 0.871031 0.428593 0.239863
vn 0.835857 -0.350108 -0.422569
vn 0.884709 -0.351085 -0.307279
vn 0.884709 -0.351085 -0.307279
vn 0.871031 0.428593 0.239863
vn 0.906204 0.398305 0.144114
vn 0.906204 0.398305 0.144114
vn 0.948217 -0.021823 0.317050
vn 0.868100 -0.076537 0.490963
vn 0.992184 -0.008144 0.127504
vn 0.950171 -0.063835 0.306302
vn 0.865169 -0.135159 0.482169
vn 0.993161 -0.048203 0.108940
vn 0.954079 -0.096078 0.283830
vn -0.297509 0.820386 0.488032
vn -0.588666 0.711934 0.383488
vn -0.310210 0.816477 0.487055
vn -0.568148 0.714865 0.407914
vn -0.279922 0.824294 0.491940
vn -0.586712 0.629863 0.508549
vn 0.000489 0.851651 0.523205
vn 0.000489 0.851651 0.523205
vn 0.000489 0.839926 0.542746
vn 0.000489 0.724636 0.689302
vn -0.308256 0.712911 0.629702
vn 0.000489 0.516526 0.856376
vn -0.338544 0.476468 0.811432
vn -0.638495 0.379741 0.669761
vn -0.400098 0.189218 0.896434
vn -0.733268 0.051455 0.678554
vn 0.000489 0.293761 0.956034
vn -0.420616 0.012374 0.907182
vn 0.000489 0.156976 0.987299
vn -0.925745 -0.378442 0.015144
vn -0.956033 0.290830 0.040547
vn -0.913043 -0.384304 0.137274
vn -0.768442 -0.552355 0.322912
vn -0.372741 -0.816156 0.442111
vn 0.000489 -0.772189 0.635565
vn 0.000489 -0.772189 0.635565
vn 0.000489 -0.865008 0.502687
vn -0.830972 0.397327 0.389351
vn -0.946263 0.321118 0.035662
vn -0.767465 0.544860 0.338545
vn -0.827064 0.084675 0.555447
vn -0.827064 0.084675 0.555447
vn -0.850513 0.094445 0.517343
vn -0.850513 0.094445 0.517343
vn 0.768442 -0.552355 0.322912
vn 0.981436 -0.155677 0.108940
vn 0.925745 -0.378442 0.015144
vn 0.372741 -0.816156 0.442111
vn 0.956033 0.290830 0.040547
vn 0.830972 0.397327 0.389351
vn 0.767465 0.544860 0.338545
vn 0.827064 0.084675 0.555447
vn 0.827064 0.084675 0.555447
vn 0.850513 0.094445 0.517343
vn 0.850513 0.094445 0.517343
vn 0.000489 -0.772189 0.635565
vn -0.000489 -0.772189 0.635565
vn 0.000489 -0.865008 0.502687
vn 0.743039 -0.486893 -0.459697
vn 0.841720 -0.512296 -0.170493
vn 0.841720 -0.512296 -0.170493
vn 0.814363 -0.578735 -0.038593
vn 0.814363 -0.578735 -0.038593
vn 0.741084 -0.667646 0.074744
vn 0.741084 -0.667646 0.074744
vn 0.743039 -0.486893 -0.459697
vn 0.346361 -0.903112 0.255496
vn 0.331705 -0.342291 -0.878847
vn 0.624817 -0.347177 -0.699072
vn 0.482169 -0.159585 -0.861260
vn 0.251588 -0.050157 -0.966780
vn 0.214460 0.044616 -0.975574
vn 0.000489 0.066111 -0.998046
vn 0.000489 0.241978 -0.969711
vn 0.000489 -0.298325 -0.954079
vn 0.000489 -0.524998 -0.850513
vn 0.001466 -0.524998 -0.850513
vn 0.000489 -0.712590 -0.702003
vn 0.000489 -0.712590 -0.702003
vn 0.000489 -0.906043 -0.423546
vn 0.000489 -0.906043 -0.423546
vn 0.000489 -0.977367 -0.211529
vn 0.000489 -0.977367 -0.211529
vn 0.000489 -0.995931 -0.085491
vn 0.000489 -0.995931 -0.085491
vn 0.000489 -0.993977 0.107963
vn 0.000489 -0.993977 0.107963
vn 0.000489 -0.954895 0.298486
vn 0.766488 -0.330567 -0.549584
vn 0.000489 -0.932423 0.361016
vn 0.967758 -0.096078 -0.234978
vn 0.000489 0.827225 -0.561309
vn 0.000489 0.680669 -0.733268
vn 0.318026 0.768603 -0.555447
vn 0.000489 0.973781 -0.229115
vn 0.363947 0.904411 -0.223253
vn 0.677577 0.710957 -0.187103
vn 0.000489 0.999184 -0.036639
vn 0.744993 0.666013 -0.019052
vn 0.000489 0.999184 -0.036639
vn 0.744993 0.666013 -0.019052
vn 0.000489 0.999184 0.047387
vn 0.814363 0.580034 -0.006350
vn 0.000489 0.999184 0.047387
vn 0.000489 0.997230 0.076698
vn 0.000489 0.997230 0.076698
vn 0.814363 0.580034 -0.006350
vn 0.871031 0.414914 -0.265266
vn 0.853444 0.503825 -0.136297
vn 0.861260 0.347498 -0.370786
vn 0.836834 0.259565 -0.481192
vn 0.836834 0.259565 -0.481192
vn 0.847582 0.244909 -0.471421
vn 0.847582 0.244909 -0.471421
vn 0.873962 0.174562 -0.452858
vn 0.912066 0.049501 -0.407914
vn 0.925745 -0.378442 0.015144
vn 0.956033 0.290830 0.040547
vn 0.926722 0.103239 0.361016
vn 0.787005 -0.140044 0.601368
vn 0.814363 -0.115618 0.569126
vn 0.842697 0.493077 -0.217391
vn 0.767465 0.544860 0.338545
vn 0.827064 -0.084353 0.555447
vn 0.862237 0.296692 -0.410845
vn 0.831949 -0.061881 0.550562
vn 0.845628 0.280083 -0.453835
vn 0.831949 -0.061881 0.550562
vn 0.845628 0.280083 -0.453835
vn 0.829018 0.287899 -0.479238
vn 0.829018 0.287899 -0.479238
vn 0.825110 0.288876 -0.485100
vn 0.424524 0.023121 0.905227
vn 0.769419 0.039731 0.637519
vn 0.385442 0.091514 0.917929
vn 0.000489 0.001626 1.000000
vn 0.000489 0.069042 0.998046
vn 0.000489 -0.176195 0.984368
vn 0.000489 -0.176195 0.984368
vn 0.000489 -0.284646 0.958965
vn 0.000489 -0.284646 0.958965
vn 0.000489 -0.284646 0.958965
vn 0.000489 -0.284646 0.958965
vn 0.000489 -0.376488 0.926722
vn 0.000489 -0.376488 0.926722
vn 0.000489 -0.465398 0.884710
vn 0.000489 -0.465398 0.884710
vn 0.000489 -0.465398 0.884710
vn 0.000489 -0.465398 0.884710
vn 0.000489 -0.528906 0.848559
vn 0.000489 -0.528906 0.848559
vn 0.000489 -0.588506 0.808501
vn 0.000489 -0.588506 0.808501
vn 0.000489 -0.419478 -0.908158
vn 0.200782 -0.410684 -0.889594
vn 0.159746 -0.211368 -0.963849
vn 0.000489 -0.214299 -0.976551
vn 0.111871 -0.002282 -0.994137
vn 0.000489 -0.002282 -1.000000
vn -0.518319 0.382672 -0.764533
vn -0.270151 0.463766 -0.843673
vn -0.370786 0.471582 -0.799707
vn -0.585735 0.403190 -0.702980
vn -0.602345 0.300601 -0.740107
vn -0.457743 0.301578 -0.836834
vn -0.311187 0.430547 -0.847582
vn 0.000489 0.597621 -0.801661
vn 0.000489 0.578080 -0.816316
vn 0.000489 0.509687 -0.860283
vn 0.000489 0.346521 -0.938446
vn -0.234978 0.333820 -0.913043
vn -0.445042 0.276175 -0.852467
vn 0.000489 0.232208 -0.972643
vn -0.229116 0.261519 -0.937469
vn -0.453835 0.273243 -0.848559
vn -0.234001 0.227323 -0.945285
vn 0.000489 0.166746 -0.986321
vn -0.200782 -0.410684 -0.889594
vn 0.000489 -0.214299 -0.976551
vn -0.159746 -0.211368 -0.963849
vn 0.000489 -0.419478 -0.908158
vn 0.000489 -0.002282 -1.000000
vn -0.111871 -0.002282 -0.994137
vn 0.983390 -0.179126 0.021007
vn 0.887640 0.020190 0.460674
vn 0.954079 -0.039409 -0.295554
vn 0.888618 -0.095100 0.448950
vn 0.877870 0.129619 0.460674
vn 0.774304 0.272266 0.572057
vn 0.774304 0.272266 0.572057
vn 0.611138 0.431524 0.662922
vn 0.611138 0.431524 0.662922
vn 0.000489 0.706072 0.707865
vn 0.521251 0.602506 0.604299
vn -0.470445 0.400259 0.787006
vn 0.000489 -0.273899 -0.961895
vn 0.870054 -0.190850 -0.453835
vn 0.870054 -0.190850 -0.453835
vn 0.787005 -0.438041 -0.434294
vn 0.787005 -0.438041 -0.434294
vn 0.687347 -0.628564 -0.363947
vn 0.687347 -0.628564 -0.363947
vn 0.602345 -0.745809 -0.282853
vn 0.602345 -0.745809 -0.282853
vn 0.570103 -0.790753 -0.222276
vn 0.570103 -0.790753 -0.222276
vn 0.566194 -0.803454 -0.182218
vn 0.000489 -0.571896 -0.820224
vn 0.601368 -0.524021 -0.603322
vn 0.574011 -0.516205 -0.635564
vn 0.574011 -0.516205 -0.635564
vn 0.000489 -0.740924 -0.671714
vn 0.915975 0.258588 -0.306302
vn 0.000489 0.574172 -0.819247
vn 0.000489 0.944470 0.329751
vn 0.527113 0.736360 0.424524
vn 0.527113 0.736360 0.424524
vn 0.722521 0.638656 0.263313
vn 0.000489 0.917113 0.399121
vn 0.685393 0.727567 -0.031753
vn 0.000489 0.988436 0.152907
vn 0.000489 0.969873 -0.244748
vn 0.000489 0.969873 -0.244748
vn 0.000489 0.516526 0.856376
vn 0.000489 0.516526 0.856376
vn 0.000489 0.516526 0.856376
vn 0.000489 0.516526 0.856376
vn 0.000489 -0.352062 0.935516
vn 0.000489 -0.796615 0.604299
vn 0.000489 -0.352062 0.935516
vn -0.464582 -0.137113 0.874939
vn 0.000489 -0.796615 0.604299
vn 0.000489 -0.981275 0.192966
vn 0.000489 -0.981275 0.192966
vn 0.000489 -0.994954 -0.098192
vn 0.000489 -0.994954 -0.098192
vn 0.000489 -0.924607 -0.380557
vn 0.000489 -0.924607 -0.380557
vn 0.000489 -0.850352 -0.527113
vn 0.000489 -0.850352 -0.527113
vn -0.275037 0.025075 0.960919
vn 0.000489 0.138412 0.990230
vn 0.000489 0.259565 0.965804
vn 0.000489 -0.023777 1.000000
vn -0.654128 -0.236771 0.718613
vn -0.001466 -0.023777 1.000000
vn -0.654128 -0.236771 0.718613
vn 0.000489 -0.292462 0.956034
vn -0.737176 -0.275853 0.617001
vn -0.016121 -0.291485 0.956034
vn -0.737176 -0.275853 0.617001
vn 0.000489 -0.613909 0.789937
vn -0.744993 -0.446835 0.494871
vn -0.025892 -0.612931 0.788960
vn -0.744993 -0.446835 0.494871
vn 0.000489 -0.780005 0.625794
vn -0.797753 -0.434133 0.418662
vn -0.021983 -0.780005 0.625794
vn -0.797753 -0.434133 0.418662
vn -0.014167 -0.924607 0.381534
vn -0.775281 -0.550401 0.308256
vn 0.000489 -0.924607 0.381534
vn -0.748901 -0.610977 0.255496
vn 0.000489 -0.992023 0.124573
vn -0.663898 -0.730176 0.162677
vn -0.004397 -0.992023 0.124573
vn -0.692233 -0.718452 0.063019
vn 0.000489 -0.990069 -0.140205
vn -0.692233 -0.718452 0.063019
vn 0.000489 -0.990069 -0.140205
vn -0.729360 -0.667646 -0.146067
vn 0.000489 -0.945125 -0.327796
vn -0.729360 -0.667646 -0.146067
vn 0.000489 -0.945125 -0.327796
vn -0.776258 -0.581666 -0.243771
vn 0.000489 -0.923630 -0.383488
vn -0.776258 -0.581666 -0.243771
vn 0.000489 -0.923630 -0.383488
vn 0.000489 -0.905066 -0.425500
vn 0.000489 -0.905066 -0.425500
vn -0.782120 -0.567988 -0.255496
vn -0.782120 -0.567988 -0.255496
vn -0.759648 -0.582643 -0.288715
vn -0.759648 -0.582643 -0.288715
vn 0.687347 -0.220162 -0.692232
vn 0.932584 -0.337406 -0.129457
vn 0.473376 -0.230909 -0.850513
vn 0.314118 -0.210391 -0.925745
vn 0.597460 -0.195736 -0.777235
vn 0.233024 -0.245565 -0.941377
vn 0.452858 -0.197690 -0.869076
vn 0.000489 -0.203552 -0.979482
vn 0.000489 -0.279761 -0.959941
vn 0.000489 -0.149815 -0.988275
vn 0.276014 -0.081422 -0.957987
vn 0.860283 -0.478100 -0.174401
vn 0.531998 -0.134182 -0.835857
vn 0.000489 -0.021823 -1.000000
vn 0.243771 0.024098 -0.969711
vn 0.000489 0.052432 -0.999023
vn 0.289692 0.205828 -0.934538
vn 0.000489 0.189218 -0.981436
vn 0.000489 0.168700 -0.985344
vn 0.435271 0.075881 -0.897411
vn 0.622863 0.011397 -0.782120
vn 0.580850 -0.190850 -0.791890
vn 0.554470 0.224391 -0.801661
vn 0.428432 0.247840 -0.869076
vn 0.219345 0.229277 -0.948217
vn 0.000489 0.199965 -0.979482
vn 0.384465 0.251749 -0.887640
vn 0.195896 0.256634 -0.946263
vn 0.000489 0.250771 -0.967757
vn 0.192965 0.250771 -0.948217
vn 0.000489 0.250771 -0.967757
vn 0.587689 0.063180 0.806547
vn 0.000489 -0.162516 0.986322
vn 0.000489 -0.162516 0.986322
vn 0.000489 -0.196713 0.980460
vn 0.334636 -0.138090 0.932585
vn 0.000489 -0.196713 0.980460
vn 0.286761 -0.159585 0.944309
vn 0.631656 -0.062858 0.773327
vn 0.769419 0.058295 0.635565
vn 0.769419 0.058295 0.635565
vn 0.827064 0.200942 0.526136
vn 0.987298 0.128642 0.090376
vn 0.767465 0.399282 -0.501710
vn 0.785051 0.432501 -0.443087
vn 0.732291 0.421753 -0.535906
vn 0.702003 0.413937 -0.579873
vn 0.343429 0.479399 -0.807523
vn 0.638495 0.350430 -0.685393
vn 0.433317 0.292784 -0.852467
vn 1.000000 -0.014983 -0.008305
vn 0.000489 0.324050 -0.946263
vn 0.000489 0.552677 -0.832926
vn 0.000489 0.810615 -0.584758
vn 0.000489 0.810615 -0.584758
vn 0.000489 0.867284 -0.497801
vn 0.000489 0.867284 -0.497801
vn 0.999023 0.030938 0.017098
vn 0.328774 -0.292462 0.898388
vn 0.651197 -0.412638 0.636542
vn 0.651197 -0.412638 0.636542
vn 0.617977 -0.589483 0.519297
vn 0.617977 -0.589483 0.519297
vn 0.592574 -0.653967 0.469468
vn 0.309233 -0.276830 0.910113
vn 0.000489 -0.277807 0.960919
vn 0.000489 -0.277807 0.960919
vn 0.000489 -0.341314 0.940401
vn 0.000489 -0.341314 0.940401
vn 0.000489 -0.401891 0.915975
vn 0.000489 -0.401891 0.915975
vn 0.303371 0.924929 -0.228138
vn 0.307279 0.928837 -0.208598
vn 0.000489 0.969873 -0.244748
vn 0.000489 0.976712 -0.215437
vn 0.000489 0.954240 -0.299462
vn 1.000000 0.024098 -0.004396
vn 0.432340 -0.879663 0.195897
vn 0.534929 0.801822 -0.266243
vn 0.277968 0.914181 -0.294577
vn 0.521251 0.732452 -0.438202
vn 0.271129 0.844812 -0.460674
vn 0.000489 0.893664 -0.448949
vn 0.980459 -0.140044 -0.140205
vn 0.342452 0.652335 -0.675623
vn 0.000489 0.722682 -0.691255
vn 0.000489 0.598598 -0.800684
vn 0.000489 0.598598 -0.800684
vn 0.971666 -0.193781 -0.134343
vn 0.332682 -0.790753 0.513435
vn 0.563263 -0.780005 0.271129
vn 0.295555 -0.884548 0.361016
vn 0.000489 -0.907997 0.417685
vn 0.000489 -0.815179 0.579873
vn 0.000489 -0.787822 0.616024
vn 0.000489 -0.787822 0.616024
vn 0.000489 -0.971505 0.236932
vn 0.298486 -0.929492 0.217392
vn 0.569126 -0.802477 0.178310
vn 0.000489 -0.982252 0.188080
vn 0.000489 -0.075560 -0.997069
vn -0.648266 -0.208437 -0.733268
vn -0.550562 -0.062858 -0.831949
vn 0.442110 0.391465 -0.807523
vn -0.648266 -0.208437 -0.733268
vn -0.787005 -0.265105 -0.557401
vn -0.787005 -0.265105 -0.557401
vn -0.979482 0.146228 -0.138251
vn -0.879824 -0.227978 -0.416707
vn -0.991207 0.067088 -0.111871
vn -0.973620 -0.174241 -0.149975
vn -0.966781 -0.238725 0.087445
vn -0.989253 0.040708 -0.139228
vn -0.893503 0.441294 -0.084514
vn -0.758671 0.590781 0.274060
vn -0.758671 0.590781 0.274060
vn -0.661944 0.531182 0.528090
vn -0.661944 0.531182 0.528090
vn -0.571080 0.438363 0.694187
vn -0.571080 0.438363 0.694187
vn -0.511480 0.380718 0.770396
vn -0.936492 0.254680 -0.239863
vn -0.992184 -0.008144 0.127504
vn -0.992184 0.111055 0.064973
vn -0.756717 0.262496 0.598437
vn -0.756717 0.262496 0.598437
vn -0.765510 0.347498 0.540792
vn -0.765510 0.347498 0.540792
vn -0.804592 0.419799 0.420616
vn -0.804592 0.419799 0.420616
vn -0.871031 0.428593 0.239863
vn -0.871031 0.428593 0.239863
vn -0.906204 0.398305 0.144114
vn -0.906204 0.398305 0.144114
vn -0.845628 0.103239 -0.524181
vn -0.872008 -0.118549 -0.474352
vn -0.816317 -0.099986 -0.568148
vn -0.771373 -0.185965 -0.608207
vn -0.771373 -0.185965 -0.608207
vn -0.835857 -0.350108 -0.422569
vn -0.835857 -0.350108 -0.422569
vn -0.884709 -0.351085 -0.307279
vn -0.884709 -0.351085 -0.307279
vn -0.445042 0.498940 -0.743038
vn -0.701026 0.507733 -0.500732
vn 0.000489 0.599575 -0.799707
vn 0.000489 0.479399 -0.877870
vn 0.000489 0.169677 -0.985344
vn 0.000489 0.169677 -0.985344
vn 0.000489 -0.014983 -1.000000
vn -0.976551 0.209736 0.050318
vn -0.974597 0.217552 -0.058134
vn -0.989253 -0.000328 0.148999
vn -0.995115 -0.072629 -0.062042
vn -0.969712 0.180425 0.166586
vn -0.979482 -0.201598 -0.008305
vn -0.988276 -0.019868 0.151930
vn -0.990230 -0.058950 -0.129457
vn -1.000000 -0.023777 0.014167
vn -0.985344 0.169677 0.020030
vn -0.985344 0.156976 0.068882
vn -0.979482 -0.195736 -0.056179
vn -0.976551 -0.217230 0.007328
vn -0.924768 -0.348154 -0.152906
vn -0.997069 -0.032570 0.071813
vn -0.906204 0.391465 0.158769
vn -0.972643 -0.220162 0.070836
vn -0.985344 -0.028662 0.169517
vn -0.684416 -0.581666 0.438203
vn -0.918906 0.385603 0.082560
vn -0.690278 0.633771 0.349292
vn -0.808500 0.160884 0.566195
vn -0.704934 0.696302 0.132389
vn -0.808500 0.160884 0.566195
vn -0.793845 -0.142975 0.590621
vn -0.793845 -0.142975 0.590621
vn -0.843674 -0.246542 0.477284
vn -0.843674 -0.246542 0.477284
vn -0.896434 -0.109756 0.429409
vn -0.674646 -0.497641 0.544700
vn -0.870054 0.118871 0.478261
vn -0.880801 0.117894 0.457743
vn -0.847582 0.130596 0.514412
vn -0.847582 0.130596 0.514412
vn -0.821202 0.122779 0.557401
vn -0.821202 0.122779 0.557401
vn -0.785051 0.121802 0.607230
vn -0.785051 0.121802 0.607230
vn -0.747924 0.094445 0.656082
vn -0.747924 0.094445 0.656082
vn -0.731314 0.070019 0.678554
vn -0.720567 -0.658852 0.216415
vn -0.475330 -0.819087 -0.320957
vn 0.000489 -0.984206 -0.177332
vn 0.000489 -0.921676 0.388374
vn 0.000489 -0.648105 0.761603
vn 0.000489 -0.648105 0.761603
vn 0.000489 -0.271945 0.961896
vn 0.000489 -0.271945 0.961896
vn 0.000489 0.036800 0.999023
vn 0.000489 0.036800 0.999023
vn 0.000489 0.141343 0.990230
vn 0.000489 0.141343 0.990230
vn 0.677577 0.735383 -0.015144
vn 0.763556 0.633771 0.121642
vn 0.744016 0.656243 0.123596
vn 0.677577 0.735383 -0.015144
vn 0.744993 0.666990 -0.008305
vn 0.998046 0.014328 -0.054225
vn 0.744993 0.666990 -0.008305
vn 0.935515 -0.013029 0.352223
vn 0.980459 -0.174241 0.085491
vn 0.994138 0.003581 -0.107963
vn 0.871031 -0.383327 0.308256
vn 0.782120 -0.567988 -0.255496
vn 0.759648 -0.582643 -0.288715
vn 0.776258 -0.581666 -0.243771
vn 0.776258 -0.581666 -0.243771
vn 0.729360 -0.667646 -0.146067
vn 0.729360 -0.667646 -0.146067
vn 0.692232 -0.718452 0.063019
vn 0.692232 -0.718452 0.063019
vn 0.748901 -0.610977 0.255496
vn 0.797753 -0.434133 0.418662
vn 0.797753 -0.434133 0.418662
vn 0.744993 -0.446835 0.494871
vn 0.744993 -0.446835 0.494871
vn 0.737176 -0.275853 0.617001
vn 0.737176 -0.275853 0.617001
vn 0.654128 -0.236771 0.718613
vn 0.654128 -0.236771 0.718613
vn 0.560332 -0.092169 0.823156
vn 0.275037 0.025075 0.960919
vn 0.236932 0.181402 0.954079
vn 0.000489 0.138412 0.990230
vn 0.000489 0.259565 0.965804
vn 0.000489 -0.023777 1.000000
vn 0.001466 -0.023777 1.000000
vn 0.000489 -0.292462 0.956034
vn 0.016121 -0.291485 0.956034
vn 0.000489 -0.613909 0.789937
vn 0.025892 -0.612931 0.788960
vn 0.000489 -0.780005 0.625794
vn 0.021983 -0.780005 0.625794
vn 0.014167 -0.924607 0.381534
vn 0.000489 -0.924607 0.381534
vn 0.000489 -0.992023 0.124573
vn 0.004397 -0.992023 0.124573
vn 0.000489 -0.990069 -0.140205
vn 0.000489 -0.990069 -0.140205
vn 0.000489 -0.945125 -0.327796
vn 0.000489 -0.945125 -0.327796
vn 0.000489 -0.923630 -0.383488
vn 0.000489 -0.923630 -0.383488
vn 0.000489 -0.905066 -0.425500
vn 0.000489 -0.905066 -0.425500
vn 0.850513 -0.338383 0.402052
vn 0.835857 -0.153723 0.527113
vn 0.880801 -0.082399 0.466537
vn 0.950171 -0.153723 0.272106
vn 0.848559 0.198988 0.490963
vn 0.848559 0.198988 0.490963
vn 0.845628 0.288876 0.448950
vn 0.845628 0.288876 0.448950
vn 0.909135 0.304509 0.282853
vn 0.975574 -0.190850 0.106986
vn 0.999023 0.021167 0.030777
vn 0.984367 -0.061881 -0.162677
vn 0.961895 0.232208 0.144114
vn 1.000000 -0.018891 -0.010259
vn 0.973620 0.186287 0.131412
vn 1.000000 -0.000328 -0.011236
vn 0.957987 -0.233840 -0.165608
vn 0.962873 -0.224070 -0.150952
vn 0.938447 -0.264128 -0.224230
vn 0.899365 -0.304187 -0.313141
vn 0.899365 -0.304187 -0.313141
vn 0.868100 -0.319820 -0.380557
vn 0.868100 -0.319820 -0.380557
vn 0.855398 -0.307118 -0.415730
vn 0.855398 -0.307118 -0.415730
vn 0.853444 -0.290508 -0.433317
vn 0.853444 -0.290508 -0.433317
vn 0.879824 -0.227978 -0.416707
vn 0.991207 0.067088 -0.111871
vn 0.880801 -0.283669 -0.379580
vn 0.787005 -0.265105 -0.557401
vn 0.787005 -0.265105 -0.557401
vn 0.648266 -0.208437 -0.733268
vn 0.648266 -0.208437 -0.733268
vn 0.000489 -0.075560 -0.997069
vn 0.942355 0.315256 -0.116756
vn 0.442110 0.391465 -0.807523
vn 0.571080 0.438363 0.694187
vn 0.661944 0.531182 0.528090
vn 0.661944 0.531182 0.528090
vn 0.758671 0.590781 0.274060
vn 0.758671 0.590781 0.274060
vn 0.829995 0.539975 0.138251
vn 0.893503 0.441294 -0.084514
vn 0.989253 0.040708 -0.139228
vn 0.902296 0.205828 -0.378603
vn 0.983390 -0.165447 -0.077674
vn 0.975574 0.105193 -0.193942
vn 1.000000 -0.000328 -0.000488
vn 0.892526 0.099330 -0.440156
vn 1.000000 -0.000328 -0.000488
vn 0.972643 0.051455 -0.226184
vn 0.973620 0.022144 -0.227161
vn 0.895457 0.043639 -0.443087
vn 1.000000 -0.000328 -0.000488
vn 0.975574 -0.035501 -0.218368
vn 1.000000 -0.001305 -0.000488
vn 0.902296 -0.104871 -0.418661
vn 0.999023 -0.035501 -0.011236
vn 0.974597 -0.081422 -0.210552
vn 0.976551 -0.100963 -0.190034
vn 0.907181 -0.198667 -0.371763
vn 1.000000 0.000649 -0.000488
vn -0.684416 -0.282692 0.671715
vn -0.794822 -0.225047 0.563264
vn -0.763556 -0.209414 0.610161
vn -0.778212 -0.449766 0.438203
vn -0.832926 -0.266082 0.485100
vn -0.891549 -0.362809 0.271129
vn -0.864192 -0.501549 -0.042501
vn 0.000489 -0.891388 0.453835
vn -0.508549 -0.355970 0.784075
vn 0.000489 -0.607069 -0.794821
vn -0.802638 -0.213322 -0.556424
vn -0.878847 -0.214299 -0.426477
vn -0.661944 -0.171310 -0.730337
vn -0.661944 -0.171310 -0.730337
vn -0.536883 -0.033547 -0.842696
vn -0.536883 -0.033547 -0.842696
vn 0.000489 0.073927 -0.997069
vn -0.355154 0.069042 -0.931607
vn 0.000489 0.073927 -0.997069
vn -0.654128 -0.159585 0.739131
vn -0.767465 -0.195736 0.611139
vn -0.527113 -0.100963 0.843674
vn -0.678554 -0.095100 0.728383
vn -0.568148 0.008466 0.823156
vn -0.973620 0.022144 -0.227161
vn -1.000000 -0.000328 -0.000488
vn -1.000000 -0.000328 -0.000488
vn -0.892526 0.099330 -0.440156
vn -0.895457 0.043639 -0.443087
vn -0.974597 -0.045271 -0.221299
vn -0.996092 -0.020845 0.089399
vn -0.902296 -0.104871 -0.418661
vn -0.999023 -0.043317 -0.003419
vn -0.972643 -0.086307 -0.214460
vn -0.976551 -0.097055 -0.191988
vn -0.907181 -0.198667 -0.371763
vn -1.000000 0.009443 -0.006350
vn -0.979482 -0.109756 -0.166585
vn -0.927699 -0.275853 -0.252564
vn -1.000000 -0.000328 -0.000488
vn -0.997069 0.053410 -0.049340
vn -1.000000 0.009443 -0.008305
vn -0.986321 0.111055 -0.117733
vn -1.000000 -0.000328 -0.000488
vn -1.000000 -0.000328 -0.000488
vn -0.998046 0.051455 -0.017098
vn -0.994138 0.103239 -0.033708
vn -0.951148 0.273243 0.144114
vn -0.951148 0.273243 0.144114
vn -0.817294 0.477445 0.322912
vn -0.440156 0.702164 0.560332
vn -0.264289 0.573195 0.775281
vn -0.976551 -0.210391 -0.047386
vn -1.000000 0.014328 -0.004396
vn -0.832926 -0.509365 0.217392
vn 0.000489 0.751993 0.659013
vn 0.000489 0.452042 0.891549
vn 0.000489 0.208759 0.977528
vn 0.000489 0.886824 0.461652
vn 0.018075 0.886824 0.461652
vn 0.000489 0.942516 0.332682
vn 0.000489 0.942516 0.332682
vn 0.000489 0.950332 0.310210
vn 0.000489 0.950332 0.310210
vn -0.967758 -0.226024 -0.108940
vn -0.738153 -0.391144 0.550562
vn -0.738153 -0.391144 0.550562
vn -0.726429 -0.304187 0.616024
vn -0.726429 -0.304187 0.616024
vn -0.697118 -0.221139 0.681485
vn -0.697118 -0.221139 0.681485
vn -0.591597 -0.133205 0.795799
vn 0.000489 -0.165447 0.986322
vn 0.493894 -0.374534 0.785052
vn -0.957987 0.039731 -0.285784
vn -0.838788 0.128642 -0.528090
vn -0.774304 0.043639 -0.630679
vn -0.774304 0.043639 -0.630679
vn -0.893503 0.154045 -0.420615
vn -0.744993 -0.029639 -0.666829
vn -0.744993 -0.029639 -0.666829
vn -0.724475 -0.120503 -0.678554
vn -0.724475 -0.120503 -0.678554
vn -0.687347 -0.249473 -0.682462
vn -0.687347 -0.249473 -0.682462
vn -0.654128 -0.338383 -0.676600
vn -0.980459 0.058295 -0.188080
vn -0.908158 0.178471 -0.377626
vn -0.977528 0.192149 0.090376
vn -0.969712 0.191172 -0.149975
vn -0.905227 0.217552 -0.365901
vn -0.939424 0.213644 0.270152
vn -0.972643 0.227323 -0.052271
vn -0.899365 0.240024 -0.363947
vn -0.926722 -0.015960 0.375672
vn -0.899365 0.240024 -0.363947
vn -0.926722 -0.015960 0.375672
vn -0.895457 0.273243 -0.352222
vn -0.896434 -0.148838 0.417685
vn -0.895457 0.273243 -0.352222
vn -0.896434 -0.148838 0.417685
vn -0.898388 0.301578 -0.319980
vn -0.871031 -0.226024 0.436248
vn -0.898388 0.301578 -0.319980
vn -0.871031 -0.226024 0.436248
vn -0.915975 0.293761 -0.272105
vn -0.862237 -0.312003 0.398144
vn -0.915975 0.293761 -0.272105
vn -0.862237 -0.312003 0.398144
vn -0.975574 0.207782 -0.069858
vn -0.873962 -0.447812 0.187103
vn -0.815340 -0.578735 -0.022960
vn -0.944309 0.271289 -0.186126
vn -0.621886 -0.665692 -0.411822
vn -0.521251 -0.708681 -0.475329
vn -0.491939 -0.651036 -0.577919
vn -0.447973 -0.582643 -0.678554
vn -0.447973 -0.582643 -0.678554
vn -0.416707 -0.556263 -0.719589
vn -0.970689 0.182379 0.153884
vn -0.625794 0.392442 0.674646
vn -0.972643 -0.024754 0.231070
vn -0.574011 0.315256 0.755740
vn 0.000489 0.320141 0.947240
vn 0.000489 0.320141 0.947240
vn -0.963850 -0.128320 0.233024
vn 0.000489 0.320141 0.947240
vn -0.951148 -0.242633 0.191011
vn -0.652174 0.039731 0.756718
vn 0.000489 0.320141 0.947240
vn -0.952125 -0.262174 0.156815
vn -0.416707 0.154045 0.896434
vn -0.205667 0.910273 -0.359062
vn -0.804592 0.552677 0.216415
vn -0.786028 0.458881 -0.414753
vn -0.898388 0.433478 0.077675
vn -0.600391 -0.098032 -0.793844
vn -0.600391 -0.098032 -0.793844
vn 0.000489 -0.359878 -0.932584
vn -0.562286 -0.298325 -0.771372
vn 0.430386 -0.004236 -0.902296
vn 0.000489 0.738314 0.674646
vn -0.685393 0.409052 0.602345
vn -0.870054 0.311348 0.383488
vn -0.875916 0.255657 0.408891
vn -0.996092 -0.088261 -0.028822
vn 0.000489 0.582965 0.812409
vn -0.647289 0.162838 0.744993
vn -0.369809 0.226345 0.901319
vn -0.592574 -0.098032 0.798730
vn -0.379580 -0.010098 0.924768
vn -1.000000 -0.015960 0.006351
vn -0.373718 -0.185965 0.909136
vn -0.678554 -0.326659 0.658036
vn -0.552516 -0.258266 0.792868
vn 0.000489 -0.484939 0.874939
vn -0.621886 -0.274876 0.733268
vn -0.550562 -0.410684 0.726429
vn 0.000489 -0.769258 0.638496
vn -0.968735 -0.249473 0.008305
vn -0.684416 -0.581666 0.438203
vn 0.000489 0.166746 -0.986321
vn -0.602345 0.133527 -0.787005
vn 0.421593 0.666990 -0.614069
vn -0.567171 -0.057973 -0.821201
vn -0.567171 -0.057973 -0.821201
vn -0.539814 -0.273899 -0.795798
vn -0.539814 -0.273899 -0.795798
vn -0.518319 -0.471261 -0.712750
vn -0.518319 -0.471261 -0.712750
vn -0.469468 -0.573850 -0.671714
vn 0.000489 -0.649082 -0.760625
vn 0.000489 -0.666669 -0.744992
vn 0.979482 -0.109756 -0.166585
vn 0.927699 -0.275853 -0.252564
vn 1.000000 -0.000328 -0.000488
vn 0.996092 0.063180 -0.067904
vn 1.000000 0.000649 -0.000488
vn 0.989253 0.136458 -0.047386
vn 1.000000 -0.000328 -0.000488
vn 1.000000 -0.000328 -0.000488
vn 0.998046 0.051455 -0.017098
vn 0.994138 0.103239 -0.033708
vn 0.951148 0.273243 0.144114
vn 0.951148 0.273243 0.144114
vn 0.817294 0.477445 0.322912
vn 0.817294 0.477445 0.322912
vn 0.735222 0.614230 0.287739
vn 0.976551 -0.210391 -0.047386
vn 1.000000 0.014328 -0.004396
vn 0.832926 -0.509365 0.217392
vn 0.980459 0.058295 -0.188080
vn 0.977528 0.192149 0.090376
vn 0.967758 -0.226024 -0.108940
vn 0.738153 -0.391144 0.550562
vn 0.738153 -0.391144 0.550562
vn 0.726429 -0.304187 0.616024
vn 0.726429 -0.304187 0.616024
vn 0.697118 -0.221139 0.681485
vn 0.697118 -0.221139 0.681485
vn 0.955056 -0.285623 0.083537
vn 0.000489 -0.165447 0.986322
vn 0.493894 -0.374534 0.785052
vn 0.687347 -0.249473 -0.682462
vn 0.724475 -0.120503 -0.678554
vn 0.724475 -0.120503 -0.678554
vn 0.744993 -0.029639 -0.666829
vn 0.744993 -0.029639 -0.666829
vn 0.774304 0.043639 -0.630679
vn 0.774304 0.043639 -0.630679
vn 0.838789 0.128642 -0.528090
vn 0.957987 0.039731 -0.285784
vn 0.893503 0.154045 -0.420615
vn 0.908158 0.178471 -0.377626
vn 0.969712 0.191172 -0.149975
vn 0.905227 0.217552 -0.365901
vn 0.939424 0.213644 0.270152
vn 0.972643 0.227323 -0.052271
vn 0.899365 0.240024 -0.363947
vn 0.926722 -0.015960 0.375672
vn 0.899365 0.240024 -0.363947
vn 0.926722 -0.015960 0.375672
vn 0.895457 0.273243 -0.352222
vn 0.896434 -0.148838 0.417685
vn 0.895457 0.273243 -0.352222
vn 0.896434 -0.148838 0.417685
vn 0.898388 0.301578 -0.319980
vn 0.871031 -0.226024 0.436248
vn 0.898388 0.301578 -0.319980
vn 0.871031 -0.226024 0.436248
vn 0.915975 0.293761 -0.272105
vn 0.862237 -0.312003 0.398144
vn 0.915975 0.293761 -0.272105
vn 0.862237 -0.312003 0.398144
vn 0.873962 -0.447812 0.187103
vn 0.980459 -0.188896 -0.051294
vn 0.944309 0.271289 -0.186126
vn 0.621886 -0.665692 -0.411822
vn 0.970689 0.182379 0.153884
vn 0.958964 0.275198 0.067905
vn 0.939424 0.193126 0.283830
vn 0.932584 -0.354993 -0.063996
vn 0.963850 -0.128320 0.233024
vn 0.829018 -0.513273 -0.221299
vn 0.952125 -0.262174 0.156815
vn 0.816317 -0.491779 -0.303370
vn 0.447973 -0.582643 -0.678554
vn 0.799707 -0.495687 -0.338544
vn 0.000489 -0.531837 0.846605
vn 0.000489 -0.312980 0.949194
vn 0.000489 -0.312980 0.949194
vn 0.000489 -0.531837 0.846605
vn 0.000489 -0.012052 1.000000
vn 0.000489 -0.012052 1.000000
vn 0.000489 0.109101 0.994138
vn 0.000489 0.109101 0.994138
vn 0.000489 0.245886 0.969712
vn 0.000489 0.245886 0.969712
vn 0.000489 0.421753 0.907182
vn 0.000489 0.421753 0.907182
vn 0.000489 0.755901 0.654128
vn 0.000489 0.755901 0.654128
vn 0.000489 -0.312980 0.949194
vn 0.000489 -0.312980 0.949194
vn 0.000489 -0.531837 0.846605
vn 0.000489 -0.531837 0.846605
vn 0.000489 -0.012052 1.000000
vn 0.000489 -0.012052 1.000000
vn 0.000489 0.109101 0.994138
vn 0.000489 0.109101 0.994138
vn 0.000489 0.245886 0.969712
vn 0.000489 0.245886 0.969712
vn 0.000489 0.421753 0.907182
vn 0.000489 0.421753 0.907182
vn 0.000489 0.755901 0.654128
vn 0.000489 0.755901 0.654128
vn 0.975574 -0.118549 0.185149
vn 0.550562 -0.410684 0.726429
vn 0.552516 -0.258266 0.792868
vn 0.968735 -0.249473 0.008305
vn 0.927699 -0.314934 0.198828
vn 0.990230 -0.081422 0.108940
vn 0.000489 -0.769258 0.638496
vn 0.062042 -0.768281 0.637519
vn 0.000489 -0.484939 0.874939
vn 0.373718 -0.185965 0.909136
vn 0.379580 -0.010098 0.924768
vn 0.592574 -0.098032 0.798730
vn 0.766488 -0.180103 0.616024
vn 0.647289 0.162838 0.744993
vn 0.855398 0.081744 0.510503
vn 0.369810 0.226345 0.901319
vn 0.685393 0.409052 0.602345
vn 0.000489 0.582965 0.812409
vn 0.000489 0.738314 0.674646
vn 0.988276 0.091514 0.118711
vn -0.205667 0.910273 -0.359062
vn 0.758671 0.630840 -0.161700
vn 0.898388 0.433478 0.077675
vn 0.998046 0.037777 0.052272
vn 0.778212 -0.449766 0.438203
vn 0.832926 -0.266082 0.485100
vn 0.970689 -0.141998 -0.193942
vn 0.000489 -0.891388 0.453835
vn 0.684416 -0.282692 0.671715
vn 0.000489 -0.607069 -0.794821
vn 0.508549 -0.355970 0.784075
vn 0.802638 -0.213322 -0.556424
vn 0.878847 -0.214299 -0.426477
vn 0.661944 -0.171310 -0.730337
vn 0.661944 -0.171310 -0.730337
vn 0.536883 -0.033547 -0.842696
vn 0.536883 -0.033547 -0.842696
vn 0.000489 0.073927 -0.997069
vn 0.355154 0.069042 -0.931607
vn 0.000489 0.073927 -0.997069
vn 0.654128 -0.159585 0.739131
vn 0.527113 -0.100963 0.843674
vn 0.678554 -0.095100 0.728383
vn 0.568148 0.008466 0.823156
vn 0.767465 -0.195736 0.611139
vn 0.951148 -0.269014 0.150953
vn 0.719590 -0.436087 -0.539814
vn 0.576942 -0.141998 -0.804592
vn 0.744993 -0.218207 -0.630679
vn 0.371764 -0.057973 -0.926722
vn 0.371764 -0.057973 -0.926722
vn -0.510503 -0.123435 -0.851490
vn -0.717636 -0.127343 -0.684416
vn -0.384465 -0.257289 -0.886663
vn -0.773327 0.153068 -0.616023
vn 0.000489 -0.213322 -0.977528
vn 0.000489 -0.400914 -0.915974
vn 0.000489 -0.016937 -1.000000
vn -0.483146 0.419799 -0.768441
vn -0.636541 0.519457 -0.570102
vn -0.652174 0.568309 -0.501710
vn -0.348315 0.707049 -0.615046
vn 0.000489 0.700210 -0.713727
vn 0.000489 0.758832 -0.651197
vn -0.606253 0.368016 -0.705911
vn -0.618955 0.040708 -0.785051
vn -0.769419 0.456927 -0.445041
vn -0.583781 0.782281 -0.219345
vn -0.544700 0.792051 0.276014
vn -0.544700 0.792051 0.276014
vn -0.670738 0.378764 0.637519
vn 0.000489 0.742222 0.670738
vn 0.000489 0.361177 0.932585
vn -0.773327 -0.007167 0.634587
vn -0.583781 -0.026708 0.811432
vn -0.910112 0.013351 0.414754
vn -0.891549 0.094445 0.443088
vn -0.896434 -0.063835 0.439180
vn -0.743039 -0.081422 0.664876
vn -0.533952 -0.092169 0.840743
vn -0.861260 -0.022800 0.507572
vn -0.704934 -0.025731 0.707865
vn -0.503664 -0.026708 0.863215
vn -0.499756 0.030938 0.865169
vn -0.710796 0.034846 0.702980
vn -0.871031 0.035823 0.490963
vn -0.493894 0.053410 0.868100
vn -0.722521 0.069042 0.687348
vn -0.895457 0.083698 0.436248
vn 0.000489 -0.178149 0.984368
vn -0.606253 -0.324705 0.725452
vn 0.000489 -0.631495 0.775281
vn -0.579873 -0.602184 0.548608
vn 0.000489 -0.876732 0.481192
vn -0.258427 -0.951964 0.165608
vn 0.000489 -0.998862 0.042502
vn 0.247679 -0.812248 -0.528090
vn 0.000489 0.300601 -0.954079
vn -0.648266 0.086629 -0.756717
vn -0.556424 0.249794 -0.792867
vn 0.373718 0.698256 -0.610161
vn 0.000489 0.053410 -0.999023
vn -0.608207 -0.129297 -0.783097
vn 0.000489 -0.192804 -0.981436
vn -0.567171 -0.297348 -0.767464
vn -0.563263 -0.246542 -0.787982
vn -0.564240 -0.339360 -0.752809
vn -0.580850 -0.494710 -0.647288
vn -0.580850 -0.494710 -0.647288
vn -0.596483 -0.553332 -0.580850
vn -0.744016 0.656243 0.123596
vn -0.677577 0.735383 -0.015144
vn -0.677577 0.735383 -0.015144
vn -0.744993 0.666990 -0.008305
vn -0.744993 0.666990 -0.008305
vn -0.887640 0.458881 -0.028822
vn -0.887640 0.458881 -0.028822
vn -0.932584 0.349453 -0.094284
vn -0.758671 0.455950 -0.465559
vn -0.787982 0.591758 0.169517
vn -0.870054 0.250771 -0.423546
vn -0.622863 0.011397 -0.782120
vn -0.554470 0.224391 -0.801661
vn -0.289692 0.205828 -0.934538
vn -0.428432 0.247840 -0.869076
vn 0.000489 0.189218 -0.981436
vn -0.219345 0.229277 -0.948217
vn 0.000489 0.168700 -0.985344
vn 1.000000 -0.023777 0.014167
vn 0.979482 -0.201598 -0.008305
vn 0.976551 -0.217230 0.007328
vn 0.997069 -0.032570 0.071813
vn 0.972643 -0.220162 0.070836
vn 0.985344 -0.028662 0.169517
vn 0.906204 0.391465 0.158769
vn 0.985344 0.156976 0.068882
vn 0.985344 0.169677 0.020030
vn 0.969712 0.180425 0.166586
vn 0.988276 -0.019868 0.151930
vn 0.989253 -0.000328 0.148999
vn -0.614069 0.103239 0.782121
vn -0.676600 -0.430225 0.597460
vn -0.893503 -0.112687 0.435271
vn -0.963850 -0.052111 0.260381
vn -0.915975 0.324050 0.236932
vn -0.325843 0.038754 0.944309
vn -0.443087 0.297669 0.845628
vn -0.227162 0.300601 0.926722
vn 0.000489 0.286922 0.957988
vn 0.000489 -0.030616 1.000000
vn 0.000489 -0.217230 0.976551
vn 0.000489 -0.217230 0.976551
vn -0.822179 0.501871 0.269175
vn -0.823156 0.346521 0.450904
vn -0.823156 0.346521 0.450904
vn -0.820225 0.380718 0.426478
vn -0.473376 0.638656 0.606253
vn -0.416707 0.783258 0.462629
vn -0.306302 0.830156 0.465560
vn 0.000489 0.898549 0.438203
vn 0.000489 0.877054 0.480215
vn 0.000489 0.877054 0.480215
vn 0.000489 0.757855 0.652174
vn 0.000489 0.580034 0.814363
vn 0.000489 0.580034 0.814363
vn 0.000489 0.733429 0.679531
vn 0.000489 0.733429 0.679531
vn 0.000489 0.822340 0.569126
vn 0.000489 0.822340 0.569126
vn -0.392281 0.779350 0.489009
vn -0.756717 0.596644 0.269175
vn -0.509526 -0.803454 0.308256
vn -0.703957 -0.703796 0.094285
vn 0.000489 -0.811270 0.585735
vn -0.374695 -0.907020 0.191011
vn 0.000489 -0.914837 0.404983
vn 0.000489 -0.978344 0.206644
vn -0.784074 -0.534768 -0.315095
vn -0.914021 -0.027685 0.404983
vn -0.739130 -0.635403 -0.222276
vn -0.479238 -0.596322 -0.643380
vn 0.000489 -0.658852 -0.752809
vn -0.833903 -0.178149 0.523205
vn 0.000489 -0.726268 -0.687347
vn 0.000489 -0.726268 -0.687347
vn -0.833903 -0.178149 0.523205
vn -0.750855 -0.293440 0.591598
vn -0.750855 -0.293440 0.591598
vn -0.704934 -0.383327 0.596483
vn -0.704934 -0.383327 0.596483
vn -0.656082 -0.452697 0.604299
vn -0.656082 -0.452697 0.604299
vn -0.598437 -0.589483 0.542746
vn -0.598437 -0.589483 0.542746
vn -0.621886 -0.641266 0.448950
vn -0.621886 -0.641266 0.448950
vn -0.950171 -0.263151 0.169517
vn -0.789936 -0.401891 0.462629
vn -0.954079 -0.096078 0.283830
vn -0.865169 -0.135159 0.482169
vn -0.993161 -0.048203 0.108940
vn -0.820225 -0.341314 -0.459697
vn -0.992184 -0.109756 -0.063996
vn -0.901319 -0.220162 -0.372740
vn -0.950171 -0.063835 0.306302
vn 0.000489 -0.577758 -0.816316
vn 0.000489 -0.577758 -0.816316
vn 0.000489 -0.380396 -0.924768
vn -0.586712 -0.294417 -0.754763
vn 0.000489 -0.164470 -0.986321
vn -0.752809 0.111055 -0.648265
vn -0.752809 0.111055 -0.648265
vn -0.732291 0.298647 -0.611138
vn -0.732291 0.298647 -0.611138
vn -0.820225 0.143297 -0.553493
vn -0.820225 0.143297 -0.553493
vn -0.852467 -0.066766 -0.518319
vn -0.852467 -0.066766 -0.518319
vn -0.856375 -0.118549 -0.502687
vn 0.513434 -0.809316 -0.284807
vn 0.000489 -0.684255 -0.729360
vn 0.000489 -0.985184 -0.173424
vn 0.635564 -0.602184 -0.483146
vn 0.530044 -0.846444 -0.043478
vn 0.983390 -0.162516 -0.081582
vn 0.000489 -0.892365 0.451881
vn 0.968735 -0.249473 0.008305
vn 0.000489 -0.892365 0.451881
vn 0.000489 -0.523044 0.852467
vn 0.000489 -0.523044 0.852467
vn 0.000489 -0.232863 0.972643
vn 0.000489 -0.232863 0.972643
vn 0.996092 -0.012052 0.088422
vn 0.987298 -0.161539 -0.004396
vn 0.927699 -0.314934 0.198828
vn 0.918906 0.385603 0.082560
vn 0.986321 -0.150792 0.063019
vn 0.950171 0.313302 0.003420
vn 0.888618 -0.441950 0.121642
vn 0.685393 0.723659 -0.084514
vn 0.988276 0.155022 -0.002442
vn 0.690278 0.633771 0.349292
vn 0.704934 0.696302 0.132389
vn 0.808500 0.160884 0.566195
vn 0.780166 0.502848 -0.371763
vn 0.808500 0.160884 0.566195
vn 0.780166 0.502848 -0.371763
vn 0.793845 -0.142975 0.590621
vn 0.798730 0.234162 -0.554470
vn 0.793845 -0.142975 0.590621
vn 0.798730 0.234162 -0.554470
vn 0.843674 -0.246542 0.477284
vn 0.816317 0.050478 -0.574988
vn 0.843674 -0.246542 0.477284
vn 0.829018 0.041685 -0.557401
vn 0.896434 -0.109756 0.429409
vn 0.814363 -0.211368 -0.539814
vn 0.886663 -0.046248 0.459697
vn 0.859306 -0.146884 -0.489008
vn 0.846605 -0.330567 -0.418661
vn 0.930630 -0.093146 -0.353199
vn 0.948217 -0.054065 -0.312164
vn 0.870054 0.118871 0.478261
vn 0.932584 0.168700 -0.318026
vn 0.880801 0.117894 0.457743
vn 0.891549 0.117894 0.437226
vn 0.920860 0.155022 0.357108
vn 0.847582 0.130596 0.514412
vn 0.847582 0.130596 0.514412
vn 0.821202 0.122779 0.557401
vn 0.821202 0.122779 0.557401
vn 0.785051 0.121802 0.607230
vn 0.785051 0.121802 0.607230
vn 0.747924 0.094445 0.656082
vn 0.981436 0.180425 0.062042
vn 0.757694 0.413937 -0.504641
vn 0.000489 0.325027 -0.945285
vn 0.853444 0.208759 -0.477284
vn 0.853444 0.208759 -0.477284
vn 0.906204 0.191172 -0.376648
vn 0.906204 0.191172 -0.376648
vn 0.000489 0.507733 -0.861260
vn 0.000489 0.588827 -0.807523
vn -0.853444 -0.290508 -0.433317
vn -0.852467 -0.281715 -0.440156
vn -0.853444 -0.290508 -0.433317
vn -0.855398 -0.307118 -0.415730
vn -0.855398 -0.307118 -0.415730
vn -0.868100 -0.319820 -0.380557
vn -0.868100 -0.319820 -0.380557
vn -0.899365 -0.304187 -0.313141
vn -0.899365 -0.304187 -0.313141
vn -0.999023 0.021167 0.030777
vn -0.938447 -0.264128 -0.224230
vn -1.000000 -0.000328 -0.011236
vn -0.957987 -0.233840 -0.165608
vn -1.000000 -0.018891 -0.010259
vn -0.962873 -0.224070 -0.150952
vn -0.961895 0.232208 0.144114
vn -0.973620 0.186287 0.131412
vn -0.909135 0.304509 0.282853
vn -0.845628 0.288876 0.448950
vn -0.845628 0.288876 0.448950
vn -0.848559 0.198988 0.490963
vn -0.848559 0.198988 0.490963
vn -0.464582 -0.137113 0.874939
vn -0.880801 -0.082399 0.466537
vn -0.633610 -0.340337 0.695164
vn -0.953102 -0.140044 0.269175
vn 0.000489 -0.352062 0.935516
vn -0.923791 -0.332521 0.191011
vn 0.000489 -0.796615 0.604299
vn 0.000489 -0.796615 0.604299
vn 0.000489 -0.981275 0.192966
vn 0.000489 -0.981275 0.192966
vn 0.000489 -0.994954 -0.098192
vn 0.000489 -0.994954 -0.098192
vn -0.661944 -0.737993 -0.133366
vn 0.000489 -0.924607 -0.380557
vn -0.628725 -0.737015 -0.247679
vn 0.000489 -0.850352 -0.527113
vn -0.969712 -0.163493 0.183195
vn -0.985344 -0.083376 0.149976
vn -0.982413 -0.043317 0.181241
vn -0.987298 -0.089238 0.132389
vn -0.944309 -0.309072 0.110894
vn -0.984367 -0.035501 0.175379
vn -0.984367 -0.035501 0.175379
vn -0.970689 -0.239702 0.017098
vn -0.974597 -0.147861 0.165608
vn -0.979482 -0.109756 0.169517
vn -0.976551 -0.208437 0.048364
vn -0.975574 0.105193 -0.193942
vn -1.000000 -0.000328 -0.000488
vn -0.902296 0.205828 -0.378603
vn -0.972643 0.051455 -0.226184
vn -0.644358 0.501871 -0.576942
vn -0.271128 0.844812 -0.460674
vn -0.342452 0.652335 -0.675623
vn -0.727406 0.338705 -0.596482
vn -0.521251 0.732452 -0.438202
vn 0.000489 0.893664 -0.448949
vn 0.000489 0.722682 -0.691255
vn 0.000489 0.598598 -0.800684
vn 0.000489 0.598598 -0.800684
vn 0.000489 0.954240 -0.299462
vn -0.277968 0.914181 -0.294577
vn -0.534929 0.801822 -0.266243
vn -0.303371 0.924929 -0.228138
vn 0.000489 0.969873 -0.244748
vn -0.577919 0.793029 -0.191011
vn 0.000489 0.976712 -0.215437
vn -0.584758 0.790097 -0.181241
vn -0.307279 0.928837 -0.208598
vn 0.000489 -0.985184 -0.173424
vn -0.513434 -0.809316 -0.284807
vn 0.000489 -0.997885 -0.069858
vn 0.000489 -0.892365 0.451881
vn 0.000489 -0.684255 -0.729360
vn 0.000489 -0.892365 0.451881
vn 0.000489 -0.523044 0.852467
vn 0.000489 -0.523044 0.852467
vn 0.000489 -0.232863 0.972643
vn 0.000489 -0.232863 0.972643
vn -0.635564 -0.602184 -0.483146
vn -0.983390 -0.162516 -0.081582
vn -0.886663 -0.462467 -0.006350
vn -0.968735 -0.249473 0.008305
vn -0.987298 -0.161539 -0.004396
vn -0.996092 -0.012052 0.088422
vn -0.986321 -0.150792 0.063019
vn -0.888618 -0.441950 0.121642
vn -0.950171 0.313302 0.003420
vn -0.988276 0.155022 -0.002442
vn -0.685393 0.723659 -0.084514
vn -0.988276 -0.134182 0.071813
vn -0.987298 0.149159 -0.053248
vn -0.905227 -0.400914 0.139228
vn -0.780166 0.502848 -0.371763
vn -0.780166 0.502848 -0.371763
vn -0.798730 0.234162 -0.554470
vn -0.798730 0.234162 -0.554470
vn -0.816317 0.050478 -0.574988
vn -0.829018 0.041685 -0.557401
vn -0.814362 -0.211368 -0.539814
vn -0.859306 -0.146884 -0.489008
vn -0.846605 -0.330567 -0.418661
vn -0.930630 -0.093146 -0.353199
vn -0.948217 -0.054065 -0.312164
vn -0.932584 0.168700 -0.318026
vn 0.000489 0.507733 -0.861260
vn 0.000489 0.588827 -0.807523
vn -0.906204 0.191172 -0.376648
vn -0.906204 0.191172 -0.376648
vn -0.853444 0.208759 -0.477284
vn -0.853444 0.208759 -0.477284
vn -0.807523 0.192149 -0.557401
vn 0.000489 0.325027 -0.945285
vn 0.757694 0.413937 -0.504641
vn 0.979482 -0.109756 0.169517
vn 0.979482 0.005535 0.199805
vn 0.972643 -0.215276 0.083537
vn 0.974597 -0.147861 0.165608
vn 0.984367 -0.035501 0.175379
vn 0.984367 -0.035501 0.175379
vn 0.982413 -0.043317 0.181241
vn 0.987298 -0.089238 0.132389
vn 0.990230 -0.126366 -0.058134
vn 0.916952 -0.389189 0.083537
vn 0.988276 0.153068 0.012213
vn 0.985344 -0.083376 0.149976
vn 0.969712 -0.163493 0.183195
vn 0.969712 -0.163493 0.183195
vn 0.952125 -0.265105 0.152907
vn 0.944309 -0.309072 0.110894
vn 0.944309 -0.309072 0.110894
vn 0.894480 -0.418501 0.156815
vn 0.991207 -0.126366 0.039570
vn 0.905227 -0.400914 0.139228
vn 0.914998 -0.379419 0.137274
vn 0.988276 -0.134182 0.071813
vn -0.991207 -0.118549 -0.062042
vn -0.984367 -0.115618 -0.129457
vn -0.668784 -0.741901 -0.056179
vn -0.567171 -0.810293 -0.145090
vn 0.000489 -0.989092 -0.146067
vn 0.000489 -0.928515 -0.371763
vn 0.000489 -0.979321 0.202736
vn 0.000489 -0.979321 0.202736
vn 0.000489 -0.948056 0.317050
vn 0.000489 -0.948056 0.317050
vn 0.000489 -0.138090 0.990230
vn -0.477284 0.196057 0.856376
vn 0.000489 0.288876 0.957011
vn -0.724475 -0.015960 0.688325
vn -0.795799 0.069042 0.602345
vn 0.000489 0.868261 0.495848
vn -0.872008 -0.019868 0.488032
vn 0.000489 0.868261 0.495848
vn 0.000489 0.999184 -0.050317
vn -0.930630 0.159907 0.329751
vn -0.912066 -0.219185 0.346361
vn -0.953102 -0.238725 0.186126
vn -0.950171 0.176516 0.258427
vn -0.723498 0.690439 0.015144
vn -0.723498 0.690439 0.015144
vn -0.733268 0.546815 -0.403029
vn -0.733268 0.546815 -0.403029
vn -0.740107 0.407098 -0.535906
vn -0.740107 0.407098 -0.535906
vn -0.850513 -0.505457 0.144114
vn -0.696141 0.188241 -0.693209
vn 0.000489 -0.935355 0.354177
vn -0.783097 -0.617817 0.066927
vn 0.000489 -0.565057 0.825110
vn -0.869077 -0.222116 0.442111
vn -0.709819 0.335774 -0.618954
vn -0.691256 0.152090 -0.706888
vn -0.661944 0.036800 -0.747923
vn -0.636541 0.005535 -0.771372
vn -0.636541 0.005535 -0.771372
vn -0.590620 -0.175218 -0.787005
vn -0.590620 -0.175218 -0.787005
vn 0.000489 -0.409707 -0.912066
vn -0.544700 -0.343269 -0.764533
vn 0.277968 0.053410 -0.958964
vn -0.887640 0.020190 0.460674
vn -0.888618 -0.095100 0.448950
vn -0.877870 0.129619 0.460674
vn -0.774304 0.272266 0.572057
vn -0.774304 0.272266 0.572057
vn -0.611138 0.431524 0.662922
vn -0.611138 0.431524 0.662922
vn 0.000489 0.706072 0.707865
vn -0.931607 -0.161539 0.325843
vn -0.470445 0.400259 0.787006
vn -0.570103 -0.790753 -0.222276
vn -0.602345 -0.745809 -0.282853
vn -0.602345 -0.745809 -0.282853
vn -0.687347 -0.628564 -0.363947
vn -0.687347 -0.628564 -0.363947
vn -0.787005 -0.438041 -0.434294
vn -0.787005 -0.438041 -0.434294
vn -0.870054 -0.190850 -0.453835
vn -0.870054 -0.190850 -0.453835
vn 0.000489 -0.273899 -0.961895
vn -0.908158 -0.100963 -0.405960
vn -0.954079 -0.039409 -0.295554
vn 0.000489 -0.571896 -0.820224
vn -0.961895 -0.048203 -0.270151
vn -0.601368 -0.524021 -0.603322
vn -0.574011 -0.516205 -0.635564
vn -0.574011 -0.516205 -0.635564
vn 0.000489 -0.740924 -0.671714
vn -0.484123 -0.648105 -0.587689
vn 0.000489 0.574172 -0.819247
vn -0.945286 0.087606 -0.313141
vn -0.918906 -0.075560 -0.388373
vn 0.000489 0.944470 0.329751
vn -0.352223 0.883893 0.308256
vn -0.527113 0.736360 0.424524
vn -0.527113 0.736360 0.424524
vn -0.526136 0.806707 0.270152
vn 0.000489 0.917113 0.399121
vn -0.221299 0.927860 0.299463
vn 0.000489 0.988436 0.152907
vn -0.815340 0.312325 -0.487054
vn -0.893503 -0.013029 -0.448949
vn -0.884709 -0.034524 -0.465559
vn -0.884709 -0.034524 -0.465559
vn -0.847582 0.207782 -0.488031
vn -0.847582 0.207782 -0.488031
vn -0.455789 0.542906 -0.705911
vn -0.477284 0.745153 -0.465559
vn -0.842697 0.492100 -0.219345
vn -0.959941 0.193126 0.200782
vn 0.000489 0.969873 -0.244748
vn -0.313141 0.738314 -0.596482
vn 0.000489 0.958148 -0.285784
vn 0.000489 0.958148 -0.285784
vn 0.000489 0.492100 -0.871030
vn 0.000489 0.465720 -0.884709
vn -0.189057 0.508710 -0.839765
vn 0.000489 0.517503 -0.855398
vn 0.976551 0.209736 0.050318
vn 0.995115 -0.072629 -0.062042
vn 0.990230 -0.058950 -0.129457
vn 0.979482 -0.195736 -0.056179
vn 0.974597 0.217552 -0.058134
vn 0.863214 0.363131 -0.350268
vn 0.904250 0.351407 -0.240840
vn 0.792868 0.411983 -0.448949
vn 0.747924 0.369970 -0.551539
vn 0.735222 -0.508388 -0.448949
vn 0.820225 -0.341314 -0.459697
vn 0.000489 -0.577758 -0.816316
vn 0.000489 -0.380396 -0.924768
vn 0.000489 -0.164470 -0.986321
vn 0.000489 -0.164470 -0.986321
vn 0.950171 -0.263151 0.169517
vn 0.789937 -0.401891 0.462629
vn 0.621886 -0.641266 0.448950
vn 0.885686 -0.412638 0.211529
vn 0.598437 -0.589483 0.542746
vn 0.901319 -0.433156 0.006351
vn 0.796776 -0.314934 -0.516365
vn 0.656082 -0.452697 0.604299
vn 0.752809 0.111055 -0.648265
vn 0.656082 -0.452697 0.604299
vn 0.752809 0.111055 -0.648265
vn 0.704934 -0.383327 0.596483
vn 0.732291 0.298647 -0.611138
vn 0.704934 -0.383327 0.596483
vn 0.732291 0.298647 -0.611138
vn 0.750855 -0.293440 0.591598
vn 0.820225 0.143297 -0.553493
vn 0.750855 -0.293440 0.591598
vn 0.820225 0.143297 -0.553493
vn 0.833903 -0.178149 0.523205
vn 0.852467 -0.066766 -0.518319
vn 0.989253 -0.143952 0.001466
vn 0.989253 -0.081422 0.122619
vn 0.914021 -0.027685 0.404983
vn 0.925745 0.024098 0.377626
vn 0.924768 0.020190 0.378603
vn -0.976551 -0.165447 -0.140205
vn -0.976551 -0.165447 -0.140205
vn -0.956033 -0.068720 -0.285784
vn -0.956033 -0.068720 -0.285784
vn -0.877870 -0.037455 -0.478261
vn -0.877870 -0.037455 -0.478261
vn -0.814362 -0.046248 -0.578896
vn -0.990230 -0.110733 0.080606
vn -0.953102 -0.047226 0.299463
vn -0.976551 -0.099009 0.191989
vn -0.948217 -0.237748 0.211529
vn -0.948217 -0.237748 0.211529
vn -0.895457 -0.296371 0.330728
vn -0.906204 -0.229932 0.354177
vn -0.901319 -0.166424 0.401075
vn -0.917929 0.007489 0.398144
vn -0.917929 0.007489 0.398144
vn -0.895457 0.159907 0.414754
vn -0.895457 0.159907 0.414754
vn -0.869077 0.283991 0.404983
vn -0.869077 0.283991 0.404983
vn -0.829018 0.458881 0.319004
vn -0.873962 0.474514 0.105032
vn -0.473376 -0.230909 -0.850513
vn -0.645335 -0.279761 -0.710796
vn -0.699072 -0.261197 -0.664875
vn -0.687347 -0.220162 -0.692232
vn -0.276014 -0.081422 -0.957987
vn -0.314118 -0.210391 -0.925745
vn -0.597460 -0.195736 -0.777235
vn -0.233024 -0.245565 -0.941377
vn -0.452858 -0.197690 -0.869076
vn 0.000489 -0.203552 -0.979482
vn 0.000489 -0.279761 -0.959941
vn 0.000489 -0.149815 -0.988275
vn 0.000489 -0.021823 -1.000000
vn -0.897411 -0.409707 -0.162677
vn -0.877870 -0.459536 -0.138251
vn 0.000489 0.052432 -0.999023
vn 0.000489 -0.339360 0.940401
vn 0.000489 -0.287577 0.957988
vn -0.354177 -0.403845 0.843674
vn 0.000489 -0.397983 0.917929
vn -0.755740 -0.498618 0.425501
vn 0.000489 -0.397983 0.917929
vn -0.755740 -0.498618 0.425501
vn 0.000489 -0.502526 0.865169
vn -0.907181 -0.322751 0.271129
vn 0.000489 -0.502526 0.865169
vn 0.000489 -0.709658 0.704934
vn 0.000489 -0.709658 0.704934
vn -0.764533 -0.474192 0.437226
vn -0.991207 0.075881 0.104055
vn -0.664875 -0.539653 0.517343
vn -0.664875 -0.539653 0.517343
vn -0.891549 0.433478 0.133366
vn -0.759648 0.622047 0.191989
vn -0.560332 0.506756 0.655105
vn -0.736199 0.624001 -0.261358
vn -0.652174 0.568309 -0.501710
vn -0.348315 0.707049 -0.615046
vn -0.294577 0.607391 0.737177
vn -0.443087 0.297669 0.845628
vn -0.227162 0.300601 0.926722
vn 0.000489 0.811592 -0.583781
vn 0.000489 0.811592 -0.583781
vn 0.000489 0.758832 -0.651197
vn 0.000489 0.655266 0.754763
vn 0.000489 0.286922 0.957988
vn 0.000489 0.939584 0.341476
vn 0.000489 0.939584 0.341476
vn 0.000489 0.991368 0.130435
vn 0.000489 0.991368 0.130435
vn 0.692232 0.017259 -0.721543
vn 0.822179 0.015305 -0.568148
vn 0.687347 0.010420 -0.725452
vn 0.799707 0.004558 -0.600391
vn 0.634587 -0.027685 -0.772349
vn 0.918906 0.036800 -0.394235
vn 0.913043 0.063180 -0.404006
vn 0.921837 0.019213 -0.386419
vn 0.623840 -0.754602 -0.202735
vn 0.247679 -0.812248 -0.528090
vn 0.000489 -0.998862 0.042502
vn 0.000489 -0.876732 0.481192
vn 0.287738 -0.818110 0.497802
vn 0.606253 -0.324705 0.725452
vn 0.000489 -0.631495 0.775281
vn 0.000489 -0.178149 0.984368
vn 0.722521 0.069042 0.687348
vn 0.493894 0.053410 0.868100
vn 0.895457 0.083698 0.436248
vn 0.907181 0.090537 0.411822
vn 0.871031 0.035823 0.490963
vn 0.710796 0.034846 0.702980
vn 0.499756 0.030938 0.865169
vn 0.861260 -0.022800 0.507572
vn 0.704934 -0.025731 0.707865
vn 0.503664 -0.026708 0.863215
vn 0.533952 -0.092169 0.840743
vn 0.743039 -0.081422 0.664876
vn 0.896434 -0.063835 0.439180
vn 0.583781 -0.026708 0.811432
vn 0.773327 -0.007167 0.634587
vn 0.910112 0.013351 0.414754
vn 0.000489 0.361177 0.932585
vn 0.670738 0.378764 0.637519
vn 0.891549 0.094445 0.443088
vn 0.000489 0.742222 0.670738
vn 0.544700 0.792051 0.276014
vn 0.544700 0.792051 0.276014
vn 0.769419 0.456927 -0.445041
vn 0.583781 0.782281 -0.219345
vn 0.606253 0.368016 -0.705911
vn 0.618955 0.040708 -0.785051
vn 0.810454 0.028006 -0.585735
vn 0.949194 0.048524 -0.312164
vn 0.662921 0.021167 -0.747923
vn 0.939424 0.013351 -0.342452
vn 0.819248 0.001626 -0.574010
vn 0.929653 -0.017914 -0.366878
vn 0.828041 0.012374 -0.561309
vn 0.926722 0.006512 -0.376648
vn 0.964827 0.120825 -0.233024
vn 0.563263 -0.246542 -0.787982
vn 0.567171 -0.297348 -0.767464
vn 0.564240 -0.339360 -0.752809
vn 0.000489 -0.192804 -0.981436
vn 0.000489 0.053410 -0.999023
vn 0.921837 -0.366717 0.123596
vn 0.580850 -0.494710 -0.647288
vn 0.460674 -0.319820 0.828041
vn 0.000489 0.031915 0.999023
vn 0.665852 -0.193781 0.720567
vn 0.665852 -0.193781 0.720567
vn 0.771373 -0.329590 0.543723
vn 0.777235 -0.484939 0.401075
vn 0.956033 0.114963 0.268198
vn 0.665852 -0.743855 -0.060088
vn 0.739130 0.628886 0.240840
vn 0.665852 -0.743855 -0.060088
vn 0.636541 -0.748740 -0.185149
vn 0.636541 -0.748740 -0.185149
vn 0.641426 0.385603 0.662922
vn 0.947240 0.321118 0.014167
vn 0.000489 0.300601 -0.954079
vn 0.919883 0.389511 0.055203
vn 0.482169 0.189218 0.855398
vn 0.373718 0.698256 -0.610161
vn -0.406937 -0.151769 -0.900342
vn -0.721544 -0.203552 -0.661944
vn -0.393258 -0.197690 -0.898388
vn -0.690278 -0.273899 -0.669760
vn 0.000489 -0.160562 -0.987298
vn 0.000489 -0.121481 -0.992183
vn 0.000489 -0.230909 -0.972643
vn -0.690278 -0.273899 -0.669760
vn 0.000489 -0.230909 -0.972643
vn -0.689301 -0.276830 -0.669760
vn 0.000489 -0.312003 -0.950171
vn -0.689301 -0.276830 -0.669760
vn 0.000489 -0.312003 -0.950171
vn -0.718613 -0.294417 -0.630679
vn 0.000489 -0.456605 -0.889594
vn -0.718613 -0.294417 -0.630679
vn 0.000489 -0.456605 -0.889594
vn -0.808500 -0.312980 -0.498778
vn 0.000489 -0.630518 -0.776258
vn -0.808500 -0.312980 -0.498778
vn 0.000489 -0.630518 -0.776258
vn -0.898388 -0.322751 -0.298485
vn 0.000489 -0.780982 -0.624817
vn -0.898388 -0.322751 -0.298485
vn 0.000489 -0.780982 -0.624817
vn -0.914998 -0.369649 -0.162677
vn 0.000489 -0.914837 -0.403029
vn -0.914998 -0.369649 -0.162677
vn 0.000489 -0.914837 -0.403029
vn -0.916952 -0.373557 -0.140205
vn 0.000489 -0.998862 0.036639
vn -0.920860 -0.366717 -0.129457
vn 0.000489 -0.998862 0.036639
vn -0.927699 -0.355970 -0.111871
vn 0.000489 -0.833742 0.552516
vn -0.945286 -0.317865 0.071813
vn 0.000489 -0.833742 0.552516
vn -0.949194 -0.304187 0.076698
vn 0.000489 -0.562125 0.827064
vn -0.932584 -0.271945 0.236932
vn 0.000489 -0.562125 0.827064
vn -0.922814 -0.276830 0.266244
vn 0.000489 -0.301256 0.953102
vn -0.922814 -0.276830 0.266244
vn 0.000489 -0.301256 0.953102
vn -0.874939 -0.251427 0.413777
vn -0.874939 -0.251427 0.413777
vn -0.374695 -0.073606 0.923791
vn -0.700049 -0.116595 0.704934
vn 0.000489 -0.020845 1.000000
vn -0.283830 0.070996 0.956034
vn 0.000489 0.115940 0.993161
vn -0.576942 -0.141998 -0.804592
vn -0.719590 -0.436087 -0.539814
vn -0.371764 -0.057973 -0.926722
vn -0.371764 -0.057973 -0.926722
vn -0.756717 -0.224070 -0.615046
vn -0.744993 -0.218207 -0.630679
vn 0.849536 -0.022800 -0.528090
vn 0.910112 0.098353 -0.403029
vn 0.904250 -0.186942 -0.384465
vn 0.561309 -0.294417 -0.773327
vn 0.639472 -0.303210 -0.705911
vn -0.147044 -0.560171 -0.815339
vn 0.000489 -0.272922 -0.961895
vn 0.000489 0.155999 -0.988275
vn 0.000489 0.155999 -0.988275
vn 0.000489 0.429570 -0.903273
vn 0.000489 0.429570 -0.903273
vn 0.000489 0.560493 -0.828041
vn 0.991207 0.115940 -0.066927
vn 0.827064 0.121802 -0.548607
vn 0.813385 0.241978 -0.528090
vn 0.859306 -0.129297 -0.495847
vn 0.787005 0.145251 -0.600391
vn 0.833903 -0.188896 -0.519296
vn 0.857352 0.280083 -0.432340
vn 0.857352 0.280083 -0.432340
vn 0.872008 0.477445 -0.104054
vn 0.872008 0.477445 -0.104054
vn 0.749878 0.562447 0.347338
vn 0.660967 -0.733107 -0.160723
vn 0.775281 -0.616840 -0.134343
vn 0.388373 -0.900181 -0.197850
vn 0.746947 -0.533791 0.396190
vn 0.746947 -0.533791 0.396190
vn 0.889595 0.094445 0.446019
vn 0.622863 -0.214299 0.751832
vn 0.754763 0.199965 0.624817
vn 0.658036 0.518480 0.545677
vn 0.531021 0.006512 0.846605
vn 0.459697 0.018236 0.887641
vn 0.000489 0.020190 1.000000
vn 0.000489 0.084675 0.996092
vn 0.868100 0.470605 -0.159746
vn 0.634587 0.536067 0.557401
vn 0.421593 0.666990 -0.614069
vn 0.000489 0.166746 -0.986321
vn 0.567171 -0.057973 -0.821201
vn 0.567171 -0.057973 -0.821201
vn 0.539814 -0.273899 -0.795798
vn 0.539814 -0.273899 -0.795798
vn 0.518319 -0.471261 -0.712750
vn 0.518319 -0.471261 -0.712750
vn 0.469468 -0.573850 -0.671714
vn 0.000489 -0.649082 -0.760625
vn 0.000489 -0.666669 -0.744992
vn 0.295555 0.187264 0.936493
vn 0.591597 -0.014983 0.806547
vn 0.566194 0.140366 0.812409
vn 0.000489 0.274221 0.961896
vn 0.000489 0.217552 0.976551
vn 0.651197 0.250771 0.715682
vn 0.346361 0.280083 0.895457
vn 0.000489 0.346521 0.938447
vn 0.794822 0.239047 0.557401
vn 0.000489 0.346521 0.938447
vn 0.794822 0.239047 0.557401
vn 0.000489 0.524343 0.851490
vn 0.909135 0.243932 0.336590
vn 0.000489 0.524343 0.851490
vn 0.000489 0.632794 0.774304
vn 0.000489 0.632794 0.774304
vn 0.909135 0.243932 0.336590
vn 0.937469 0.347498 0.014167
vn 0.942355 0.334797 -0.020029
vn 0.916952 0.390488 -0.077674
vn 0.915975 0.382672 0.117734
vn 1.000000 0.004558 -0.012213
vn 0.998046 -0.057973 -0.019052
vn 0.916952 0.262496 0.301417
vn 0.920860 -0.366717 -0.129457
vn 0.914998 -0.369649 -0.162677
vn 0.914998 -0.369649 -0.162677
vn 0.945286 -0.317865 0.071813
vn 0.898388 -0.322751 -0.298485
vn 0.898388 -0.322751 -0.298485
vn 0.808500 -0.312980 -0.498778
vn 0.808500 -0.312980 -0.498778
vn 0.718613 -0.294417 -0.630679
vn 0.718613 -0.294417 -0.630679
vn 0.689301 -0.276830 -0.669760
vn 0.689301 -0.276830 -0.669760
vn 0.690278 -0.273899 -0.669760
vn 0.690278 -0.273899 -0.669760
vn 0.721544 -0.203552 -0.661944
vn 0.721544 -0.203552 -0.661944
vn 0.743039 -0.154700 -0.651197
vn 0.979482 -0.046248 0.194920
vn 0.932584 -0.271945 0.236932
vn 0.862237 0.103239 0.495848
vn 0.922814 -0.276830 0.266244
vn 0.855398 0.090537 0.510503
vn 0.922814 -0.276830 0.266244
vn 0.839766 0.035823 0.541769
vn 0.874939 -0.251427 0.413777
vn 0.886663 -0.099009 0.451881
vn 0.874939 -0.251427 0.413777
vn 0.886663 -0.099009 0.451881
vn 0.374695 -0.073606 0.923791
vn 0.922814 -0.188896 0.336590
vn 0.922814 -0.188896 0.336590
vn 0.943332 -0.329590 0.047387
vn 0.672692 -0.194759 0.713728
vn 0.689301 -0.366717 -0.624817
vn 0.680508 -0.148838 -0.717635
vn 0.680508 -0.148838 -0.717635
vn 0.721544 -0.083376 -0.687347
vn 0.721544 -0.083376 -0.687347
vn 0.773327 -0.066766 -0.630679
vn 0.747924 -0.048203 -0.661944
vn 0.800684 -0.028662 -0.598436
vn 0.822179 -0.042340 -0.567171
vn 0.811431 0.035823 -0.583781
vn 0.811431 0.035823 -0.583781
vn 0.810454 0.116917 -0.574010
vn 0.810454 0.116917 -0.574010
vn 0.834880 0.188241 -0.517342
vn 0.834880 0.188241 -0.517342
vn 0.882755 0.206805 -0.422569
vn 0.882755 0.206805 -0.422569
vn 0.996092 0.076858 -0.041524
vn 0.917929 0.204851 -0.338544
vn 0.952125 0.216575 -0.214460
vn 0.993161 0.075881 0.093308
vn 0.965804 0.239047 -0.105031
vn 0.945286 -0.143952 0.293601
vn 0.954079 -0.092169 0.285784
vn 0.000489 -0.301256 0.953102
vn 0.000489 -0.020845 1.000000
vn 0.000489 0.115940 0.993161
vn 0.000489 -0.301256 0.953102
vn 0.000489 -0.562125 0.827064
vn 0.000489 -0.562125 0.827064
vn 0.000489 -0.833742 0.552516
vn 0.000489 -0.833742 0.552516
vn 0.000489 -0.998862 0.036639
vn 0.000489 -0.998862 0.036639
vn 0.000489 -0.914837 -0.403029
vn 0.000489 -0.914837 -0.403029
vn 0.000489 -0.780982 -0.624817
vn 0.000489 -0.780982 -0.624817
vn 0.000489 -0.630518 -0.776258
vn 0.000489 -0.630518 -0.776258
vn 0.000489 -0.456605 -0.889594
vn 0.000489 -0.456605 -0.889594
vn 0.000489 -0.312003 -0.950171
vn 0.000489 -0.312003 -0.950171
vn 0.000489 -0.230909 -0.972643
vn 0.000489 -0.230909 -0.972643
vn 0.000489 -0.160562 -0.987298
vn 0.000489 -0.160562 -0.987298
vn 0.000489 -0.121481 -0.992183
vn 0.000489 -0.121481 -0.992183
vn 0.954079 -0.280738 -0.105031
vn 0.905227 -0.135159 -0.403029
vn 0.930630 -0.320797 -0.177332
vn 0.875916 -0.479077 0.065950
vn 0.850513 -0.078491 -0.520273
vn 0.832926 -0.537699 -0.129457
vn 0.850513 -0.078491 -0.520273
vn 0.772350 0.029961 -0.633610
vn 0.772350 0.029961 -0.633610
vn 0.832926 -0.537699 -0.129457
vn 0.812408 -0.515227 -0.274059
vn 0.812408 -0.515227 -0.274059
vn 0.814363 -0.476146 -0.331705
vn 0.814363 -0.476146 -0.331705
vn 0.900342 -0.316888 -0.297508
vn 0.983390 0.133527 -0.125549
vn 0.932584 0.262496 -0.247679
vn 0.954079 -0.143952 -0.263312
vn 0.823156 0.562447 0.081583
vn 0.809477 0.472560 0.348315
vn 0.809477 0.472560 0.348315
vn 0.821202 0.512618 0.252565
vn 0.821202 0.512618 0.252565
vn 0.862237 0.499917 0.079629
vn 0.862237 0.499917 0.079629
vn 0.887640 0.453019 -0.075720
vn 0.887640 0.453019 -0.075720
vn 0.882755 0.422731 -0.206644
vn 0.882755 0.422731 -0.206644
vn 0.874939 0.371924 -0.309233
vn -0.848559 0.199965 -0.489985
vn -0.887640 0.093468 -0.449926
vn -0.610161 0.159907 -0.775281
vn 0.000489 0.174562 -0.984367
vn -0.492916 0.476468 -0.728383
vn 0.000489 0.652335 -0.757694
vn 0.000489 0.784235 -0.619931
vn -0.570103 0.630840 -0.527113
vn -0.665852 0.745153 -0.047386
vn -0.665852 0.745153 -0.047386
vn -0.849536 -0.022800 -0.528090
vn -0.706888 0.688485 0.162677
vn -0.739130 0.628886 0.240840
vn -0.715681 0.508710 0.478261
vn -0.641426 0.385603 0.662922
vn -0.547631 0.318187 0.774304
vn -0.482169 0.189218 0.855398
vn -0.482169 0.189218 0.855398
vn -0.426478 0.064157 0.902296
vn -0.561309 -0.294417 -0.773327
vn -0.675623 -0.480054 -0.560332
vn -0.147044 -0.560171 -0.815339
vn -0.665852 -0.743855 -0.060088
vn -0.665852 -0.743855 -0.060088
vn -0.777235 -0.484939 0.401075
vn 0.000489 -0.272922 -0.961895
vn -0.803615 -0.532814 0.263313
vn -0.771373 -0.329590 0.543723
vn -0.850513 -0.290508 0.438203
vn -0.665852 -0.193781 0.720567
vn -0.665852 -0.193781 0.720567
vn -0.595506 0.025075 0.802638
vn 0.000489 0.031915 0.999023
vn 0.460674 -0.319820 0.828041
vn 0.000489 0.155999 -0.988275
vn 0.000489 0.155999 -0.988275
vn 0.000489 0.429570 -0.903273
vn 0.000489 0.429570 -0.903273
vn 0.000489 0.560493 -0.828041
vn -0.849536 -0.053088 -0.524181
vn -0.827064 0.121802 -0.548607
vn -0.840743 0.144274 -0.522227
vn -0.813385 0.241978 -0.528090
vn -0.837811 -0.065789 -0.542745
vn -0.859306 -0.129297 -0.495847
vn -0.787005 0.145251 -0.600391
vn -0.833903 -0.188896 -0.519296
vn -0.857352 0.280083 -0.432340
vn -0.857352 0.280083 -0.432340
vn -0.872008 0.477445 -0.104054
vn -0.872008 0.477445 -0.104054
vn -0.749878 0.562447 0.347338
vn -0.804592 0.579057 0.132389
vn -0.732291 0.549746 0.403029
vn -0.658036 0.518480 0.545677
vn -0.634587 0.536067 0.557401
vn -0.634587 0.536067 0.557401
vn -0.615046 0.500894 0.609184
vn -0.660967 -0.733107 -0.160723
vn -0.775281 -0.616840 -0.134343
vn -0.388373 -0.900181 -0.197850
vn -0.746947 -0.533791 0.396190
vn -0.746947 -0.533791 0.396190
vn -0.673669 -0.420455 0.608207
vn -0.622863 -0.214299 0.751832
vn -0.644358 -0.189873 0.741085
vn -0.531021 0.006512 0.846605
vn -0.459697 0.018236 0.887641
vn 0.000489 0.020190 1.000000
vn 0.000489 0.084675 0.996092
vn -0.590620 0.793029 0.148022
vn -0.561309 0.826248 -0.040547
vn -0.389350 0.912227 -0.129457
vn -0.544700 0.766648 -0.339521
vn -0.283830 0.878031 -0.385442
vn 0.000489 0.958148 -0.287738
vn 0.000489 0.917113 -0.400097
vn 0.000489 0.772511 -0.634587
vn -0.327797 0.732452 -0.596482
vn -0.617000 0.613253 -0.492916
vn 0.561309 0.826248 -0.040547
vn 0.590620 0.793029 0.148022
vn 0.389350 0.912227 -0.129457
vn 0.544700 0.766648 -0.339521
vn 0.283830 0.878031 -0.385442
vn 0.000489 0.958148 -0.287738
vn 0.000489 0.917113 -0.400097
vn 0.000489 0.772511 -0.634587
vn 0.327797 0.732452 -0.596482
vn 0.617000 0.613253 -0.492916
vn 0.817294 -0.242633 0.522228
vn 0.614069 0.103239 0.782121
vn 0.893503 -0.112687 0.435271
vn 0.963850 -0.052111 0.260381
vn 0.325843 0.038754 0.944309
vn 0.915975 0.324050 0.236932
vn 0.227162 0.300601 0.926722
vn 0.443087 0.297669 0.845628
vn 0.000489 -0.030616 1.000000
vn 0.000489 0.286922 0.957988
vn 0.000489 -0.217230 0.976551
vn 0.000489 -0.217230 0.976551
vn 0.772350 -0.605115 0.195897
vn 0.822179 0.501871 0.269175
vn 0.823156 0.346521 0.450904
vn 0.967758 -0.071652 0.240840
vn 0.694187 -0.703796 0.148022
vn 0.756717 0.596644 0.269175
vn 0.721544 0.609345 0.329751
vn 0.823156 0.346521 0.450904
vn 0.820225 0.380718 0.426478
vn 0.820225 0.380718 0.426478
vn 0.822179 0.431524 0.371764
vn -0.405960 -0.340337 -0.848559
vn -0.603322 -0.156654 -0.782120
vn -0.674646 -0.269014 -0.687347
vn -0.679531 -0.425340 -0.597459
vn -0.679531 -0.425340 -0.597459
vn -0.720567 -0.402868 -0.564240
vn -0.720567 -0.402868 -0.564240
vn -0.466536 -0.543562 -0.698094
vn -0.826087 -0.309072 -0.470444
vn -0.511480 -0.536722 -0.670737
vn 0.000489 -0.649082 -0.760625
vn 0.000489 -0.649082 -0.760625
vn 0.000489 -0.626610 -0.779189
vn 0.000489 -0.626610 -0.779189
vn 0.000489 -0.567011 -0.823156
vn 0.000489 -0.567011 -0.823156
vn 0.000489 -0.443904 -0.896434
vn 0.000489 -0.353039 -0.935515
vn -0.247680 -0.283669 -0.926722
vn 0.000489 -0.279761 -0.959941
vn -0.233024 -0.245565 -0.941377
vn -0.479238 -0.194759 -0.855398
vn -0.452858 -0.197690 -0.869076
vn 0.000489 -0.400914 -0.915974
vn 0.000489 -0.213322 -0.977528
vn 0.000489 -0.400914 -0.915974
vn 0.000489 -0.213322 -0.977528
vn 0.000489 -0.016937 -1.000000
vn 0.000489 -0.016937 -1.000000
vn 0.479238 -0.194759 -0.855398
vn 0.233024 -0.245565 -0.941377
vn 0.247679 -0.283669 -0.926722
vn 0.452858 -0.197690 -0.869076
vn 0.000489 -0.279761 -0.959941
vn 0.000489 -0.353039 -0.935515
vn 0.000489 -0.443904 -0.896434
vn 0.000489 -0.567011 -0.823156
vn 0.000489 -0.567011 -0.823156
vn 0.000489 -0.626610 -0.779189
vn 0.000489 -0.626610 -0.779189
vn 0.000489 -0.649082 -0.760625
vn 0.000489 -0.649082 -0.760625
vn 0.000489 -0.649082 -0.760625
vn 0.000489 -0.649082 -0.760625
vn 0.004397 0.929814 -0.368832
vn 0.000489 0.841881 -0.539814
vn 0.000489 0.929814 -0.368832
vn -0.000489 0.841881 -0.539814
vn -0.004397 0.929814 -0.368832
vn 0.000489 0.929814 -0.368832
vn 0.000489 0.841881 -0.539814
vn 0.000489 0.841881 -0.539814
vn 0.567171 -0.417524 -0.709819
vn 0.000489 -0.326659 -0.945285
vn 0.000489 -0.684255 -0.729360
vn 0.635564 -0.602184 -0.483146
vn 0.000489 -0.326659 -0.945285
vn 0.000489 0.174562 -0.984367
vn 0.000489 0.174562 -0.984367
vn 0.000489 0.652335 -0.757694
vn 0.492916 0.476468 -0.728383
vn 0.920860 -0.048203 -0.387396
vn 0.000489 0.784235 -0.619931
vn 0.570103 0.630840 -0.527113
vn 0.665852 0.745153 -0.047386
vn 0.665852 0.745153 -0.047386
vn 0.872008 0.115940 -0.475329
vn -0.692233 0.017259 -0.721543
vn -0.822179 0.015305 -0.568148
vn -0.828041 0.012374 -0.561309
vn -0.687347 0.010420 -0.725452
vn -0.799707 0.004558 -0.600391
vn -0.634587 -0.027685 -0.772349
vn -0.780166 0.007489 -0.624817
vn -0.594529 -0.048203 -0.802638
vn -0.913043 0.063180 -0.404006
vn -0.918906 0.036800 -0.394235
vn -0.921837 0.019213 -0.386419
vn -0.926722 0.006512 -0.376648
vn -0.929653 -0.017914 -0.366878
vn -0.819248 0.001626 -0.574010
vn -0.939424 0.013351 -0.342452
vn -0.662921 0.021167 -0.747923
vn -0.810454 0.028006 -0.585735
vn -0.949194 0.048524 -0.312164
vn 0.000489 0.320141 0.947240
vn 0.000489 0.320141 0.947240
vn 0.000489 0.320141 0.947240
vn 0.000489 0.320141 0.947240
vn 0.000489 0.320141 0.947240
vn -0.625794 0.392442 0.674646
vn 0.000489 0.320141 0.947240
vn -0.416707 0.154045 0.896434
vn 0.371764 0.863375 0.342453
vn 0.689301 0.681646 0.246703
vn 0.359062 0.886824 0.289693
vn 0.000489 0.950332 0.310210
vn 0.000489 0.921021 0.389351
vn 0.758671 0.591758 0.272106
vn 0.000489 0.875100 0.483146
vn 0.758671 0.591758 0.272106
vn 0.000489 0.875100 0.483146
vn 0.845628 0.419799 0.330728
vn 0.000489 0.794006 0.608207
vn 0.845628 0.419799 0.330728
vn 0.852467 0.325027 0.409868
vn 0.852467 0.325027 0.409868
vn 0.000489 0.794006 0.608207
vn 0.000489 0.613253 0.789937
vn 0.000489 0.613253 0.789937
vn 0.000489 0.950332 0.310210
vn 0.000489 0.921021 0.389351
vn 0.000489 0.950332 0.310210
vn 0.000489 0.921021 0.389351
vn 0.000489 0.875100 0.483146
vn 0.000489 0.875100 0.483146
vn 0.000489 0.794006 0.608207
vn 0.000489 0.794006 0.608207
vn 0.000489 0.613253 0.789937
vn 0.000489 0.613253 0.789937
vn 0.000489 -0.684255 -0.729360
vn -0.567171 -0.417524 -0.709819
vn -0.635564 -0.602184 -0.483146
vn 0.000489 -0.326659 -0.945285
vn -0.661944 -0.188896 -0.725452
vn -0.299463 -0.916791 0.265267
vn -0.768442 -0.552355 0.322912
vn -0.572057 -0.787822 0.228139
vn -0.372741 -0.816156 0.442111
vn 0.000489 -0.865008 0.502687
vn 0.000489 -0.960758 0.277968
vn -0.512457 -0.852306 0.104055
vn 0.000489 -0.998862 0.056180
vn -0.302394 -0.951964 0.047387
vn -0.872008 -0.456605 -0.177332
vn -0.609184 -0.730176 -0.309233
vn 0.000489 -0.995931 -0.086468
vn -0.732291 0.421753 -0.535906
vn -0.990230 -0.131251 -0.045432
vn -0.617977 -0.589483 0.519297
vn -0.343429 0.479399 -0.807523
vn -0.651197 -0.412638 0.636542
vn -0.651197 -0.412638 0.636542
vn -0.638495 0.350430 -0.685393
vn -0.328774 -0.292462 0.898388
vn -0.620909 -0.273899 0.734245
vn -0.588666 -0.248496 0.769419
vn -0.309233 -0.276830 0.910113
vn 0.000489 -0.277807 0.960919
vn 0.000489 -0.277807 0.960919
vn 0.000489 -0.341314 0.940401
vn 0.000489 -0.341314 0.940401
vn 0.000489 -0.401891 0.915975
vn 0.000489 -0.401891 0.915975
vn -0.433317 0.292784 -0.852467
vn -0.617977 0.255657 -0.743038
vn -0.625794 0.279106 -0.728383
vn 0.000489 0.324050 -0.946263
vn 0.000489 0.552677 -0.832926
vn 0.000489 0.810615 -0.584758
vn 0.000489 0.810615 -0.584758
vn 0.000489 0.867284 -0.497801
vn 0.000489 0.867284 -0.497801
vn 0.000489 -0.669600 0.743039
vn -0.827064 0.121802 0.548608
vn -0.623840 0.320141 0.712751
vn 0.000489 -0.619771 0.785052
vn -0.409868 0.897572 0.162677
vn -0.754763 0.497963 0.427455
vn -0.754763 0.497963 0.427455
vn 0.000489 0.999184 0.045433
vn 0.000489 0.985505 -0.167562
vn 0.000489 0.951309 0.308256
vn 0.000489 0.951309 0.308256
vn 0.000489 0.933722 0.359062
vn 0.000489 0.933722 0.359062
vn -0.774304 0.295715 0.560332
vn -0.758671 0.381695 0.529067
vn -0.773327 0.226345 0.591598
vn -0.846605 0.103239 0.523205
vn -0.846605 0.103239 0.523205
vn -0.899365 0.022144 0.437226
vn -0.856375 -0.154700 0.492917
vn -0.871031 -0.227001 0.436248
vn -0.782120 -0.326659 0.531021
vn -0.629702 -0.265105 0.730337
vn -0.333659 -0.336429 0.880801
vn -0.259404 -0.173264 0.950171
vn -0.488031 -0.184011 0.853444
vn -0.157792 0.101284 0.982414
vn 0.000489 0.190195 0.981437
vn 0.000489 0.190195 0.981437
vn 0.000489 0.190195 0.981437
vn 0.000489 -0.149815 0.988276
vn 0.000489 -0.369649 0.929653
vn 0.000489 -0.097055 0.995115
vn 0.000489 -0.097055 0.995115
vn 0.000489 0.281060 0.959942
vn 0.000489 0.281060 0.959942
vn 0.000489 0.480376 0.876893
vn 0.000489 0.480376 0.876893
vn 0.000489 -0.989092 -0.146067
vn 0.000489 -0.989092 -0.146067
vn 0.000489 -0.928515 -0.371763
vn 0.000489 -0.928515 -0.371763
vn 0.000489 -0.979321 0.202736
vn 0.000489 -0.979321 0.202736
vn 0.000489 -0.948056 0.317050
vn 0.000489 -0.948056 0.317050
vn -0.432340 -0.879663 0.195897
vn -0.640449 -0.745809 0.181241
vn -0.617977 -0.764373 0.185149
vn -0.298486 -0.929492 0.217392
vn -0.569126 -0.802477 0.178310
vn -0.563263 -0.780005 0.271129
vn 0.000489 -0.971505 0.236932
vn 0.000489 -0.982252 0.188080
vn -0.295554 -0.884548 0.361016
vn 0.000489 -0.907997 0.417685
vn -0.332682 -0.790753 0.513435
vn -0.627748 -0.675462 0.388374
vn 0.000489 -0.815179 0.579873
vn -0.361993 -0.755579 0.546654
vn 0.000489 -0.787822 0.616024
vn 0.000489 -0.955872 0.292624
vn 0.000489 -0.955872 0.292624
vn 0.000489 -0.998862 0.051295
vn 0.000489 -0.769258 0.638496
vn 0.062042 -0.768281 0.637519
vn 0.000489 -0.998862 0.051295
vn 0.000489 -0.994954 -0.103077
vn 0.000489 -0.994954 -0.103077
vn 0.000489 -0.976390 -0.216414
vn 0.000489 -0.976390 -0.216414
vn 0.000489 -0.998862 0.051295
vn 0.000489 -0.994954 -0.103077
vn 0.000489 -0.994954 -0.103077
vn 0.000489 -0.976390 -0.216414
vn 0.000489 -0.976390 -0.216414
vn 0.000489 -0.998862 0.051295
vn 0.000489 -0.955872 0.292624
vn 0.000489 -0.955872 0.292624
vn 0.000489 -0.769258 0.638496
vn -0.862237 0.103239 0.495848
vn -0.927699 0.221460 0.300440
vn -0.815340 0.327958 0.477284
vn -0.907181 0.400259 0.125550
vn -0.915975 0.382672 0.117734
vn -0.915975 0.382672 0.117734
vn -0.937469 0.347498 0.014167
vn -0.554470 0.806707 -0.205667
vn -0.750855 0.621069 -0.222276
vn -0.909135 0.243932 0.336590
vn 0.000489 0.863375 -0.503664
vn -0.909135 0.243932 0.336590
vn 0.000489 0.964010 -0.267220
vn -0.794822 0.239047 0.557401
vn 0.000489 0.984528 0.177333
vn -0.794822 0.239047 0.557401
vn 0.000489 0.984528 0.177333
vn 0.000489 0.932745 0.361016
vn 0.000489 0.932745 0.361016
vn -0.346361 0.280083 0.895457
vn -0.651197 0.250771 0.715682
vn -0.295554 0.187264 0.936493
vn -0.566194 0.140366 0.812409
vn -0.591597 -0.014983 0.806547
vn 0.000489 0.217552 0.976551
vn 0.000489 0.274221 0.961896
vn 0.000489 0.346521 0.938447
vn 0.000489 0.346521 0.938447
vn 0.000489 0.524343 0.851490
vn 0.000489 0.524343 0.851490
vn 0.000489 0.632794 0.774304
vn 0.000489 0.632794 0.774304
vn -0.312164 0.044616 0.949194
vn 0.000489 0.099330 0.995115
vn -0.605276 -0.100963 0.789937
vn -0.319980 -0.075560 0.944309
vn 0.000489 -0.042340 0.999023
vn -0.310210 -0.138090 0.940401
vn 0.000489 -0.112687 0.993161
vn -0.670738 0.291807 0.682462
vn -0.795799 0.512618 0.321935
vn -0.790914 0.278129 0.545677
vn -0.494871 -0.077514 0.865169
vn -0.590620 0.630840 0.502687
vn -0.576942 0.677738 0.455789
vn 0.000489 0.839926 0.541769
vn 0.000489 0.759809 0.650220
vn 0.000489 0.663082 0.748901
vn 0.000489 -0.377465 0.925745
vn 0.755740 -0.498618 0.425501
vn 0.663898 -0.411661 0.624817
vn 0.764534 -0.474192 0.437226
vn 0.354177 -0.403845 0.843674
vn 0.302394 -0.312980 0.900342
vn 0.000489 -0.339360 0.940401
vn 0.000489 -0.287577 0.957988
vn 0.000489 -0.397983 0.917929
vn 0.000489 -0.397983 0.917929
vn 0.000489 -0.502526 0.865169
vn 0.000489 -0.502526 0.865169
vn 0.000489 -0.709658 0.704934
vn 0.000489 -0.709658 0.704934
vn 0.991207 0.075881 0.104055
vn 0.664875 -0.539653 0.517343
vn 0.664875 -0.539653 0.517343
vn 0.891549 0.433478 0.133366
vn 0.759648 0.622047 0.191989
vn 0.560332 0.506756 0.655105
vn 0.736199 0.624001 -0.261358
vn 0.652174 0.568309 -0.501710
vn 0.348315 0.707049 -0.615046
vn 0.294577 0.607391 0.737177
vn 0.443087 0.297669 0.845628
vn 0.227162 0.300601 0.926722
vn 0.000489 0.286922 0.957988
vn 0.000489 0.655266 0.754763
vn 0.000489 0.939584 0.341476
vn 0.000489 0.939584 0.341476
vn 0.000489 0.991368 0.130435
vn 0.000489 0.991368 0.130435
vn 0.000489 0.811592 -0.583781
vn 0.000489 0.758832 -0.651197
vn 0.000489 0.811592 -0.583781
vn 0.000489 -0.271945 0.961896
vn 0.000489 -0.271945 0.961896
vn 0.000489 -0.648105 0.761603
vn 0.000489 0.036800 0.999023
vn 0.000489 -0.648105 0.761603
vn 0.000489 0.036800 0.999023
vn 0.000489 0.141343 0.990230
vn 0.000489 0.141343 0.990230
vn 0.000489 -0.921676 0.388374
vn 0.000489 -0.921676 0.388374
vn 0.000489 -0.984206 -0.177332
vn 0.000489 -0.984206 -0.177332
vn -0.475330 -0.819087 -0.320957
vn 0.299463 -0.916791 0.265267
vn 0.768442 -0.552355 0.322912
vn 0.372741 -0.816156 0.442111
vn 0.572057 -0.787822 0.228139
vn 0.000489 -0.865008 0.502687
vn 0.000489 -0.960758 0.277968
vn 0.512457 -0.852306 0.104055
vn 0.000489 -0.998862 0.056180
vn 0.302394 -0.951964 0.047387
vn 0.475330 -0.878686 -0.048363
vn 0.222276 -0.970528 -0.090376
vn 0.000489 -0.995931 -0.086468
vn 0.000489 0.477445 0.878847
vn 0.000489 0.477445 0.878847
vn 0.000489 0.477445 0.878847
vn 0.000489 0.477445 0.878847
vn 0.000489 0.477445 0.878847
vn 0.000489 0.477445 0.878847
vn 0.000489 0.477445 0.878847
vn 0.000489 0.477445 0.878847
vn 0.000489 0.477445 0.878847
vn 0.000489 0.477445 0.878847
vn 0.000489 0.477445 0.878847
vn 0.000489 0.477445 0.878847
vn 0.644358 -0.596322 -0.478261
vn 0.000489 0.061226 0.998046
vn 0.000489 0.017259 1.000000
vn 0.000489 -0.273899 -0.961895
vn 0.000489 -0.286600 -0.957987
vn 0.000489 -0.319820 -0.947240
vn 0.250611 0.022144 0.967758
vn 0.000489 0.151113 0.988276
vn 0.312164 -0.366717 -0.876893
vn 0.000489 -0.381373 -0.924768
vn 0.931607 -0.340337 0.131412
vn 0.242794 0.134504 0.960919
vn 0.000489 0.230254 0.972643
vn 0.471422 0.109101 0.874939
vn 0.566194 0.198988 0.799707
vn 0.353200 -0.383327 -0.853444
vn 0.660967 -0.336429 -0.670737
vn 0.000489 -0.466376 -0.884709
vn 0.707865 -0.318843 -0.630679
vn 0.000489 -0.466376 -0.884709
vn 0.707865 -0.318843 -0.630679
vn 0.000489 -0.490802 -0.871030
vn 0.001466 -0.705750 -0.708842
vn 0.000489 -0.937309 0.347338
vn 0.724475 -0.402868 -0.559355
vn 0.975574 -0.199644 0.090376
vn 0.955056 -0.269991 0.121642
vn 0.295555 0.225368 0.928676
vn 0.750855 0.283014 0.596483
vn 0.000489 0.390488 0.920860
vn 0.750855 0.283014 0.596483
vn 0.852467 0.325027 0.409868
vn 0.852467 0.325027 0.409868
vn 0.000489 0.390488 0.920860
vn 0.000489 0.613253 0.789937
vn 0.000489 0.613253 0.789937
vn -0.727406 -0.224070 -0.648265
vn -0.646312 -0.388212 -0.657059
vn -0.346361 -0.523044 -0.778212
vn -0.727406 -0.224070 -0.648265
vn -0.754763 -0.026708 -0.656082
vn -0.311187 -0.624656 -0.715681
vn -0.588666 -0.445858 -0.673669
vn -0.658036 0.633771 -0.406937
vn 0.000489 -0.595345 -0.803615
vn 0.000489 -0.735061 -0.678554
vn 0.000489 -0.242633 -0.969711
vn 0.000489 -0.242633 -0.969711
vn 0.000489 -0.040386 -0.999023
vn 0.000489 -0.040386 -0.999023
vn 0.000489 -0.040386 -0.999023
vn -0.773327 0.472560 -0.422569
vn -0.573034 0.803776 -0.158769
vn -0.766488 0.169677 -0.619931
vn -0.265266 0.963033 -0.042501
vn 0.000489 1.000161 -0.015144
vn 0.000489 0.998207 0.066927
vn -0.499756 0.327958 -0.801661
vn 0.000489 0.988436 0.148999
vn -0.235955 -0.743855 -0.625794
vn 0.000489 -0.803454 -0.595505
vn 0.000489 -0.706727 -0.707865
vn 0.000489 -0.760464 -0.649243
vn -0.478261 -0.648105 -0.591597
vn -0.572057 -0.725291 -0.381534
vn 0.000489 -0.602184 -0.798730
vn 0.000489 -0.602184 -0.798730
vn -0.714704 -0.525975 -0.461651
vn -0.723498 -0.284646 -0.628725
vn -0.738153 -0.169356 -0.653151
vn -0.739130 -0.066766 -0.670737
vn -0.794822 0.241978 -0.556424
vn -0.794822 0.241978 -0.556424
vn -0.795799 0.432501 -0.424523
vn -0.795799 0.432501 -0.424523
vn -0.355154 0.757855 -0.546653
vn -0.662921 0.585896 -0.466536
vn -0.529067 0.662105 -0.531021
vn -0.277968 0.830156 -0.483146
vn 0.000489 0.832110 -0.554470
vn 0.000489 0.921021 -0.389350
vn 0.000489 0.671876 -0.740107
vn 0.000489 0.671876 -0.740107
vn 0.000489 0.511641 -0.859306
vn 0.000489 0.511641 -0.859306
vn 0.000489 0.382672 -0.923791
vn 0.000489 0.382672 -0.923791
vn -0.443087 0.842858 0.303371
vn -0.562286 0.639633 0.524182
vn -0.562286 0.639633 0.524182
vn -0.644358 0.362154 0.673669
vn -0.443087 0.842858 0.303371
vn -0.373718 0.906365 0.197851
vn -0.644358 0.362154 0.673669
vn -0.689301 0.144274 0.709819
vn -0.689301 0.144274 0.709819
vn -0.733268 -0.053088 0.677577
vn -0.733268 -0.053088 0.677577
vn -0.754763 -0.170333 0.633610
vn -0.754763 -0.170333 0.633610
vn 0.000489 0.000649 1.000000
vn 0.000489 -0.092169 0.996092
vn 0.000489 0.000649 1.000000
vn 0.000489 -0.092169 0.996092
vn 0.000489 -0.098032 0.995115
vn 0.000489 -0.098032 0.995115
vn 0.000489 0.206805 0.978505
vn 0.000489 0.206805 0.978505
vn 0.000489 0.322095 0.947240
vn 0.000489 0.322095 0.947240
vn 0.000489 0.000649 1.000000
vn 0.000489 -0.092169 0.996092
vn 0.000489 -0.092169 0.996092
vn 0.000489 -0.098032 0.995115
vn 0.000489 -0.098032 0.995115
vn 0.000489 0.000649 1.000000
vn 0.000489 0.206805 0.978505
vn 0.000489 0.206805 0.978505
vn 0.000489 0.322095 0.947240
vn 0.000489 0.322095 0.947240
vn 0.000489 0.069042 0.998046
vn 0.231070 0.095422 0.967758
vn 0.160723 0.006512 0.987299
vn 0.000489 0.003581 1.000000
vn 0.000489 -0.034524 0.999023
vn 0.126527 -0.040386 0.991207
vn 0.318026 0.009443 0.948217
vn 0.450904 0.115940 0.884710
vn 0.000489 0.149159 0.989253
vn 0.552516 0.206805 0.807524
vn 0.288715 0.186287 0.939424
vn 0.000489 0.221460 0.975574
vn 0.619932 0.213644 0.755740
vn 0.000489 0.240024 0.970689
vn 0.000489 0.240024 0.970689
vn 0.327797 0.230254 0.915975
vn 0.650220 0.181402 0.738154
vn 0.650220 0.181402 0.738154
vn 0.000489 0.999184 0.049341
vn 0.000489 0.993322 0.116756
vn 0.000489 0.999184 0.049341
vn 0.000489 0.993322 0.116756
vn -0.003420 1.000161 -0.015144
vn 0.000489 1.000161 -0.015144
vn 0.000489 1.000161 -0.012213
vn -0.007328 1.000161 -0.012213
vn 0.000489 0.999184 0.049341
vn 0.000489 0.993322 0.116756
vn 0.000489 0.999184 0.049341
vn 0.000489 0.993322 0.116756
vn 0.003420 1.000161 -0.015144
vn 0.000489 1.000161 -0.015144
vn 0.000489 1.000161 -0.012213
vn 0.007328 1.000161 -0.012213
vn -0.195896 0.256634 -0.946263
vn 0.000489 0.250771 -0.967757
vn 0.000489 0.199965 -0.979482
vn 0.000489 0.250771 -0.967757
vn -0.829018 0.541929 0.138251
vn -0.934538 0.348476 0.074744
vn -0.160723 0.006512 0.987299
vn 0.000489 -0.034524 0.999023
vn 0.000489 0.003581 1.000000
vn -0.450904 0.115940 0.884710
vn 0.000489 0.069042 0.998046
vn -0.231070 0.095422 0.967758
vn -0.552516 0.206805 0.807524
vn 0.000489 0.149159 0.989253
vn -0.288715 0.186287 0.939424
vn -0.619932 0.213644 0.755740
vn 0.000489 0.221460 0.975574
vn -0.327797 0.230254 0.915975
vn -0.650220 0.181402 0.738154
vn -0.650220 0.181402 0.738154
vn 0.000489 0.240024 0.970689
vn 0.000489 0.240024 0.970689
vn 0.709819 0.102261 0.697118
vn 0.975574 -0.199644 0.090376
vn 0.709819 0.102261 0.697118
vn 0.713727 0.108124 0.692233
vn 0.955056 -0.269991 0.121642
vn 0.717636 -0.019868 0.696141
vn 0.717636 -0.019868 0.696141
vn 0.732291 -0.199644 0.651197
vn 0.732291 -0.199644 0.651197
vn 0.711773 -0.326659 0.621886
vn 0.711773 -0.326659 0.621886
vn 0.935515 -0.013029 0.352223
vn 0.636541 -0.481031 0.602345
vn 0.871031 -0.383327 0.308256
vn -0.709819 0.102261 0.697118
vn -0.713727 0.108124 0.692233
vn -0.713727 0.108124 0.692233
vn -0.716659 0.060249 0.694187
vn -0.709819 0.102261 0.697118
vn -0.717636 -0.019868 0.696141
vn -0.717636 -0.019868 0.696141
vn -0.732291 -0.199644 0.651197
vn -0.732291 -0.199644 0.651197
vn -0.711773 -0.326659 0.621886
vn -0.711773 -0.326659 0.621886
vn -0.636541 -0.481031 0.602345
vn -0.636541 -0.481031 0.602345
vn -0.565217 -0.607069 0.558378
vn 0.885686 -0.437064 -0.153883
vn 0.936492 -0.182057 -0.298485
vn 0.930630 -0.157631 -0.331705
vn 0.756717 -0.652990 -0.021006
vn 0.897411 -0.188896 -0.398143
vn 0.897411 -0.188896 -0.398143
vn 0.813385 -0.249473 -0.526136
vn 0.813385 -0.249473 -0.526136
vn 0.754763 -0.264128 -0.600391
vn 0.756717 -0.652990 -0.021006
vn 0.703957 -0.709658 -0.007327
vn 0.685393 -0.728222 0.007328
vn 0.709819 -0.703796 -0.024914
vn 0.906204 -0.153723 0.395213
vn 0.744993 -0.657875 -0.106008
vn 0.958964 -0.265105 0.097216
vn 0.987298 -0.157631 0.016121
vn 0.956033 -0.151769 -0.252564
vn 0.892526 -0.307118 -0.330728
vn 0.931607 -0.201598 -0.302393
vn 0.931607 -0.201598 -0.302393
vn 0.931607 -0.156654 -0.329751
vn 0.931607 -0.156654 -0.329751
vn 0.929653 -0.107802 -0.353199
vn 0.929653 -0.107802 -0.353199
vn 0.935515 -0.078491 -0.343429
vn 0.935515 -0.078491 -0.343429
vn 0.938447 -0.234817 -0.254519
vn 0.938447 -0.234817 -0.254519
vn 0.900342 -0.390166 -0.191011
vn 0.900342 -0.390166 -0.191011
vn 0.879824 -0.421432 -0.219345
vn 0.879824 -0.421432 -0.219345
vn 0.876893 -0.395052 -0.274059
vn 0.876893 -0.395052 -0.274059
vn 0.871031 -0.272922 -0.408891
vn 0.871031 -0.272922 -0.408891
vn 0.403029 -0.191827 -0.894479
vn 0.000489 -0.341314 -0.939423
vn 0.000489 -0.694026 -0.719589
vn 0.000489 -0.694026 -0.719589
vn 0.000489 -0.865985 -0.499755
vn 0.000489 -0.865985 -0.499755
vn 0.000489 -0.930469 -0.367855
vn 0.000489 -0.930469 -0.367855
vn 0.000489 -0.923630 -0.382511
vn 0.000489 -0.923630 -0.382511
vn 0.000489 -0.905066 -0.425500
vn 0.000489 -0.905066 -0.425500
vn 0.000489 -0.726268 -0.687347
vn 0.000489 -0.726268 -0.687347
vn 0.000489 -0.726268 -0.687347
vn 0.000489 -0.658852 -0.752809
vn 0.000489 -0.658852 -0.752809
vn -0.479238 -0.596322 -0.643380
vn -0.722521 -0.505457 -0.472398
vn -0.380557 -0.507411 -0.772349
vn -0.702980 -0.446835 -0.553493
vn -0.361016 -0.473215 -0.803615
vn -0.722521 -0.505457 -0.472398
vn -0.678554 -0.622702 -0.389350
vn -0.753786 -0.588506 -0.291646
vn -0.809477 -0.586551 0.033708
vn -0.781143 -0.532814 0.326820
vn -0.686370 -0.517182 0.510503
vn -0.664875 -0.539653 0.517343
vn -0.664875 -0.539653 0.517343
vn 0.000489 -0.489824 -0.872007
vn 0.000489 -0.441950 -0.896434
vn 0.000489 -0.658852 -0.751832
vn 0.000489 -0.658852 -0.751832
vn 0.000489 -0.907997 -0.418661
vn 0.000489 -0.907997 -0.418661
vn 0.000489 -0.986161 -0.166585
vn 0.000489 -0.986161 -0.166585
vn 0.000489 -0.658852 -0.751832
vn 0.000489 -0.658852 -0.751832
vn 0.000489 -0.489824 -0.872007
vn 0.000489 -0.907997 -0.418661
vn 0.000489 -0.489824 -0.872007
vn 0.000489 -0.441950 -0.896434
vn 0.000489 -0.441950 -0.896434
vn 0.000489 -0.907997 -0.418661
vn 0.000489 -0.986161 -0.166585
vn 0.000489 -0.986161 -0.166585
vn -0.624817 -0.347177 -0.699072
vn 0.000489 -0.524998 -0.850513
vn -0.743039 -0.486893 -0.459697
vn -0.001466 -0.524998 -0.850513
vn -0.743039 -0.486893 -0.459697
vn 0.000489 -0.712590 -0.702003
vn -0.849536 -0.360855 -0.383488
vn -0.667807 -0.556263 -0.494870
vn 0.000489 -0.906043 -0.423546
vn -0.893503 -0.338383 -0.296531
vn -0.891549 -0.424363 -0.156815
vn -0.601368 -0.735061 -0.312164
vn 0.000489 -0.977367 -0.211529
vn 0.000489 -0.977367 -0.211529
vn 0.000489 -0.995931 -0.085491
vn 0.000489 -0.995931 -0.085491
vn 0.000489 -0.993977 0.107963
vn 0.000489 -0.993977 0.107963
vn -0.346361 -0.903112 0.255496
vn -0.983390 -0.102917 -0.148021
vn -0.841720 -0.512296 -0.170493
vn -0.841720 -0.512296 -0.170493
vn -0.814362 0.580034 -0.006350
vn -0.814362 -0.578735 -0.038593
vn -0.814362 0.580034 -0.006350
vn -0.814362 -0.578735 -0.038593
vn -0.744993 0.666013 -0.019052
vn -0.741085 -0.667646 0.074744
vn -0.744993 0.666013 -0.019052
vn -0.741085 -0.667646 0.074744
vn -0.677577 0.710957 -0.187103
vn -0.649243 -0.738970 0.180264
vn -0.323889 -0.897250 0.298486
vn 0.000489 -0.954895 0.298486
vn 0.000489 -0.932423 0.361016
vn -0.363947 0.904411 -0.223253
vn -0.602345 0.628886 -0.491939
vn -0.318026 0.768603 -0.555447
vn -0.283830 0.624978 -0.727406
vn 0.000489 0.827225 -0.561309
vn 0.000489 0.680669 -0.733268
vn 0.000489 0.973781 -0.229115
vn 0.000489 0.999184 -0.036639
vn 0.000489 0.999184 -0.036639
vn 0.000489 0.999184 0.047387
vn 0.000489 0.999184 0.047387
vn 0.000489 0.997230 0.076698
vn 0.000489 0.997230 0.076698
vn -0.850513 -0.078491 -0.520273
vn -0.850513 -0.078491 -0.520273
vn -0.772350 0.029961 -0.633610
vn -0.772350 0.029961 -0.633610
vn 0.310210 -0.138090 0.940401
vn 0.000489 -0.042340 0.999023
vn 0.000489 -0.112687 0.993161
vn 0.319981 -0.075560 0.944309
vn 0.605276 -0.100963 0.789937
vn 0.000489 0.099330 0.995115
vn 0.312164 0.044616 0.949194
vn -0.827064 -0.084353 0.555447
vn -0.814362 -0.115618 0.569126
vn -0.831949 -0.061881 0.550562
vn -0.831949 -0.061881 0.550562
vn -0.769419 0.039731 0.637519
vn -0.975574 0.199965 0.094285
vn -0.830972 0.390488 -0.396189
vn -0.862237 0.296692 -0.410845
vn -0.845628 0.280083 -0.453835
vn -0.845628 0.280083 -0.453835
vn -0.470445 0.376810 -0.797752
vn 0.000489 0.374856 -0.926722
vn 0.000489 0.332843 -0.943331
vn 0.000489 0.475491 -0.879824
vn 0.000489 0.475491 -0.879824
vn 0.000489 0.726590 -0.687347
vn 0.000489 0.726590 -0.687347
vn 0.000489 0.874123 -0.485100
vn 0.000489 0.874123 -0.485100
vn -0.566194 0.198988 0.799707
vn -0.295554 0.225368 0.928676
vn -0.750855 0.283014 0.596483
vn -0.852467 0.325027 0.409868
vn -0.852467 0.325027 0.409868
vn -0.750855 0.283014 0.596483
vn -0.242794 0.134504 0.960919
vn -0.471422 0.109101 0.874939
vn -0.492916 -0.018891 0.870054
vn 0.000489 0.230254 0.972643
vn 0.000489 0.390488 0.920860
vn 0.000489 0.390488 0.920860
vn 0.000489 0.613253 0.789937
vn 0.000489 0.613253 0.789937
vn 0.000489 0.151113 0.988276
vn -0.250611 0.022144 0.967758
vn -0.262335 -0.031593 0.964827
vn 0.000489 0.061226 0.998046
vn 0.000489 0.017259 1.000000
vn 0.000489 0.479399 -0.877870
vn 0.000489 0.599575 -0.799707
vn 0.000489 0.479399 -0.877870
vn 0.000489 0.599575 -0.799707
vn 0.000489 0.169677 -0.985344
vn 0.000489 0.169677 -0.985344
vn 0.000489 -0.014983 -1.000000
vn 0.512457 -0.780982 -0.356131
vn 0.918906 -0.342291 0.194920
vn 0.655105 -0.735061 0.176356
vn 0.314118 -0.932423 -0.177332
vn 0.000489 -0.978344 -0.206644
vn 0.000489 -0.978344 -0.206644
vn 0.000489 -0.915814 -0.402052
vn 0.000489 -0.808339 -0.588666
vn 0.000489 -0.808339 -0.588666
vn 0.000489 -0.630518 -0.776258
vn 0.000489 -0.630518 -0.776258
vn 0.000489 -0.397006 -0.917928
vn 0.000489 -0.397006 -0.917928
vn 0.000489 -0.336429 -0.941377
vn 0.000489 -0.336429 -0.941377
vn 0.000489 -0.296371 -0.955056
vn 0.000489 -0.296371 -0.955056
vn 0.000489 -0.296371 -0.955056
vn 0.000489 -0.296371 -0.955056
vn 0.000489 -0.809316 0.586713
vn 0.000489 -0.809316 0.586713
vn 0.000489 -0.709658 0.704934
vn 0.000489 -0.709658 0.704934
vn 0.000489 -0.709658 0.704934
vn 0.000489 -0.809316 0.586713
vn 0.000489 -0.709658 0.704934
vn 0.000489 -0.809316 0.586713
vn -0.892526 -0.307118 -0.330728
vn -0.987298 -0.157631 0.016121
vn -0.956033 -0.151769 -0.252564
vn -0.931607 -0.201598 -0.302393
vn -0.971666 -0.037455 0.232047
vn -0.512457 -0.780982 -0.356131
vn -0.596483 0.331866 0.731314
vn -0.666829 0.393419 0.632633
vn -0.355154 0.483307 0.800684
vn 0.000489 0.516526 0.856376
vn 0.000489 0.516526 0.856376
vn -0.693210 -0.695980 -0.187103
vn -0.314118 -0.932423 -0.177332
vn -0.306302 -0.938286 -0.159746
vn 0.000489 -0.915814 -0.402052
vn 0.000489 -0.978344 -0.206644
vn 0.000489 -0.978344 -0.206644
vn 0.000489 -0.808339 -0.588666
vn 0.000489 -0.808339 -0.588666
vn 0.000489 -0.630518 -0.776258
vn 0.000489 -0.630518 -0.776258
vn 0.000489 -0.397006 -0.917928
vn 0.000489 -0.397006 -0.917928
vn 0.000489 -0.336429 -0.941377
vn 0.000489 -0.336429 -0.941377
vn 0.000489 -0.296371 -0.955056
vn 0.000489 -0.296371 -0.955056
vn 0.000489 -0.296371 -0.955056
vn 0.000489 -0.296371 -0.955056
vn -0.931607 -0.201598 -0.302393
vn -0.931607 -0.156654 -0.329751
vn -0.931607 -0.156654 -0.329751
vn -0.929653 -0.107802 -0.353199
vn -0.929653 -0.107802 -0.353199
vn -0.935515 -0.078491 -0.343429
vn -0.935515 -0.078491 -0.343429
vn -0.938447 -0.234817 -0.254519
vn -0.938447 -0.234817 -0.254519
vn -0.900342 -0.390166 -0.191011
vn -0.900342 -0.390166 -0.191011
vn -0.879824 -0.421432 -0.219345
vn -0.879824 -0.421432 -0.219345
vn -0.876893 -0.395052 -0.274059
vn -0.876893 -0.395052 -0.274059
vn -0.871031 -0.272922 -0.408891
vn -0.871031 -0.272922 -0.408891
vn -0.734245 -0.003259 -0.679531
vn -0.403029 -0.191827 -0.894479
vn -0.445042 0.233185 -0.864191
vn -0.231070 0.093468 -0.968734
vn -0.166585 0.134504 -0.976551
vn 0.000489 -0.052111 -0.999023
vn 0.000489 -0.008144 -1.000000
vn 0.000489 -0.341314 -0.939423
vn 0.000489 -0.694026 -0.719589
vn 0.000489 -0.694026 -0.719589
vn 0.000489 -0.865985 -0.499755
vn 0.000489 -0.865985 -0.499755
vn 0.000489 -0.930469 -0.367855
vn 0.000489 -0.930469 -0.367855
vn 0.000489 -0.923630 -0.382511
vn 0.000489 -0.923630 -0.382511
vn 0.000489 -0.905066 -0.425500
vn 0.000489 -0.905066 -0.425500
vn 0.000489 -0.136136 0.991207
vn 0.000489 -0.136136 0.991207
vn 0.000489 -0.136136 0.991207
vn 0.000489 -0.136136 0.991207
vn 0.000489 -0.136136 0.991207
vn 0.000489 -0.136136 0.991207
vn 0.000489 -0.136136 0.991207
vn 0.000489 -0.136136 0.991207
vn 0.997069 -0.053088 0.055203
vn 0.477284 0.196057 0.856376
vn 0.795799 0.069042 0.602345
vn 0.724475 -0.015960 0.688325
vn 0.494871 -0.077514 0.865169
vn 0.717636 -0.092169 0.690279
vn 0.519297 -0.235794 0.821202
vn 0.000489 0.288876 0.957011
vn 0.000489 0.463766 0.885687
vn 0.000489 0.868261 0.495848
vn 0.000489 -0.138090 0.990230
vn 0.000489 -0.377465 0.925745
vn 0.000489 0.999184 -0.050317
vn 0.000489 0.999184 -0.050317
vn 0.945286 0.087606 -0.313141
vn 0.892526 0.017259 -0.450903
vn 0.893503 -0.013029 -0.448949
vn 0.884709 -0.034524 -0.465559
vn 0.884709 -0.034524 -0.465559
vn 0.847582 0.207782 -0.488031
vn 0.894480 0.378764 -0.236932
vn 0.455789 0.542906 -0.705911
vn 0.000489 0.517503 -0.855398
vn 0.189057 0.508710 -0.839765
vn 0.000489 0.492100 -0.871030
vn 0.715681 0.696302 -0.063996
vn 0.313141 0.738314 -0.596482
vn 0.000489 0.465720 -0.884709
vn 0.653151 0.593712 0.468491
vn 0.000489 0.958148 -0.285784
vn 0.000489 0.958148 -0.285784
vn 0.590620 0.630840 0.502687
vn 0.825110 0.457904 0.329751
vn 0.000489 0.663082 0.748901
vn 0.000489 0.759809 0.650220
vn 0.000489 0.839926 0.541769
vn 0.256473 0.812569 0.524182
vn 0.000489 0.332843 -0.943331
vn 0.000489 0.374856 -0.926722
vn 0.000489 0.332843 -0.943331
vn 0.000489 0.374856 -0.926722
vn 0.000489 0.475491 -0.879824
vn 0.000489 0.475491 -0.879824
vn 0.000489 0.726590 -0.687347
vn 0.000489 0.726590 -0.687347
vn 0.000489 0.874123 -0.485100
vn 0.000489 0.874123 -0.485100
vn -0.709819 -0.703796 -0.024914
vn -0.685393 -0.728222 0.007328
vn -0.703957 -0.709658 -0.007327
vn -0.744993 -0.657875 -0.106008
vn -0.756717 -0.652990 -0.021006
vn -0.744993 -0.657875 -0.106008
vn -0.745970 -0.642243 -0.175378
vn -0.756717 -0.652990 -0.021006
vn -0.838788 -0.532814 -0.112848
vn -0.616023 -0.738970 -0.272105
vn -0.923791 -0.299302 -0.236932
vn -0.685393 -0.511319 -0.518319
vn -0.930630 -0.157631 -0.331705
vn -0.897411 -0.188896 -0.398143
vn -0.897411 -0.188896 -0.398143
vn -0.456766 -0.398960 -0.795798
vn -0.813385 -0.249473 -0.526136
vn -0.414753 -0.366717 -0.832926
vn 0.000489 -0.402868 -0.914997
vn 0.000489 -0.459536 -0.887640
vn 0.000489 -0.597299 -0.802638
vn 0.000489 -0.597299 -0.802638
vn 0.000489 -0.783913 -0.620908
vn 0.000489 -0.935355 -0.354177
vn 0.000489 -0.993000 -0.116756
vn 0.000489 -0.993000 -0.116756
vn 0.000489 -0.999839 -0.018075
vn 0.000489 -0.989092 0.145091
vn 0.000489 -0.973459 0.227162
vn 0.000489 -0.888457 0.458720
vn 0.000489 -0.888457 0.458720
vn -0.617000 0.613253 -0.492916
vn -0.679531 0.459858 -0.572056
vn -0.707865 0.367039 -0.604299
vn -0.327797 0.732452 -0.596482
vn -0.722521 0.281060 -0.631656
vn -0.746947 0.108124 -0.656082
vn -0.746947 0.108124 -0.656082
vn -0.772350 0.029961 -0.633610
vn -0.772350 0.029961 -0.633610
vn 0.000489 0.391465 -0.919882
vn 0.000489 0.772511 -0.634587
vn 0.000489 0.391465 -0.919882
vn 0.000489 0.000649 -1.000000
vn 0.000489 0.000649 -1.000000
vn 0.000489 -0.153723 -0.988275
vn 0.000489 -0.153723 -0.988275
vn 0.679531 0.459858 -0.572056
vn 0.617000 0.613253 -0.492916
vn 0.707865 0.367039 -0.604299
vn 0.327797 0.732452 -0.596482
vn 0.722521 0.281060 -0.631656
vn 0.746947 0.108124 -0.656082
vn 0.746947 0.108124 -0.656082
vn 0.772350 0.029961 -0.633610
vn 0.772350 0.029961 -0.633610
vn 0.000489 0.772511 -0.634587
vn 0.000489 0.391465 -0.919882
vn 0.000489 0.391465 -0.919882
vn 0.000489 0.000649 -1.000000
vn 0.000489 0.000649 -1.000000
vn 0.000489 -0.153723 -0.988275
vn 0.000489 -0.153723 -0.988275
vn 0.000489 -0.937309 0.347338
vn 0.000489 0.218529 0.975574
vn 0.000489 0.138412 0.990230
vn 0.000489 0.138412 0.990230
vn 0.000489 -0.025731 1.000000
vn 0.000489 -0.025731 1.000000
vn 0.000489 -0.264128 0.964827
vn 0.000489 -0.264128 0.964827
vn 0.001466 -0.478100 0.877870
vn 0.000489 -0.478100 0.877870
vn 0.000489 -0.541608 0.840743
vn 0.003420 -0.541608 0.840743
vn 0.000489 -0.541608 0.840743
vn -0.003420 -0.541608 0.840743
vn -0.001466 -0.478100 0.877870
vn 0.000489 -0.478100 0.877870
vn 0.000489 -0.264128 0.964827
vn 0.000489 -0.264128 0.964827
vn 0.000489 -0.025731 1.000000
vn 0.000489 -0.025731 1.000000
vn 0.000489 0.138412 0.990230
vn 0.000489 0.138412 0.990230
vn 0.000489 -0.937309 0.347338
vn 0.001466 -0.705750 -0.708842
vn 0.000489 -0.999839 -0.018075
vn 0.000489 -0.989092 0.145091
vn 0.000489 -0.973459 0.227162
vn 0.000489 -0.888457 0.458720
vn 0.000489 -0.888457 0.458720
vn 0.000489 -0.993000 -0.116756
vn 0.000489 -0.993000 -0.116756
vn 0.000489 -0.935355 -0.354177
vn 0.000489 -0.935355 -0.354177
vn 0.000489 -0.783913 -0.620908
vn 0.000489 -0.783913 -0.620908
vn 0.000489 -0.597299 -0.802638
vn 0.000489 -0.597299 -0.802638
vn 0.000489 -0.459536 -0.887640
vn 0.000489 -0.459536 -0.887640
vn 0.000489 -0.402868 -0.914997
vn 0.000489 -0.402868 -0.914997
vn 0.000489 -0.369649 -0.928676
vn 0.000489 -0.543562 -0.839765
vn 0.000489 -0.543562 -0.839765
vn 0.000489 -0.369649 -0.928676
vn 0.000489 -0.131251 -0.991206
vn 0.000489 -0.131251 -0.991206
vn 0.000489 -0.080445 -0.997069
vn 0.000489 -0.080445 -0.997069
vn 0.000489 -0.543562 -0.839765
vn 0.000489 -0.543562 -0.839765
vn 0.000489 -0.369649 -0.928676
vn 0.000489 -0.369649 -0.928676
vn 0.000489 -0.131251 -0.991206
vn 0.000489 -0.131251 -0.991206
vn 0.000489 -0.080445 -0.997069
vn 0.000489 -0.080445 -0.997069
vn 0.000489 0.389511 -0.920860
vn 0.000489 0.389511 -0.920860
vn 0.000489 -0.028662 -1.000000
vn 0.000489 -0.028662 -1.000000
vn 0.000489 -0.249473 -0.968734
vn 0.000489 -0.249473 -0.968734
vn 0.000489 0.674807 -0.738153
vn 0.000489 0.674807 -0.738153
vn 0.000489 0.766648 -0.642403
vn 0.000489 0.766648 -0.642403
vn 0.000489 -0.028662 -1.000000
vn 0.000489 0.389511 -0.920860
vn 0.000489 -0.028662 -1.000000
vn 0.000489 -0.249473 -0.968734
vn 0.000489 -0.249473 -0.968734
vn 0.000489 0.389511 -0.920860
vn 0.000489 0.674807 -0.738153
vn 0.000489 0.674807 -0.738153
vn 0.000489 0.766648 -0.642403
vn 0.000489 0.766648 -0.642403
vn 0.000489 0.143297 -0.989252
vn 0.000489 0.143297 -0.989252
vn 0.000489 0.143297 -0.989252
vn 0.000489 0.143297 -0.989252
vn 0.000489 0.143297 -0.989252
vn 0.000489 0.143297 -0.989252
vn 0.000489 0.143297 -0.989252
vn 0.000489 0.143297 -0.989252
vn -0.316072 -0.722360 -0.615046
vn -0.516365 -0.609023 -0.602345
vn -0.272106 -0.753625 -0.598436
vn -0.501710 -0.637357 -0.584758
vn 0.000489 -0.819087 -0.573033
vn 0.000489 -0.867939 -0.496824
vn 0.000489 -0.562125 -0.827064
vn -0.271128 -0.546493 -0.791890
vn -0.516365 -0.492756 -0.700049
vn 0.000489 -0.192804 -0.981436
vn -0.581827 -0.203552 -0.787005
vn -0.305325 -0.208437 -0.929653
vn 0.000489 0.115940 -0.993160
vn -0.334636 0.105193 -0.936492
vn -0.700049 -0.006190 -0.714704
vn -0.588666 0.157953 0.792868
vn -0.839765 0.035823 0.541769
vn 0.000489 0.210713 0.977528
vn 0.000489 0.411983 0.911090
vn -0.886663 -0.099009 0.451881
vn 0.000489 -0.308095 0.951148
vn -0.886663 -0.099009 0.451881
vn 0.000489 -0.308095 0.951148
vn 0.000489 -0.585574 0.810455
vn 0.000489 -0.585574 0.810455
vn -0.922814 -0.188896 0.336590
vn -0.922814 -0.188896 0.336590
vn -0.945286 -0.143952 0.293601
vn -0.954079 -0.092169 0.285784
vn 0.000489 0.531182 -0.847582
vn 0.000489 0.531182 -0.847582
vn 0.000489 0.531182 -0.847582
vn 0.000489 0.531182 -0.847582
vn 0.000489 0.531182 -0.847582
vn 0.000489 0.531182 -0.847582
vn -0.000489 -0.914837 0.404983
vn 0.000489 -0.978344 0.206644
vn 0.000489 -0.914837 0.404983
vn -0.000489 -0.978344 0.206644
vn 0.000489 -0.811270 0.585735
vn -0.000489 -0.811270 0.585735
vn 0.000489 -0.308095 0.951148
vn 0.000489 -0.308095 0.951148
vn 0.000489 -0.585574 0.810455
vn 0.000489 -0.585574 0.810455
vn 0.000489 0.210713 0.977528
vn 0.000489 0.210713 0.977528
vn 0.000489 0.411983 0.911090
vn 0.000489 0.411983 0.911090
vn 0.000489 -0.970528 0.242795
vn 0.000489 -0.970528 0.242795
vn 0.000489 -0.994954 -0.098192
vn 0.000489 -0.994954 -0.098192
vn 0.000489 -0.904089 -0.427455
vn 0.000489 -0.904089 -0.427455
vn 0.000489 -0.904089 -0.427455
vn 0.000489 -0.904089 -0.427455
vn 0.000489 -0.994954 -0.098192
vn 0.000489 -0.994954 -0.098192
vn 0.000489 -0.970528 0.242795
vn 0.000489 -0.970528 0.242795
vn 0.000489 -0.884548 -0.465559
vn 0.000489 -0.967597 -0.251587
vn 0.000489 -0.967597 -0.251587
vn 0.000489 -0.989092 -0.144113
vn 0.000489 -0.989092 -0.144113
vn 0.000489 -0.884548 -0.465559
vn 0.000489 -0.822018 -0.569125
vn 0.000489 -0.822018 -0.569125
vn 0.000489 -0.873801 -0.486077
vn 0.000489 -0.873801 -0.486077
vn 0.000489 -0.916791 -0.398143
vn 0.000489 -0.916791 -0.398143
vn 0.000489 -0.884548 -0.465559
vn 0.000489 -0.884548 -0.465559
vn 0.000489 -0.967597 -0.251587
vn 0.000489 -0.822018 -0.569125
vn 0.000489 -0.967597 -0.251587
vn 0.000489 -0.989092 -0.144113
vn 0.000489 -0.989092 -0.144113
vn 0.000489 -0.822018 -0.569125
vn 0.000489 -0.873801 -0.486077
vn 0.000489 -0.873801 -0.486077
vn 0.000489 -0.916791 -0.398143
vn 0.000489 -0.916791 -0.398143
vn 0.723498 0.690439 0.015144
vn 0.723498 0.690439 0.015144
vn 0.733268 0.546815 -0.403029
vn 0.733268 0.546815 -0.403029
vn 0.740107 0.407098 -0.535906
vn 0.740107 0.407098 -0.535906
vn 0.696141 0.188241 -0.693209
vn 0.940401 0.216575 -0.261358
vn 0.733268 -0.053088 0.677577
vn 0.754763 -0.170333 0.633610
vn 0.997069 0.069042 -0.017098
vn 0.689301 0.144274 0.709819
vn 0.661944 0.036800 -0.747923
vn 0.689301 0.144274 0.709819
vn 0.636541 0.005535 -0.771372
vn 0.644358 0.362154 0.673669
vn 0.636541 0.005535 -0.771372
vn 0.644358 0.362154 0.673669
vn 0.590620 -0.175218 -0.787005
vn 0.562286 0.639633 0.524182
vn 0.590620 -0.175218 -0.787005
vn 0.562286 0.639633 0.524182
vn 0.000489 -0.409707 -0.912066
vn 0.443087 0.842858 0.303371
vn 0.824133 0.412960 -0.387396
vn 0.277968 0.053410 -0.958964
vn 0.000489 0.368993 -0.929653
vn 0.147044 0.365085 -0.918905
vn 0.000489 0.368993 -0.929653
vn 0.147044 0.365085 -0.918905
vn -0.147044 0.365085 -0.918905
vn 0.000489 0.368993 -0.929653
vn 0.000489 0.368993 -0.929653
vn -0.147044 0.365085 -0.918905
vn 0.000489 -0.153723 -0.988275
vn 0.000489 -0.399937 -0.916951
vn 0.000489 -0.399937 -0.916951
vn 0.000489 -0.153723 -0.988275
vn 0.000489 -0.558217 -0.829995
vn 0.000489 -0.558217 -0.829995
vn 0.000489 -0.399937 -0.916951
vn 0.000489 -0.153723 -0.988275
vn 0.000489 -0.399937 -0.916951
vn 0.000489 -0.153723 -0.988275
vn 0.000489 -0.558217 -0.829995
vn 0.000489 -0.558217 -0.829995
vn 0.000489 -0.963689 -0.267220
vn 0.000489 -0.963689 -0.267220
vn 0.000489 -0.963689 -0.267220
vn 0.000489 -0.963689 -0.267220
vn 0.000489 -0.963689 -0.267220
vn 0.000489 -0.963689 -0.267220
vn 0.000489 -0.963689 -0.267220
vn 0.000489 -0.963689 -0.267220
vn -0.755740 0.490146 -0.434294
vn -0.738153 0.544860 -0.398143
vn -0.738153 0.544860 -0.398143
vn -0.755740 0.490146 -0.434294
vn -0.684416 0.465720 -0.561309
vn -0.684416 0.465720 -0.561309
vn -0.284807 0.723659 -0.628725
vn -0.540791 0.568309 -0.619931
vn -0.490962 0.641587 -0.589643
vn -0.256473 0.799868 -0.542745
vn 0.000489 0.814523 -0.580850
vn 0.000489 0.892687 -0.450903
vn 0.000489 0.629863 -0.776258
vn 0.000489 0.629863 -0.776258
vn 0.000489 0.470605 -0.882755
vn 0.000489 0.470605 -0.882755
vn 0.000489 0.404167 -0.914997
vn 0.000489 0.404167 -0.914997
vn 0.755740 0.490146 -0.434294
vn 0.738153 0.544860 -0.398143
vn 0.755740 0.490146 -0.434294
vn 0.738153 0.544860 -0.398143
vn 0.684416 0.465720 -0.561309
vn 0.684416 0.465720 -0.561309
vn 0.284807 0.723659 -0.628725
vn 0.540791 0.568309 -0.619931
vn 0.490962 0.641587 -0.589643
vn 0.256473 0.799868 -0.542745
vn 0.000489 0.814523 -0.580850
vn 0.000489 0.892687 -0.450903
vn 0.000489 0.629863 -0.776258
vn 0.000489 0.629863 -0.776258
vn 0.000489 0.470605 -0.882755
vn 0.000489 0.470605 -0.882755
vn 0.000489 0.404167 -0.914997
vn 0.000489 0.404167 -0.914997
vn 0.000489 0.520434 -0.853444
vn 0.000489 0.794006 -0.608207
vn 0.000489 0.520434 -0.853444
vn 0.000489 0.389511 -0.920860
vn 0.000489 0.389511 -0.920860
vn 0.000489 0.794006 -0.608207
vn 0.000489 0.908319 -0.417684
vn 0.000489 0.908319 -0.417684
vn 0.000489 0.951309 0.308256
vn 0.000489 0.999184 0.045433
vn 0.000489 0.951309 0.308256
vn 0.000489 0.933722 0.359062
vn 0.000489 0.933722 0.359062
vn 0.000489 0.999184 0.045433
vn 0.000489 0.985505 -0.167562
vn 0.000489 0.985505 -0.167562
vn 0.000489 0.931768 0.362971
vn 0.000489 0.931768 0.362971
vn 0.000489 0.931768 0.362971
vn 0.000489 0.931768 0.362971
vn 0.000489 0.931768 0.362971
vn 0.000489 0.931768 0.362971
vn 0.000489 0.931768 0.362971
vn 0.000489 0.931768 0.362971

vt 0.134792 0.202659 0.0
vt 0.150479 0.203521 0.0
vt 0.139976 0.212393 0.0
vt 0.146572 0.219228 0.0
vt 0.160572 0.214572 0.0
vt 0.149358 0.194903 0.0
vt 0.134030 0.191561 0.0
vt 0.151446 0.175197 0.0
vt 0.170568 0.184418 0.0
vt 0.160765 0.167365 0.0
vt 0.174774 0.192410 0.0
vt 0.150479 0.203521 0.0
vt 0.182989 0.210651 0.0
vt 0.160572 0.214572 0.0
vt 0.147380 0.245038 0.0
vt 0.152581 0.265223 0.0
vt 0.148274 0.263361 0.0
vt 0.148538 0.271703 0.0
vt 0.165445 0.277960 0.0
vt 0.168027 0.270600 0.0
vt 0.162198 0.250657 0.0
vt 0.174181 0.254533 0.0
vt 0.146668 0.231482 0.0
vt 0.179477 0.239650 0.0
vt 0.164930 0.236487 0.0
vt 0.147777 0.224376 0.0
vt 0.183408 0.223443 0.0
vt 0.163705 0.222440 0.0
vt 0.146572 0.219228 0.0
vt 0.160572 0.214572 0.0
vt 0.163705 0.222440 0.0
vt 0.182989 0.210651 0.0
vt 0.160572 0.214572 0.0
vt 0.471333 0.432215 0.0
vt 0.444500 0.442844 0.0
vt 0.473637 0.445798 0.0
vt 0.442041 0.451495 0.0
vt 0.449059 0.428443 0.0
vt 0.479111 0.453975 0.0
vt 0.476525 0.459896 0.0
vt 0.488287 0.458880 0.0
vt 0.451205 0.412334 0.0
vt 0.473623 0.413329 0.0
vt 0.452144 0.403557 0.0
vt 0.481123 0.403622 0.0
vt 0.145667 0.263901 0.0
vt 0.147380 0.245038 0.0
vt 0.148274 0.263361 0.0
vt 0.148538 0.271703 0.0
vt 0.137724 0.246769 0.0
vt 0.146668 0.231482 0.0
vt 0.129873 0.271631 0.0
vt 0.133259 0.278794 0.0
vt 0.122175 0.255598 0.0
vt 0.137724 0.246769 0.0
vt 0.114355 0.241841 0.0
vt 0.134337 0.227021 0.0
vt 0.134337 0.227021 0.0
vt 0.147777 0.224376 0.0
vt 0.146572 0.219228 0.0
vt 0.139976 0.212393 0.0
vt 0.124992 0.205410 0.0
vt 0.134792 0.202659 0.0
vt 0.134030 0.191561 0.0
vt 0.124977 0.190958 0.0
vt 0.103698 0.193048 0.0
vt 0.108881 0.183166 0.0
vt 0.099714 0.175652 0.0
vt 0.093144 0.185199 0.0
vt 0.077613 0.172373 0.0
vt 0.089292 0.162538 0.0
vt 0.083264 0.150451 0.0
vt 0.066570 0.165160 0.0
vt 0.077372 0.137457 0.0
vt 0.060131 0.147342 0.0
vt 0.060507 0.195499 0.0
vt 0.076853 0.208529 0.0
vt 0.093144 0.185199 0.0
vt 0.051931 0.188793 0.0
vt 0.103698 0.193048 0.0
vt 0.087952 0.216031 0.0
vt 0.124992 0.205410 0.0
vt 0.103900 0.228201 0.0
vt 0.050681 0.159377 0.0
vt 0.982739 0.352006 0.0
vt 0.950756 0.356939 0.0
vt 0.984572 0.361905 0.0
vt 0.979558 0.336497 0.0
vt 0.952783 0.366452 0.0
vt 0.947034 0.341550 0.0
vt 0.954700 0.374735 0.0
vt 0.944560 0.327302 0.0
vt 0.985819 0.370424 0.0
vt 0.956594 0.389500 0.0
vt 0.987691 0.385101 0.0
vt 0.977014 0.322730 0.0
vt 0.941932 0.300756 0.0
vt 0.973723 0.297811 0.0
vt 0.941473 0.286868 0.0
vt 0.972871 0.284766 0.0
vt 0.946227 0.250779 0.0
vt 0.972117 0.249649 0.0
vt 0.947696 0.241958 0.0
vt 0.972166 0.240766 0.0
vt 0.949429 0.223205 0.0
vt 0.971837 0.221025 0.0
vt 0.948320 0.193931 0.0
vt 0.968286 0.189752 0.0
vt 0.946600 0.182311 0.0
vt 0.965470 0.177638 0.0
vt 0.954700 0.374735 0.0
vt 0.984572 0.361905 0.0
vt 0.985819 0.370424 0.0
vt 0.956594 0.389500 0.0
vt 0.987691 0.385101 0.0
vt 0.952783 0.366452 0.0
vt 0.982739 0.352006 0.0
vt 0.950756 0.356939 0.0
vt 0.947034 0.341550 0.0
vt 0.979558 0.336497 0.0
vt 0.977014 0.322730 0.0
vt 0.944560 0.327302 0.0
vt 0.941932 0.300756 0.0
vt 0.973723 0.297811 0.0
vt 0.941473 0.286868 0.0
vt 0.972871 0.284766 0.0
vt 0.946227 0.250779 0.0
vt 0.972117 0.249649 0.0
vt 0.947696 0.241958 0.0
vt 0.972166 0.240766 0.0
vt 0.949429 0.223205 0.0
vt 0.971837 0.221025 0.0
vt 0.948320 0.193931 0.0
vt 0.968286 0.189752 0.0
vt 0.946600 0.182311 0.0
vt 0.965470 0.177638 0.0
vt 0.244594 0.809389 0.0
vt 0.237437 0.831313 0.0
vt 0.244779 0.831488 0.0
vt 0.238589 0.803951 0.0
vt 0.244594 0.809389 0.0
vt 0.244779 0.831488 0.0
vt 0.237437 0.831313 0.0
vt 0.238589 0.803951 0.0
vt 0.478982 0.470579 0.0
vt 0.425963 0.498615 0.0
vt 0.438994 0.471002 0.0
vt 0.477901 0.496088 0.0
vt 0.476525 0.459896 0.0
vt 0.488287 0.458880 0.0
vt 0.479111 0.453975 0.0
vt 0.442041 0.451495 0.0
vt 0.473637 0.445798 0.0
vt 0.444500 0.442844 0.0
vt 0.471333 0.432215 0.0
vt 0.449059 0.428443 0.0
vt 0.451205 0.412334 0.0
vt 0.473623 0.413329 0.0
vt 0.452144 0.403557 0.0
vt 0.481123 0.403622 0.0
vt 0.414045 0.450578 0.0
vt 0.106639 0.103248 0.0
vt 0.089096 0.119239 0.0
vt 0.108949 0.102743 0.0
vt 0.082524 0.106798 0.0
vt 0.089096 0.119239 0.0
vt 0.113727 0.092674 0.0
vt 0.082414 0.093205 0.0
vt 0.093935 0.080480 0.0
vt 0.114830 0.075196 0.0
vt 0.069687 0.092753 0.0
vt 0.071166 0.086033 0.0
vt 0.082524 0.106798 0.0
vt 0.069342 0.109015 0.0
vt 0.072641 0.122490 0.0
vt 0.089096 0.119239 0.0
vt 0.077372 0.137457 0.0
vt 0.733470 0.452048 0.0
vt 0.751038 0.438972 0.0
vt 0.746297 0.460090 0.0
vt 0.738726 0.437859 0.0
vt 0.725946 0.459133 0.0
vt 0.739113 0.473024 0.0
vt 0.707737 0.474063 0.0
vt 0.720098 0.485207 0.0
vt 0.733470 0.452048 0.0
vt 0.751038 0.438972 0.0
vt 0.738726 0.437859 0.0
vt 0.746297 0.460090 0.0
vt 0.725946 0.459133 0.0
vt 0.739113 0.473024 0.0
vt 0.720098 0.485207 0.0
vt 0.707737 0.474063 0.0
vt 0.055917 0.054567 0.0
vt 0.054920 0.048147 0.0
vt 0.047559 0.054463 0.0
vt 0.060762 0.071569 0.0
vt 0.025046 0.033222 0.0
vt 0.055820 0.038548 0.0
vt 0.029510 0.025089 0.0
vt 0.020253 0.045621 0.0
vt 0.017460 0.070662 0.0
vt 0.052653 0.073268 0.0
vt 0.018876 0.088525 0.0
vt 0.056060 0.088035 0.0
vt 0.060299 0.105499 0.0
vt 0.021696 0.106351 0.0
vt 0.057597 0.125687 0.0
vt 0.023188 0.122244 0.0
vt 0.056060 0.088035 0.0
vt 0.067682 0.082537 0.0
vt 0.071166 0.086033 0.0
vt 0.069687 0.092753 0.0
vt 0.060299 0.105499 0.0
vt 0.069342 0.109015 0.0
vt 0.057597 0.125687 0.0
vt 0.072641 0.122490 0.0
vt 0.077372 0.137457 0.0
vt 0.060131 0.147342 0.0
vt 0.066570 0.165160 0.0
vt 0.049023 0.138925 0.0
vt 0.050681 0.159377 0.0
vt 0.048718 0.151992 0.0
vt 0.042418 0.147895 0.0
vt 0.034240 0.156139 0.0
vt 0.048718 0.151992 0.0
vt 0.034240 0.156139 0.0
vt 0.039184 0.181328 0.0
vt 0.024771 0.174054 0.0
vt 0.051931 0.188793 0.0
vt 0.066570 0.165160 0.0
vt 0.060507 0.195499 0.0
vt 0.077613 0.172373 0.0
vt 0.076853 0.208529 0.0
vt 0.093144 0.185199 0.0
vt 0.103698 0.193048 0.0
vt 0.087952 0.216031 0.0
vt 0.103900 0.228201 0.0
vt 0.124992 0.205410 0.0
vt 0.343256 0.936754 0.0
vt 0.367026 0.936731 0.0
vt 0.346940 0.951585 0.0
vt 0.363352 0.915426 0.0
vt 0.337877 0.922672 0.0
vt 0.365698 0.956402 0.0
vt 0.348002 0.964234 0.0
vt 0.360815 0.972097 0.0
vt 0.367026 0.936731 0.0
vt 0.343256 0.936754 0.0
vt 0.346940 0.951585 0.0
vt 0.363352 0.915426 0.0
vt 0.337877 0.922672 0.0
vt 0.365698 0.956402 0.0
vt 0.348002 0.964234 0.0
vt 0.360815 0.972097 0.0
vt 0.098658 0.768722 0.0
vt 0.104135 0.754652 0.0
vt 0.108046 0.766708 0.0
vt 0.116404 0.757144 0.0
vt 0.118947 0.766234 0.0
vt 0.095842 0.753540 0.0
vt 0.085524 0.769839 0.0
vt 0.082353 0.761541 0.0
vt 0.086319 0.747455 0.0
vt 0.077780 0.754690 0.0
vt 0.074211 0.740217 0.0
vt 0.070103 0.747171 0.0
vt 0.055572 0.733214 0.0
vt 0.057969 0.725563 0.0
vt 0.043775 0.722065 0.0
vt 0.045484 0.715692 0.0
vt 0.030669 0.710021 0.0
vt 0.047378 0.706246 0.0
vt 0.031639 0.703899 0.0
vt 0.062370 0.709185 0.0
vt 0.083419 0.715938 0.0
vt 0.074211 0.740217 0.0
vt 0.097046 0.722510 0.0
vt 0.086319 0.747455 0.0
vt 0.105616 0.726630 0.0
vt 0.095842 0.753540 0.0
vt 0.104135 0.754652 0.0
vt 0.111795 0.728306 0.0
vt 0.123231 0.730758 0.0
vt 0.116404 0.757144 0.0
vt 0.104135 0.754652 0.0
vt 0.098658 0.768722 0.0
vt 0.108046 0.766708 0.0
vt 0.116404 0.757144 0.0
vt 0.118947 0.766234 0.0
vt 0.095842 0.753540 0.0
vt 0.085524 0.769839 0.0
vt 0.082353 0.761541 0.0
vt 0.086319 0.747455 0.0
vt 0.077780 0.754690 0.0
vt 0.074211 0.740217 0.0
vt 0.070103 0.747171 0.0
vt 0.055572 0.733214 0.0
vt 0.057969 0.725563 0.0
vt 0.043775 0.722065 0.0
vt 0.074211 0.740217 0.0
vt 0.083419 0.715938 0.0
vt 0.086319 0.747455 0.0
vt 0.097046 0.722510 0.0
vt 0.095842 0.753540 0.0
vt 0.105616 0.726630 0.0
vt 0.111795 0.728306 0.0
vt 0.104135 0.754652 0.0
vt 0.123231 0.730758 0.0
vt 0.116404 0.757144 0.0
vt 0.062370 0.709185 0.0
vt 0.045484 0.715692 0.0
vt 0.047378 0.706246 0.0
vt 0.030669 0.710021 0.0
vt 0.474546 0.674272 0.0
vt 0.455486 0.668374 0.0
vt 0.473227 0.667709 0.0
vt 0.487726 0.662888 0.0
vt 0.492359 0.673676 0.0
vt 0.505369 0.652664 0.0
vt 0.513946 0.665760 0.0
vt 0.536828 0.624382 0.0
vt 0.552003 0.645499 0.0
vt 0.575346 0.601925 0.0
vt 0.579867 0.624801 0.0
vt 0.499817 0.175251 0.0
vt 0.484373 0.174402 0.0
vt 0.490022 0.183542 0.0
vt 0.491734 0.169941 0.0
vt 0.498674 0.163438 0.0
vt 0.504946 0.167644 0.0
vt 0.504028 0.158304 0.0
vt 0.525488 0.182203 0.0
vt 0.519342 0.195323 0.0
vt 0.490022 0.183542 0.0
vt 0.516162 0.201250 0.0
vt 0.484562 0.188643 0.0
vt 0.528673 0.170317 0.0
vt 0.508982 0.159599 0.0
vt 0.511917 0.149320 0.0
vt 0.529348 0.158539 0.0
vt 0.528422 0.148216 0.0
vt 0.481792 0.952698 0.0
vt 0.484285 0.948691 0.0
vt 0.475305 0.936430 0.0
vt 0.494792 0.963046 0.0
vt 0.479926 0.965379 0.0
vt 0.494133 0.966590 0.0
vt 0.466497 0.962467 0.0
vt 0.471725 0.943935 0.0
vt 0.464730 0.926397 0.0
vt 0.449175 0.955192 0.0
vt 0.459527 0.932433 0.0
vt 0.456723 0.917490 0.0
vt 0.449340 0.924322 0.0
vt 0.436411 0.947968 0.0
vt 0.449340 0.924322 0.0
vt 0.420067 0.937938 0.0
vt 0.435157 0.913347 0.0
vt 0.365905 0.901526 0.0
vt 0.386396 0.876765 0.0
vt 0.349249 0.885396 0.0
vt 0.372008 0.868441 0.0
vt 0.329547 0.915464 0.0
vt 0.317338 0.929996 0.0
vt 0.310081 0.921838 0.0
vt 0.337877 0.922672 0.0
vt 0.343256 0.936754 0.0
vt 0.326346 0.943704 0.0
vt 0.346940 0.951585 0.0
vt 0.330304 0.955135 0.0
vt 0.333036 0.966482 0.0
vt 0.348002 0.964234 0.0
vt 0.332735 0.979683 0.0
vt 0.343357 0.981914 0.0
vt 0.360815 0.972097 0.0
vt 0.348874 0.988590 0.0
vt 0.331539 0.993962 0.0
vt 0.336199 1.000019 0.0
vt 0.310081 0.921838 0.0
vt 0.317338 0.929996 0.0
vt 0.329547 0.915464 0.0
vt 0.337877 0.922672 0.0
vt 0.343256 0.936754 0.0
vt 0.326346 0.943704 0.0
vt 0.346940 0.951585 0.0
vt 0.330304 0.955135 0.0
vt 0.333036 0.966482 0.0
vt 0.348002 0.964234 0.0
vt 0.332735 0.979683 0.0
vt 0.343357 0.981914 0.0
vt 0.360815 0.972097 0.0
vt 0.331539 0.993962 0.0
vt 0.348874 0.988590 0.0
vt 0.336199 1.000019 0.0
vt 0.203376 0.512822 0.0
vt 0.237633 0.501731 0.0
vt 0.200765 0.491352 0.0
vt 0.231204 0.481575 0.0
vt 0.242604 0.517178 0.0
vt 0.207095 0.528237 0.0
vt 0.237633 0.501731 0.0
vt 0.203376 0.512822 0.0
vt 0.200765 0.491352 0.0
vt 0.231204 0.481575 0.0
vt 0.242604 0.517178 0.0
vt 0.207095 0.528237 0.0
vt 0.501153 0.279387 0.0
vt 0.471146 0.266146 0.0
vt 0.502495 0.273041 0.0
vt 0.504658 0.261927 0.0
vt 0.469724 0.272160 0.0
vt 0.472651 0.255619 0.0
vt 0.466266 0.291120 0.0
vt 0.474371 0.242341 0.0
vt 0.496339 0.299577 0.0
vt 0.506783 0.248123 0.0
vt 0.459407 0.317784 0.0
vt 0.476388 0.227581 0.0
vt 0.487364 0.327700 0.0
vt 0.452167 0.339064 0.0
vt 0.479022 0.349336 0.0
vt 0.508740 0.233829 0.0
vt 0.480638 0.206151 0.0
vt 0.512040 0.214504 0.0
vt 0.484562 0.188643 0.0
vt 0.516162 0.201250 0.0
vt 0.628617 0.583882 0.0
vt 0.650095 0.579509 0.0
vt 0.650337 0.596536 0.0
vt 0.645475 0.604483 0.0
vt 0.633511 0.574551 0.0
vt 0.625270 0.589000 0.0
vt 0.644772 0.564174 0.0
vt 0.622563 0.592495 0.0
vt 0.635201 0.564891 0.0
vt 0.640852 0.610811 0.0
vt 0.637062 0.547990 0.0
vt 0.616712 0.597299 0.0
vt 0.629580 0.552767 0.0
vt 0.629580 0.619454 0.0
vt 0.623948 0.535378 0.0
vt 0.608695 0.600425 0.0
vt 0.618900 0.543250 0.0
vt 0.615761 0.625557 0.0
vt 0.610738 0.540057 0.0
vt 0.596718 0.601370 0.0
vt 0.613066 0.530735 0.0
vt 0.598434 0.627494 0.0
vt 0.599365 0.530348 0.0
vt 0.584592 0.600897 0.0
vt 0.599789 0.539464 0.0
vt 0.585565 0.626267 0.0
vt 0.579867 0.624801 0.0
vt 0.575346 0.601925 0.0
vt 0.587177 0.532421 0.0
vt 0.589186 0.541415 0.0
vt 0.561189 0.551494 0.0
vt 0.628617 0.583882 0.0
vt 0.650095 0.579509 0.0
vt 0.633511 0.574551 0.0
vt 0.650337 0.596536 0.0
vt 0.644772 0.564174 0.0
vt 0.625270 0.589000 0.0
vt 0.635201 0.564891 0.0
vt 0.645475 0.604483 0.0
vt 0.629580 0.552767 0.0
vt 0.640852 0.610811 0.0
vt 0.637062 0.547990 0.0
vt 0.622563 0.592495 0.0
vt 0.618900 0.543250 0.0
vt 0.629580 0.619454 0.0
vt 0.623948 0.535378 0.0
vt 0.616712 0.597299 0.0
vt 0.613066 0.530735 0.0
vt 0.615761 0.625557 0.0
vt 0.610738 0.540057 0.0
vt 0.608695 0.600425 0.0
vt 0.599365 0.530348 0.0
vt 0.598434 0.627494 0.0
vt 0.599789 0.539464 0.0
vt 0.596718 0.601370 0.0
vt 0.587177 0.532421 0.0
vt 0.589186 0.541415 0.0
vt 0.561189 0.551494 0.0
vt 0.585565 0.626267 0.0
vt 0.584592 0.600897 0.0
vt 0.575346 0.601925 0.0
vt 0.579867 0.624801 0.0
vt 0.856636 0.325638 0.0
vt 0.852484 0.290813 0.0
vt 0.868643 0.292935 0.0
vt 0.874696 0.332450 0.0
vt 0.898011 0.306898 0.0
vt 0.843454 0.323888 0.0
vt 0.843952 0.291912 0.0
vt 0.831692 0.320956 0.0
vt 0.109925 0.165373 0.0
vt 0.089292 0.162538 0.0
vt 0.099714 0.175652 0.0
vt 0.077613 0.172373 0.0
vt 0.099714 0.175652 0.0
vt 0.116338 0.172391 0.0
vt 0.093144 0.185199 0.0
vt 0.108881 0.183166 0.0
vt 0.103698 0.193048 0.0
vt 0.108881 0.183166 0.0
vt 0.127447 0.179803 0.0
vt 0.124977 0.190958 0.0
vt 0.124992 0.205410 0.0
vt 0.134030 0.191561 0.0
vt 0.151446 0.175197 0.0
vt 0.144028 0.156404 0.0
vt 0.160765 0.167365 0.0
vt 0.116338 0.172391 0.0
vt 0.135136 0.151979 0.0
vt 0.109925 0.165373 0.0
vt 0.131987 0.149877 0.0
vt 0.130665 0.147070 0.0
vt 0.102718 0.155447 0.0
vt 0.124992 0.205410 0.0
vt 0.134792 0.202659 0.0
vt 0.139976 0.212393 0.0
vt 0.134337 0.227021 0.0
vt 0.149358 0.194903 0.0
vt 0.150479 0.203521 0.0
vt 0.151446 0.175197 0.0
vt 0.146572 0.219228 0.0
vt 0.160572 0.214572 0.0
vt 0.170568 0.184418 0.0
vt 0.160765 0.167365 0.0
vt 0.174774 0.192410 0.0
vt 0.150479 0.203521 0.0
vt 0.182989 0.210651 0.0
vt 0.160572 0.214572 0.0
vt 0.163705 0.222440 0.0
vt 0.160572 0.214572 0.0
vt 0.147777 0.224376 0.0
vt 0.164930 0.236487 0.0
vt 0.146668 0.231482 0.0
vt 0.137724 0.246769 0.0
vt 0.147380 0.245038 0.0
vt 0.145667 0.263901 0.0
vt 0.148274 0.263361 0.0
vt 0.148538 0.271703 0.0
vt 0.152581 0.265223 0.0
vt 0.165445 0.277960 0.0
vt 0.147380 0.245038 0.0
vt 0.168027 0.270600 0.0
vt 0.162198 0.250657 0.0
vt 0.174181 0.254533 0.0
vt 0.179477 0.239650 0.0
vt 0.183408 0.223443 0.0
vt 0.163705 0.222440 0.0
vt 0.182989 0.210651 0.0
vt 0.160572 0.214572 0.0
vt 0.695405 0.491533 0.0
vt 0.720098 0.485207 0.0
vt 0.710726 0.502786 0.0
vt 0.707737 0.474063 0.0
vt 0.683301 0.507581 0.0
vt 0.697770 0.525146 0.0
vt 0.688181 0.524538 0.0
vt 0.680838 0.510091 0.0
vt 0.710726 0.502786 0.0
vt 0.707737 0.474063 0.0
vt 0.695405 0.491533 0.0
vt 0.720098 0.485207 0.0
vt 0.683301 0.507581 0.0
vt 0.697770 0.525146 0.0
vt 0.688181 0.524538 0.0
vt 0.680838 0.510091 0.0
vt 0.126064 0.073506 0.0
vt 0.146279 0.045770 0.0
vt 0.157465 0.053527 0.0
vt 0.136722 0.081388 0.0
vt 0.144269 0.087098 0.0
vt 0.164980 0.059553 0.0
vt 0.188419 0.076943 0.0
vt 0.167560 0.104650 0.0
vt 0.190726 0.121979 0.0
vt 0.212405 0.093355 0.0
vt 0.232705 0.108000 0.0
vt 0.210720 0.136796 0.0
vt 0.247112 0.118970 0.0
vt 0.224674 0.147391 0.0
vt 0.259285 0.128799 0.0
vt 0.236162 0.156567 0.0
vt 0.256532 0.174133 0.0
vt 0.281033 0.147443 0.0
vt 0.301551 0.166924 0.0
vt 0.275467 0.192464 0.0
vt 0.294430 0.213162 0.0
vt 0.320996 0.189601 0.0
vt 0.335489 0.213475 0.0
vt 0.312806 0.233801 0.0
vt 0.484285 0.948691 0.0
vt 0.488671 0.949068 0.0
vt 0.494792 0.963046 0.0
vt 0.501512 0.950634 0.0
vt 0.498514 0.963518 0.0
vt 0.481792 0.952698 0.0
vt 0.479926 0.965379 0.0
vt 0.494133 0.966590 0.0
vt 0.466497 0.962467 0.0
vt 0.471725 0.943935 0.0
vt 0.475305 0.936430 0.0
vt 0.449175 0.955192 0.0
vt 0.464730 0.926397 0.0
vt 0.459527 0.932433 0.0
vt 0.436411 0.947968 0.0
vt 0.456723 0.917490 0.0
vt 0.449340 0.924322 0.0
vt 0.449340 0.924322 0.0
vt 0.420067 0.937938 0.0
vt 0.439566 0.902942 0.0
vt 0.435157 0.913347 0.0
vt 0.435157 0.913347 0.0
vt 0.365905 0.901526 0.0
vt 0.399086 0.872092 0.0
vt 0.386396 0.876765 0.0
vt 0.372008 0.868441 0.0
vt 0.349249 0.885396 0.0
vt 0.386396 0.876765 0.0
vt 0.384163 0.862255 0.0
vt 0.372008 0.868441 0.0
vt 0.370705 0.860348 0.0
vt 0.381565 0.853954 0.0
vt 0.366940 0.850836 0.0
vt 0.378464 0.846403 0.0
vt 0.372090 0.834914 0.0
vt 0.361175 0.839584 0.0
vt 0.364020 0.822279 0.0
vt 0.353262 0.825455 0.0
vt 0.351971 0.805691 0.0
vt 0.344265 0.812340 0.0
vt 0.343434 0.796689 0.0
vt 0.337656 0.804502 0.0
vt 0.340135 0.793493 0.0
vt 0.325653 0.798559 0.0
vt 0.333741 0.787757 0.0
vt 0.328399 0.784532 0.0
vt 0.315824 0.829021 0.0
vt 0.344265 0.812340 0.0
vt 0.320463 0.833986 0.0
vt 0.353262 0.825455 0.0
vt 0.327220 0.843513 0.0
vt 0.333678 0.855173 0.0
vt 0.361175 0.839584 0.0
vt 0.338554 0.865405 0.0
vt 0.366940 0.850836 0.0
vt 0.370705 0.860348 0.0
vt 0.342942 0.874986 0.0
vt 0.372008 0.868441 0.0
vt 0.349249 0.885396 0.0
vt 0.308672 0.823030 0.0
vt 0.320001 0.797125 0.0
vt 0.305790 0.820982 0.0
vt 0.313462 0.776923 0.0
vt 0.304933 0.795265 0.0
vt 0.159272 0.049520 0.0
vt 0.159800 0.045657 0.0
vt 0.146279 0.045770 0.0
vt 0.169549 0.052788 0.0
vt 0.171597 0.047033 0.0
vt 0.198147 0.063233 0.0
vt 0.205491 0.049336 0.0
vt 0.222800 0.075013 0.0
vt 0.235908 0.054049 0.0
vt 0.157465 0.053527 0.0
vt 0.169549 0.052788 0.0
vt 0.136722 0.081388 0.0
vt 0.126064 0.073506 0.0
vt 0.144269 0.087098 0.0
vt 0.164980 0.059553 0.0
vt 0.164980 0.059553 0.0
vt 0.188419 0.076943 0.0
vt 0.167560 0.104650 0.0
vt 0.198147 0.063233 0.0
vt 0.188419 0.076943 0.0
vt 0.222800 0.075013 0.0
vt 0.190726 0.121979 0.0
vt 0.212405 0.093355 0.0
vt 0.212405 0.093355 0.0
vt 0.232705 0.108000 0.0
vt 0.210720 0.136796 0.0
vt 0.245348 0.097813 0.0
vt 0.232705 0.108000 0.0
vt 0.247112 0.118970 0.0
vt 0.224674 0.147391 0.0
vt 0.257885 0.107434 0.0
vt 0.247112 0.118970 0.0
vt 0.259285 0.128799 0.0
vt 0.236162 0.156567 0.0
vt 0.269342 0.117007 0.0
vt 0.259285 0.128799 0.0
vt 0.281033 0.147443 0.0
vt 0.281033 0.147443 0.0
vt 0.293427 0.138391 0.0
vt 0.256532 0.174133 0.0
vt 0.301551 0.166924 0.0
vt 0.301551 0.166924 0.0
vt 0.312689 0.157887 0.0
vt 0.275467 0.192464 0.0
vt 0.330172 0.174929 0.0
vt 0.294430 0.213162 0.0
vt 0.320996 0.189601 0.0
vt 0.347042 0.197925 0.0
vt 0.335489 0.213475 0.0
vt 0.320996 0.189601 0.0
vt 0.335489 0.213475 0.0
vt 0.312806 0.233801 0.0
vt 0.954700 0.374735 0.0
vt 0.952783 0.366452 0.0
vt 0.932885 0.361623 0.0
vt 0.950756 0.356939 0.0
vt 0.932751 0.371703 0.0
vt 0.956594 0.389500 0.0
vt 0.932309 0.350906 0.0
vt 0.947034 0.341550 0.0
vt 0.929826 0.338989 0.0
vt 0.944560 0.327302 0.0
vt 0.926643 0.325190 0.0
vt 0.941932 0.300756 0.0
vt 0.918601 0.300437 0.0
vt 0.941473 0.286868 0.0
vt 0.916002 0.285297 0.0
vt 0.946227 0.250779 0.0
vt 0.927554 0.249398 0.0
vt 0.930310 0.241226 0.0
vt 0.947696 0.241958 0.0
vt 0.937584 0.222022 0.0
vt 0.949429 0.223205 0.0
vt 0.943985 0.194761 0.0
vt 0.948320 0.193931 0.0
vt 0.946600 0.182311 0.0
vt 0.227173 0.796643 0.0
vt 0.221832 0.800650 0.0
vt 0.225008 0.807915 0.0
vt 0.238589 0.803951 0.0
vt 0.246407 0.792365 0.0
vt 0.244594 0.809389 0.0
vt 0.251182 0.808867 0.0
vt 0.237437 0.831313 0.0
vt 0.225287 0.831076 0.0
vt 0.218834 0.809456 0.0
vt 0.216501 0.803621 0.0
vt 0.219471 0.831142 0.0
vt 0.208843 0.812079 0.0
vt 0.209521 0.831522 0.0
vt 0.061738 0.852143 0.0
vt 0.033399 0.837837 0.0
vt 0.034543 0.855615 0.0
vt 0.057884 0.838917 0.0
vt 0.064416 0.863494 0.0
vt 0.036868 0.868215 0.0
vt 0.034543 0.855615 0.0
vt 0.057884 0.838917 0.0
vt 0.061738 0.852143 0.0
vt 0.033399 0.837837 0.0
vt 0.036868 0.868215 0.0
vt 0.064416 0.863494 0.0
vt 0.058089 0.940604 0.0
vt 0.043816 0.946882 0.0
vt 0.055945 0.953969 0.0
vt 0.036536 0.976035 0.0
vt 0.019618 0.947732 0.0
vt 0.022674 0.977488 0.0
vt 0.020316 0.927799 0.0
vt 0.046767 0.929935 0.0
vt 0.021878 0.913656 0.0
vt 0.057569 0.930321 0.0
vt 0.048016 0.917198 0.0
vt 0.024316 0.896499 0.0
vt 0.057347 0.916565 0.0
vt 0.052445 0.901551 0.0
vt 0.025262 0.891236 0.0
vt 0.056595 0.902089 0.0
vt 0.056485 0.897295 0.0
vt 0.439566 0.902942 0.0
vt 0.399086 0.872092 0.0
vt 0.435157 0.913347 0.0
vt 0.386396 0.876765 0.0
vt 0.384163 0.862255 0.0
vt 0.372008 0.868441 0.0
vt 0.370705 0.860348 0.0
vt 0.381565 0.853954 0.0
vt 0.366940 0.850836 0.0
vt 0.378464 0.846403 0.0
vt 0.372090 0.834914 0.0
vt 0.361175 0.839584 0.0
vt 0.364020 0.822279 0.0
vt 0.353262 0.825455 0.0
vt 0.351971 0.805691 0.0
vt 0.344265 0.812340 0.0
vt 0.343434 0.796689 0.0
vt 0.337656 0.804502 0.0
vt 0.340135 0.793493 0.0
vt 0.325653 0.798559 0.0
vt 0.333741 0.787757 0.0
vt 0.328399 0.784532 0.0
vt 0.315824 0.829021 0.0
vt 0.344265 0.812340 0.0
vt 0.320463 0.833986 0.0
vt 0.353262 0.825455 0.0
vt 0.327220 0.843513 0.0
vt 0.361175 0.839584 0.0
vt 0.333678 0.855173 0.0
vt 0.366940 0.850836 0.0
vt 0.338554 0.865405 0.0
vt 0.370705 0.860348 0.0
vt 0.342942 0.874986 0.0
vt 0.349249 0.885396 0.0
vt 0.372008 0.868441 0.0
vt 0.308672 0.823030 0.0
vt 0.320001 0.797125 0.0
vt 0.305790 0.820982 0.0
vt 0.313462 0.776923 0.0
vt 0.304933 0.795265 0.0
vt 0.237437 0.831313 0.0
vt 0.225008 0.807915 0.0
vt 0.238589 0.803951 0.0
vt 0.225287 0.831076 0.0
vt 0.218834 0.809456 0.0
vt 0.219471 0.831142 0.0
vt 0.208843 0.812079 0.0
vt 0.209521 0.831522 0.0
vt 0.458443 0.237755 0.0
vt 0.457162 0.248493 0.0
vt 0.444653 0.235030 0.0
vt 0.448536 0.224127 0.0
vt 0.459870 0.225326 0.0
vt 0.462833 0.201457 0.0
vt 0.451678 0.199738 0.0
vt 0.465346 0.181139 0.0
vt 0.440949 0.243012 0.0
vt 0.446547 0.179641 0.0
vt 0.442616 0.253551 0.0
vt 0.439187 0.270642 0.0
vt 0.436094 0.259605 0.0
vt 0.455431 0.260764 0.0
vt 0.472651 0.255619 0.0
vt 0.458443 0.237755 0.0
vt 0.471146 0.266146 0.0
vt 0.474371 0.242341 0.0
vt 0.476388 0.227581 0.0
vt 0.459870 0.225326 0.0
vt 0.480638 0.206151 0.0
vt 0.462833 0.201457 0.0
vt 0.484562 0.188643 0.0
vt 0.465346 0.181139 0.0
vt 0.478982 0.176503 0.0
vt 0.490022 0.183542 0.0
vt 0.484373 0.174402 0.0
vt 0.499817 0.175251 0.0
vt 0.491734 0.169941 0.0
vt 0.498674 0.163438 0.0
vt 0.504946 0.167644 0.0
vt 0.504028 0.158304 0.0
vt 0.525488 0.182203 0.0
vt 0.519342 0.195323 0.0
vt 0.490022 0.183542 0.0
vt 0.484562 0.188643 0.0
vt 0.516162 0.201250 0.0
vt 0.528673 0.170317 0.0
vt 0.508982 0.159599 0.0
vt 0.529348 0.158539 0.0
vt 0.511917 0.149320 0.0
vt 0.528422 0.148216 0.0
vt 0.513967 0.133016 0.0
vt 0.506909 0.132113 0.0
vt 0.503286 0.153063 0.0
vt 0.499457 0.131293 0.0
vt 0.495905 0.155508 0.0
vt 0.312689 0.157887 0.0
vt 0.330172 0.174929 0.0
vt 0.301551 0.166924 0.0
vt 0.293427 0.138391 0.0
vt 0.320996 0.189601 0.0
vt 0.347042 0.197925 0.0
vt 0.335489 0.213475 0.0
vt 0.281033 0.147443 0.0
vt 0.269342 0.117007 0.0
vt 0.259285 0.128799 0.0
vt 0.257885 0.107434 0.0
vt 0.247112 0.118970 0.0
vt 0.245348 0.097813 0.0
vt 0.232705 0.108000 0.0
vt 0.222800 0.075013 0.0
vt 0.212405 0.093355 0.0
vt 0.188419 0.076943 0.0
vt 0.198147 0.063233 0.0
vt 0.169549 0.052788 0.0
vt 0.164980 0.059553 0.0
vt 0.157465 0.053527 0.0
vt 0.159272 0.049520 0.0
vt 0.146279 0.045770 0.0
vt 0.227230 0.298516 0.0
vt 0.241364 0.316322 0.0
vt 0.244810 0.296701 0.0
vt 0.275106 0.318787 0.0
vt 0.280317 0.301961 0.0
vt 0.306150 0.321121 0.0
vt 0.307453 0.305298 0.0
vt 0.338576 0.320779 0.0
vt 0.341764 0.305917 0.0
vt 0.379516 0.316992 0.0
vt 0.359386 0.268070 0.0
vt 0.395312 0.286889 0.0
vt 0.312711 0.284472 0.0
vt 0.322828 0.253173 0.0
vt 0.299087 0.247152 0.0
vt 0.289689 0.281439 0.0
vt 0.266709 0.238094 0.0
vt 0.256059 0.274471 0.0
vt 0.250338 0.232770 0.0
vt 0.242582 0.268674 0.0
vt 0.227360 0.231948 0.0
vt 0.232607 0.264051 0.0
vt 0.831297 0.433422 0.0
vt 0.865052 0.403985 0.0
vt 0.851646 0.395797 0.0
vt 0.843254 0.441323 0.0
vt 0.882254 0.416502 0.0
vt 0.821436 0.426599 0.0
vt 0.842674 0.390020 0.0
vt 0.810476 0.369563 0.0
vt 0.799447 0.458658 0.0
vt 0.785842 0.402701 0.0
vt 0.789751 0.357781 0.0
vt 0.812553 0.467559 0.0
vt 0.089096 0.119239 0.0
vt 0.104232 0.125207 0.0
vt 0.102652 0.119512 0.0
vt 0.117823 0.117165 0.0
vt 0.090629 0.130804 0.0
vt 0.106639 0.103248 0.0
vt 0.111891 0.100098 0.0
vt 0.126212 0.101936 0.0
vt 0.103627 0.139451 0.0
vt 0.104232 0.125207 0.0
vt 0.130665 0.147070 0.0
vt 0.102718 0.155447 0.0
vt 0.131925 0.139904 0.0
vt 0.110552 0.129949 0.0
vt 0.117823 0.117165 0.0
vt 0.134637 0.130831 0.0
vt 0.136083 0.115024 0.0
vt 0.083264 0.150451 0.0
vt 0.102718 0.155447 0.0
vt 0.278860 0.435637 0.0
vt 0.264931 0.469379 0.0
vt 0.251199 0.427603 0.0
vt 0.267160 0.470100 0.0
vt 0.239104 0.461185 0.0
vt 0.215058 0.452414 0.0
vt 0.228672 0.420095 0.0
vt 0.200096 0.413007 0.0
vt 0.186786 0.438983 0.0
vt 0.182327 0.406719 0.0
vt 0.171045 0.430165 0.0
vt 0.170068 0.429617 0.0
vt 0.201394 0.408739 0.0
vt 0.228956 0.411207 0.0
vt 0.255012 0.414108 0.0
vt 0.251199 0.427603 0.0
vt 0.281317 0.418544 0.0
vt 0.278860 0.435637 0.0
vt 0.316682 0.430929 0.0
vt 0.067269 0.759870 0.0
vt 0.077780 0.754690 0.0
vt 0.082353 0.761541 0.0
vt 0.063371 0.752332 0.0
vt 0.070103 0.747171 0.0
vt 0.048933 0.738433 0.0
vt 0.055572 0.733214 0.0
vt 0.043775 0.722065 0.0
vt 0.037769 0.724919 0.0
vt 0.030669 0.710021 0.0
vt 0.028498 0.727108 0.0
vt 0.024967 0.711497 0.0
vt 0.032486 0.742883 0.0
vt 0.038102 0.760101 0.0
vt 0.063371 0.752332 0.0
vt 0.041294 0.767886 0.0
vt 0.067269 0.759870 0.0
vt 0.043878 0.774144 0.0
vt 0.070780 0.767345 0.0
vt 0.045149 0.778401 0.0
vt 0.072673 0.773736 0.0
vt 0.045837 0.786907 0.0
vt 0.073419 0.786593 0.0
vt 0.044703 0.795500 0.0
vt 0.072036 0.798862 0.0
vt 0.042040 0.804840 0.0
vt 0.069078 0.810708 0.0
vt 0.037205 0.818928 0.0
vt 0.063476 0.824754 0.0
vt 0.033399 0.837837 0.0
vt 0.057884 0.838917 0.0
vt 0.043816 0.946882 0.0
vt 0.058089 0.940604 0.0
vt 0.055945 0.953969 0.0
vt 0.036536 0.976035 0.0
vt 0.046767 0.929935 0.0
vt 0.057569 0.930321 0.0
vt 0.048016 0.917198 0.0
vt 0.057347 0.916565 0.0
vt 0.020316 0.927799 0.0
vt 0.043816 0.946882 0.0
vt 0.021878 0.913656 0.0
vt 0.019618 0.947732 0.0
vt 0.036536 0.976035 0.0
vt 0.022674 0.977488 0.0
vt 0.024316 0.896499 0.0
vt 0.052445 0.901551 0.0
vt 0.025262 0.891236 0.0
vt 0.056485 0.897295 0.0
vt 0.056595 0.902089 0.0
vt 0.058387 0.901969 0.0
vt 0.062149 0.915122 0.0
vt 0.057347 0.916565 0.0
vt 0.068043 0.927802 0.0
vt 0.057569 0.930321 0.0
vt 0.058089 0.940604 0.0
vt 0.073505 0.934364 0.0
vt 0.055945 0.953969 0.0
vt 0.063390 0.950658 0.0
vt 0.053670 0.970978 0.0
vt 0.036536 0.976035 0.0
vt 0.053774 0.988061 0.0
vt 0.037036 0.988796 0.0
vt 0.064441 0.987544 0.0
vt 0.064345 0.969858 0.0
vt 0.086016 0.987673 0.0
vt 0.070875 0.948785 0.0
vt 0.086665 0.948829 0.0
vt 0.087993 0.939943 0.0
vt 0.086386 0.969491 0.0
vt 0.086665 0.948829 0.0
vt 0.100599 0.952279 0.0
vt 0.103620 0.937138 0.0
vt 0.101926 0.972262 0.0
vt 0.102603 0.988710 0.0
vt 0.107082 0.954089 0.0
vt 0.112076 0.951487 0.0
vt 0.111399 0.936600 0.0
vt 0.122171 0.946330 0.0
vt 0.120590 0.935639 0.0
vt 0.127927 0.943663 0.0
vt 0.126150 0.933977 0.0
vt 0.136885 0.940327 0.0
vt 0.135389 0.930887 0.0
vt 0.112210 0.977139 0.0
vt 0.115068 0.987438 0.0
vt 0.117375 0.967757 0.0
vt 0.112076 0.951487 0.0
vt 0.125243 0.982771 0.0
vt 0.115068 0.987438 0.0
vt 0.127219 0.960825 0.0
vt 0.122171 0.946330 0.0
vt 0.135250 0.976686 0.0
vt 0.127927 0.943663 0.0
vt 0.132335 0.958700 0.0
vt 0.139449 0.974678 0.0
vt 0.147898 0.971463 0.0
vt 0.141291 0.954719 0.0
vt 0.136885 0.940327 0.0
vt 0.297951 0.816651 0.0
vt 0.291323 0.796403 0.0
vt 0.291280 0.814940 0.0
vt 0.281235 0.800131 0.0
vt 0.286033 0.815802 0.0
vt 0.273946 0.804103 0.0
vt 0.281594 0.818425 0.0
vt 0.268021 0.809216 0.0
vt 0.276574 0.822341 0.0
vt 0.270278 0.827340 0.0
vt 0.261374 0.814833 0.0
vt 0.251182 0.808867 0.0
vt 0.246407 0.792365 0.0
vt 0.253334 0.785745 0.0
vt 0.273946 0.804103 0.0
vt 0.260389 0.779796 0.0
vt 0.281235 0.800131 0.0
vt 0.268705 0.773648 0.0
vt 0.291323 0.796403 0.0
vt 0.274876 0.768983 0.0
vt 0.280925 0.753405 0.0
vt 0.243744 0.754215 0.0
vt 0.260389 0.779796 0.0
vt 0.248278 0.748057 0.0
vt 0.235533 0.762878 0.0
vt 0.255604 0.732221 0.0
vt 0.253334 0.785745 0.0
vt 0.277885 0.736190 0.0
vt 0.228758 0.770004 0.0
vt 0.262402 0.717905 0.0
vt 0.246407 0.792365 0.0
vt 0.276854 0.715962 0.0
vt 0.219007 0.778462 0.0
vt 0.227173 0.796643 0.0
vt 0.214631 0.784744 0.0
vt 0.273151 0.695501 0.0
vt 0.213427 0.789504 0.0
vt 0.277189 0.697266 0.0
vt 0.277519 0.687200 0.0
vt 0.240743 0.673871 0.0
vt 0.237478 0.682835 0.0
vt 0.262402 0.717905 0.0
vt 0.229234 0.707552 0.0
vt 0.255604 0.732221 0.0
vt 0.224694 0.723947 0.0
vt 0.248278 0.748057 0.0
vt 0.220914 0.743102 0.0
vt 0.243744 0.754215 0.0
vt 0.220001 0.748855 0.0
vt 0.235533 0.762878 0.0
vt 0.217734 0.756248 0.0
vt 0.228758 0.770004 0.0
vt 0.214304 0.762320 0.0
vt 0.219007 0.778462 0.0
vt 0.207708 0.770855 0.0
vt 0.201931 0.778113 0.0
vt 0.214631 0.784744 0.0
vt 0.199093 0.783038 0.0
vt 0.196029 0.789850 0.0
vt 0.212364 0.796226 0.0
vt 0.190392 0.805801 0.0
vt 0.208843 0.812079 0.0
vt 0.216501 0.803621 0.0
vt 0.221832 0.800650 0.0
vt 0.587003 0.180213 0.0
vt 0.610974 0.194664 0.0
vt 0.591008 0.202290 0.0
vt 0.568404 0.205300 0.0
vt 0.607743 0.182666 0.0
vt 0.562861 0.183738 0.0
vt 0.619670 0.192783 0.0
vt 0.556446 0.206912 0.0
vt 0.622559 0.185428 0.0
vt 0.549905 0.190064 0.0
vt 0.630324 0.190201 0.0
vt 0.627856 0.192902 0.0
vt 0.633565 0.193658 0.0
vt 0.545226 0.208872 0.0
vt 0.539688 0.195851 0.0
vt 0.530428 0.211112 0.0
vt 0.526038 0.205243 0.0
vt 0.519823 0.212458 0.0
vt 0.530428 0.211112 0.0
vt 0.526038 0.205243 0.0
vt 0.519823 0.212458 0.0
vt 0.539688 0.195851 0.0
vt 0.545226 0.208872 0.0
vt 0.549905 0.190064 0.0
vt 0.556446 0.206912 0.0
vt 0.562861 0.183738 0.0
vt 0.568404 0.205300 0.0
vt 0.587003 0.180213 0.0
vt 0.591008 0.202290 0.0
vt 0.610974 0.194664 0.0
vt 0.607743 0.182666 0.0
vt 0.619670 0.192783 0.0
vt 0.622559 0.185428 0.0
vt 0.630324 0.190201 0.0
vt 0.627856 0.192902 0.0
vt 0.633565 0.193658 0.0
vt 0.627624 0.196815 0.0
vt 0.619670 0.192783 0.0
vt 0.621236 0.200811 0.0
vt 0.610974 0.194664 0.0
vt 0.619592 0.202603 0.0
vt 0.472651 0.255619 0.0
vt 0.474371 0.242341 0.0
vt 0.458443 0.237755 0.0
vt 0.476388 0.227581 0.0
vt 0.459870 0.225326 0.0
vt 0.480638 0.206151 0.0
vt 0.462833 0.201457 0.0
vt 0.484562 0.188643 0.0
vt 0.465346 0.181139 0.0
vt 0.457162 0.248493 0.0
vt 0.478982 0.176503 0.0
vt 0.467191 0.174049 0.0
vt 0.457865 0.169740 0.0
vt 0.479252 0.161986 0.0
vt 0.465525 0.159858 0.0
vt 0.227173 0.796643 0.0
vt 0.213427 0.789504 0.0
vt 0.214631 0.784744 0.0
vt 0.221832 0.800650 0.0
vt 0.212364 0.796226 0.0
vt 0.216501 0.803621 0.0
vt 0.196029 0.789850 0.0
vt 0.199093 0.783038 0.0
vt 0.190392 0.805801 0.0
vt 0.214631 0.784744 0.0
vt 0.208843 0.812079 0.0
vt 0.201931 0.778113 0.0
vt 0.218834 0.809456 0.0
vt 0.219007 0.778462 0.0
vt 0.221832 0.800650 0.0
vt 0.207708 0.770855 0.0
vt 0.225008 0.807915 0.0
vt 0.214304 0.762320 0.0
vt 0.227173 0.796643 0.0
vt 0.228758 0.770004 0.0
vt 0.238589 0.803951 0.0
vt 0.217734 0.756248 0.0
vt 0.246407 0.792365 0.0
vt 0.244594 0.809389 0.0
vt 0.251182 0.808867 0.0
vt 0.235533 0.762878 0.0
vt 0.220001 0.748855 0.0
vt 0.243744 0.754215 0.0
vt 0.220914 0.743102 0.0
vt 0.248278 0.748057 0.0
vt 0.224694 0.723947 0.0
vt 0.251182 0.808867 0.0
vt 0.246407 0.792365 0.0
vt 0.268021 0.809216 0.0
vt 0.261374 0.814833 0.0
vt 0.270278 0.827340 0.0
vt 0.276574 0.822341 0.0
vt 0.253334 0.785745 0.0
vt 0.281594 0.818425 0.0
vt 0.273946 0.804103 0.0
vt 0.273946 0.804103 0.0
vt 0.260389 0.779796 0.0
vt 0.286033 0.815802 0.0
vt 0.281235 0.800131 0.0
vt 0.281235 0.800131 0.0
vt 0.291280 0.814940 0.0
vt 0.291323 0.796403 0.0
vt 0.297951 0.816651 0.0
vt 0.268705 0.773648 0.0
vt 0.291323 0.796403 0.0
vt 0.274876 0.768983 0.0
vt 0.243744 0.754215 0.0
vt 0.260389 0.779796 0.0
vt 0.235533 0.762878 0.0
vt 0.253334 0.785745 0.0
vt 0.228758 0.770004 0.0
vt 0.246407 0.792365 0.0
vt 0.219007 0.778462 0.0
vt 0.177140 0.630208 0.0
vt 0.177228 0.658234 0.0
vt 0.182479 0.632153 0.0
vt 0.186929 0.608236 0.0
vt 0.169111 0.657944 0.0
vt 0.171384 0.679151 0.0
vt 0.160164 0.677941 0.0
vt 0.163341 0.706492 0.0
vt 0.148601 0.697083 0.0
vt 0.150858 0.709605 0.0
vt 0.133390 0.708170 0.0
vt 0.137939 0.714014 0.0
vt 0.151440 0.720636 0.0
vt 0.137939 0.714014 0.0
vt 0.141358 0.721750 0.0
vt 0.134913 0.764529 0.0
vt 0.143705 0.765844 0.0
vt 0.168466 0.727620 0.0
vt 0.171911 0.723348 0.0
vt 0.181252 0.737807 0.0
vt 0.181127 0.721791 0.0
vt 0.163341 0.706492 0.0
vt 0.219893 0.725874 0.0
vt 0.218315 0.741753 0.0
vt 0.221805 0.710408 0.0
vt 0.180867 0.705986 0.0
vt 0.171384 0.679151 0.0
vt 0.225796 0.681179 0.0
vt 0.182522 0.678000 0.0
vt 0.227516 0.657789 0.0
vt 0.183152 0.657273 0.0
vt 0.177228 0.658234 0.0
vt 0.185207 0.632136 0.0
vt 0.185207 0.632136 0.0
vt 0.182479 0.632153 0.0
vt 0.186929 0.608236 0.0
vt 0.226550 0.629037 0.0
vt 0.186929 0.608236 0.0
vt 0.223476 0.603987 0.0
vt 0.031639 0.703899 0.0
vt 0.037769 0.724919 0.0
vt 0.028498 0.727108 0.0
vt 0.024967 0.711497 0.0
vt 0.032486 0.742883 0.0
vt 0.048933 0.738433 0.0
vt 0.055572 0.733214 0.0
vt 0.038102 0.760101 0.0
vt 0.070103 0.747171 0.0
vt 0.063371 0.752332 0.0
vt 0.063371 0.752332 0.0
vt 0.067269 0.759870 0.0
vt 0.077780 0.754690 0.0
vt 0.041294 0.767886 0.0
vt 0.067269 0.759870 0.0
vt 0.070780 0.767345 0.0
vt 0.082353 0.761541 0.0
vt 0.043878 0.774144 0.0
vt 0.070780 0.767345 0.0
vt 0.072673 0.773736 0.0
vt 0.045149 0.778401 0.0
vt 0.073419 0.786593 0.0
vt 0.045837 0.786907 0.0
vt 0.072036 0.798862 0.0
vt 0.044703 0.795500 0.0
vt 0.069078 0.810708 0.0
vt 0.042040 0.804840 0.0
vt 0.063476 0.824754 0.0
vt 0.037205 0.818928 0.0
vt 0.057884 0.838917 0.0
vt 0.033399 0.837837 0.0
vt 0.085524 0.769839 0.0
vt 0.072673 0.773736 0.0
vt 0.087769 0.785213 0.0
vt 0.073419 0.786593 0.0
vt 0.102676 0.784798 0.0
vt 0.098658 0.768722 0.0
vt 0.084493 0.798872 0.0
vt 0.072036 0.798862 0.0
vt 0.078636 0.814737 0.0
vt 0.069078 0.810708 0.0
vt 0.071866 0.828558 0.0
vt 0.063476 0.824754 0.0
vt 0.066226 0.841814 0.0
vt 0.057884 0.838917 0.0
vt 0.061738 0.852143 0.0
vt 0.095123 0.800106 0.0
vt 0.084493 0.798872 0.0
vt 0.087126 0.819300 0.0
vt 0.078636 0.814737 0.0
vt 0.080402 0.833934 0.0
vt 0.071866 0.828558 0.0
vt 0.073844 0.846312 0.0
vt 0.066226 0.841814 0.0
vt 0.061738 0.852143 0.0
vt 0.064416 0.863494 0.0
vt 0.761456 0.384957 0.0
vt 0.785842 0.402701 0.0
vt 0.763606 0.432138 0.0
vt 0.799447 0.458658 0.0
vt 0.732592 0.406729 0.0
vt 0.789751 0.357781 0.0
vt 0.810476 0.369563 0.0
vt 0.761017 0.347036 0.0
vt 0.821436 0.426599 0.0
vt 0.842674 0.390020 0.0
vt 0.851646 0.395797 0.0
vt 0.748057 0.377674 0.0
vt 0.742290 0.342094 0.0
vt 0.831297 0.433422 0.0
vt 0.812553 0.467559 0.0
vt 0.865052 0.403985 0.0
vt 0.738515 0.375083 0.0
vt 0.721034 0.401254 0.0
vt 0.722531 0.371297 0.0
vt 0.722531 0.371297 0.0
vt 0.717333 0.340079 0.0
vt 0.707948 0.398622 0.0
vt 0.698808 0.370284 0.0
vt 0.698808 0.370284 0.0
vt 0.689479 0.401049 0.0
vt 0.678120 0.373757 0.0
vt 0.682698 0.344382 0.0
vt 0.678120 0.373757 0.0
vt 0.658625 0.353306 0.0
vt 0.843254 0.441323 0.0
vt 0.882254 0.416502 0.0
vt 0.824694 0.475311 0.0
vt 0.860413 0.453231 0.0
vt 0.900259 0.429893 0.0
vt 0.842352 0.486550 0.0
vt 0.877819 0.467015 0.0
vt 0.181127 0.721791 0.0
vt 0.163341 0.706492 0.0
vt 0.180867 0.705986 0.0
vt 0.171911 0.723348 0.0
vt 0.181252 0.737807 0.0
vt 0.171384 0.679151 0.0
vt 0.219893 0.725874 0.0
vt 0.218315 0.741753 0.0
vt 0.221805 0.710408 0.0
vt 0.225796 0.681179 0.0
vt 0.182522 0.678000 0.0
vt 0.227516 0.657789 0.0
vt 0.183152 0.657273 0.0
vt 0.177228 0.658234 0.0
vt 0.185207 0.632136 0.0
vt 0.182479 0.632153 0.0
vt 0.226550 0.629037 0.0
vt 0.186929 0.608236 0.0
vt 0.223476 0.603987 0.0
vt 0.209864 0.548117 0.0
vt 0.210300 0.536745 0.0
vt 0.202129 0.539044 0.0
vt 0.194355 0.569260 0.0
vt 0.203673 0.572433 0.0
vt 0.247943 0.559485 0.0
vt 0.209864 0.548117 0.0
vt 0.240431 0.584094 0.0
vt 0.200925 0.533147 0.0
vt 0.202129 0.539044 0.0
vt 0.207095 0.528237 0.0
vt 0.195257 0.516206 0.0
vt 0.203376 0.512822 0.0
vt 0.191005 0.499358 0.0
vt 0.200765 0.491352 0.0
vt 0.194355 0.569260 0.0
vt 0.202129 0.539044 0.0
vt 0.209864 0.548117 0.0
vt 0.203673 0.572433 0.0
vt 0.210300 0.536745 0.0
vt 0.200925 0.533147 0.0
vt 0.207095 0.528237 0.0
vt 0.195257 0.516206 0.0
vt 0.203376 0.512822 0.0
vt 0.191005 0.499358 0.0
vt 0.200765 0.491352 0.0
vt 0.247943 0.559485 0.0
vt 0.209864 0.548117 0.0
vt 0.240431 0.584094 0.0
vt 0.488679 0.159225 0.0
vt 0.450411 0.147441 0.0
vt 0.442253 0.156329 0.0
vt 0.434520 0.131641 0.0
vt 0.426912 0.138328 0.0
vt 0.416243 0.109434 0.0
vt 0.409670 0.115015 0.0
vt 0.491734 0.169941 0.0
vt 0.402289 0.090191 0.0
vt 0.495905 0.155508 0.0
vt 0.498674 0.163438 0.0
vt 0.504028 0.158304 0.0
vt 0.503286 0.153063 0.0
vt 0.511917 0.149320 0.0
vt 0.506909 0.132113 0.0
vt 0.513967 0.133016 0.0
vt 0.499457 0.131293 0.0
vt 0.492954 0.130910 0.0
vt 0.488679 0.159225 0.0
vt 0.486062 0.130472 0.0
vt 0.479252 0.161986 0.0
vt 0.477501 0.128596 0.0
vt 0.465525 0.159858 0.0
vt 0.450411 0.147441 0.0
vt 0.466911 0.122265 0.0
vt 0.434520 0.131641 0.0
vt 0.454488 0.109794 0.0
vt 0.416243 0.109434 0.0
vt 0.437330 0.089477 0.0
vt 0.421482 0.071535 0.0
vt 0.386160 0.072513 0.0
vt 0.404374 0.054459 0.0
vt 0.397139 0.094300 0.0
vt 0.366198 0.104152 0.0
vt 0.360603 0.077878 0.0
vt 0.391318 0.096655 0.0
vt 0.377029 0.131004 0.0
vt 0.402826 0.119142 0.0
vt 0.409670 0.115015 0.0
vt 0.393691 0.157592 0.0
vt 0.419534 0.143180 0.0
vt 0.419534 0.143180 0.0
vt 0.426912 0.138328 0.0
vt 0.406449 0.175368 0.0
vt 0.433449 0.162482 0.0
vt 0.433449 0.162482 0.0
vt 0.413213 0.187892 0.0
vt 0.446547 0.179641 0.0
vt 0.442253 0.156329 0.0
vt 0.446547 0.179641 0.0
vt 0.457865 0.169740 0.0
vt 0.465346 0.181139 0.0
vt 0.451678 0.199738 0.0
vt 0.462833 0.201457 0.0
vt 0.448536 0.224127 0.0
vt 0.459870 0.225326 0.0
vt 0.458443 0.237755 0.0
vt 0.444653 0.235030 0.0
vt 0.440949 0.243012 0.0
vt 0.442616 0.253551 0.0
vt 0.455431 0.260764 0.0
vt 0.471146 0.266146 0.0
vt 0.469724 0.272160 0.0
vt 0.439187 0.270642 0.0
vt 0.436094 0.259605 0.0
vt 0.454551 0.270119 0.0
vt 0.454551 0.270119 0.0
vt 0.466266 0.291120 0.0
vt 0.444987 0.293363 0.0
vt 0.453315 0.291552 0.0
vt 0.453315 0.291552 0.0
vt 0.448674 0.316521 0.0
vt 0.453754 0.316500 0.0
vt 0.452167 0.339064 0.0
vt 0.459407 0.317784 0.0
vt 0.453754 0.316500 0.0
vt 0.452167 0.339064 0.0
vt 0.487364 0.327700 0.0
vt 0.479022 0.349336 0.0
vt 0.496339 0.299577 0.0
vt 0.466266 0.291120 0.0
vt 0.501153 0.279387 0.0
vt 0.469724 0.272160 0.0
vt 0.502495 0.273041 0.0
vt 0.471146 0.266146 0.0
vt 0.504658 0.261927 0.0
vt 0.472651 0.255619 0.0
vt 0.474371 0.242341 0.0
vt 0.506783 0.248123 0.0
vt 0.508740 0.233829 0.0
vt 0.476388 0.227581 0.0
vt 0.480638 0.206151 0.0
vt 0.512040 0.214504 0.0
vt 0.484562 0.188643 0.0
vt 0.516162 0.201250 0.0
vt 0.333740 0.477821 0.0
vt 0.347657 0.467685 0.0
vt 0.358750 0.473640 0.0
vt 0.344843 0.485837 0.0
vt 0.374239 0.491897 0.0
vt 0.356971 0.497723 0.0
vt 0.086665 0.948829 0.0
vt 0.086386 0.969491 0.0
vt 0.101926 0.972262 0.0
vt 0.100599 0.952279 0.0
vt 0.107082 0.954089 0.0
vt 0.070875 0.948785 0.0
vt 0.112210 0.977139 0.0
vt 0.102603 0.988710 0.0
vt 0.115068 0.987438 0.0
vt 0.086016 0.987673 0.0
vt 0.064441 0.987544 0.0
vt 0.064345 0.969858 0.0
vt 0.063390 0.950658 0.0
vt 0.053774 0.988061 0.0
vt 0.053670 0.970978 0.0
vt 0.055945 0.953969 0.0
vt 0.036536 0.976035 0.0
vt 0.037036 0.988796 0.0
vt 0.347657 0.467685 0.0
vt 0.344843 0.485837 0.0
vt 0.358750 0.473640 0.0
vt 0.333740 0.477821 0.0
vt 0.356971 0.497723 0.0
vt 0.374239 0.491897 0.0
vt 0.437025 0.522576 0.0
vt 0.488568 0.517784 0.0
vt 0.381509 0.523603 0.0
vt 0.454789 0.546149 0.0
vt 0.465754 0.552961 0.0
vt 0.491613 0.554419 0.0
vt 0.501639 0.530002 0.0
vt 0.516867 0.542693 0.0
vt 0.510042 0.555439 0.0
vt 0.527690 0.548567 0.0
vt 0.524530 0.556297 0.0
vt 0.544347 0.556653 0.0
vt 0.398549 0.559840 0.0
vt 0.454789 0.546149 0.0
vt 0.429933 0.581606 0.0
vt 0.452124 0.581871 0.0
vt 0.465754 0.552961 0.0
vt 0.487794 0.579124 0.0
vt 0.491613 0.554419 0.0
vt 0.510036 0.571658 0.0
vt 0.510042 0.555439 0.0
vt 0.526246 0.565121 0.0
vt 0.524530 0.556297 0.0
vt 0.544347 0.556653 0.0
vt 0.355377 0.552491 0.0
vt 0.358249 0.530280 0.0
vt 0.332500 0.552960 0.0
vt 0.331556 0.535560 0.0
vt 0.306086 0.548534 0.0
vt 0.308042 0.540375 0.0
vt 0.291057 0.544990 0.0
vt 0.304468 0.533255 0.0
vt 0.331556 0.535560 0.0
vt 0.325195 0.520185 0.0
vt 0.358249 0.530280 0.0
vt 0.354225 0.510125 0.0
vt 0.369961 0.505841 0.0
vt 0.357924 0.504409 0.0
vt 0.356971 0.497723 0.0
vt 0.374239 0.491897 0.0
vt 0.351410 0.777956 0.0
vt 0.359444 0.750647 0.0
vt 0.369034 0.755067 0.0
vt 0.344079 0.780228 0.0
vt 0.806386 0.879244 0.0
vt 0.810016 0.859102 0.0
vt 0.813240 0.877032 0.0
vt 0.818622 0.887241 0.0
vt 0.795031 0.859240 0.0
vt 0.800114 0.829852 0.0
vt 0.814695 0.834799 0.0
vt 0.831010 0.805537 0.0
vt 0.814217 0.796456 0.0
vt 0.832648 0.779527 0.0
vt 0.844006 0.785300 0.0
vt 0.846055 0.766632 0.0
vt 0.850060 0.765476 0.0
vt 0.324160 0.986410 0.0
vt 0.320893 0.994956 0.0
vt 0.328766 1.000617 0.0
vt 0.310148 0.986587 0.0
vt 0.318591 0.973111 0.0
vt 0.318591 0.973111 0.0
vt 0.333036 0.966482 0.0
vt 0.300033 0.976886 0.0
vt 0.330304 0.955135 0.0
vt 0.312092 0.960975 0.0
vt 0.312092 0.960975 0.0
vt 0.293167 0.970406 0.0
vt 0.326346 0.943704 0.0
vt 0.305946 0.952566 0.0
vt 0.305946 0.952566 0.0
vt 0.281640 0.961435 0.0
vt 0.317338 0.929996 0.0
vt 0.294194 0.940263 0.0
vt 0.294194 0.940263 0.0
vt 0.281752 0.930739 0.0
vt 0.310081 0.921838 0.0
vt 0.270857 0.955034 0.0
vt 0.281752 0.930739 0.0
vt 0.241960 0.944986 0.0
vt 0.282065 0.912799 0.0
vt 0.247235 0.918034 0.0
vt 0.251744 0.902598 0.0
vt 0.223348 0.943547 0.0
vt 0.247235 0.918034 0.0
vt 0.224157 0.913389 0.0
vt 0.225349 0.897407 0.0
vt 0.203198 0.946368 0.0
vt 0.224157 0.913389 0.0
vt 0.201407 0.912874 0.0
vt 0.198520 0.896317 0.0
vt 0.186836 0.948645 0.0
vt 0.201407 0.912874 0.0
vt 0.188112 0.916355 0.0
vt 0.172968 0.922664 0.0
vt 0.160075 0.942350 0.0
vt 0.191869 0.898106 0.0
vt 0.188112 0.916355 0.0
vt 0.184015 0.901681 0.0
vt 0.172968 0.922664 0.0
vt 0.097627 0.389024 0.0
vt 0.097927 0.402695 0.0
vt 0.119761 0.411261 0.0
vt 0.118489 0.377359 0.0
vt 0.105756 0.368471 0.0
vt 0.125312 0.355955 0.0
vt 0.112831 0.354804 0.0
vt 0.162948 0.380191 0.0
vt 0.164499 0.358085 0.0
vt 0.160787 0.412910 0.0
vt 0.131598 0.439208 0.0
vt 0.106765 0.418442 0.0
vt 0.121424 0.445192 0.0
vt 0.160545 0.438177 0.0
vt 0.143414 0.486728 0.0
vt 0.165058 0.484950 0.0
vt 0.180935 0.866253 0.0
vt 0.206818 0.846622 0.0
vt 0.193244 0.840096 0.0
vt 0.194260 0.879617 0.0
vt 0.184042 0.892046 0.0
vt 0.184015 0.901681 0.0
vt 0.175881 0.876619 0.0
vt 0.158710 0.857484 0.0
vt 0.160878 0.847509 0.0
vt 0.170031 0.827974 0.0
vt 0.145294 0.844210 0.0
vt 0.146704 0.839485 0.0
vt 0.155631 0.821136 0.0
vt 0.133813 0.833068 0.0
vt 0.141973 0.815044 0.0
vt 0.255604 0.732221 0.0
vt 0.229234 0.707552 0.0
vt 0.262402 0.717905 0.0
vt 0.237478 0.682835 0.0
vt 0.273151 0.695501 0.0
vt 0.240743 0.673871 0.0
vt 0.277519 0.687200 0.0
vt 0.277189 0.697266 0.0
vt 0.276854 0.715962 0.0
vt 0.262402 0.717905 0.0
vt 0.277885 0.736190 0.0
vt 0.280925 0.753405 0.0
vt 0.062101 0.558264 0.0
vt 0.047227 0.558178 0.0
vt 0.057257 0.565708 0.0
vt 0.066696 0.563251 0.0
vt 0.066008 0.577936 0.0
vt 0.073733 0.574802 0.0
vt 0.070559 0.588894 0.0
vt 0.078501 0.583687 0.0
vt 0.028075 0.595265 0.0
vt 0.026657 0.588429 0.0
vt 0.057257 0.565708 0.0
vt 0.021894 0.575481 0.0
vt 0.047227 0.558178 0.0
vt 0.019620 0.555116 0.0
vt 0.084231 0.588474 0.0
vt 0.085935 0.580034 0.0
vt 0.073733 0.574802 0.0
vt 0.082108 0.571311 0.0
vt 0.079827 0.554006 0.0
vt 0.066696 0.563251 0.0
vt 0.062101 0.558264 0.0
vt 0.093196 0.588192 0.0
vt 0.123561 0.570055 0.0
vt 0.127533 0.586855 0.0
vt 0.082108 0.571311 0.0
vt 0.119340 0.561586 0.0
vt 0.079827 0.554006 0.0
vt 0.116541 0.554788 0.0
vt 0.086470 0.598344 0.0
vt 0.093196 0.588192 0.0
vt 0.125751 0.606803 0.0
vt 0.127533 0.586855 0.0
vt 0.119532 0.627986 0.0
vt 0.078869 0.594584 0.0
vt 0.070559 0.588894 0.0
vt 0.072923 0.613146 0.0
vt 0.080060 0.615538 0.0
vt 0.070266 0.633616 0.0
vt 0.076912 0.634786 0.0
vt 0.112505 0.647803 0.0
vt 0.066487 0.654020 0.0
vt 0.070041 0.655084 0.0
vt 0.103810 0.669106 0.0
vt 0.062072 0.675712 0.0
vt 0.094331 0.690180 0.0
vt 0.062072 0.675712 0.0
vt 0.062315 0.654069 0.0
vt 0.070266 0.633616 0.0
vt 0.063356 0.635117 0.0
vt 0.026073 0.635842 0.0
vt 0.026382 0.655516 0.0
vt 0.062072 0.675712 0.0
vt 0.027658 0.677498 0.0
vt 0.027287 0.613126 0.0
vt 0.066420 0.612211 0.0
vt 0.072923 0.613146 0.0
vt 0.028075 0.595265 0.0
vt 0.613660 0.961662 0.0
vt 0.631895 0.952643 0.0
vt 0.614470 0.953798 0.0
vt 0.597428 0.953404 0.0
vt 0.632282 0.966523 0.0
vt 0.662917 0.944459 0.0
vt 0.672013 0.972829 0.0
vt 0.690387 0.930424 0.0
vt 0.726845 0.975576 0.0
vt 0.722379 0.912043 0.0
vt 0.754121 0.925737 0.0
vt 0.795031 0.859240 0.0
vt 0.716688 0.874117 0.0
vt 0.659961 0.900787 0.0
vt 0.649875 0.923250 0.0
vt 0.662917 0.944459 0.0
vt 0.626002 0.938966 0.0
vt 0.631895 0.952643 0.0
vt 0.611561 0.946983 0.0
vt 0.614470 0.953798 0.0
vt 0.597428 0.953404 0.0
vt 0.763606 0.432138 0.0
vt 0.824694 0.475311 0.0
vt 0.761456 0.384957 0.0
vt 0.761017 0.347036 0.0
vt 0.748057 0.377674 0.0
vt 0.742290 0.342094 0.0
vt 0.738515 0.375083 0.0
vt 0.722531 0.371297 0.0
vt 0.717333 0.340079 0.0
vt 0.698808 0.370284 0.0
vt 0.682698 0.344382 0.0
vt 0.678120 0.373757 0.0
vt 0.658625 0.353306 0.0
vt 0.732592 0.406729 0.0
vt 0.748057 0.377674 0.0
vt 0.738515 0.375083 0.0
vt 0.721034 0.401254 0.0
vt 0.722531 0.371297 0.0
vt 0.707948 0.398622 0.0
vt 0.698808 0.370284 0.0
vt 0.689479 0.401049 0.0
vt 0.678120 0.373757 0.0
vt 0.745830 0.423741 0.0
vt 0.751038 0.438972 0.0
vt 0.738726 0.437859 0.0
vt 0.736739 0.426246 0.0
vt 0.732592 0.406729 0.0
vt 0.727928 0.409704 0.0
vt 0.721034 0.401254 0.0
vt 0.746297 0.460090 0.0
vt 0.799447 0.458658 0.0
vt 0.794857 0.499206 0.0
vt 0.824694 0.475311 0.0
vt 0.739113 0.473024 0.0
vt 0.838648 0.533983 0.0
vt 0.792100 0.505126 0.0
vt 0.842352 0.486550 0.0
vt 0.780067 0.527049 0.0
vt 0.720098 0.485207 0.0
vt 0.710726 0.502786 0.0
vt 0.860074 0.499075 0.0
vt 0.823167 0.557969 0.0
vt 0.860119 0.515417 0.0
vt 0.766714 0.547992 0.0
vt 0.697770 0.525146 0.0
vt 0.811962 0.581842 0.0
vt 0.756491 0.562784 0.0
vt 0.809008 0.595414 0.0
vt 0.675331 0.550231 0.0
vt 0.688181 0.524538 0.0
vt 0.679533 0.519855 0.0
vt 0.673074 0.548073 0.0
vt 0.667257 0.543333 0.0
vt 0.653631 0.531153 0.0
vt 0.666203 0.513172 0.0
vt 0.636986 0.514212 0.0
vt 0.657305 0.497742 0.0
vt 0.631005 0.509877 0.0
vt 0.655150 0.486449 0.0
vt 0.620751 0.501632 0.0
vt 0.651220 0.462674 0.0
vt 0.630189 0.456165 0.0
vt 0.604508 0.487503 0.0
vt 0.604482 0.445976 0.0
vt 0.581229 0.467103 0.0
vt 0.569217 0.429957 0.0
vt 0.553038 0.442619 0.0
vt 0.547341 0.420199 0.0
vt 0.538748 0.428705 0.0
vt 0.501624 0.393732 0.0
vt 0.661636 0.475836 0.0
vt 0.674409 0.461542 0.0
vt 0.666383 0.476890 0.0
vt 0.665366 0.485781 0.0
vt 0.657305 0.497742 0.0
vt 0.666186 0.494939 0.0
vt 0.666203 0.513172 0.0
vt 0.671616 0.507110 0.0
vt 0.679533 0.519855 0.0
vt 0.678645 0.511597 0.0
vt 0.680838 0.510091 0.0
vt 0.688181 0.524538 0.0
vt 0.227871 0.883098 0.0
vt 0.194260 0.879617 0.0
vt 0.198520 0.896317 0.0
vt 0.225349 0.897407 0.0
vt 0.251744 0.902598 0.0
vt 0.191869 0.898106 0.0
vt 0.256459 0.888366 0.0
vt 0.282443 0.897526 0.0
vt 0.282065 0.912799 0.0
vt 0.184015 0.901681 0.0
vt 0.310081 0.921838 0.0
vt 0.188112 0.916355 0.0
vt 0.172968 0.922664 0.0
vt 0.201407 0.912874 0.0
vt 0.198520 0.896317 0.0
vt 0.224157 0.913389 0.0
vt 0.225349 0.897407 0.0
vt 0.247235 0.918034 0.0
vt 0.251744 0.902598 0.0
vt 0.281752 0.930739 0.0
vt 0.294194 0.940263 0.0
vt 0.317338 0.929996 0.0
vt 0.305946 0.952566 0.0
vt 0.326346 0.943704 0.0
vt 0.312092 0.960975 0.0
vt 0.330304 0.955135 0.0
vt 0.318591 0.973111 0.0
vt 0.333036 0.966482 0.0
vt 0.332735 0.979683 0.0
vt 0.324160 0.986410 0.0
vt 0.331539 0.993962 0.0
vt 0.320893 0.994956 0.0
vt 0.328766 1.000617 0.0
vt 0.310148 0.986587 0.0
vt 0.318591 0.973111 0.0
vt 0.300033 0.976886 0.0
vt 0.312092 0.960975 0.0
vt 0.293167 0.970406 0.0
vt 0.305946 0.952566 0.0
vt 0.281640 0.961435 0.0
vt 0.294194 0.940263 0.0
vt 0.281752 0.930739 0.0
vt 0.270857 0.955034 0.0
vt 0.241960 0.944986 0.0
vt 0.247235 0.918034 0.0
vt 0.223348 0.943547 0.0
vt 0.224157 0.913389 0.0
vt 0.203198 0.946368 0.0
vt 0.201407 0.912874 0.0
vt 0.188112 0.916355 0.0
vt 0.186836 0.948645 0.0
vt 0.160075 0.942350 0.0
vt 0.172968 0.922664 0.0
vt 0.806386 0.879244 0.0
vt 0.818622 0.887241 0.0
vt 0.798698 0.929958 0.0
vt 0.775783 0.926022 0.0
vt 0.817936 0.931973 0.0
vt 0.829454 0.892710 0.0
vt 0.843167 0.896815 0.0
vt 0.844239 0.931077 0.0
vt 0.859572 0.894062 0.0
vt 0.795031 0.859240 0.0
vt 0.884815 0.927658 0.0
vt 0.754121 0.925737 0.0
vt 0.870497 0.881640 0.0
vt 0.915964 0.926306 0.0
vt 0.873772 0.869833 0.0
vt 0.900698 0.926743 0.0
vt 0.934676 0.965996 0.0
vt 0.954159 0.961854 0.0
vt 0.922393 0.967991 0.0
vt 0.842166 0.974880 0.0
vt 0.844239 0.931077 0.0
vt 0.817936 0.931973 0.0
vt 0.808104 0.975641 0.0
vt 0.798698 0.929958 0.0
vt 0.779452 0.976392 0.0
vt 0.775783 0.926022 0.0
vt 0.750604 0.975871 0.0
vt 0.726845 0.975576 0.0
vt 0.722379 0.912043 0.0
vt 0.690387 0.930424 0.0
vt 0.672013 0.972829 0.0
vt 0.662917 0.944459 0.0
vt 0.632282 0.966523 0.0
vt 0.631895 0.952643 0.0
vt 0.613660 0.961662 0.0
vt 0.614470 0.953798 0.0
vt 0.597428 0.953404 0.0
vt 0.611561 0.946983 0.0
vt 0.631895 0.952643 0.0
vt 0.626002 0.938966 0.0
vt 0.662917 0.944459 0.0
vt 0.649875 0.923250 0.0
vt 0.690387 0.930424 0.0
vt 0.659961 0.900787 0.0
vt 0.716688 0.874117 0.0
vt 0.655559 0.879875 0.0
vt 0.774097 0.835187 0.0
vt 0.703234 0.841339 0.0
vt 0.748476 0.805120 0.0
vt 0.642845 0.863093 0.0
vt 0.724918 0.775921 0.0
vt 0.681841 0.821646 0.0
vt 0.667140 0.808350 0.0
vt 0.629055 0.850723 0.0
vt 0.712526 0.759444 0.0
vt 0.644496 0.788471 0.0
vt 0.687438 0.736955 0.0
vt 0.603437 0.840228 0.0
vt 0.668202 0.729371 0.0
vt 0.634790 0.786194 0.0
vt 0.607632 0.780805 0.0
vt 0.571415 0.838640 0.0
vt 0.641445 0.728495 0.0
vt 0.578751 0.259481 0.0
vt 0.603128 0.264161 0.0
vt 0.580941 0.272815 0.0
vt 0.589106 0.245393 0.0
vt 0.610818 0.257946 0.0
vt 0.620410 0.246893 0.0
vt 0.599162 0.220752 0.0
vt 0.572849 0.241116 0.0
vt 0.569393 0.248112 0.0
vt 0.569463 0.235232 0.0
vt 0.568404 0.205300 0.0
vt 0.591008 0.202290 0.0
vt 0.554311 0.228143 0.0
vt 0.556446 0.206912 0.0
vt 0.545226 0.208872 0.0
vt 0.542842 0.223086 0.0
vt 0.528833 0.218162 0.0
vt 0.530428 0.211112 0.0
vt 0.519823 0.212458 0.0
vt 0.573609 0.261557 0.0
vt 0.566852 0.278954 0.0
vt 0.565827 0.251914 0.0
vt 0.557540 0.266495 0.0
vt 0.552787 0.260514 0.0
vt 0.667140 0.808350 0.0
vt 0.724918 0.775921 0.0
vt 0.712526 0.759444 0.0
vt 0.642845 0.863093 0.0
vt 0.629055 0.850723 0.0
vt 0.644496 0.788471 0.0
vt 0.687438 0.736955 0.0
vt 0.603437 0.840228 0.0
vt 0.668202 0.729371 0.0
vt 0.634790 0.786194 0.0
vt 0.607632 0.780805 0.0
vt 0.571415 0.838640 0.0
vt 0.641445 0.728495 0.0
vt 0.577845 0.774930 0.0
vt 0.544756 0.845513 0.0
vt 0.607310 0.714194 0.0
vt 0.615761 0.625557 0.0
vt 0.598434 0.627494 0.0
vt 0.629580 0.619454 0.0
vt 0.585565 0.626267 0.0
vt 0.579867 0.624801 0.0
vt 0.561233 0.700273 0.0
vt 0.552003 0.645499 0.0
vt 0.536915 0.696140 0.0
vt 0.513946 0.665760 0.0
vt 0.498222 0.693262 0.0
vt 0.492359 0.673676 0.0
vt 0.474546 0.674272 0.0
vt 0.521873 0.777389 0.0
vt 0.536915 0.696140 0.0
vt 0.536163 0.853330 0.0
vt 0.487726 0.662888 0.0
vt 0.473227 0.667709 0.0
vt 0.455486 0.668374 0.0
vt 0.505369 0.652664 0.0
vt 0.513946 0.665760 0.0
vt 0.536828 0.624382 0.0
vt 0.552003 0.645499 0.0
vt 0.579867 0.624801 0.0
vt 0.575346 0.601925 0.0
vt 0.506668 0.854815 0.0
vt 0.535748 0.865721 0.0
vt 0.516052 0.875613 0.0
vt 0.538610 0.880670 0.0
vt 0.523290 0.888398 0.0
vt 0.542681 0.893857 0.0
vt 0.532945 0.901199 0.0
vt 0.546046 0.915703 0.0
vt 0.549930 0.913026 0.0
vt 0.554683 0.923831 0.0
vt 0.496582 0.833590 0.0
vt 0.475607 0.869597 0.0
vt 0.500003 0.891217 0.0
vt 0.516052 0.875613 0.0
vt 0.434513 0.826142 0.0
vt 0.510552 0.900198 0.0
vt 0.523290 0.888398 0.0
vt 0.525719 0.910810 0.0
vt 0.532945 0.901199 0.0
vt 0.543321 0.920502 0.0
vt 0.546046 0.915703 0.0
vt 0.554683 0.923831 0.0
vt 0.474240 0.778590 0.0
vt 0.402784 0.786591 0.0
vt 0.498222 0.693262 0.0
vt 0.445692 0.744153 0.0
vt 0.386511 0.755730 0.0
vt 0.474546 0.674272 0.0
vt 0.424580 0.721232 0.0
vt 0.364821 0.716881 0.0
vt 0.455486 0.668374 0.0
vt 0.407527 0.695513 0.0
vt 0.407527 0.695513 0.0
vt 0.396323 0.677937 0.0
vt 0.439400 0.658580 0.0
vt 0.356460 0.697175 0.0
vt 0.396323 0.677937 0.0
vt 0.346781 0.673324 0.0
vt 0.424222 0.643928 0.0
vt 0.388413 0.659496 0.0
vt 0.388413 0.659496 0.0
vt 0.382879 0.644299 0.0
vt 0.416303 0.631984 0.0
vt 0.340773 0.657806 0.0
vt 0.382879 0.644299 0.0
vt 0.379137 0.624587 0.0
vt 0.413989 0.623671 0.0
vt 0.379137 0.624587 0.0
vt 0.329207 0.629257 0.0
vt 0.418013 0.613918 0.0
vt 0.401172 0.608267 0.0
vt 0.410670 0.604207 0.0
vt 0.426803 0.598682 0.0
vt 0.430010 0.603778 0.0
vt 0.443050 0.593584 0.0
vt 0.373717 0.604033 0.0
vt 0.321413 0.589498 0.0
vt 0.401172 0.608267 0.0
vt 0.374000 0.596548 0.0
vt 0.374122 0.586315 0.0
vt 0.408897 0.587763 0.0
vt 0.407795 0.597987 0.0
vt 0.407795 0.597987 0.0
vt 0.410670 0.604207 0.0
vt 0.426122 0.595900 0.0
vt 0.427002 0.590464 0.0
vt 0.426803 0.598682 0.0
vt 0.443050 0.593584 0.0
vt 0.619592 0.202603 0.0
vt 0.599162 0.220752 0.0
vt 0.610974 0.194664 0.0
vt 0.591008 0.202290 0.0
vt 0.621236 0.200811 0.0
vt 0.619670 0.192783 0.0
vt 0.627624 0.196815 0.0
vt 0.627856 0.192902 0.0
vt 0.633565 0.193658 0.0
vt 0.621971 0.206663 0.0
vt 0.636627 0.224489 0.0
vt 0.620410 0.246893 0.0
vt 0.635749 0.247242 0.0
vt 0.655201 0.245332 0.0
vt 0.635898 0.211620 0.0
vt 0.656611 0.224719 0.0
vt 0.653021 0.212026 0.0
vt 0.670667 0.219331 0.0
vt 0.664687 0.207570 0.0
vt 0.679829 0.236541 0.0
vt 0.667951 0.205394 0.0
vt 0.685883 0.231236 0.0
vt 0.674735 0.216698 0.0
vt 0.674937 0.198646 0.0
vt 0.694366 0.222654 0.0
vt 0.682966 0.209073 0.0
vt 0.687091 0.180209 0.0
vt 0.710090 0.210195 0.0
vt 0.702682 0.190201 0.0
vt 0.628282 0.331326 0.0
vt 0.625992 0.323654 0.0
vt 0.636243 0.322629 0.0
vt 0.614059 0.324669 0.0
vt 0.612241 0.341602 0.0
vt 0.603612 0.325262 0.0
vt 0.606138 0.342832 0.0
vt 0.592601 0.328895 0.0
vt 0.591391 0.342775 0.0
vt 0.580054 0.332524 0.0
vt 0.578639 0.338394 0.0
vt 0.570938 0.334959 0.0
vt 0.577845 0.774930 0.0
vt 0.544756 0.845513 0.0
vt 0.607310 0.714194 0.0
vt 0.615761 0.625557 0.0
vt 0.598434 0.627494 0.0
vt 0.629580 0.619454 0.0
vt 0.585565 0.626267 0.0
vt 0.579867 0.624801 0.0
vt 0.561233 0.700273 0.0
vt 0.552003 0.645499 0.0
vt 0.536915 0.696140 0.0
vt 0.513946 0.665760 0.0
vt 0.498222 0.693262 0.0
vt 0.492359 0.673676 0.0
vt 0.474546 0.674272 0.0
vt 0.521873 0.777389 0.0
vt 0.536915 0.696140 0.0
vt 0.536163 0.853330 0.0
vt 0.474240 0.778590 0.0
vt 0.498222 0.693262 0.0
vt 0.506668 0.854815 0.0
vt 0.535748 0.865721 0.0
vt 0.516052 0.875613 0.0
vt 0.538610 0.880670 0.0
vt 0.523290 0.888398 0.0
vt 0.542681 0.893857 0.0
vt 0.532945 0.901199 0.0
vt 0.546046 0.915703 0.0
vt 0.549930 0.913026 0.0
vt 0.554683 0.923831 0.0
vt 0.543321 0.920502 0.0
vt 0.532945 0.901199 0.0
vt 0.525719 0.910810 0.0
vt 0.523290 0.888398 0.0
vt 0.510552 0.900198 0.0
vt 0.516052 0.875613 0.0
vt 0.500003 0.891217 0.0
vt 0.475607 0.869597 0.0
vt 0.496582 0.833590 0.0
vt 0.434513 0.826142 0.0
vt 0.402784 0.786591 0.0
vt 0.445692 0.744153 0.0
vt 0.386511 0.755730 0.0
vt 0.474546 0.674272 0.0
vt 0.424580 0.721232 0.0
vt 0.364821 0.716881 0.0
vt 0.455486 0.668374 0.0
vt 0.407527 0.695513 0.0
vt 0.407527 0.695513 0.0
vt 0.396323 0.677937 0.0
vt 0.439400 0.658580 0.0
vt 0.356460 0.697175 0.0
vt 0.396323 0.677937 0.0
vt 0.346781 0.673324 0.0
vt 0.424222 0.643928 0.0
vt 0.388413 0.659496 0.0
vt 0.388413 0.659496 0.0
vt 0.382879 0.644299 0.0
vt 0.416303 0.631984 0.0
vt 0.340773 0.657806 0.0
vt 0.382879 0.644299 0.0
vt 0.413989 0.623671 0.0
vt 0.379137 0.624587 0.0
vt 0.329207 0.629257 0.0
vt 0.418013 0.613918 0.0
vt 0.373717 0.604033 0.0
vt 0.321413 0.589498 0.0
vt 0.374000 0.596548 0.0
vt 0.401172 0.608267 0.0
vt 0.407795 0.597987 0.0
vt 0.410670 0.604207 0.0
vt 0.426122 0.595900 0.0
vt 0.426803 0.598682 0.0
vt 0.430010 0.603778 0.0
vt 0.443050 0.593584 0.0
vt 0.093912 0.909603 0.0
vt 0.087993 0.939943 0.0
vt 0.098993 0.911758 0.0
vt 0.073505 0.934364 0.0
vt 0.103620 0.937138 0.0
vt 0.106094 0.912633 0.0
vt 0.111399 0.936600 0.0
vt 0.109909 0.912388 0.0
vt 0.115402 0.911296 0.0
vt 0.120590 0.935639 0.0
vt 0.119163 0.910021 0.0
vt 0.126150 0.933977 0.0
vt 0.126978 0.906980 0.0
vt 0.135389 0.930887 0.0
vt 0.098993 0.911758 0.0
vt 0.087993 0.939943 0.0
vt 0.073505 0.934364 0.0
vt 0.093912 0.909603 0.0
vt 0.103620 0.937138 0.0
vt 0.106094 0.912633 0.0
vt 0.111399 0.936600 0.0
vt 0.109909 0.912388 0.0
vt 0.120590 0.935639 0.0
vt 0.115402 0.911296 0.0
vt 0.126150 0.933977 0.0
vt 0.119163 0.910021 0.0
vt 0.126978 0.906980 0.0
vt 0.135389 0.930887 0.0
vt 0.694366 0.222654 0.0
vt 0.682966 0.209073 0.0
vt 0.674735 0.216698 0.0
vt 0.710090 0.210195 0.0
vt 0.702682 0.190201 0.0
vt 0.685883 0.231236 0.0
vt 0.687091 0.180209 0.0
vt 0.702682 0.190201 0.0
vt 0.674937 0.198646 0.0
vt 0.667951 0.205394 0.0
vt 0.664687 0.207570 0.0
vt 0.670667 0.219331 0.0
vt 0.679829 0.236541 0.0
vt 0.656611 0.224719 0.0
vt 0.655201 0.245332 0.0
vt 0.653021 0.212026 0.0
vt 0.636627 0.224489 0.0
vt 0.635898 0.211620 0.0
vt 0.621971 0.206663 0.0
vt 0.599162 0.220752 0.0
vt 0.619592 0.202603 0.0
vt 0.610974 0.194664 0.0
vt 0.591008 0.202290 0.0
vt 0.620410 0.246893 0.0
vt 0.589106 0.245393 0.0
vt 0.610818 0.257946 0.0
vt 0.603128 0.264161 0.0
vt 0.572849 0.241116 0.0
vt 0.578751 0.259481 0.0
vt 0.569463 0.235232 0.0
vt 0.569393 0.248112 0.0
vt 0.568404 0.205300 0.0
vt 0.591008 0.202290 0.0
vt 0.554311 0.228143 0.0
vt 0.556446 0.206912 0.0
vt 0.545226 0.208872 0.0
vt 0.542842 0.223086 0.0
vt 0.528833 0.218162 0.0
vt 0.530428 0.211112 0.0
vt 0.519823 0.212458 0.0
vt 0.573609 0.261557 0.0
vt 0.565827 0.251914 0.0
vt 0.557540 0.266495 0.0
vt 0.552787 0.260514 0.0
vt 0.566852 0.278954 0.0
vt 0.580941 0.272815 0.0
vt 0.587908 0.289341 0.0
vt 0.570447 0.296398 0.0
vt 0.566852 0.278954 0.0
vt 0.583703 0.299053 0.0
vt 0.570554 0.299736 0.0
vt 0.168466 0.727620 0.0
vt 0.171911 0.723348 0.0
vt 0.181252 0.737807 0.0
vt 0.163341 0.706492 0.0
vt 0.157886 0.769120 0.0
vt 0.171422 0.773220 0.0
vt 0.143705 0.765844 0.0
vt 0.151440 0.720636 0.0
vt 0.150858 0.709605 0.0
vt 0.137939 0.714014 0.0
vt 0.141358 0.721750 0.0
vt 0.143705 0.765844 0.0
vt 0.134913 0.764529 0.0
vt 0.448399 0.036063 0.0
vt 0.514944 0.021300 0.0
vt 0.464596 0.057536 0.0
vt 0.435119 0.053102 0.0
vt 0.437868 0.074241 0.0
vt 0.466330 0.068481 0.0
vt 0.469261 0.088336 0.0
vt 0.446294 0.094199 0.0
vt 0.461793 0.106669 0.0
vt 0.522759 0.088002 0.0
vt 0.526145 0.121513 0.0
vt 0.521188 0.071249 0.0
vt 0.466330 0.068481 0.0
vt 0.603774 0.071853 0.0
vt 0.606132 0.088794 0.0
vt 0.609017 0.113303 0.0
vt 0.731657 0.072065 0.0
vt 0.729720 0.089193 0.0
vt 0.727728 0.108275 0.0
vt 0.842080 0.114587 0.0
vt 0.843996 0.094508 0.0
vt 0.847065 0.074069 0.0
vt 0.902150 0.120490 0.0
vt 0.906246 0.095837 0.0
vt 0.909961 0.079071 0.0
vt 0.930791 0.121398 0.0
vt 0.943887 0.093568 0.0
vt 0.961255 0.110595 0.0
vt 0.948675 0.083627 0.0
vt 0.977231 0.095388 0.0
vt 0.959086 0.073390 0.0
vt 0.980417 0.074298 0.0
vt 0.972839 0.052664 0.0
vt 0.721679 0.317745 0.0
vt 0.706811 0.314148 0.0
vt 0.720637 0.313889 0.0
vt 0.728122 0.312717 0.0
vt 0.708941 0.324507 0.0
vt 0.689352 0.313839 0.0
vt 0.694324 0.328600 0.0
vt 0.677869 0.329754 0.0
vt 0.677924 0.315993 0.0
vt 0.675219 0.316875 0.0
vt 0.660950 0.319482 0.0
vt 0.661288 0.326711 0.0
vt 0.648655 0.321281 0.0
vt 0.198520 0.896317 0.0
vt 0.227871 0.883098 0.0
vt 0.225349 0.897407 0.0
vt 0.251744 0.902598 0.0
vt 0.256459 0.888366 0.0
vt 0.282443 0.897526 0.0
vt 0.282065 0.912799 0.0
vt 0.310081 0.921838 0.0
vt 0.194260 0.879617 0.0
vt 0.191869 0.898106 0.0
vt 0.184015 0.901681 0.0
vt 0.184042 0.892046 0.0
vt 0.175881 0.876619 0.0
vt 0.180935 0.866253 0.0
vt 0.158710 0.857484 0.0
vt 0.206818 0.846622 0.0
vt 0.160878 0.847509 0.0
vt 0.193244 0.840096 0.0
vt 0.780067 0.527049 0.0
vt 0.838648 0.533983 0.0
vt 0.823167 0.557969 0.0
vt 0.766714 0.547992 0.0
vt 0.811962 0.581842 0.0
vt 0.756491 0.562784 0.0
vt 0.697770 0.525146 0.0
vt 0.710726 0.502786 0.0
vt 0.720098 0.485207 0.0
vt 0.739113 0.473024 0.0
vt 0.792100 0.505126 0.0
vt 0.794857 0.499206 0.0
vt 0.210044 0.302547 0.0
vt 0.220271 0.285816 0.0
vt 0.227230 0.298516 0.0
vt 0.236711 0.283595 0.0
vt 0.244810 0.296701 0.0
vt 0.207034 0.292786 0.0
vt 0.198907 0.305218 0.0
vt 0.196102 0.295960 0.0
vt 0.178775 0.258576 0.0
vt 0.187705 0.254593 0.0
vt 0.197401 0.248713 0.0
vt 0.220271 0.285816 0.0
vt 0.256059 0.274471 0.0
vt 0.280317 0.301961 0.0
vt 0.289689 0.281439 0.0
vt 0.307453 0.305298 0.0
vt 0.312711 0.284472 0.0
vt 0.242582 0.268674 0.0
vt 0.341764 0.305917 0.0
vt 0.359386 0.268070 0.0
vt 0.379516 0.316992 0.0
vt 0.395312 0.286889 0.0
vt 0.322828 0.253173 0.0
vt 0.299087 0.247152 0.0
vt 0.289689 0.281439 0.0
vt 0.266709 0.238094 0.0
vt 0.256059 0.274471 0.0
vt 0.250338 0.232770 0.0
vt 0.227360 0.231948 0.0
vt 0.232607 0.264051 0.0
vt 0.234342 0.275236 0.0
vt 0.227203 0.274637 0.0
vt 0.234342 0.275236 0.0
vt 0.197401 0.248713 0.0
vt 0.232607 0.264051 0.0
vt 0.207425 0.240996 0.0
vt 0.227360 0.231948 0.0
vt 0.974621 0.539184 0.0
vt 0.975818 0.527350 0.0
vt 0.968189 0.541271 0.0
vt 0.993568 0.533787 0.0
vt 0.976821 0.542975 0.0
vt 0.965813 0.523382 0.0
vt 0.971011 0.546336 0.0
vt 0.953984 0.553988 0.0
vt 0.958385 0.536849 0.0
vt 0.940430 0.528071 0.0
vt 0.950393 0.512355 0.0
vt 0.924018 0.515725 0.0
vt 0.937782 0.499956 0.0
vt 0.912292 0.506421 0.0
vt 0.928535 0.490741 0.0
vt 0.901431 0.494828 0.0
vt 0.917408 0.476394 0.0
vt 0.894908 0.483377 0.0
vt 0.911288 0.454967 0.0
vt 0.888822 0.477411 0.0
vt 0.907873 0.437722 0.0
vt 0.877819 0.467015 0.0
vt 0.900259 0.429893 0.0
vt 0.842352 0.486550 0.0
vt 0.881190 0.508982 0.0
vt 0.894908 0.483377 0.0
vt 0.901431 0.494828 0.0
vt 0.860413 0.453231 0.0
vt 0.860119 0.515417 0.0
vt 0.869933 0.531973 0.0
vt 0.885583 0.525869 0.0
vt 0.893504 0.512897 0.0
vt 0.893924 0.524704 0.0
vt 0.912292 0.506421 0.0
vt 0.902070 0.525461 0.0
vt 0.924018 0.515725 0.0
vt 0.913719 0.533214 0.0
vt 0.940430 0.528071 0.0
vt 0.930927 0.548837 0.0
vt 0.953984 0.553988 0.0
vt 0.958385 0.536849 0.0
vt 0.968189 0.541271 0.0
vt 0.768548 0.651684 0.0
vt 0.783300 0.651927 0.0
vt 0.778136 0.661108 0.0
vt 0.772013 0.646268 0.0
vt 0.765592 0.655866 0.0
vt 0.719686 0.627853 0.0
vt 0.775967 0.667308 0.0
vt 0.792112 0.610211 0.0
vt 0.762739 0.664827 0.0
vt 0.775421 0.675474 0.0
vt 0.762054 0.675231 0.0
vt 0.766006 0.682745 0.0
vt 0.774882 0.684446 0.0
vt 0.742011 0.586128 0.0
vt 0.717069 0.633711 0.0
vt 0.809008 0.595414 0.0
vt 0.675331 0.550231 0.0
vt 0.713331 0.640828 0.0
vt 0.650337 0.596536 0.0
vt 0.762739 0.664827 0.0
vt 0.650095 0.579509 0.0
vt 0.645475 0.604483 0.0
vt 0.688181 0.524538 0.0
vt 0.673074 0.548073 0.0
vt 0.679533 0.519855 0.0
vt 0.644772 0.564174 0.0
vt 0.667257 0.543333 0.0
vt 0.667257 0.543333 0.0
vt 0.653631 0.531153 0.0
vt 0.637062 0.547990 0.0
vt 0.666203 0.513172 0.0
vt 0.653631 0.531153 0.0
vt 0.636986 0.514212 0.0
vt 0.623948 0.535378 0.0
vt 0.657305 0.497742 0.0
vt 0.636986 0.514212 0.0
vt 0.631005 0.509877 0.0
vt 0.613066 0.530735 0.0
vt 0.655150 0.486449 0.0
vt 0.631005 0.509877 0.0
vt 0.599365 0.530348 0.0
vt 0.620751 0.501632 0.0
vt 0.587177 0.532421 0.0
vt 0.620751 0.501632 0.0
vt 0.604508 0.487503 0.0
vt 0.651220 0.462674 0.0
vt 0.661636 0.475836 0.0
vt 0.674409 0.461542 0.0
vt 0.630189 0.456165 0.0
vt 0.604508 0.487503 0.0
vt 0.604482 0.445976 0.0
vt 0.581229 0.467103 0.0
vt 0.569217 0.429957 0.0
vt 0.553038 0.442619 0.0
vt 0.547341 0.420199 0.0
vt 0.538748 0.428705 0.0
vt 0.501624 0.393732 0.0
vt 0.527638 0.435693 0.0
vt 0.534870 0.452145 0.0
vt 0.553038 0.442619 0.0
vt 0.547094 0.488813 0.0
vt 0.581229 0.467103 0.0
vt 0.557434 0.528973 0.0
vt 0.561189 0.551494 0.0
vt 0.750604 0.975871 0.0
vt 0.773753 0.925995 0.0
vt 0.775783 0.926022 0.0
vt 0.779452 0.976392 0.0
vt 0.798698 0.929958 0.0
vt 0.808104 0.975641 0.0
vt 0.817936 0.931973 0.0
vt 0.842166 0.974880 0.0
vt 0.844239 0.931077 0.0
vt 0.884815 0.927658 0.0
vt 0.922393 0.967991 0.0
vt 0.900698 0.926743 0.0
vt 0.934676 0.965996 0.0
vt 0.915964 0.926306 0.0
vt 0.954159 0.961854 0.0
vt 0.870497 0.881640 0.0
vt 0.873772 0.869833 0.0
vt 0.859572 0.894062 0.0
vt 0.844239 0.931077 0.0
vt 0.843167 0.896815 0.0
vt 0.817936 0.931973 0.0
vt 0.829454 0.892710 0.0
vt 0.818622 0.887241 0.0
vt 0.798698 0.929958 0.0
vt 0.806386 0.879244 0.0
vt 0.775783 0.926022 0.0
vt 0.813240 0.877032 0.0
vt 0.773753 0.925995 0.0
vt 0.810016 0.859102 0.0
vt 0.795031 0.859240 0.0
vt 0.814695 0.834799 0.0
vt 0.800114 0.829852 0.0
vt 0.831010 0.805537 0.0
vt 0.814217 0.796456 0.0
vt 0.832648 0.779527 0.0
vt 0.844006 0.785300 0.0
vt 0.846055 0.766632 0.0
vt 0.850060 0.765476 0.0
vt 0.830505 0.763273 0.0
vt 0.814217 0.796456 0.0
vt 0.787401 0.743803 0.0
vt 0.748476 0.805120 0.0
vt 0.800114 0.829852 0.0
vt 0.724918 0.775921 0.0
vt 0.769575 0.732801 0.0
vt 0.774097 0.835187 0.0
vt 0.756117 0.715369 0.0
vt 0.712526 0.759444 0.0
vt 0.755601 0.699454 0.0
vt 0.703234 0.841339 0.0
vt 0.748476 0.805120 0.0
vt 0.655559 0.879875 0.0
vt 0.681841 0.821646 0.0
vt 0.066487 0.654020 0.0
vt 0.076912 0.634786 0.0
vt 0.070041 0.655084 0.0
vt 0.062072 0.675712 0.0
vt 0.070266 0.633616 0.0
vt 0.112505 0.647803 0.0
vt 0.103810 0.669106 0.0
vt 0.062072 0.675712 0.0
vt 0.094331 0.690180 0.0
vt 0.119532 0.627986 0.0
vt 0.080060 0.615538 0.0
vt 0.072923 0.613146 0.0
vt 0.086470 0.598344 0.0
vt 0.125751 0.606803 0.0
vt 0.078869 0.594584 0.0
vt 0.127533 0.586855 0.0
vt 0.084231 0.588474 0.0
vt 0.093196 0.588192 0.0
vt 0.778136 0.661108 0.0
vt 0.768548 0.651684 0.0
vt 0.765592 0.655866 0.0
vt 0.762739 0.664827 0.0
vt 0.783300 0.651927 0.0
vt 0.775967 0.667308 0.0
vt 0.762054 0.675231 0.0
vt 0.775421 0.675474 0.0
vt 0.766006 0.682745 0.0
vt 0.774882 0.684446 0.0
vt 0.772013 0.646268 0.0
vt 0.719686 0.627853 0.0
vt 0.765592 0.655866 0.0
vt 0.792112 0.610211 0.0
vt 0.717069 0.633711 0.0
vt 0.742011 0.586128 0.0
vt 0.713331 0.640828 0.0
vt 0.762739 0.664827 0.0
vt 0.650337 0.596536 0.0
vt 0.645475 0.604483 0.0
vt 0.650095 0.579509 0.0
vt 0.709667 0.647247 0.0
vt 0.640852 0.610811 0.0
vt 0.762054 0.675231 0.0
vt 0.644772 0.564174 0.0
vt 0.667257 0.543333 0.0
vt 0.637062 0.547990 0.0
vt 0.653631 0.531153 0.0
vt 0.623948 0.535378 0.0
vt 0.636986 0.514212 0.0
vt 0.613066 0.530735 0.0
vt 0.631005 0.509877 0.0
vt 0.599365 0.530348 0.0
vt 0.620751 0.501632 0.0
vt 0.587177 0.532421 0.0
vt 0.604508 0.487503 0.0
vt 0.557434 0.528973 0.0
vt 0.561189 0.551494 0.0
vt 0.547094 0.488813 0.0
vt 0.581229 0.467103 0.0
vt 0.553038 0.442619 0.0
vt 0.534870 0.452145 0.0
vt 0.538748 0.428705 0.0
vt 0.527638 0.435693 0.0
vt 0.501624 0.393732 0.0
vt 0.712526 0.759444 0.0
vt 0.687438 0.736955 0.0
vt 0.755601 0.699454 0.0
vt 0.756117 0.715369 0.0
vt 0.724918 0.775921 0.0
vt 0.769575 0.732801 0.0
vt 0.787401 0.743803 0.0
vt 0.748476 0.805120 0.0
vt 0.701027 0.662776 0.0
vt 0.758494 0.690407 0.0
vt 0.640852 0.610811 0.0
vt 0.814217 0.796456 0.0
vt 0.830505 0.763273 0.0
vt 0.832648 0.779527 0.0
vt 0.846055 0.766632 0.0
vt 0.800114 0.829852 0.0
vt 0.774097 0.835187 0.0
vt 0.795031 0.859240 0.0
vt 0.705634 0.654331 0.0
vt 0.762054 0.675231 0.0
vt 0.766006 0.682745 0.0
vt 0.709667 0.647247 0.0
vt 0.705634 0.654331 0.0
vt 0.701027 0.662776 0.0
vt 0.758494 0.690407 0.0
vt 0.766006 0.682745 0.0
vt 0.770883 0.694943 0.0
vt 0.774882 0.684446 0.0
vt 0.768388 0.701172 0.0
vt 0.755601 0.699454 0.0
vt 0.768829 0.710428 0.0
vt 0.756117 0.715369 0.0
vt 0.390757 0.418963 0.0
vt 0.398871 0.445567 0.0
vt 0.405051 0.428200 0.0
vt 0.374356 0.452188 0.0
vt 0.388627 0.464643 0.0
vt 0.415727 0.432100 0.0
vt 0.397875 0.472949 0.0
vt 0.414045 0.450578 0.0
vt 0.424662 0.432147 0.0
vt 0.414045 0.450578 0.0
vt 0.425963 0.498615 0.0
vt 0.438994 0.471002 0.0
vt 0.442041 0.451495 0.0
vt 0.424662 0.432147 0.0
vt 0.444500 0.442844 0.0
vt 0.428177 0.422732 0.0
vt 0.449059 0.428443 0.0
vt 0.428199 0.414794 0.0
vt 0.451205 0.412334 0.0
vt 0.476525 0.459896 0.0
vt 0.427443 0.406576 0.0
vt 0.478982 0.470579 0.0
vt 0.488287 0.458880 0.0
vt 0.477901 0.496088 0.0
vt 0.437025 0.522576 0.0
vt 0.452144 0.403557 0.0
vt 0.451556 0.399845 0.0
vt 0.449162 0.396217 0.0
vt 0.441728 0.386031 0.0
vt 0.423151 0.393652 0.0
vt 0.418868 0.381078 0.0
vt 0.429164 0.374560 0.0
vt 0.415865 0.372745 0.0
vt 0.421975 0.370046 0.0
vt 0.413736 0.366328 0.0
vt 0.488568 0.517784 0.0
vt 0.454789 0.546149 0.0
vt 0.465754 0.552961 0.0
vt 0.491613 0.554419 0.0
vt 0.501639 0.530002 0.0
vt 0.516867 0.542693 0.0
vt 0.510042 0.555439 0.0
vt 0.527690 0.548567 0.0
vt 0.524530 0.556297 0.0
vt 0.544347 0.556653 0.0
vt 0.526246 0.565121 0.0
vt 0.510042 0.555439 0.0
vt 0.510036 0.571658 0.0
vt 0.491613 0.554419 0.0
vt 0.487794 0.579124 0.0
vt 0.465754 0.552961 0.0
vt 0.452124 0.581871 0.0
vt 0.454789 0.546149 0.0
vt 0.429933 0.581606 0.0
vt 0.398549 0.559840 0.0
vt 0.437025 0.522576 0.0
vt 0.381509 0.523603 0.0
vt 0.355377 0.552491 0.0
vt 0.425963 0.498615 0.0
vt 0.358249 0.530280 0.0
vt 0.332500 0.552960 0.0
vt 0.331556 0.535560 0.0
vt 0.306086 0.548534 0.0
vt 0.308042 0.540375 0.0
vt 0.291057 0.544990 0.0
vt 0.382806 0.500766 0.0
vt 0.397875 0.472949 0.0
vt 0.304468 0.533255 0.0
vt 0.308042 0.540375 0.0
vt 0.331556 0.535560 0.0
vt 0.325195 0.520185 0.0
vt 0.358249 0.530280 0.0
vt 0.354225 0.510125 0.0
vt 0.369961 0.505841 0.0
vt 0.357924 0.504409 0.0
vt 0.374239 0.491897 0.0
vt 0.388627 0.464643 0.0
vt 0.358750 0.473640 0.0
vt 0.374356 0.452188 0.0
vt 0.347657 0.467685 0.0
vt 0.358959 0.440163 0.0
vt 0.343710 0.457722 0.0
vt 0.344186 0.432112 0.0
vt 0.369961 0.505841 0.0
vt 0.358249 0.530280 0.0
vt 0.356971 0.497723 0.0
vt 0.333219 0.448979 0.0
vt 0.324892 0.428851 0.0
vt 0.323098 0.453838 0.0
vt 0.327316 0.465713 0.0
vt 0.323098 0.453838 0.0
vt 0.347657 0.467685 0.0
vt 0.333740 0.477821 0.0
vt 0.746297 0.460090 0.0
vt 0.824694 0.475311 0.0
vt 0.842352 0.486550 0.0
vt 0.860074 0.499075 0.0
vt 0.799447 0.458658 0.0
vt 0.763606 0.432138 0.0
vt 0.751038 0.438972 0.0
vt 0.745830 0.423741 0.0
vt 0.732592 0.406729 0.0
vt 0.860119 0.515417 0.0
vt 0.881190 0.508982 0.0
vt 0.869933 0.531973 0.0
vt 0.885583 0.525869 0.0
vt 0.893504 0.512897 0.0
vt 0.893924 0.524704 0.0
vt 0.888822 0.477411 0.0
vt 0.907873 0.437722 0.0
vt 0.911288 0.454967 0.0
vt 0.894908 0.483377 0.0
vt 0.917408 0.476394 0.0
vt 0.901431 0.494828 0.0
vt 0.893504 0.512897 0.0
vt 0.928535 0.490741 0.0
vt 0.912292 0.506421 0.0
vt 0.912292 0.506421 0.0
vt 0.902070 0.525461 0.0
vt 0.937782 0.499956 0.0
vt 0.924018 0.515725 0.0
vt 0.924018 0.515725 0.0
vt 0.913719 0.533214 0.0
vt 0.950393 0.512355 0.0
vt 0.940430 0.528071 0.0
vt 0.940430 0.528071 0.0
vt 0.930927 0.548837 0.0
vt 0.965813 0.523382 0.0
vt 0.953984 0.553988 0.0
vt 0.958385 0.536849 0.0
vt 0.968189 0.541271 0.0
vt 0.975818 0.527350 0.0
vt 0.974621 0.539184 0.0
vt 0.993568 0.533787 0.0
vt 0.068043 0.927802 0.0
vt 0.057569 0.930321 0.0
vt 0.057347 0.916565 0.0
vt 0.062149 0.915122 0.0
vt 0.056595 0.902089 0.0
vt 0.058387 0.901969 0.0
vt 0.056485 0.897295 0.0
vt 0.073505 0.934364 0.0
vt 0.063390 0.950658 0.0
vt 0.070875 0.948785 0.0
vt 0.086665 0.948829 0.0
vt 0.087993 0.939943 0.0
vt 0.100599 0.952279 0.0
vt 0.103620 0.937138 0.0
vt 0.107082 0.954089 0.0
vt 0.112076 0.951487 0.0
vt 0.111399 0.936600 0.0
vt 0.122171 0.946330 0.0
vt 0.120590 0.935639 0.0
vt 0.127927 0.943663 0.0
vt 0.126150 0.933977 0.0
vt 0.136885 0.940327 0.0
vt 0.135389 0.930887 0.0
vt 0.119761 0.411261 0.0
vt 0.106765 0.418442 0.0
vt 0.097927 0.402695 0.0
vt 0.097627 0.389024 0.0
vt 0.131598 0.439208 0.0
vt 0.118489 0.377359 0.0
vt 0.105756 0.368471 0.0
vt 0.125312 0.355955 0.0
vt 0.112831 0.354804 0.0
vt 0.162948 0.380191 0.0
vt 0.164499 0.358085 0.0
vt 0.160787 0.412910 0.0
vt 0.160545 0.438177 0.0
vt 0.121424 0.445192 0.0
vt 0.143414 0.486728 0.0
vt 0.165058 0.484950 0.0
vt 0.100274 0.479939 0.0
vt 0.130282 0.503919 0.0
vt 0.116811 0.456059 0.0
vt 0.077758 0.466098 0.0
vt 0.098095 0.430305 0.0
vt 0.098095 0.430305 0.0
vt 0.106765 0.418442 0.0
vt 0.058534 0.456385 0.0
vt 0.097927 0.402695 0.0
vt 0.081405 0.412057 0.0
vt 0.036229 0.445460 0.0
vt 0.058434 0.402071 0.0
vt 0.081405 0.412057 0.0
vt 0.075678 0.394610 0.0
vt 0.058434 0.402071 0.0
vt 0.059521 0.393472 0.0
vt 0.097627 0.389024 0.0
vt 0.086063 0.373203 0.0
vt 0.105756 0.368471 0.0
vt 0.070664 0.382234 0.0
vt 0.059521 0.393472 0.0
vt 0.058203 0.384041 0.0
vt 0.097205 0.359368 0.0
vt 0.112831 0.354804 0.0
vt 0.104667 0.350445 0.0
vt 0.050808 0.336358 0.0
vt 0.070664 0.382234 0.0
vt 0.040852 0.340010 0.0
vt 0.071422 0.324433 0.0
vt 0.079042 0.318042 0.0
vt 0.061592 0.331383 0.0
vt 0.086063 0.373203 0.0
vt 0.050808 0.336358 0.0
vt 0.070664 0.382234 0.0
vt 0.739104 0.027289 0.0
vt 0.850429 0.055664 0.0
vt 0.855376 0.027234 0.0
vt 0.917939 0.059692 0.0
vt 0.933951 0.034813 0.0
vt 0.909961 0.079071 0.0
vt 0.948675 0.083627 0.0
vt 0.847065 0.074069 0.0
vt 0.959086 0.073390 0.0
vt 0.972839 0.052664 0.0
vt 0.980417 0.074298 0.0
vt 0.977231 0.095388 0.0
vt 0.948675 0.083627 0.0
vt 0.943887 0.093568 0.0
vt 0.961255 0.110595 0.0
vt 0.930791 0.121398 0.0
vt 0.906246 0.095837 0.0
vt 0.902150 0.120490 0.0
vt 0.909961 0.079071 0.0
vt 0.948675 0.083627 0.0
vt 0.847065 0.074069 0.0
vt 0.843996 0.094508 0.0
vt 0.842080 0.114587 0.0
vt 0.731657 0.072065 0.0
vt 0.729720 0.089193 0.0
vt 0.727728 0.108275 0.0
vt 0.609017 0.113303 0.0
vt 0.606132 0.088794 0.0
vt 0.603774 0.071853 0.0
vt 0.526145 0.121513 0.0
vt 0.522759 0.088002 0.0
vt 0.521188 0.071249 0.0
vt 0.461793 0.106669 0.0
vt 0.469261 0.088336 0.0
vt 0.466330 0.068481 0.0
vt 0.446294 0.094199 0.0
vt 0.437868 0.074241 0.0
vt 0.466330 0.068481 0.0
vt 0.464596 0.057536 0.0
vt 0.435119 0.053102 0.0
vt 0.448399 0.036063 0.0
vt 0.514944 0.021300 0.0
vt 0.513814 0.055276 0.0
vt 0.466330 0.068481 0.0
vt 0.593370 0.021576 0.0
vt 0.521188 0.071249 0.0
vt 0.600358 0.050751 0.0
vt 0.603774 0.071853 0.0
vt 0.733966 0.054358 0.0
vt 0.731657 0.072065 0.0
vt 0.689352 0.313839 0.0
vt 0.677924 0.315993 0.0
vt 0.677869 0.329754 0.0
vt 0.675219 0.316875 0.0
vt 0.694324 0.328600 0.0
vt 0.708941 0.324507 0.0
vt 0.660950 0.319482 0.0
vt 0.661288 0.326711 0.0
vt 0.648655 0.321281 0.0
vt 0.657227 0.314274 0.0
vt 0.666657 0.305890 0.0
vt 0.675219 0.316875 0.0
vt 0.677924 0.315993 0.0
vt 0.670851 0.298805 0.0
vt 0.683053 0.298114 0.0
vt 0.679930 0.285907 0.0
vt 0.696532 0.295758 0.0
vt 0.669633 0.288802 0.0
vt 0.666639 0.284544 0.0
vt 0.677036 0.274868 0.0
vt 0.710172 0.305476 0.0
vt 0.706811 0.314148 0.0
vt 0.721679 0.317745 0.0
vt 0.720637 0.313889 0.0
vt 0.721926 0.310487 0.0
vt 0.728122 0.312717 0.0
vt 0.713703 0.134055 0.0
vt 0.740400 0.164551 0.0
vt 0.745685 0.158902 0.0
vt 0.754400 0.178985 0.0
vt 0.761280 0.134842 0.0
vt 0.726993 0.113315 0.0
vt 0.778454 0.145784 0.0
vt 0.761146 0.171653 0.0
vt 0.761146 0.171653 0.0
vt 0.770603 0.196731 0.0
vt 0.797686 0.158955 0.0
vt 0.777832 0.187051 0.0
vt 0.777832 0.187051 0.0
vt 0.783728 0.209268 0.0
vt 0.794143 0.200349 0.0
vt 0.794143 0.200349 0.0
vt 0.814703 0.171884 0.0
vt 0.811910 0.213888 0.0
vt 0.811910 0.213888 0.0
vt 0.805271 0.228663 0.0
vt 0.831551 0.184773 0.0
vt 0.836979 0.229612 0.0
vt 0.836979 0.229612 0.0
vt 0.830805 0.253543 0.0
vt 0.852895 0.199295 0.0
vt 0.868459 0.244188 0.0
vt 0.868459 0.244188 0.0
vt 0.862374 0.264347 0.0
vt 0.876653 0.211498 0.0
vt 0.879729 0.272554 0.0
vt 0.890636 0.249064 0.0
vt 0.890636 0.249064 0.0
vt 0.889285 0.214819 0.0
vt 0.899551 0.280755 0.0
vt 0.905512 0.244148 0.0
vt 0.905512 0.244148 0.0
vt 0.894762 0.214161 0.0
vt 0.916002 0.285297 0.0
vt 0.914854 0.237288 0.0
vt 0.927554 0.249398 0.0
vt 0.898698 0.211444 0.0
vt 0.914854 0.237288 0.0
vt 0.929980 0.218394 0.0
vt 0.930310 0.241226 0.0
vt 0.910496 0.198981 0.0
vt 0.929980 0.218394 0.0
vt 0.937584 0.222022 0.0
vt 0.940753 0.193308 0.0
vt 0.943985 0.194761 0.0
vt 0.924387 0.180442 0.0
vt 0.946600 0.182311 0.0
vt 0.931170 0.170860 0.0
vt 0.570447 0.296398 0.0
vt 0.587908 0.289341 0.0
vt 0.583703 0.299053 0.0
vt 0.570554 0.299736 0.0
vt 0.580941 0.272815 0.0
vt 0.566852 0.278954 0.0
vt 0.674457 0.265028 0.0
vt 0.679829 0.236541 0.0
vt 0.655201 0.245332 0.0
vt 0.653509 0.278307 0.0
vt 0.677036 0.274868 0.0
vt 0.666639 0.284544 0.0
vt 0.654181 0.284468 0.0
vt 0.639040 0.284784 0.0
vt 0.640456 0.288129 0.0
vt 0.627748 0.292323 0.0
vt 0.629599 0.294791 0.0
vt 0.621551 0.301765 0.0
vt 0.635749 0.247242 0.0
vt 0.639040 0.284784 0.0
vt 0.610818 0.257946 0.0
vt 0.604525 0.276019 0.0
vt 0.627748 0.292323 0.0
vt 0.602565 0.290737 0.0
vt 0.621551 0.301765 0.0
vt 0.602559 0.300017 0.0
vt 0.620193 0.305652 0.0
vt 0.602979 0.309487 0.0
vt 0.623394 0.312289 0.0
vt 0.588880 0.302847 0.0
vt 0.602559 0.300017 0.0
vt 0.583703 0.299053 0.0
vt 0.590206 0.310289 0.0
vt 0.602979 0.309487 0.0
vt 0.603360 0.317288 0.0
vt 0.585229 0.316676 0.0
vt 0.603612 0.325262 0.0
vt 0.614059 0.324669 0.0
vt 0.592601 0.328895 0.0
vt 0.580054 0.332524 0.0
vt 0.576317 0.327780 0.0
vt 0.570938 0.334959 0.0
vt 0.625992 0.323654 0.0
vt 0.628794 0.317115 0.0
vt 0.636243 0.322629 0.0
vt 0.628282 0.331326 0.0
vt 0.614059 0.324669 0.0
vt 0.612241 0.341602 0.0
vt 0.603612 0.325262 0.0
vt 0.606138 0.342832 0.0
vt 0.592601 0.328895 0.0
vt 0.591391 0.342775 0.0
vt 0.580054 0.332524 0.0
vt 0.578639 0.338394 0.0
vt 0.570938 0.334959 0.0
vt 0.762743 0.203062 0.0
vt 0.754400 0.178985 0.0
vt 0.770603 0.196731 0.0
vt 0.745636 0.237988 0.0
vt 0.734353 0.222670 0.0
vt 0.783728 0.209268 0.0
vt 0.773800 0.216669 0.0
vt 0.770656 0.268902 0.0
vt 0.805271 0.228663 0.0
vt 0.797608 0.245482 0.0
vt 0.797608 0.245482 0.0
vt 0.801577 0.301796 0.0
vt 0.830805 0.253543 0.0
vt 0.824232 0.275548 0.0
vt 0.843952 0.291912 0.0
vt 0.831692 0.320956 0.0
vt 0.824232 0.275548 0.0
vt 0.862374 0.264347 0.0
vt 0.843952 0.291912 0.0
vt 0.852484 0.290813 0.0
vt 0.868643 0.292935 0.0
vt 0.879729 0.272554 0.0
vt 0.899551 0.280755 0.0
vt 0.898011 0.306898 0.0
vt 0.890636 0.249064 0.0
vt 0.868459 0.244188 0.0
vt 0.862374 0.264347 0.0
vt 0.905512 0.244148 0.0
vt 0.830805 0.253543 0.0
vt 0.836979 0.229612 0.0
vt 0.805271 0.228663 0.0
vt 0.811910 0.213888 0.0
vt 0.783728 0.209268 0.0
vt 0.794143 0.200349 0.0
vt 0.777832 0.187051 0.0
vt 0.770603 0.196731 0.0
vt 0.761146 0.171653 0.0
vt 0.754400 0.178985 0.0
vt 0.745685 0.158902 0.0
vt 0.740400 0.164551 0.0
vt 0.713703 0.134055 0.0
vt 0.916002 0.285297 0.0
vt 0.927554 0.249398 0.0
vt 0.918601 0.300437 0.0
vt 0.914854 0.237288 0.0
vt 0.909232 0.322418 0.0
vt 0.930310 0.241226 0.0
vt 0.926643 0.325190 0.0
vt 0.929980 0.218394 0.0
vt 0.914693 0.337034 0.0
vt 0.937584 0.222022 0.0
vt 0.929826 0.338989 0.0
vt 0.940753 0.193308 0.0
vt 0.915094 0.348433 0.0
vt 0.932309 0.350906 0.0
vt 0.943985 0.194761 0.0
vt 0.946600 0.182311 0.0
vt 0.948320 0.193931 0.0
vt 0.949429 0.223205 0.0
vt 0.937584 0.222022 0.0
vt 0.947696 0.241958 0.0
vt 0.930310 0.241226 0.0
vt 0.946227 0.250779 0.0
vt 0.927554 0.249398 0.0
vt 0.916002 0.285297 0.0
vt 0.941473 0.286868 0.0
vt 0.918601 0.300437 0.0
vt 0.941932 0.300756 0.0
vt 0.926643 0.325190 0.0
vt 0.944560 0.327302 0.0
vt 0.929826 0.338989 0.0
vt 0.947034 0.341550 0.0
vt 0.932309 0.350906 0.0
vt 0.950756 0.356939 0.0
vt 0.932885 0.361623 0.0
vt 0.952783 0.366452 0.0
vt 0.954700 0.374735 0.0
vt 0.932751 0.371703 0.0
vt 0.956594 0.389500 0.0
vt 0.911014 0.357235 0.0
vt 0.903842 0.363863 0.0
vt 0.910496 0.198981 0.0
vt 0.924387 0.180442 0.0
vt 0.931170 0.170860 0.0
vt 0.929980 0.218394 0.0
vt 0.898698 0.211444 0.0
vt 0.914854 0.237288 0.0
vt 0.894762 0.214161 0.0
vt 0.905512 0.244148 0.0
vt 0.889285 0.214819 0.0
vt 0.890636 0.249064 0.0
vt 0.868459 0.244188 0.0
vt 0.876653 0.211498 0.0
vt 0.836979 0.229612 0.0
vt 0.852895 0.199295 0.0
vt 0.811910 0.213888 0.0
vt 0.831551 0.184773 0.0
vt 0.794143 0.200349 0.0
vt 0.814703 0.171884 0.0
vt 0.777832 0.187051 0.0
vt 0.797686 0.158955 0.0
vt 0.761146 0.171653 0.0
vt 0.778454 0.145784 0.0
vt 0.745685 0.158902 0.0
vt 0.761280 0.134842 0.0
vt 0.713703 0.134055 0.0
vt 0.726993 0.113315 0.0
vt 0.085524 0.769839 0.0
vt 0.098658 0.768722 0.0
vt 0.102676 0.784798 0.0
vt 0.087769 0.785213 0.0
vt 0.114255 0.778165 0.0
vt 0.095123 0.800106 0.0
vt 0.108046 0.766708 0.0
vt 0.118947 0.766234 0.0
vt 0.122574 0.773977 0.0
vt 0.084493 0.798872 0.0
vt 0.087126 0.819300 0.0
vt 0.078636 0.814737 0.0
vt 0.080402 0.833934 0.0
vt 0.071866 0.828558 0.0
vt 0.073844 0.846312 0.0
vt 0.066226 0.841814 0.0
vt 0.061738 0.852143 0.0
vt 0.064416 0.863494 0.0
vt 0.057884 0.838917 0.0
vt 0.063476 0.824754 0.0
vt 0.071866 0.828558 0.0
vt 0.069078 0.810708 0.0
vt 0.078636 0.814737 0.0
vt 0.072036 0.798862 0.0
vt 0.084493 0.798872 0.0
vt 0.073419 0.786593 0.0
vt 0.087769 0.785213 0.0
vt 0.072673 0.773736 0.0
vt 0.085524 0.769839 0.0
vt 0.070780 0.767345 0.0
vt 0.685883 0.231236 0.0
vt 0.694366 0.222654 0.0
vt 0.697048 0.252292 0.0
vt 0.703524 0.264128 0.0
vt 0.687112 0.259571 0.0
vt 0.695600 0.269369 0.0
vt 0.691495 0.272890 0.0
vt 0.677036 0.274868 0.0
vt 0.679930 0.285907 0.0
vt 0.690368 0.285025 0.0
vt 0.674457 0.265028 0.0
vt 0.683053 0.298114 0.0
vt 0.696532 0.295758 0.0
vt 0.689352 0.313839 0.0
vt 0.710172 0.305476 0.0
vt 0.706811 0.314148 0.0
vt 0.720637 0.313889 0.0
vt 0.721926 0.310487 0.0
vt 0.728122 0.312717 0.0
vt 0.653509 0.278307 0.0
vt 0.677036 0.274868 0.0
vt 0.666639 0.284544 0.0
vt 0.679930 0.285907 0.0
vt 0.669633 0.288802 0.0
vt 0.670851 0.298805 0.0
vt 0.654181 0.284468 0.0
vt 0.683053 0.298114 0.0
vt 0.677924 0.315993 0.0
vt 0.689352 0.313839 0.0
vt 0.666657 0.305890 0.0
vt 0.675219 0.316875 0.0
vt 0.660950 0.319482 0.0
vt 0.657227 0.314274 0.0
vt 0.648655 0.321281 0.0
vt 0.639040 0.284784 0.0
vt 0.640456 0.288129 0.0
vt 0.627748 0.292323 0.0
vt 0.629599 0.294791 0.0
vt 0.621551 0.301765 0.0
vt 0.635749 0.247242 0.0
vt 0.639040 0.284784 0.0
vt 0.620410 0.246893 0.0
vt 0.610818 0.257946 0.0
vt 0.603128 0.264161 0.0
vt 0.604525 0.276019 0.0
vt 0.627748 0.292323 0.0
vt 0.602565 0.290737 0.0
vt 0.621551 0.301765 0.0
vt 0.602559 0.300017 0.0
vt 0.620193 0.305652 0.0
vt 0.602979 0.309487 0.0
vt 0.623394 0.312289 0.0
vt 0.603360 0.317288 0.0
vt 0.603612 0.325262 0.0
vt 0.614059 0.324669 0.0
vt 0.625992 0.323654 0.0
vt 0.628794 0.317115 0.0
vt 0.636243 0.322629 0.0
vt 0.588880 0.302847 0.0
vt 0.602559 0.300017 0.0
vt 0.583703 0.299053 0.0
vt 0.590206 0.310289 0.0
vt 0.602979 0.309487 0.0
vt 0.603360 0.317288 0.0
vt 0.585229 0.316676 0.0
vt 0.603612 0.325262 0.0
vt 0.592601 0.328895 0.0
vt 0.580054 0.332524 0.0
vt 0.576317 0.327780 0.0
vt 0.570938 0.334959 0.0
vt 0.062101 0.558264 0.0
vt 0.070892 0.548982 0.0
vt 0.079827 0.554006 0.0
vt 0.079066 0.537510 0.0
vt 0.086123 0.540350 0.0
vt 0.116541 0.554788 0.0
vt 0.118620 0.549052 0.0
vt 0.127345 0.532432 0.0
vt 0.096832 0.519821 0.0
vt 0.092643 0.515462 0.0
vt 0.070892 0.548982 0.0
vt 0.062101 0.558264 0.0
vt 0.079827 0.554006 0.0
vt 0.079066 0.537510 0.0
vt 0.086123 0.540350 0.0
vt 0.116541 0.554788 0.0
vt 0.118620 0.549052 0.0
vt 0.127345 0.532432 0.0
vt 0.096832 0.519821 0.0
vt 0.092643 0.515462 0.0
vt 0.220271 0.285816 0.0
vt 0.210044 0.302547 0.0
vt 0.227230 0.298516 0.0
vt 0.236711 0.283595 0.0
vt 0.207034 0.292786 0.0
vt 0.244810 0.296701 0.0
vt 0.196102 0.295960 0.0
vt 0.198907 0.305218 0.0
vt 0.187705 0.254593 0.0
vt 0.178775 0.258576 0.0
vt 0.220271 0.285816 0.0
vt 0.197401 0.248713 0.0
vt 0.227203 0.274637 0.0
vt 0.256059 0.274471 0.0
vt 0.280317 0.301961 0.0
vt 0.234342 0.275236 0.0
vt 0.232607 0.264051 0.0
vt 0.242582 0.268674 0.0
vt 0.232607 0.264051 0.0
vt 0.289689 0.281439 0.0
vt 0.307453 0.305298 0.0
vt 0.312711 0.284472 0.0
vt 0.341764 0.305917 0.0
vt 0.241364 0.316322 0.0
vt 0.227230 0.298516 0.0
vt 0.244810 0.296701 0.0
vt 0.275106 0.318787 0.0
vt 0.280317 0.301961 0.0
vt 0.306150 0.321121 0.0
vt 0.307453 0.305298 0.0
vt 0.338576 0.320779 0.0
vt 0.341764 0.305917 0.0
vt 0.379516 0.316992 0.0
vt 0.340643 0.354562 0.0
vt 0.382672 0.350023 0.0
vt 0.306213 0.355295 0.0
vt 0.306150 0.321121 0.0
vt 0.274547 0.353566 0.0
vt 0.275106 0.318787 0.0
vt 0.242901 0.352330 0.0
vt 0.218313 0.353994 0.0
vt 0.214576 0.316891 0.0
vt 0.207148 0.355294 0.0
vt 0.202868 0.317372 0.0
vt 0.210044 0.302547 0.0
vt 0.198907 0.305218 0.0
vt 0.181252 0.737807 0.0
vt 0.157886 0.769120 0.0
vt 0.171422 0.773220 0.0
vt 0.168466 0.727620 0.0
vt 0.143705 0.765844 0.0
vt 0.151440 0.720636 0.0
vt 0.210044 0.302547 0.0
vt 0.202868 0.317372 0.0
vt 0.214576 0.316891 0.0
vt 0.198907 0.305218 0.0
vt 0.207148 0.355294 0.0
vt 0.218313 0.353994 0.0
vt 0.242901 0.352330 0.0
vt 0.274547 0.353566 0.0
vt 0.275106 0.318787 0.0
vt 0.306213 0.355295 0.0
vt 0.306150 0.321121 0.0
vt 0.340643 0.354562 0.0
vt 0.338576 0.320779 0.0
vt 0.379516 0.316992 0.0
vt 0.382672 0.350023 0.0
vt 0.337877 0.922672 0.0
vt 0.357629 0.901882 0.0
vt 0.363352 0.915426 0.0
vt 0.329547 0.915464 0.0
vt 0.337877 0.922672 0.0
vt 0.363352 0.915426 0.0
vt 0.357629 0.901882 0.0
vt 0.329547 0.915464 0.0
vt 0.730479 0.245921 0.0
vt 0.715713 0.260305 0.0
vt 0.734932 0.258582 0.0
vt 0.734130 0.245839 0.0
vt 0.712736 0.247342 0.0
vt 0.697048 0.252292 0.0
vt 0.703524 0.264128 0.0
vt 0.695600 0.269369 0.0
vt 0.687112 0.259571 0.0
vt 0.712736 0.247342 0.0
vt 0.691495 0.272890 0.0
vt 0.677036 0.274868 0.0
vt 0.679930 0.285907 0.0
vt 0.690368 0.285025 0.0
vt 0.697048 0.252292 0.0
vt 0.739104 0.027289 0.0
vt 0.850429 0.055664 0.0
vt 0.733966 0.054358 0.0
vt 0.855376 0.027234 0.0
vt 0.917939 0.059692 0.0
vt 0.933951 0.034813 0.0
vt 0.959086 0.073390 0.0
vt 0.972839 0.052664 0.0
vt 0.948675 0.083627 0.0
vt 0.909961 0.079071 0.0
vt 0.847065 0.074069 0.0
vt 0.731657 0.072065 0.0
vt 0.603774 0.071853 0.0
vt 0.600358 0.050751 0.0
vt 0.521188 0.071249 0.0
vt 0.593370 0.021576 0.0
vt 0.513814 0.055276 0.0
vt 0.466330 0.068481 0.0
vt 0.407795 0.597987 0.0
vt 0.374000 0.596548 0.0
vt 0.408897 0.587763 0.0
vt 0.426122 0.595900 0.0
vt 0.374122 0.586315 0.0
vt 0.321413 0.589498 0.0
vt 0.427002 0.590464 0.0
vt 0.443050 0.593584 0.0
vt 0.159800 0.045657 0.0
vt 0.159272 0.049520 0.0
vt 0.146279 0.045770 0.0
vt 0.146552 0.010969 0.0
vt 0.160395 0.011032 0.0
vt 0.169549 0.052788 0.0
vt 0.172715 0.011104 0.0
vt 0.171597 0.047033 0.0
vt 0.171597 0.047033 0.0
vt 0.198147 0.063233 0.0
vt 0.209084 0.013088 0.0
vt 0.205491 0.049336 0.0
vt 0.222800 0.075013 0.0
vt 0.235908 0.054049 0.0
vt 0.205491 0.049336 0.0
vt 0.235908 0.054049 0.0
vt 0.241265 0.017540 0.0
vt 0.146279 0.045770 0.0
vt 0.160395 0.011032 0.0
vt 0.146552 0.010969 0.0
vt 0.159800 0.045657 0.0
vt 0.172715 0.011104 0.0
vt 0.171597 0.047033 0.0
vt 0.209084 0.013088 0.0
vt 0.205491 0.049336 0.0
vt 0.235908 0.054049 0.0
vt 0.241265 0.017540 0.0
vt 0.734932 0.258582 0.0
vt 0.730479 0.245921 0.0
vt 0.734130 0.245839 0.0
vt 0.715713 0.260305 0.0
vt 0.712736 0.247342 0.0
vt 0.071647 0.533379 0.0
vt 0.092643 0.515462 0.0
vt 0.079066 0.537510 0.0
vt 0.087242 0.509715 0.0
vt 0.056491 0.490142 0.0
vt 0.041779 0.513543 0.0
vt 0.070892 0.548982 0.0
vt 0.032693 0.526122 0.0
vt 0.063154 0.545077 0.0
vt 0.062101 0.558264 0.0
vt 0.047227 0.558178 0.0
vt 0.019620 0.555116 0.0
vt 0.057257 0.565708 0.0
vt 0.066696 0.563251 0.0
vt 0.079827 0.554006 0.0
vt 0.066008 0.577936 0.0
vt 0.073733 0.574802 0.0
vt 0.082108 0.571311 0.0
vt 0.073733 0.574802 0.0
vt 0.085935 0.580034 0.0
vt 0.078501 0.583687 0.0
vt 0.084231 0.588474 0.0
vt 0.093196 0.588192 0.0
vt 0.127533 0.586855 0.0
vt 0.123561 0.570055 0.0
vt 0.082108 0.571311 0.0
vt 0.119340 0.561586 0.0
vt 0.079827 0.554006 0.0
vt 0.116541 0.554788 0.0
vt 0.070559 0.588894 0.0
vt 0.078501 0.583687 0.0
vt 0.084231 0.588474 0.0
vt 0.028075 0.595265 0.0
vt 0.026657 0.588429 0.0
vt 0.057257 0.565708 0.0
vt 0.021894 0.575481 0.0
vt 0.047227 0.558178 0.0
vt 0.019620 0.555116 0.0
vt 0.039184 0.181328 0.0
vt 0.048718 0.151992 0.0
vt 0.034240 0.156139 0.0
vt 0.024771 0.174054 0.0
vt 0.042418 0.147895 0.0
vt 0.049023 0.138925 0.0
vt 0.060131 0.147342 0.0
vt 0.019576 0.139925 0.0
vt 0.015784 0.148985 0.0
vt 0.022014 0.132320 0.0
vt 0.049023 0.138925 0.0
vt 0.023188 0.122244 0.0
vt 0.057597 0.125687 0.0
vt 0.057597 0.125687 0.0
vt 0.077372 0.137457 0.0
vt 0.072641 0.122490 0.0
vt 0.069342 0.109015 0.0
vt 0.060299 0.105499 0.0
vt 0.069687 0.092753 0.0
vt 0.056060 0.088035 0.0
vt 0.071166 0.086033 0.0
vt 0.067682 0.082537 0.0
vt 0.060762 0.071569 0.0
vt 0.052653 0.073268 0.0
vt 0.047559 0.054463 0.0
vt 0.055917 0.054567 0.0
vt 0.054920 0.048147 0.0
vt 0.025046 0.033222 0.0
vt 0.055820 0.038548 0.0
vt 0.029510 0.025089 0.0
vt 0.020253 0.045621 0.0
vt 0.017460 0.070662 0.0
vt 0.018876 0.088525 0.0
vt 0.056060 0.088035 0.0
vt 0.021696 0.106351 0.0
vt 0.060299 0.105499 0.0
vt 0.057597 0.125687 0.0
vt 0.023188 0.122244 0.0
vt 0.770883 0.694943 0.0
vt 0.758494 0.690407 0.0
vt 0.766006 0.682745 0.0
vt 0.774882 0.684446 0.0
vt 0.755601 0.699454 0.0
vt 0.768388 0.701172 0.0
vt 0.768829 0.710428 0.0
vt 0.756117 0.715369 0.0
vt 0.070559 0.588894 0.0
vt 0.084231 0.588474 0.0
vt 0.078869 0.594584 0.0
vt 0.066420 0.612211 0.0
vt 0.072923 0.613146 0.0
vt 0.070266 0.633616 0.0
vt 0.027287 0.613126 0.0
vt 0.028075 0.595265 0.0
vt 0.063356 0.635117 0.0
vt 0.026073 0.635842 0.0
vt 0.062315 0.654069 0.0
vt 0.066487 0.654020 0.0
vt 0.026382 0.655516 0.0
vt 0.062072 0.675712 0.0
vt 0.027658 0.677498 0.0
vt 0.830853 0.587927 0.0
vt 0.811962 0.581842 0.0
vt 0.823167 0.557969 0.0
vt 0.827476 0.600341 0.0
vt 0.809008 0.595414 0.0
vt 0.839759 0.566952 0.0
vt 0.838648 0.533983 0.0
vt 0.852823 0.547018 0.0
vt 0.860119 0.515417 0.0
vt 0.869933 0.531973 0.0
vt 0.823167 0.557969 0.0
vt 0.852823 0.547018 0.0
vt 0.838648 0.533983 0.0
vt 0.860119 0.515417 0.0
vt 0.869933 0.531973 0.0
vt 0.839759 0.566952 0.0
vt 0.811962 0.581842 0.0
vt 0.830853 0.587927 0.0
vt 0.827476 0.600341 0.0
vt 0.918601 0.300437 0.0
vt 0.916002 0.285297 0.0
vt 0.898011 0.306898 0.0
vt 0.899551 0.280755 0.0
vt 0.868643 0.292935 0.0
vt 0.879729 0.272554 0.0
vt 0.862374 0.264347 0.0
vt 0.852484 0.290813 0.0
vt 0.843952 0.291912 0.0
vt 0.824232 0.275548 0.0
vt 0.831692 0.320956 0.0
vt 0.830805 0.253543 0.0
vt 0.843454 0.323888 0.0
vt 0.797608 0.245482 0.0
vt 0.868643 0.292935 0.0
vt 0.805271 0.228663 0.0
vt 0.856636 0.325638 0.0
vt 0.898011 0.306898 0.0
vt 0.874696 0.332450 0.0
vt 0.773800 0.216669 0.0
vt 0.783728 0.209268 0.0
vt 0.762743 0.203062 0.0
vt 0.770603 0.196731 0.0
vt 0.754400 0.178985 0.0
vt 0.734353 0.222670 0.0
vt 0.745636 0.237988 0.0
vt 0.797608 0.245482 0.0
vt 0.770656 0.268902 0.0
vt 0.824232 0.275548 0.0
vt 0.801577 0.301796 0.0
vt 0.831692 0.320956 0.0
vt 0.843952 0.291912 0.0
vt 0.746355 0.183570 0.0
vt 0.719769 0.199555 0.0
vt 0.740400 0.164551 0.0
vt 0.734933 0.167704 0.0
vt 0.709919 0.181522 0.0
vt 0.713703 0.134055 0.0
vt 0.691499 0.145564 0.0
vt 0.359089 0.411093 0.0
vt 0.344186 0.432112 0.0
vt 0.358959 0.440163 0.0
vt 0.382293 0.435882 0.0
vt 0.347241 0.411845 0.0
vt 0.338112 0.419023 0.0
vt 0.332709 0.411296 0.0
vt 0.346212 0.401375 0.0
vt 0.360753 0.399433 0.0
vt 0.360753 0.399433 0.0
vt 0.098095 0.430305 0.0
vt 0.121424 0.445192 0.0
vt 0.081405 0.412057 0.0
vt 0.116811 0.456059 0.0
vt 0.143414 0.486728 0.0
vt 0.100274 0.479939 0.0
vt 0.130282 0.503919 0.0
vt 0.077758 0.466098 0.0
vt 0.098095 0.430305 0.0
vt 0.058534 0.456385 0.0
vt 0.081405 0.412057 0.0
vt 0.058434 0.402071 0.0
vt 0.036229 0.445460 0.0
vt 0.075678 0.394610 0.0
vt 0.058434 0.402071 0.0
vt 0.059521 0.393472 0.0
vt 0.097627 0.389024 0.0
vt 0.086063 0.373203 0.0
vt 0.105756 0.368471 0.0
vt 0.070664 0.382234 0.0
vt 0.059521 0.393472 0.0
vt 0.058203 0.384041 0.0
vt 0.097205 0.359368 0.0
vt 0.112831 0.354804 0.0
vt 0.104667 0.350445 0.0
vt 0.079042 0.318042 0.0
vt 0.071422 0.324433 0.0
vt 0.061592 0.331383 0.0
vt 0.086063 0.373203 0.0
vt 0.050808 0.336358 0.0
vt 0.070664 0.382234 0.0
vt 0.070664 0.382234 0.0
vt 0.040852 0.340010 0.0
vt 0.050808 0.336358 0.0
vt 0.671616 0.507110 0.0
vt 0.666203 0.513172 0.0
vt 0.657305 0.497742 0.0
vt 0.678645 0.511597 0.0
vt 0.666186 0.494939 0.0
vt 0.679533 0.519855 0.0
vt 0.680838 0.510091 0.0
vt 0.688181 0.524538 0.0
vt 0.665366 0.485781 0.0
vt 0.655150 0.486449 0.0
vt 0.661636 0.475836 0.0
vt 0.666383 0.476890 0.0
vt 0.674409 0.461542 0.0
vt 0.071647 0.533379 0.0
vt 0.092643 0.515462 0.0
vt 0.087242 0.509715 0.0
vt 0.079066 0.537510 0.0
vt 0.056491 0.490142 0.0
vt 0.041779 0.513543 0.0
vt 0.070892 0.548982 0.0
vt 0.032693 0.526122 0.0
vt 0.063154 0.545077 0.0
vt 0.062101 0.558264 0.0
vt 0.047227 0.558178 0.0
vt 0.019620 0.555116 0.0
vt 0.903842 0.363863 0.0
vt 0.911282 0.402417 0.0
vt 0.881747 0.371960 0.0
vt 0.932751 0.371703 0.0
vt 0.956594 0.389500 0.0
vt 0.940099 0.418061 0.0
vt 0.932751 0.371703 0.0
vt 0.911282 0.402417 0.0
vt 0.956594 0.389500 0.0
vt 0.940099 0.418061 0.0
vt 0.903842 0.363863 0.0
vt 0.881747 0.371960 0.0
vt 0.182327 0.406719 0.0
vt 0.193313 0.376104 0.0
vt 0.175177 0.381361 0.0
vt 0.170068 0.429617 0.0
vt 0.171045 0.430165 0.0
vt 0.186786 0.438983 0.0
vt 0.200289 0.404255 0.0
vt 0.221092 0.369852 0.0
vt 0.200096 0.413007 0.0
vt 0.215058 0.452414 0.0
vt 0.201394 0.408739 0.0
vt 0.226093 0.400448 0.0
vt 0.253875 0.366404 0.0
vt 0.228956 0.411207 0.0
vt 0.255012 0.414108 0.0
vt 0.228672 0.420095 0.0
vt 0.228956 0.411207 0.0
vt 0.239104 0.461185 0.0
vt 0.255012 0.414108 0.0
vt 0.251199 0.427603 0.0
vt 0.251199 0.427603 0.0
vt 0.264931 0.469379 0.0
vt 0.278860 0.435637 0.0
vt 0.267160 0.470100 0.0
vt 0.281317 0.418544 0.0
vt 0.278860 0.435637 0.0
vt 0.316682 0.430929 0.0
vt 0.255980 0.398757 0.0
vt 0.281317 0.418544 0.0
vt 0.282746 0.366407 0.0
vt 0.282149 0.401746 0.0
vt 0.317403 0.406043 0.0
vt 0.316682 0.430929 0.0
vt 0.282149 0.401746 0.0
vt 0.320047 0.369177 0.0
vt 0.317403 0.406043 0.0
vt 0.082524 0.106798 0.0
vt 0.069687 0.092753 0.0
vt 0.082414 0.093205 0.0
vt 0.069342 0.109015 0.0
vt 0.072641 0.122490 0.0
vt 0.093935 0.080480 0.0
vt 0.071166 0.086033 0.0
vt 0.089096 0.119239 0.0
vt 0.113727 0.092674 0.0
vt 0.114830 0.075196 0.0
vt 0.108949 0.102743 0.0
vt 0.082524 0.106798 0.0
vt 0.089096 0.119239 0.0
vt 0.089096 0.119239 0.0
vt 0.106639 0.103248 0.0
vt 0.077372 0.137457 0.0
vt 0.090629 0.130804 0.0
vt 0.104232 0.125207 0.0
vt 0.102652 0.119512 0.0
vt 0.106639 0.103248 0.0
vt 0.111891 0.100098 0.0
vt 0.117823 0.117165 0.0
vt 0.126212 0.101936 0.0
vt 0.110552 0.129949 0.0
vt 0.134637 0.130831 0.0
vt 0.136083 0.115024 0.0
vt 0.131925 0.139904 0.0
vt 0.103627 0.139451 0.0
vt 0.090629 0.130804 0.0
vt 0.130665 0.147070 0.0
vt 0.102718 0.155447 0.0
vt 0.077372 0.137457 0.0
vt 0.083264 0.150451 0.0
vt 0.102718 0.155447 0.0
vt 0.089292 0.162538 0.0
vt 0.109925 0.165373 0.0
vt 0.099714 0.175652 0.0
vt 0.116338 0.172391 0.0
vt 0.108881 0.183166 0.0
vt 0.127447 0.179803 0.0
vt 0.124977 0.190958 0.0
vt 0.134030 0.191561 0.0
vt 0.151446 0.175197 0.0
vt 0.144028 0.156404 0.0
vt 0.160765 0.167365 0.0
vt 0.135136 0.151979 0.0
vt 0.116338 0.172391 0.0
vt 0.109925 0.165373 0.0
vt 0.131987 0.149877 0.0
vt 0.130665 0.147070 0.0
vt 0.102718 0.155447 0.0
vt 0.423291 0.363551 0.0
vt 0.429164 0.374560 0.0
vt 0.433144 0.363126 0.0
vt 0.457294 0.371580 0.0
vt 0.421975 0.370046 0.0
vt 0.413736 0.366328 0.0
vt 0.441728 0.386031 0.0
vt 0.470248 0.382545 0.0
vt 0.449162 0.396217 0.0
vt 0.451556 0.399845 0.0
vt 0.477600 0.392709 0.0
vt 0.452144 0.403557 0.0
vt 0.481123 0.403622 0.0
vt 0.787401 0.743803 0.0
vt 0.779421 0.722112 0.0
vt 0.794831 0.732207 0.0
vt 0.769575 0.732801 0.0
vt 0.756117 0.715369 0.0
vt 0.768829 0.710428 0.0
vt 0.830505 0.763273 0.0
vt 0.836844 0.752795 0.0
vt 0.846055 0.766632 0.0
vt 0.850060 0.765476 0.0
vt 0.787401 0.743803 0.0
vt 0.779421 0.722112 0.0
vt 0.769575 0.732801 0.0
vt 0.756117 0.715369 0.0
vt 0.768829 0.710428 0.0
vt 0.794831 0.732207 0.0
vt 0.830505 0.763273 0.0
vt 0.836844 0.752795 0.0
vt 0.846055 0.766632 0.0
vt 0.850060 0.765476 0.0
vt 0.129739 0.874024 0.0
vt 0.151660 0.865698 0.0
vt 0.139796 0.846609 0.0
vt 0.122012 0.854729 0.0
vt 0.115631 0.841758 0.0
vt 0.133813 0.833068 0.0
vt 0.145294 0.844210 0.0
vt 0.158710 0.857484 0.0
vt 0.135927 0.896163 0.0
vt 0.175881 0.876619 0.0
vt 0.164343 0.886160 0.0
vt 0.142148 0.918366 0.0
vt 0.184042 0.892046 0.0
vt 0.172968 0.922664 0.0
vt 0.160075 0.942350 0.0
vt 0.171190 0.904419 0.0
vt 0.184015 0.901681 0.0
vt 0.172968 0.922664 0.0
vt 0.227871 0.883098 0.0
vt 0.206818 0.846622 0.0
vt 0.234856 0.855176 0.0
vt 0.194260 0.879617 0.0
vt 0.256459 0.888366 0.0
vt 0.261702 0.860808 0.0
vt 0.287538 0.864900 0.0
vt 0.282443 0.897526 0.0
vt 0.234856 0.855176 0.0
vt 0.206818 0.846622 0.0
vt 0.227871 0.883098 0.0
vt 0.194260 0.879617 0.0
vt 0.256459 0.888366 0.0
vt 0.261702 0.860808 0.0
vt 0.287538 0.864900 0.0
vt 0.282443 0.897526 0.0
vt 0.146704 0.839485 0.0
vt 0.155631 0.821136 0.0
vt 0.170031 0.827974 0.0
vt 0.141973 0.815044 0.0
vt 0.133813 0.833068 0.0
vt 0.145294 0.844210 0.0
vt 0.139796 0.846609 0.0
vt 0.115631 0.841758 0.0
vt 0.122012 0.854729 0.0
vt 0.158710 0.857484 0.0
vt 0.129739 0.874024 0.0
vt 0.151660 0.865698 0.0
vt 0.175881 0.876619 0.0
vt 0.135927 0.896163 0.0
vt 0.164343 0.886160 0.0
vt 0.184042 0.892046 0.0
vt 0.142148 0.918366 0.0
vt 0.171190 0.904419 0.0
vt 0.184015 0.901681 0.0
vt 0.172968 0.922664 0.0
vt 0.160075 0.942350 0.0
vt 0.172968 0.922664 0.0
vt 0.257885 0.107434 0.0
vt 0.255440 0.087612 0.0
vt 0.267543 0.096643 0.0
vt 0.245348 0.097813 0.0
vt 0.222800 0.075013 0.0
vt 0.269342 0.117007 0.0
vt 0.278828 0.105967 0.0
vt 0.293427 0.138391 0.0
vt 0.305290 0.129957 0.0
vt 0.312689 0.157887 0.0
vt 0.324789 0.148538 0.0
vt 0.335110 0.162167 0.0
vt 0.330172 0.174929 0.0
vt 0.347042 0.197925 0.0
vt 0.257885 0.107434 0.0
vt 0.255440 0.087612 0.0
vt 0.245348 0.097813 0.0
vt 0.222800 0.075013 0.0
vt 0.267543 0.096643 0.0
vt 0.269342 0.117007 0.0
vt 0.278828 0.105967 0.0
vt 0.293427 0.138391 0.0
vt 0.305290 0.129957 0.0
vt 0.312689 0.157887 0.0
vt 0.324789 0.148538 0.0
vt 0.335110 0.162167 0.0
vt 0.330172 0.174929 0.0
vt 0.347042 0.197925 0.0
vt 0.318186 0.760853 0.0
vt 0.300691 0.738911 0.0
vt 0.277885 0.736190 0.0
vt 0.335113 0.775149 0.0
vt 0.287100 0.713691 0.0
vt 0.276854 0.715962 0.0
vt 0.281905 0.698510 0.0
vt 0.277189 0.697266 0.0
vt 0.277519 0.687200 0.0
vt 0.328399 0.784532 0.0
vt 0.333741 0.787757 0.0
vt 0.340651 0.778887 0.0
vt 0.340839 0.779009 0.0
vt 0.344079 0.780228 0.0
vt 0.340135 0.793493 0.0
vt 0.343434 0.796689 0.0
vt 0.347709 0.793110 0.0
vt 0.351971 0.805691 0.0
vt 0.362732 0.800957 0.0
vt 0.364020 0.822279 0.0
vt 0.377768 0.818970 0.0
vt 0.372090 0.834914 0.0
vt 0.383501 0.830056 0.0
vt 0.378464 0.846403 0.0
vt 0.390222 0.841952 0.0
vt 0.393212 0.847339 0.0
vt 0.381565 0.853954 0.0
vt 0.397786 0.855819 0.0
vt 0.384163 0.862255 0.0
vt 0.399086 0.872092 0.0
vt 0.412106 0.868926 0.0
vt 0.439566 0.902942 0.0
vt 0.444372 0.894279 0.0
vt 0.464326 0.911613 0.0
vt 0.456723 0.917490 0.0
vt 0.464730 0.926397 0.0
vt 0.472703 0.920748 0.0
vt 0.481253 0.933878 0.0
vt 0.502329 0.931393 0.0
vt 0.495582 0.909902 0.0
vt 0.472703 0.920748 0.0
vt 0.485964 0.895807 0.0
vt 0.464326 0.911613 0.0
vt 0.465007 0.874532 0.0
vt 0.444372 0.894279 0.0
vt 0.434832 0.847371 0.0
vt 0.412106 0.868926 0.0
vt 0.423912 0.836187 0.0
vt 0.397786 0.855819 0.0
vt 0.953984 0.553988 0.0
vt 0.968189 0.541271 0.0
vt 0.971011 0.546336 0.0
vt 0.974621 0.539184 0.0
vt 0.976821 0.542975 0.0
vt 0.993568 0.533787 0.0
vt 0.177228 0.658234 0.0
vt 0.177140 0.630208 0.0
vt 0.182479 0.632153 0.0
vt 0.186929 0.608236 0.0
vt 0.169111 0.657944 0.0
vt 0.171384 0.679151 0.0
vt 0.160164 0.677941 0.0
vt 0.163341 0.706492 0.0
vt 0.148601 0.697083 0.0
vt 0.150858 0.709605 0.0
vt 0.133390 0.708170 0.0
vt 0.137939 0.714014 0.0
vt 0.143757 0.610548 0.0
vt 0.156250 0.589763 0.0
vt 0.130316 0.636203 0.0
vt 0.169111 0.657944 0.0
vt 0.160164 0.677941 0.0
vt 0.121516 0.653703 0.0
vt 0.148601 0.697083 0.0
vt 0.112116 0.667840 0.0
vt 0.130316 0.636203 0.0
vt 0.169111 0.657944 0.0
vt 0.177140 0.630208 0.0
vt 0.121516 0.653703 0.0
vt 0.143757 0.610548 0.0
vt 0.186929 0.608236 0.0
vt 0.156250 0.589763 0.0
vt 0.160164 0.677941 0.0
vt 0.112116 0.667840 0.0
vt 0.148601 0.697083 0.0
vt 0.498674 0.163438 0.0
vt 0.492954 0.130910 0.0
vt 0.491734 0.169941 0.0
vt 0.488679 0.159225 0.0
vt 0.488679 0.159225 0.0
vt 0.486062 0.130472 0.0
vt 0.484373 0.174402 0.0
vt 0.479252 0.161986 0.0
vt 0.477501 0.128596 0.0
vt 0.478982 0.176503 0.0
vt 0.467191 0.174049 0.0
vt 0.465525 0.159858 0.0
vt 0.450411 0.147441 0.0
vt 0.466911 0.122265 0.0
vt 0.434520 0.131641 0.0
vt 0.454488 0.109794 0.0
vt 0.416243 0.109434 0.0
vt 0.437330 0.089477 0.0
vt 0.402289 0.090191 0.0
vt 0.457865 0.169740 0.0
vt 0.450411 0.147441 0.0
vt 0.442253 0.156329 0.0
vt 0.442253 0.156329 0.0
vt 0.434520 0.131641 0.0
vt 0.433449 0.162482 0.0
vt 0.426912 0.138328 0.0
vt 0.426912 0.138328 0.0
vt 0.416243 0.109434 0.0
vt 0.419534 0.143180 0.0
vt 0.409670 0.115015 0.0
vt 0.409670 0.115015 0.0
vt 0.397139 0.094300 0.0
vt 0.386160 0.072513 0.0
vt 0.421482 0.071535 0.0
vt 0.404374 0.054459 0.0
vt 0.402826 0.119142 0.0
vt 0.397139 0.094300 0.0
vt 0.391318 0.096655 0.0
vt 0.386160 0.072513 0.0
vt 0.366198 0.104152 0.0
vt 0.360603 0.077878 0.0
vt 0.377029 0.131004 0.0
vt 0.393691 0.157592 0.0
vt 0.419534 0.143180 0.0
vt 0.406449 0.175368 0.0
vt 0.433449 0.162482 0.0
vt 0.413213 0.187892 0.0
vt 0.446547 0.179641 0.0
vt 0.114255 0.778165 0.0
vt 0.108046 0.766708 0.0
vt 0.118947 0.766234 0.0
vt 0.122574 0.773977 0.0
vt 0.713703 0.134055 0.0
vt 0.709919 0.181522 0.0
vt 0.691499 0.145564 0.0
vt 0.734933 0.167704 0.0
vt 0.740400 0.164551 0.0
vt 0.719769 0.199555 0.0
vt 0.746355 0.183570 0.0
vt 0.454551 0.270119 0.0
vt 0.469724 0.272160 0.0
vt 0.466266 0.291120 0.0
vt 0.453315 0.291552 0.0
vt 0.459407 0.317784 0.0
vt 0.453754 0.316500 0.0
vt 0.452167 0.339064 0.0
vt 0.454551 0.270119 0.0
vt 0.444987 0.293363 0.0
vt 0.453315 0.291552 0.0
vt 0.448674 0.316521 0.0
vt 0.418862 0.324782 0.0
vt 0.424714 0.346550 0.0
vt 0.413188 0.302841 0.0
vt 0.444987 0.293363 0.0
vt 0.406985 0.282870 0.0
vt 0.439187 0.270642 0.0
vt 0.403229 0.273753 0.0
vt 0.436094 0.259605 0.0
vt 0.255012 0.414108 0.0
vt 0.255980 0.398757 0.0
vt 0.281317 0.418544 0.0
vt 0.317403 0.406043 0.0
vt 0.316682 0.430929 0.0
vt 0.282149 0.401746 0.0
vt 0.226093 0.400448 0.0
vt 0.228956 0.411207 0.0
vt 0.201394 0.408739 0.0
vt 0.253875 0.366404 0.0
vt 0.282746 0.366407 0.0
vt 0.282149 0.401746 0.0
vt 0.317403 0.406043 0.0
vt 0.320047 0.369177 0.0
vt 0.221092 0.369852 0.0
vt 0.200289 0.404255 0.0
vt 0.182327 0.406719 0.0
vt 0.193313 0.376104 0.0
vt 0.175177 0.381361 0.0
vt 0.745830 0.423741 0.0
vt 0.738726 0.437859 0.0
vt 0.736739 0.426246 0.0
vt 0.751038 0.438972 0.0
vt 0.732592 0.406729 0.0
vt 0.727928 0.409704 0.0
vt 0.721034 0.401254 0.0
vt 0.356023 0.788019 0.0
vt 0.349089 0.784081 0.0
vt 0.351410 0.777956 0.0
vt 0.353533 0.784125 0.0
vt 0.378746 0.762814 0.0
vt 0.369034 0.755067 0.0
vt 0.383052 0.768129 0.0
vt 0.362732 0.800957 0.0
vt 0.392346 0.782727 0.0
vt 0.377768 0.818970 0.0
vt 0.404770 0.803265 0.0
vt 0.411148 0.814590 0.0
vt 0.383501 0.830056 0.0
vt 0.417439 0.826028 0.0
vt 0.390222 0.841952 0.0
vt 0.393212 0.847339 0.0
vt 0.420019 0.830562 0.0
vt 0.423912 0.836187 0.0
vt 0.397786 0.855819 0.0
vt 0.112116 0.667840 0.0
vt 0.148601 0.697083 0.0
vt 0.101281 0.680103 0.0
vt 0.133390 0.708170 0.0
vt 0.133390 0.708170 0.0
vt 0.112116 0.667840 0.0
vt 0.101281 0.680103 0.0
vt 0.148601 0.697083 0.0
vt 0.362732 0.800957 0.0
vt 0.347709 0.793110 0.0
vt 0.351971 0.805691 0.0
vt 0.364020 0.822279 0.0
vt 0.343434 0.796689 0.0
vt 0.356023 0.788019 0.0
vt 0.344079 0.780228 0.0
vt 0.349089 0.784081 0.0
vt 0.351410 0.777956 0.0
vt 0.369034 0.755067 0.0
vt 0.359444 0.750647 0.0
vt 0.349089 0.784081 0.0
vt 0.353533 0.784125 0.0
vt 0.351410 0.777956 0.0
vt 0.383052 0.768129 0.0
vt 0.378746 0.762814 0.0
vt 0.369034 0.755067 0.0
vt 0.362732 0.800957 0.0
vt 0.392346 0.782727 0.0
vt 0.377768 0.818970 0.0
vt 0.404770 0.803265 0.0
vt 0.383501 0.830056 0.0
vt 0.411148 0.814590 0.0
vt 0.390222 0.841952 0.0
vt 0.417439 0.826028 0.0
vt 0.393212 0.847339 0.0
vt 0.420019 0.830562 0.0
vt 0.397786 0.855819 0.0
vt 0.423912 0.836187 0.0
vt 0.377768 0.818970 0.0
vt 0.372090 0.834914 0.0
vt 0.383501 0.830056 0.0
vt 0.378464 0.846403 0.0
vt 0.390222 0.841952 0.0
vt 0.393212 0.847339 0.0
vt 0.381565 0.853954 0.0
vt 0.397786 0.855819 0.0
vt 0.384163 0.862255 0.0
vt 0.399086 0.872092 0.0
vt 0.412106 0.868926 0.0
vt 0.439566 0.902942 0.0
vt 0.444372 0.894279 0.0
vt 0.464326 0.911613 0.0
vt 0.456723 0.917490 0.0
vt 0.464730 0.926397 0.0
vt 0.472703 0.920748 0.0
vt 0.475305 0.936430 0.0
vt 0.481253 0.933878 0.0
vt 0.484285 0.948691 0.0
vt 0.488671 0.949068 0.0
vt 0.494792 0.963046 0.0
vt 0.501512 0.950634 0.0
vt 0.498514 0.963518 0.0
vt 0.502329 0.931393 0.0
vt 0.495582 0.909902 0.0
vt 0.472703 0.920748 0.0
vt 0.485964 0.895807 0.0
vt 0.464326 0.911613 0.0
vt 0.465007 0.874532 0.0
vt 0.444372 0.894279 0.0
vt 0.434832 0.847371 0.0
vt 0.412106 0.868926 0.0
vt 0.397786 0.855819 0.0
vt 0.423912 0.836187 0.0
vt 0.954159 0.961854 0.0
vt 0.915964 0.926306 0.0
vt 0.924386 0.919220 0.0
vt 0.873772 0.869833 0.0
vt 0.915964 0.926306 0.0
vt 0.954159 0.961854 0.0
vt 0.924386 0.919220 0.0
vt 0.873772 0.869833 0.0
vt 0.397875 0.472949 0.0
vt 0.398871 0.445567 0.0
vt 0.388627 0.464643 0.0
vt 0.374356 0.452188 0.0
vt 0.382293 0.435882 0.0
vt 0.358959 0.440163 0.0
vt 0.359089 0.411093 0.0
vt 0.405051 0.428200 0.0
vt 0.414045 0.450578 0.0
vt 0.415727 0.432100 0.0
vt 0.390757 0.418963 0.0
vt 0.360753 0.399433 0.0
vt 0.424662 0.432147 0.0
vt 0.414045 0.450578 0.0
vt 0.382806 0.500766 0.0
vt 0.374239 0.491897 0.0
vt 0.388627 0.464643 0.0
vt 0.358750 0.473640 0.0
vt 0.374356 0.452188 0.0
vt 0.347657 0.467685 0.0
vt 0.358959 0.440163 0.0
vt 0.343710 0.457722 0.0
vt 0.333740 0.477821 0.0
vt 0.347657 0.467685 0.0
vt 0.327316 0.465713 0.0
vt 0.344186 0.432112 0.0
vt 0.333219 0.448979 0.0
vt 0.323098 0.453838 0.0
vt 0.359089 0.411093 0.0
vt 0.324892 0.428851 0.0
vt 0.323098 0.453838 0.0
vt 0.347241 0.411845 0.0
vt 0.338112 0.419023 0.0
vt 0.360753 0.399433 0.0
vt 0.346212 0.401375 0.0
vt 0.332709 0.411296 0.0
vt 0.338112 0.419023 0.0
vt 0.452167 0.339064 0.0
vt 0.418862 0.324782 0.0
vt 0.424714 0.346550 0.0
vt 0.448674 0.316521 0.0
vt 0.413188 0.302841 0.0
vt 0.444987 0.293363 0.0
vt 0.406985 0.282870 0.0
vt 0.439187 0.270642 0.0
vt 0.403229 0.273753 0.0
vt 0.436094 0.259605 0.0
vt 0.340839 0.779009 0.0
vt 0.340651 0.778887 0.0
vt 0.333741 0.787757 0.0
vt 0.344079 0.780228 0.0
vt 0.335113 0.775149 0.0
vt 0.340135 0.793493 0.0
vt 0.343434 0.796689 0.0
vt 0.328399 0.784532 0.0
vt 0.313462 0.776923 0.0
vt 0.318186 0.760853 0.0
vt 0.280925 0.753405 0.0
vt 0.300691 0.738911 0.0
vt 0.277885 0.736190 0.0
vt 0.287100 0.713691 0.0
vt 0.276854 0.715962 0.0
vt 0.281905 0.698510 0.0
vt 0.277189 0.697266 0.0
vt 0.277519 0.687200 0.0
vt 0.313740 0.673345 0.0
vt 0.317819 0.684408 0.0
vt 0.322909 0.698466 0.0
vt 0.287100 0.713691 0.0
vt 0.332230 0.720866 0.0
vt 0.343101 0.737855 0.0
vt 0.335113 0.775149 0.0
vt 0.354083 0.747950 0.0
vt 0.340651 0.778887 0.0
vt 0.357427 0.749870 0.0
vt 0.340839 0.779009 0.0
vt 0.344079 0.780228 0.0
vt 0.359444 0.750647 0.0
vt 0.194355 0.569260 0.0
vt 0.202129 0.539044 0.0
vt 0.189986 0.538823 0.0
vt 0.186719 0.566981 0.0
vt 0.200925 0.533147 0.0
vt 0.185142 0.520157 0.0
vt 0.195257 0.516206 0.0
vt 0.181137 0.504723 0.0
vt 0.191005 0.499358 0.0
vt 0.189986 0.538823 0.0
vt 0.150244 0.564013 0.0
vt 0.152300 0.538259 0.0
vt 0.185142 0.520157 0.0
vt 0.151939 0.522029 0.0
vt 0.181137 0.504723 0.0
vt 0.150582 0.507211 0.0
vt 0.202129 0.539044 0.0
vt 0.194355 0.569260 0.0
vt 0.189986 0.538823 0.0
vt 0.186719 0.566981 0.0
vt 0.200925 0.533147 0.0
vt 0.185142 0.520157 0.0
vt 0.195257 0.516206 0.0
vt 0.181137 0.504723 0.0
vt 0.191005 0.499358 0.0
vt 0.150244 0.564013 0.0
vt 0.189986 0.538823 0.0
vt 0.152300 0.538259 0.0
vt 0.185142 0.520157 0.0
vt 0.151939 0.522029 0.0
vt 0.181137 0.504723 0.0
vt 0.150582 0.507211 0.0
vt 0.277602 0.058755 0.0
vt 0.255440 0.087612 0.0
vt 0.290198 0.068591 0.0
vt 0.267543 0.096643 0.0
vt 0.302399 0.078674 0.0
vt 0.278828 0.105967 0.0
vt 0.305290 0.129957 0.0
vt 0.330446 0.104707 0.0
vt 0.324789 0.148538 0.0
vt 0.349942 0.125642 0.0
vt 0.361304 0.138451 0.0
vt 0.335110 0.162167 0.0
vt 0.361304 0.138451 0.0
vt 0.335110 0.162167 0.0
vt 0.324789 0.148538 0.0
vt 0.349942 0.125642 0.0
vt 0.330446 0.104707 0.0
vt 0.305290 0.129957 0.0
vt 0.278828 0.105967 0.0
vt 0.302399 0.078674 0.0
vt 0.290198 0.068591 0.0
vt 0.267543 0.096643 0.0
vt 0.277602 0.058755 0.0
vt 0.255440 0.087612 0.0
vt 0.340651 0.778887 0.0
vt 0.357427 0.749870 0.0
vt 0.340839 0.779009 0.0
vt 0.344079 0.780228 0.0
vt 0.359444 0.750647 0.0
vt 0.354083 0.747950 0.0
vt 0.335113 0.775149 0.0
vt 0.343101 0.737855 0.0
vt 0.318186 0.760853 0.0
vt 0.332230 0.720866 0.0
vt 0.300691 0.738911 0.0
vt 0.322909 0.698466 0.0
vt 0.287100 0.713691 0.0
vt 0.281905 0.698510 0.0
vt 0.317819 0.684408 0.0
vt 0.277519 0.687200 0.0
vt 0.313740 0.673345 0.0
vt 0.089949 0.900554 0.0
vt 0.068043 0.927802 0.0
vt 0.092700 0.907823 0.0
vt 0.062149 0.915122 0.0
vt 0.086382 0.889359 0.0
vt 0.058387 0.901969 0.0
vt 0.084620 0.884819 0.0
vt 0.056485 0.897295 0.0
vt 0.092700 0.907823 0.0
vt 0.068043 0.927802 0.0
vt 0.062149 0.915122 0.0
vt 0.089949 0.900554 0.0
vt 0.058387 0.901969 0.0
vt 0.086382 0.889359 0.0
vt 0.056485 0.897295 0.0
vt 0.084620 0.884819 0.0
vt 0.411628 0.215316 0.0
vt 0.448536 0.224127 0.0
vt 0.408851 0.222585 0.0
vt 0.444653 0.235030 0.0
vt 0.405901 0.229572 0.0
vt 0.440949 0.243012 0.0
vt 0.451678 0.199738 0.0
vt 0.414524 0.199340 0.0
vt 0.446547 0.179641 0.0
vt 0.413213 0.187892 0.0
vt 0.444653 0.235030 0.0
vt 0.411628 0.215316 0.0
vt 0.408851 0.222585 0.0
vt 0.405901 0.229572 0.0
vt 0.440949 0.243012 0.0
vt 0.448536 0.224127 0.0
vt 0.414524 0.199340 0.0
vt 0.451678 0.199738 0.0
vt 0.446547 0.179641 0.0
vt 0.413213 0.187892 0.0
vt 0.658625 0.353306 0.0
vt 0.678120 0.373757 0.0
vt 0.670451 0.378664 0.0
vt 0.689479 0.401049 0.0
vt 0.678120 0.373757 0.0
vt 0.658625 0.353306 0.0
vt 0.670451 0.378664 0.0
vt 0.689479 0.401049 0.0
vt 0.117375 0.967757 0.0
vt 0.107082 0.954089 0.0
vt 0.112210 0.977139 0.0
vt 0.112076 0.951487 0.0
vt 0.125243 0.982771 0.0
vt 0.115068 0.987438 0.0
vt 0.135250 0.976686 0.0
vt 0.127219 0.960825 0.0
vt 0.122171 0.946330 0.0
vt 0.139449 0.974678 0.0
vt 0.127927 0.943663 0.0
vt 0.132335 0.958700 0.0
vt 0.147898 0.971463 0.0
vt 0.141291 0.954719 0.0
vt 0.136885 0.940327 0.0
vt 0.909232 0.322418 0.0
vt 0.926643 0.325190 0.0
vt 0.879220 0.337906 0.0
vt 0.874696 0.332450 0.0
vt 0.914693 0.337034 0.0
vt 0.914693 0.337034 0.0
vt 0.929826 0.338989 0.0
vt 0.880679 0.344074 0.0
vt 0.880352 0.349743 0.0
vt 0.915094 0.348433 0.0
vt 0.915094 0.348433 0.0
vt 0.932309 0.350906 0.0
vt 0.911014 0.357235 0.0
vt 0.903842 0.363863 0.0
vt 0.893504 0.512897 0.0
vt 0.902070 0.525461 0.0
vt 0.893924 0.524704 0.0
vt 0.902070 0.525461 0.0
vt 0.893504 0.512897 0.0
vt 0.893924 0.524704 0.0
vt 0.227203 0.274637 0.0
vt 0.227360 0.231948 0.0
vt 0.207425 0.240996 0.0
vt 0.232607 0.264051 0.0
vt 0.197401 0.248713 0.0
vt 0.220271 0.285816 0.0
vt 0.880679 0.344074 0.0
vt 0.914693 0.337034 0.0
vt 0.915094 0.348433 0.0
vt 0.880352 0.349743 0.0
vt 0.879220 0.337906 0.0
vt 0.909232 0.322418 0.0
vt 0.874696 0.332450 0.0
vt 0.898011 0.306898 0.0
vt 0.880352 0.349743 0.0
vt 0.915094 0.348433 0.0
vt 0.911014 0.357235 0.0
vt 0.879559 0.356554 0.0
vt 0.903842 0.363863 0.0
vt 0.881747 0.371960 0.0
vt 0.881747 0.371960 0.0
vt 0.903842 0.363863 0.0
vt 0.879559 0.356554 0.0
vt 0.911014 0.357235 0.0
vt 0.880352 0.349743 0.0
vt 0.915094 0.348433 0.0
vt 0.087126 0.819300 0.0
vt 0.118203 0.813821 0.0
vt 0.095123 0.800106 0.0
vt 0.124036 0.804135 0.0
vt 0.102676 0.784798 0.0
vt 0.110923 0.831378 0.0
vt 0.080402 0.833934 0.0
vt 0.104263 0.846235 0.0
vt 0.073844 0.846312 0.0
vt 0.098063 0.858612 0.0
vt 0.064416 0.863494 0.0
vt 0.089128 0.876054 0.0
vt 0.110923 0.831378 0.0
vt 0.087126 0.819300 0.0
vt 0.095123 0.800106 0.0
vt 0.104263 0.846235 0.0
vt 0.118203 0.813821 0.0
vt 0.102676 0.784798 0.0
vt 0.124036 0.804135 0.0
vt 0.080402 0.833934 0.0
vt 0.098063 0.858612 0.0
vt 0.073844 0.846312 0.0
vt 0.089128 0.876054 0.0
vt 0.064416 0.863494 0.0
vt 0.424662 0.432147 0.0
vt 0.444500 0.442844 0.0
vt 0.428177 0.422732 0.0
vt 0.449059 0.428443 0.0
vt 0.428199 0.414794 0.0
vt 0.451205 0.412334 0.0
vt 0.427443 0.406576 0.0
vt 0.452144 0.403557 0.0
vt 0.477600 0.392709 0.0
vt 0.481123 0.403622 0.0
vt 0.451556 0.399845 0.0
vt 0.470248 0.382545 0.0
vt 0.449162 0.396217 0.0
vt 0.449162 0.396217 0.0
vt 0.441728 0.386031 0.0
vt 0.441728 0.386031 0.0
vt 0.423151 0.393652 0.0
vt 0.457294 0.371580 0.0
vt 0.418868 0.381078 0.0
vt 0.429164 0.374560 0.0
vt 0.429164 0.374560 0.0
vt 0.433144 0.363126 0.0
vt 0.415865 0.372745 0.0
vt 0.423291 0.363551 0.0
vt 0.421975 0.370046 0.0
vt 0.413736 0.366328 0.0
vt 0.324892 0.428851 0.0
vt 0.338112 0.419023 0.0
vt 0.332709 0.411296 0.0
vt 0.344186 0.432112 0.0
vt 0.338112 0.419023 0.0
vt 0.324892 0.428851 0.0
vt 0.332709 0.411296 0.0
vt 0.344186 0.432112 0.0
vt 0.137040 0.795684 0.0
vt 0.114255 0.778165 0.0
vt 0.130366 0.799594 0.0
vt 0.122574 0.773977 0.0
vt 0.102676 0.784798 0.0
vt 0.124036 0.804135 0.0
vt 0.114255 0.778165 0.0
vt 0.137040 0.795684 0.0
vt 0.130366 0.799594 0.0
vt 0.122574 0.773977 0.0
vt 0.124036 0.804135 0.0
vt 0.102676 0.784798 0.0
vt 0.092700 0.907823 0.0
vt 0.073505 0.934364 0.0
vt 0.093912 0.909603 0.0
vt 0.068043 0.927802 0.0
vt 0.093912 0.909603 0.0
vt 0.073505 0.934364 0.0
vt 0.068043 0.927802 0.0
vt 0.092700 0.907823 0.0
vt 0.060550 0.051300 0.0
vt 0.054920 0.048147 0.0
vt 0.055820 0.038548 0.0
vt 0.055917 0.054567 0.0
vt 0.060762 0.071569 0.0
vt 0.068594 0.067698 0.0
vt 0.081177 0.074574 0.0
vt 0.067682 0.082537 0.0
vt 0.071166 0.086033 0.0
vt 0.093935 0.080480 0.0
vt 0.108587 0.059091 0.0
vt 0.114830 0.075196 0.0
vt 0.100237 0.046282 0.0
vt 0.068594 0.067698 0.0
vt 0.060550 0.051300 0.0
vt 0.087923 0.029893 0.0
vt 0.055820 0.038548 0.0
vt 0.079631 0.019638 0.0
vt 0.060550 0.051300 0.0
vt 0.054920 0.048147 0.0
vt 0.055917 0.054567 0.0
vt 0.055820 0.038548 0.0
vt 0.060762 0.071569 0.0
vt 0.068594 0.067698 0.0
vt 0.081177 0.074574 0.0
vt 0.067682 0.082537 0.0
vt 0.071166 0.086033 0.0
vt 0.093935 0.080480 0.0
vt 0.108587 0.059091 0.0
vt 0.114830 0.075196 0.0
vt 0.100237 0.046282 0.0
vt 0.068594 0.067698 0.0
vt 0.060550 0.051300 0.0
vt 0.087923 0.029893 0.0
vt 0.055820 0.038548 0.0
vt 0.079631 0.019638 0.0
vt 0.145667 0.263901 0.0
vt 0.122175 0.255598 0.0
vt 0.129873 0.271631 0.0
vt 0.148538 0.271703 0.0
vt 0.133259 0.278794 0.0
vt 0.137724 0.246769 0.0
vt 0.114355 0.241841 0.0
vt 0.134337 0.227021 0.0
vt 0.022014 0.132320 0.0
vt 0.042418 0.147895 0.0
vt 0.049023 0.138925 0.0
vt 0.023188 0.122244 0.0
vt 0.057597 0.125687 0.0
vt 0.019576 0.139925 0.0
vt 0.034240 0.156139 0.0
vt 0.015784 0.148985 0.0
vt 0.103900 0.228201 0.0
vt 0.134337 0.227021 0.0
vt 0.114355 0.241841 0.0
vt 0.124992 0.205410 0.0
vt 0.103900 0.228201 0.0
vt 0.134337 0.227021 0.0
vt 0.124992 0.205410 0.0
vt 0.114355 0.241841 0.0

f 1/1/1 2/2/2 3/3/3
f 2/2/2 4/4/4 3/3/3
f 2/2/2 5/5/5 4/4/4
f 2/2/2 1/1/1 6/6/6
f 7/7/7 6/6/6 1/1/1
f 6/6/6 7/7/7 8/8/8
f 8/8/8 9/9/9 6/6/6
f 9/9/9 8/8/8 10/10/10
f 11/11/11 6/6/6 9/9/9
f 6/6/6 11/11/11 12/12/12
f 13/13/13 12/12/12 11/11/11
f 12/12/12 13/13/13 14/14/14
f 15/15/15 16/16/16 17/17/17
f 16/16/16 18/18/18 17/17/17
f 16/16/16 19/19/19 18/18/18
f 19/19/19 16/16/16 20/20/20
f 16/16/16 15/15/15 21/21/21
f 21/21/21 20/20/20 16/16/16
f 20/20/20 21/21/21 22/22/22
f 23/23/23 21/21/21 15/15/15
f 24/24/24 22/22/22 21/21/21
f 21/21/21 23/23/23 25/25/25
f 25/25/25 24/24/24 21/21/21
f 26/26/26 25/25/25 23/23/23
f 27/27/27 24/24/24 25/25/25
f 25/25/25 26/26/26 28/28/28
f 29/29/29 28/28/28 26/26/26
f 28/28/28 29/29/29 30/30/30
f 31/31/31 27/27/27 25/25/25
f 32/32/32 27/27/27 31/31/31
f 33/33/33 32/32/32 31/31/31
f 34/34/34 35/35/35 36/36/36
f 36/36/36 35/35/35 37/37/37
f 35/35/35 34/34/34 38/38/38
f 37/37/37 39/39/39 36/36/36
f 39/39/39 37/37/37 40/40/40
f 39/39/39 40/40/40 41/41/41
f 34/34/34 42/42/42 38/38/38
f 42/42/42 34/34/34 43/43/43
f 43/43/43 44/44/44 42/42/42
f 45/45/45 44/44/44 43/43/43
f 46/46/46 47/47/47 48/48/48
f 46/46/46 48/48/48 49/49/49
f 47/47/47 46/46/46 50/50/50
f 50/50/50 51/51/51 47/47/47
f 49/49/49 52/52/52 46/46/46
f 52/52/52 49/49/49 53/53/53
f 54/54/54 46/46/46 52/52/52
f 46/46/46 54/54/54 55/55/55
f 56/56/56 55/55/55 54/54/54
f 55/55/55 56/56/56 57/57/57
f 51/51/51 50/50/50 58/58/58
f 58/58/58 59/59/59 51/51/51
f 58/58/58 60/60/60 59/59/59
f 58/58/58 61/61/61 60/60/60
f 62/62/62 61/61/61 58/58/58
f 61/61/61 62/62/62 63/63/63
f 62/62/62 64/64/64 63/63/63
f 62/62/62 65/65/65 64/64/64
f 62/62/62 66/66/66 65/65/65
f 67/67/67 65/65/65 66/66/66
f 66/66/66 68/68/68 67/67/67
f 68/68/68 66/66/66 69/69/69
f 70/70/70 68/68/68 69/69/69
f 68/68/68 70/70/70 71/71/71
f 71/71/71 70/70/70 72/72/72
f 73/73/73 72/72/72 70/70/70
f 73/73/73 74/74/74 72/72/72
f 73/73/73 75/75/75 74/74/74
f 70/70/70 76/76/76 73/73/73
f 77/77/77 76/76/76 70/70/70
f 78/78/78 77/77/77 70/70/70
f 79/79/79 73/73/73 76/76/76
f 80/80/80 77/77/77 78/78/78
f 77/77/77 80/80/80 81/81/81
f 82/82/82 81/81/81 80/80/80
f 81/81/81 82/82/82 83/83/83
f 73/73/73 79/79/79 84/84/84
f 84/84/84 75/75/75 73/73/73
f 85/85/85 86/86/86 87/87/87
f 88/88/88 86/86/86 85/85/85
f 89/89/89 87/87/87 86/86/86
f 86/86/86 88/88/88 90/90/90
f 91/91/91 87/87/87 89/89/89
f 90/90/90 88/88/88 92/92/92
f 87/87/87 91/91/91 93/93/93
f 94/94/94 93/93/93 91/91/91
f 93/93/93 94/94/94 95/95/95
f 96/96/96 92/92/92 88/88/88
f 92/92/92 96/96/96 97/97/97
f 96/96/96 98/98/98 97/97/97
f 97/97/97 98/98/98 99/99/99
f 100/100/100 99/99/99 98/98/98
f 99/99/99 100/100/100 101/101/101
f 100/100/100 102/102/102 101/101/101
f 101/101/101 102/102/102 103/103/103
f 104/104/104 103/103/103 102/102/102
f 103/103/103 104/104/104 105/105/105
f 104/104/104 106/106/106 105/105/105
f 105/105/105 106/106/106 107/107/107
f 106/106/106 108/108/108 107/107/107
f 107/107/107 108/108/108 109/109/109
f 110/110/110 109/109/109 108/108/108
f 111/111/111 112/112/112 113/113/113
f 113/113/113 114/114/114 111/111/111
f 114/114/114 113/113/113 115/115/115
f 112/112/112 111/111/111 116/116/116
f 116/116/116 117/117/117 112/112/112
f 117/117/117 116/116/116 118/118/118
f 117/117/117 118/118/118 119/119/119
f 117/117/117 119/119/119 120/120/120
f 119/119/119 121/121/121 120/120/120
f 121/121/121 119/119/119 122/122/122
f 121/121/121 122/122/122 123/123/123
f 121/121/121 123/123/123 124/124/124
f 124/124/124 123/123/123 125/125/125
f 124/124/124 125/125/125 126/126/126
f 126/126/126 125/125/125 127/127/127
f 126/126/126 127/127/127 128/128/128
f 128/128/128 127/127/127 129/129/129
f 128/128/128 129/129/129 130/130/130
f 130/130/130 129/129/129 131/131/131
f 130/130/130 131/131/131 132/132/132
f 132/132/132 131/131/131 133/133/133
f 132/132/132 133/133/133 134/134/134
f 134/134/134 133/133/133 135/135/135
f 134/134/134 135/135/135 136/136/136
f 137/137/137 138/138/138 139/139/139
f 138/138/138 137/137/137 140/140/140
f 141/141/141 142/142/142 143/143/143
f 141/141/141 143/143/143 144/144/144
f 145/145/145 146/146/146 147/147/147
f 146/146/146 145/145/145 148/148/148
f 149/149/149 145/145/145 147/147/147
f 150/150/150 145/145/145 149/149/149
f 149/149/149 151/151/151 150/150/150
f 152/152/152 151/151/151 149/149/149
f 149/149/149 147/147/147 152/152/152
f 151/151/151 152/152/152 153/153/153
f 153/153/153 152/152/152 154/154/154
f 154/154/154 155/155/155 153/153/153
f 155/155/155 154/154/154 156/156/156
f 157/157/157 155/155/155 156/156/156
f 155/155/155 157/157/157 158/158/158
f 159/159/159 158/158/158 157/157/157
f 158/158/158 159/159/159 160/160/160
f 152/152/152 147/147/147 161/161/161
f 147/147/147 146/146/146 161/161/161
f 162/162/162 163/163/163 164/164/164
f 164/164/164 165/165/165 166/166/166
f 167/167/167 165/165/165 164/164/164
f 167/167/167 168/168/168 165/165/165
f 167/167/167 169/169/169 168/168/168
f 169/169/169 167/167/167 170/170/170
f 169/169/169 171/171/171 168/168/168
f 169/169/169 172/172/172 171/171/171
f 171/171/171 173/173/173 168/168/168
f 173/173/173 171/171/171 174/174/174
f 175/175/175 173/173/173 174/174/174
f 173/173/173 175/175/175 176/176/176
f 177/177/177 176/176/176 175/175/175
f 178/178/178 179/179/179 180/180/180
f 179/179/179 178/178/178 181/181/181
f 180/180/180 182/182/182 178/178/178
f 182/182/182 180/180/180 183/183/183
f 183/183/183 184/184/184 182/182/182
f 184/184/184 183/183/183 185/185/185
f 186/186/186 187/187/187 188/188/188
f 187/187/187 186/186/186 189/189/189
f 190/190/190 189/189/189 186/186/186
f 189/189/189 190/190/190 191/191/191
f 190/190/190 192/192/192 191/191/191
f 192/192/192 190/190/190 193/193/193
f 194/194/194 195/195/195 196/196/196
f 196/196/196 197/197/197 194/194/194
f 198/198/198 196/196/196 195/195/195
f 198/198/198 195/195/195 199/199/199
f 198/198/198 199/199/199 200/200/200
f 196/196/196 198/198/198 201/201/201
f 202/202/202 196/196/196 201/201/201
f 202/202/202 203/203/203 196/196/196
f 197/197/197 196/196/196 203/203/203
f 204/204/204 203/203/203 202/202/202
f 204/204/204 205/205/205 203/203/203
f 204/204/204 206/206/206 205/205/205
f 206/206/206 204/204/204 207/207/207
f 207/207/207 208/208/208 206/206/206
f 208/208/208 207/207/207 209/209/209
f 210/210/210 197/197/197 203/203/203
f 197/197/197 210/210/210 211/211/211
f 212/212/212 211/211/211 210/210/210
f 213/213/213 212/212/212 210/210/210
f 213/213/213 210/210/210 214/214/214
f 215/215/215 213/213/213 214/214/214
f 216/216/216 215/215/215 214/214/214
f 217/217/217 215/215/215 216/216/216
f 218/218/218 217/217/217 216/216/216
f 216/216/216 219/219/219 218/218/218
f 219/219/219 220/220/220 218/218/218
f 219/219/219 216/216/216 221/221/221
f 219/219/219 222/222/222 220/220/220
f 221/221/221 223/223/223 219/219/219
f 223/223/223 221/221/221 224/224/224
f 223/223/223 224/224/224 225/225/225
f 222/222/222 219/219/219 226/226/226
f 222/222/222 226/226/226 227/227/227
f 228/228/228 222/222/222 227/227/227
f 228/228/228 227/227/227 229/229/229
f 230/230/230 222/222/222 228/228/228
f 230/230/230 231/231/231 222/222/222
f 232/232/232 231/231/231 230/230/230
f 232/232/232 233/233/233 231/231/231
f 234/234/234 233/233/233 232/232/232
f 234/234/234 235/235/235 233/233/233
f 234/234/234 236/236/236 235/235/235
f 236/236/236 234/234/234 237/237/237
f 238/238/238 236/236/236 237/237/237
f 238/238/238 239/239/239 236/236/236
f 240/240/240 241/241/241 242/242/242
f 243/243/243 241/241/241 240/240/240
f 244/244/244 243/243/243 240/240/240
f 241/241/241 245/245/245 242/242/242
f 242/242/242 245/245/245 246/246/246
f 245/245/245 247/247/247 246/246/246
f 248/248/248 249/249/249 250/250/250
f 251/251/251 249/249/249 248/248/248
f 251/251/251 252/252/252 249/249/249
f 248/248/248 250/250/250 253/253/253
f 253/253/253 250/250/250 254/254/254
f 253/253/253 254/254/254 255/255/255
f 256/256/256 257/257/257 258/258/258
f 259/259/259 258/258/258 257/257/257
f 258/258/258 259/259/259 260/260/260
f 257/257/257 256/256/256 261/261/261
f 262/262/262 261/261/261 256/256/256
f 263/263/263 261/261/261 262/262/262
f 263/263/263 264/264/264 261/261/261
f 264/264/264 263/263/263 265/265/265
f 265/265/265 266/266/266 264/264/264
f 266/266/266 265/265/265 267/267/267
f 268/268/268 266/266/266 267/267/267
f 266/266/266 268/268/268 269/269/269
f 268/268/268 270/270/270 269/269/269
f 271/271/271 269/269/269 270/270/270
f 271/271/271 270/270/270 272/272/272
f 271/271/271 272/272/272 273/273/273
f 273/273/273 272/272/272 274/274/274
f 275/275/275 271/271/271 273/273/273
f 275/275/275 269/269/269 271/271/271
f 276/276/276 269/269/269 275/275/275
f 276/276/276 277/277/277 269/269/269
f 278/278/278 277/277/277 276/276/276
f 278/278/278 279/279/279 277/277/277
f 280/280/280 279/279/279 278/278/278
f 280/280/280 281/281/281 279/279/279
f 280/280/280 282/282/282 281/281/281
f 282/282/282 280/280/280 283/283/283
f 284/284/284 282/282/282 283/283/283
f 284/284/284 285/285/285 282/282/282
f 286/286/286 287/287/287 288/288/288
f 288/288/288 289/289/289 286/286/286
f 289/289/289 288/288/288 290/290/290
f 287/287/287 286/286/286 291/291/291
f 291/291/291 292/292/292 287/287/287
f 291/291/291 293/293/293 292/292/292
f 294/294/294 293/293/293 291/291/291
f 293/293/293 294/294/294 295/295/295
f 296/296/296 295/295/295 294/294/294
f 295/295/295 296/296/296 297/297/297
f 296/296/296 298/298/298 297/297/297
f 298/298/298 296/296/296 299/299/299
f 300/300/300 298/298/298 299/299/299
f 301/301/301 302/302/302 299/299/299
f 303/303/303 302/302/302 301/301/301
f 302/302/302 303/303/303 304/304/304
f 305/305/305 304/304/304 303/303/303
f 304/304/304 305/305/305 306/306/306
f 306/306/306 305/305/305 307/307/307
f 308/308/308 307/307/307 305/305/305
f 307/307/307 308/308/308 309/309/309
f 310/310/310 309/309/309 308/308/308
f 302/302/302 311/311/311 299/299/299
f 299/299/299 311/311/311 312/312/312
f 299/299/299 312/312/312 300/300/300
f 311/311/311 313/313/313 312/312/312
f 314/314/314 312/312/312 313/313/313
f 300/300/300 312/312/312 314/314/314
f 315/315/315 316/316/316 317/317/317
f 318/318/318 315/315/315 317/317/317
f 319/319/319 315/315/315 318/318/318
f 318/318/318 320/320/320 319/319/319
f 319/319/319 320/320/320 321/321/321
f 320/320/320 322/322/322 321/321/321
f 321/321/321 322/322/322 323/323/323
f 322/322/322 324/324/324 323/323/323
f 323/323/323 324/324/324 325/325/325
f 326/326/326 327/327/327 328/328/328
f 327/327/327 326/326/326 329/329/329
f 326/326/326 330/330/330 329/329/329
f 330/330/330 326/326/326 331/331/331
f 331/331/331 332/332/332 330/330/330
f 333/333/333 331/331/331 326/326/326
f 326/326/326 334/334/334 333/333/333
f 334/334/334 326/326/326 335/335/335
f 335/335/335 336/336/336 334/334/334
f 336/336/336 335/335/335 337/337/337
f 331/331/331 333/333/333 338/338/338
f 332/332/332 331/331/331 339/339/339
f 338/338/338 339/339/339 331/331/331
f 332/332/332 339/339/339 340/340/340
f 339/339/339 338/338/338 341/341/341
f 341/341/341 340/340/340 339/339/339
f 340/340/340 341/341/341 342/342/342
f 343/343/343 344/344/344 345/345/345
f 343/343/343 346/346/346 344/344/344
f 346/346/346 343/343/343 347/347/347
f 347/347/347 348/348/348 346/346/346
f 349/349/349 347/347/347 343/343/343
f 350/350/350 343/343/343 345/345/345
f 350/350/350 349/349/349 343/343/343
f 345/345/345 351/351/351 350/350/350
f 350/350/350 352/352/352 349/349/349
f 353/353/353 350/350/350 351/351/351
f 352/352/352 350/350/350 353/353/353
f 353/353/353 351/351/351 354/354/354
f 355/355/355 353/353/353 354/354/354
f 353/353/353 356/356/356 352/352/352
f 356/356/356 353/353/353 357/357/357
f 357/357/357 358/358/358 356/356/356
f 358/358/358 357/357/357 359/359/359
f 359/359/359 360/360/360 358/358/358
f 360/360/360 359/359/359 361/361/361
f 361/361/361 362/362/362 360/360/360
f 362/362/362 361/361/361 363/363/363
f 364/364/364 365/365/365 366/366/366
f 365/365/365 364/364/364 367/367/367
f 368/368/368 365/365/365 367/367/367
f 365/365/365 368/368/368 369/369/369
f 368/368/368 370/370/370 369/369/369
f 370/370/370 371/371/371 369/369/369
f 372/372/372 371/371/371 370/370/370
f 370/370/370 373/373/373 372/372/372
f 373/373/373 374/374/374 372/372/372
f 374/374/374 373/373/373 375/375/375
f 373/373/373 376/376/376 375/375/375
f 376/376/376 377/377/377 375/375/375
f 378/378/378 375/375/375 377/377/377
f 374/374/374 375/375/375 378/378/378
f 377/377/377 379/379/379 378/378/378
f 380/380/380 381/381/381 382/382/382
f 382/382/382 381/381/381 383/383/383
f 381/381/381 384/384/384 383/383/383
f 384/384/384 381/381/381 385/385/385
f 386/386/386 384/384/384 385/385/385
f 385/385/385 387/387/387 386/386/386
f 387/387/387 388/388/388 386/386/386
f 388/388/388 389/389/389 386/386/386
f 390/390/390 389/389/389 388/388/388
f 390/390/390 391/391/391 389/389/389
f 392/392/392 389/389/389 391/391/391
f 391/391/391 390/390/390 393/393/393
f 392/392/392 391/391/391 394/394/394
f 391/391/391 393/393/393 394/394/394
f 394/394/394 393/393/393 395/395/395
f 396/396/396 397/397/397 398/398/398
f 397/397/397 399/399/399 398/398/398
f 397/397/397 396/396/396 400/400/400
f 401/401/401 400/400/400 396/396/396
f 402/402/402 403/403/403 404/404/404
f 402/402/402 404/404/404 405/405/405
f 406/406/406 403/403/403 402/402/402
f 406/406/406 407/407/407 403/403/403
f 408/408/408 409/409/409 410/410/410
f 410/410/410 409/409/409 411/411/411
f 409/409/409 408/408/408 412/412/412
f 413/413/413 411/411/411 409/409/409
f 412/412/412 408/408/408 414/414/414
f 415/415/415 411/411/411 413/413/413
f 408/408/408 416/416/416 414/414/414
f 411/411/411 415/415/415 417/417/417
f 414/414/414 416/416/416 418/418/418
f 419/419/419 417/417/417 415/415/415
f 416/416/416 420/420/420 418/418/418
f 418/418/418 420/420/420 421/421/421
f 420/420/420 422/422/422 421/421/421
f 417/417/417 419/419/419 423/423/423
f 424/424/424 423/423/423 419/419/419
f 423/423/423 424/424/424 425/425/425
f 426/426/426 425/425/425 424/424/424
f 425/425/425 426/426/426 427/427/427
f 428/428/428 429/429/429 430/430/430
f 431/431/431 428/428/428 430/430/430
f 429/429/429 428/428/428 432/432/432
f 431/431/431 433/433/433 428/428/428
f 432/432/432 434/434/434 429/429/429
f 431/431/431 435/435/435 433/433/433
f 434/434/434 432/432/432 436/436/436
f 435/435/435 431/431/431 437/437/437
f 436/436/436 438/438/438 434/434/434
f 437/437/437 439/439/439 435/435/435
f 438/438/438 436/436/436 440/440/440
f 439/439/439 437/437/437 441/441/441
f 440/440/440 442/442/442 438/438/438
f 441/441/441 443/443/443 439/439/439
f 442/442/442 440/440/440 444/444/444
f 443/443/443 441/441/441 445/445/445
f 446/446/446 442/442/442 444/444/444
f 445/445/445 447/447/447 443/443/443
f 446/446/446 448/448/448 442/442/442
f 447/447/447 445/445/445 449/449/449
f 446/446/446 450/450/450 448/448/448
f 449/449/449 451/451/451 447/447/447
f 450/450/450 446/446/446 452/452/452
f 451/451/451 449/449/449 453/453/453
f 451/451/451 453/453/453 454/454/454
f 451/451/451 454/454/454 455/455/455
f 452/452/452 456/456/456 450/450/450
f 456/456/456 452/452/452 457/457/457
f 458/458/458 456/456/456 457/457/457
f 459/459/459 460/460/460 461/461/461
f 460/460/460 459/459/459 462/462/462
f 463/463/463 461/461/461 460/460/460
f 464/464/464 462/462/462 459/459/459
f 461/461/461 463/463/463 465/465/465
f 462/462/462 464/464/464 466/466/466
f 467/467/467 465/465/465 463/463/463
f 464/464/464 468/468/468 466/466/466
f 469/469/469 467/467/467 463/463/463
f 468/468/468 464/464/464 470/470/470
f 471/471/471 467/467/467 469/469/469
f 470/470/470 472/472/472 468/468/468
f 473/473/473 471/471/471 469/469/469
f 472/472/472 470/470/470 474/474/474
f 475/475/475 471/471/471 473/473/473
f 474/474/474 476/476/476 472/472/472
f 471/471/471 475/475/475 477/477/477
f 476/476/476 474/474/474 478/478/478
f 479/479/479 477/477/477 475/475/475
f 476/476/476 478/478/478 480/480/480
f 477/477/477 479/479/479 481/481/481
f 482/482/482 480/480/480 478/478/478
f 483/483/483 481/481/481 479/479/479
f 481/481/481 483/483/483 484/484/484
f 483/483/483 485/485/485 484/484/484
f 480/480/480 482/482/482 486/486/486
f 487/487/487 486/486/486 482/482/482
f 488/488/488 486/486/486 487/487/487
f 486/486/486 488/488/488 489/489/489
f 490/490/490 491/491/491 492/492/492
f 492/492/492 493/493/493 490/490/490
f 493/493/493 492/492/492 494/494/494
f 491/491/491 490/490/490 495/495/495
f 495/495/495 496/496/496 491/491/491
f 496/496/496 495/495/495 497/497/497
f 498/498/498 499/499/499 500/500/500
f 501/501/501 502/502/502 499/499/499
f 500/500/500 503/503/503 498/498/498
f 502/502/502 501/501/501 504/504/504
f 503/503/503 500/500/500 505/505/505
f 506/506/506 502/502/502 504/504/504
f 502/502/502 506/506/506 507/507/507
f 505/505/505 508/508/508 503/503/503
f 506/506/506 509/509/509 507/507/507
f 508/508/508 505/505/505 509/509/509
f 506/506/506 510/510/510 509/509/509
f 509/509/509 510/510/510 511/511/511
f 511/511/511 508/508/508 509/509/509
f 512/512/512 508/508/508 511/511/511
f 512/512/512 513/513/513 508/508/508
f 514/514/514 513/513/513 512/512/512
f 513/513/513 515/515/515 508/508/508
f 515/515/515 513/513/513 516/516/516
f 516/516/516 517/517/517 515/515/515
f 517/517/517 516/516/516 518/518/518
f 519/519/519 517/517/517 518/518/518
f 519/519/519 520/520/520 517/517/517
f 511/511/511 521/521/521 522/522/522
f 521/521/521 523/523/523 522/522/522
f 523/523/523 521/521/521 524/524/524
f 525/525/525 511/511/511 522/522/522
f 526/526/526 522/522/522 523/523/523
f 522/522/522 526/526/526 525/525/525
f 511/511/511 525/525/525 527/527/527
f 528/528/528 526/526/526 523/523/523
f 523/523/523 524/524/524 528/528/528
f 529/529/529 526/526/526 528/528/528
f 530/530/530 527/527/527 525/525/525
f 527/527/527 530/530/530 531/531/531
f 525/525/525 532/532/532 530/530/530
f 532/532/532 525/525/525 533/533/533
f 533/533/533 534/534/534 532/532/532
f 534/534/534 533/533/533 535/535/535
f 528/528/528 536/536/536 537/537/537
f 536/536/536 528/528/528 538/538/538
f 528/528/528 524/524/524 538/538/538
f 538/538/538 539/539/539 536/536/536
f 538/538/538 524/524/524 540/540/540
f 539/539/539 538/538/538 540/540/540
f 541/541/541 540/540/540 524/524/524
f 540/540/540 541/541/541 542/542/542
f 543/543/543 542/542/542 541/541/541
f 542/542/542 543/543/543 544/544/544
f 544/544/544 543/543/543 545/545/545
f 545/545/545 546/546/546 544/544/544
f 547/547/547 546/546/546 545/545/545
f 546/546/546 548/548/548 544/544/544
f 546/546/546 547/547/547 549/549/549
f 550/550/550 540/540/540 548/548/548
f 548/548/548 546/546/546 550/550/550
f 549/549/549 550/550/550 546/546/546
f 540/540/540 550/550/550 539/539/539
f 550/550/550 549/549/549 551/551/551
f 552/552/552 550/550/550 551/551/551
f 552/552/552 539/539/539 550/550/550
f 553/553/553 539/539/539 552/552/552
f 553/553/553 554/554/554 539/539/539
f 555/555/555 554/554/554 553/553/553
f 555/555/555 556/556/556 554/554/554
f 557/557/557 558/558/558 559/559/559
f 558/558/558 557/557/557 560/560/560
f 559/559/559 561/561/561 557/557/557
f 561/561/561 559/559/559 562/562/562
f 563/563/563 561/561/561 562/562/562
f 563/563/563 564/564/564 561/561/561
f 565/565/565 566/566/566 567/567/567
f 566/566/566 565/565/565 568/568/568
f 569/569/569 565/565/565 567/567/567
f 565/565/565 569/569/569 570/570/570
f 569/569/569 571/571/571 570/570/570
f 571/571/571 569/569/569 572/572/572
f 573/573/573 574/574/574 575/575/575
f 573/573/573 575/575/575 576/576/576
f 575/575/575 577/577/577 576/576/576
f 577/577/577 575/575/575 578/578/578
f 577/577/577 578/578/578 579/579/579
f 577/577/577 579/579/579 580/580/580
f 579/579/579 581/581/581 580/580/580
f 581/581/581 579/579/579 582/582/582
f 581/581/581 582/582/582 583/583/583
f 581/581/581 583/583/583 584/584/584
f 584/584/584 583/583/583 585/585/585
f 584/584/584 585/585/585 586/586/586
f 586/586/586 585/585/585 587/587/587
f 586/586/586 587/587/587 588/588/588
f 587/587/587 589/589/589 588/588/588
f 589/589/589 587/587/587 590/590/590
f 589/589/589 590/590/590 591/591/591
f 589/589/589 591/591/591 592/592/592
f 591/591/591 593/593/593 592/592/592
f 593/593/593 591/591/591 594/594/594
f 595/595/595 593/593/593 594/594/594
f 596/596/596 593/593/593 595/595/595
f 597/597/597 598/598/598 599/599/599
f 599/599/599 600/600/600 601/601/601
f 599/599/599 602/602/602 597/597/597
f 602/602/602 599/599/599 603/603/603
f 603/603/603 599/599/599 604/604/604
f 605/605/605 602/602/602 603/603/603
f 605/605/605 606/606/606 602/602/602
f 602/602/602 606/606/606 607/607/607
f 606/606/606 605/605/605 608/608/608
f 606/606/606 609/609/609 607/607/607
f 606/606/606 608/608/608 610/610/610
f 606/606/606 610/610/610 609/609/609
f 610/610/610 608/608/608 611/611/611
f 612/612/612 609/609/609 610/610/610
f 610/610/610 611/611/611 613/613/613
f 610/610/610 614/614/614 612/612/612
f 611/611/611 615/615/615 613/613/613
f 616/616/616 612/612/612 614/614/614
f 613/613/613 615/615/615 617/617/617
f 616/616/616 614/614/614 618/618/618
f 615/615/615 619/619/619 617/617/617
f 618/618/618 620/620/620 616/616/616
f 617/617/617 619/619/619 621/621/621
f 619/619/619 622/622/622 621/621/621
f 622/622/622 619/619/619 623/623/623
f 618/618/618 624/624/624 620/620/620
f 625/625/625 620/620/620 624/624/624
f 624/624/624 626/626/626 625/625/625
f 627/627/627 625/625/625 626/626/626
f 625/625/625 627/627/627 628/628/628
f 628/628/628 627/627/627 629/629/629
f 629/629/629 630/630/630 628/628/628
f 629/629/629 631/631/631 630/630/630
f 631/631/631 629/629/629 632/632/632
f 632/632/632 633/633/633 631/631/631
f 633/633/633 632/632/632 634/634/634
f 634/634/634 635/635/635 633/633/633
f 635/635/635 634/634/634 636/636/636
f 636/636/636 637/637/637 635/635/635
f 637/637/637 636/636/636 638/638/638
f 639/639/639 637/637/637 638/638/638
f 638/638/638 640/640/640 639/639/639
f 639/639/639 640/640/640 641/641/641
f 640/640/640 642/642/642 641/641/641
f 643/643/643 640/640/640 638/638/638
f 644/644/644 643/643/643 638/638/638
f 644/644/644 645/645/645 643/643/643
f 646/646/646 645/645/645 644/644/644
f 646/646/646 647/647/647 645/645/645
f 646/646/646 648/648/648 647/647/647
f 648/648/648 646/646/646 649/649/649
f 649/649/649 650/650/650 648/648/648
f 650/650/650 649/649/649 651/651/651
f 650/650/650 651/651/651 652/652/652
f 650/650/650 652/652/652 653/653/653
f 653/653/653 652/652/652 654/654/654
f 653/653/653 654/654/654 655/655/655
f 640/640/640 643/643/643 656/656/656
f 656/656/656 657/657/657 640/640/640
f 642/642/642 640/640/640 657/657/657
f 657/657/657 656/656/656 658/658/658
f 657/657/657 659/659/659 642/642/642
f 658/658/658 660/660/660 657/657/657
f 659/659/659 657/657/657 660/660/660
f 661/661/661 662/662/662 663/663/663
f 664/664/664 662/662/662 661/661/661
f 662/662/662 664/664/664 665/665/665
f 664/664/664 666/666/666 665/665/665
f 667/667/667 665/665/665 666/666/666
f 668/668/668 667/667/667 666/666/666
f 667/667/667 668/668/668 669/669/669
f 670/670/670 661/661/661 663/663/663
f 671/671/671 661/661/661 670/670/670
f 663/663/663 672/672/672 670/670/670
f 672/672/672 663/663/663 673/673/673
f 674/674/674 670/670/670 672/672/672
f 671/671/671 670/670/670 675/675/675
f 670/670/670 674/674/674 676/676/676
f 677/677/677 671/671/671 675/675/675
f 678/678/678 676/676/676 674/674/674
f 671/671/671 677/677/677 679/679/679
f 676/676/676 678/678/678 680/680/680
f 677/677/677 681/681/681 679/679/679
f 682/682/682 680/680/680 678/678/678
f 681/681/681 677/677/677 683/683/683
f 680/680/680 682/682/682 684/684/684
f 685/685/685 681/681/681 683/683/683
f 686/686/686 684/684/684 682/682/682
f 681/681/681 685/685/685 687/687/687
f 684/684/684 686/686/686 688/688/688
f 689/689/689 687/687/687 685/685/685
f 690/690/690 688/688/688 686/686/686
f 687/687/687 689/689/689 691/691/691
f 688/688/688 690/690/690 692/692/692
f 693/693/693 691/691/691 689/689/689
f 694/694/694 692/692/692 690/690/690
f 691/691/691 693/693/693 695/695/695
f 692/692/692 694/694/694 696/696/696
f 697/697/697 695/695/695 693/693/693
f 696/696/696 694/694/694 698/698/698
f 695/695/695 697/697/697 699/699/699
f 694/694/694 700/700/700 698/698/698
f 701/701/701 699/699/699 697/697/697
f 698/698/698 700/700/700 702/702/702
f 699/699/699 701/701/701 703/703/703
f 700/700/700 704/704/704 702/702/702
f 705/705/705 703/703/703 701/701/701
f 706/706/706 702/702/702 704/704/704
f 701/701/701 707/707/707 705/705/705
f 708/708/708 705/705/705 707/707/707
f 707/707/707 709/709/709 708/708/708
f 702/702/702 706/706/706 710/710/710
f 706/706/706 711/711/711 710/710/710
f 711/711/711 706/706/706 712/712/712
f 713/713/713 714/714/714 715/715/715
f 716/716/716 715/715/715 714/714/714
f 713/713/713 717/717/717 718/718/718
f 717/717/717 713/713/713 715/715/715
f 715/715/715 716/716/716 719/719/719
f 720/720/720 719/719/719 716/716/716
f 719/719/719 720/720/720 721/721/721
f 722/722/722 721/721/721 720/720/720
f 721/721/721 722/722/722 723/723/723
f 724/724/724 723/723/723 722/722/722
f 723/723/723 724/724/724 725/725/725
f 726/726/726 725/725/725 724/724/724
f 725/725/725 726/726/726 727/727/727
f 726/726/726 728/728/728 727/727/727
f 729/729/729 727/727/727 728/728/728
f 728/728/728 730/730/730 729/729/729
f 730/730/730 728/728/728 731/731/731
f 732/732/732 730/730/730 731/731/731
f 731/731/731 733/733/733 732/732/732
f 734/734/734 732/732/732 733/733/733
f 733/733/733 735/735/735 734/734/734
f 735/735/735 736/736/736 734/734/734
f 737/737/737 738/738/738 739/739/739
f 740/740/740 737/737/737 739/739/739
f 737/737/737 740/740/740 741/741/741
f 740/740/740 742/742/742 741/741/741
f 743/743/743 741/741/741 742/742/742
f 739/739/739 744/744/744 740/740/740
f 744/744/744 739/739/739 745/745/745
f 746/746/746 739/739/739 738/738/738
f 746/746/746 745/745/745 739/739/739
f 747/747/747 746/746/746 738/738/738
f 745/745/745 746/746/746 748/748/748
f 746/746/746 747/747/747 749/749/749
f 749/749/749 748/748/748 746/746/746
f 748/748/748 749/749/749 750/750/750
f 751/751/751 752/752/752 753/753/753
f 752/752/752 751/751/751 754/754/754
f 753/753/753 755/755/755 751/751/751
f 755/755/755 753/753/753 756/756/756
f 757/757/757 758/758/758 759/759/759
f 758/758/758 757/757/757 760/760/760
f 759/759/759 761/761/761 757/757/757
f 761/761/761 759/759/759 762/762/762
f 763/763/763 764/764/764 765/765/765
f 766/766/766 765/765/765 764/764/764
f 764/764/764 767/767/767 766/766/766
f 767/767/767 768/768/768 766/766/766
f 769/769/769 767/767/767 764/764/764
f 770/770/770 769/769/769 764/764/764
f 763/763/763 770/770/770 764/764/764
f 769/769/769 770/770/770 771/771/771
f 770/770/770 763/763/763 772/772/772
f 773/773/773 771/771/771 770/770/770
f 772/772/772 773/773/773 770/770/770
f 774/774/774 771/771/771 773/773/773
f 773/773/773 772/772/772 775/775/775
f 776/776/776 774/774/774 773/773/773
f 775/775/775 776/776/776 773/773/773
f 774/774/774 776/776/776 777/777/777
f 776/776/776 775/775/775 778/778/778
f 779/779/779 777/777/777 776/776/776
f 776/776/776 778/778/778 779/779/779
f 780/780/780 781/781/781 782/782/782
f 783/783/783 782/782/782 781/781/781
f 355/355/355 780/780/780 782/782/782
f 783/783/783 781/781/781 784/784/784
f 354/354/354 780/780/780 355/355/355
f 785/785/785 783/783/783 784/784/784
f 784/784/784 786/786/786 785/785/785
f 786/786/786 784/784/784 787/787/787
f 788/788/788 786/786/786 787/787/787
f 789/789/789 788/788/788 787/787/787
f 790/790/790 788/788/788 789/789/789
f 788/788/788 790/790/790 791/791/791
f 792/792/792 791/791/791 790/790/790
f 791/791/791 792/792/792 793/793/793
f 794/794/794 793/793/793 792/792/792
f 793/793/793 794/794/794 795/795/795
f 796/796/796 795/795/795 794/794/794
f 795/795/795 796/796/796 797/797/797
f 796/796/796 798/798/798 797/797/797
f 798/798/798 799/799/799 797/797/797
f 799/799/799 798/798/798 800/800/800
f 801/801/801 799/799/799 800/800/800
f 799/799/799 802/802/802 797/797/797
f 802/802/802 803/803/803 797/797/797
f 803/803/803 802/802/802 804/804/804
f 804/804/804 805/805/805 803/803/803
f 805/805/805 804/804/804 806/806/806
f 805/805/805 806/806/806 807/807/807
f 808/808/808 807/807/807 806/806/806
f 807/807/807 808/808/808 809/809/809
f 810/810/810 809/809/809 808/808/808
f 809/809/809 810/810/810 811/811/811
f 812/812/812 811/811/811 810/810/810
f 813/813/813 811/811/811 812/812/812
f 811/811/811 813/813/813 814/814/814
f 802/802/802 799/799/799 815/815/815
f 816/816/816 815/815/815 799/799/799
f 799/799/799 801/801/801 816/816/816
f 815/815/815 816/816/816 817/817/817
f 818/818/818 816/816/816 801/801/801
f 819/819/819 817/817/817 816/816/816
f 816/816/816 818/818/818 819/819/819
f 820/820/820 821/821/821 822/822/822
f 821/821/821 820/820/820 823/823/823
f 823/823/823 824/824/824 821/821/821
f 824/824/824 823/823/823 825/825/825
f 825/825/825 826/826/826 824/824/824
f 826/826/826 825/825/825 827/827/827
f 828/828/828 829/829/829 830/830/830
f 831/831/831 828/828/828 830/830/830
f 828/828/828 831/831/831 832/832/832
f 833/833/833 832/832/832 831/831/831
f 831/831/831 834/834/834 833/833/833
f 835/835/835 833/833/833 834/834/834
f 836/836/836 830/830/830 829/829/829
f 834/834/834 837/837/837 835/835/835
f 836/836/836 829/829/829 838/838/838
f 839/839/839 840/840/840 838/838/838
f 829/829/829 841/841/841 838/838/838
f 838/838/838 841/841/841 839/839/839
f 829/829/829 842/842/842 841/841/841
f 842/842/842 829/829/829 843/843/843
f 842/842/842 844/844/844 841/841/841
f 845/845/845 842/842/842 843/843/843
f 843/843/843 846/846/846 845/845/845
f 846/846/846 843/843/843 847/847/847
f 847/847/847 848/848/848 846/846/846
f 848/848/848 847/847/847 849/849/849
f 849/849/849 850/850/850 848/848/848
f 850/850/850 849/849/849 851/851/851
f 851/851/851 852/852/852 850/850/850
f 850/850/850 852/852/852 853/853/853
f 854/854/854 853/853/853 852/852/852
f 855/855/855 853/853/853 854/854/854
f 855/855/855 854/854/854 856/856/856
f 857/857/857 855/855/855 856/856/856
f 855/855/855 857/857/857 858/858/858
f 859/859/859 858/858/858 857/857/857
f 858/858/858 860/860/860 855/855/855
f 861/861/861 855/855/855 860/860/860
f 855/855/855 861/861/861 862/862/862
f 862/862/862 861/861/861 863/863/863
f 864/864/864 863/863/863 861/861/861
f 860/860/860 858/858/858 865/865/865
f 866/866/866 865/865/865 858/858/858
f 858/858/858 859/859/859 866/866/866
f 865/865/865 866/866/866 867/867/867
f 868/868/868 867/867/867 866/866/866
f 866/866/866 859/859/859 868/868/868
f 867/867/867 868/868/868 869/869/869
f 870/870/870 868/868/868 871/871/871
f 872/872/872 871/871/871 868/868/868
f 859/859/859 872/872/872 868/868/868
f 871/871/871 872/872/872 873/873/873
f 874/874/874 872/872/872 859/859/859
f 874/874/874 873/873/873 872/872/872
f 875/875/875 876/876/876 877/877/877
f 877/877/877 878/878/878 875/875/875
f 876/876/876 879/879/879 877/877/877
f 876/876/876 880/880/880 879/879/879
f 880/880/880 881/881/881 879/879/879
f 878/878/878 877/877/877 882/882/882
f 882/882/882 883/883/883 878/878/878
f 883/883/883 882/882/882 884/884/884
f 884/884/884 885/885/885 883/883/883
f 885/885/885 884/884/884 886/886/886
f 886/886/886 887/887/887 885/885/885
f 887/887/887 886/886/886 888/888/888
f 888/888/888 889/889/889 887/887/887
f 889/889/889 888/888/888 890/890/890
f 891/891/891 889/889/889 890/890/890
f 889/889/889 891/891/891 892/892/892
f 891/891/891 893/893/893 892/892/892
f 893/893/893 891/891/891 894/894/894
f 894/894/894 895/895/895 893/893/893
f 896/896/896 893/893/893 895/895/895
f 896/896/896 895/895/895 897/897/897
f 898/898/898 899/899/899 900/900/900
f 899/899/899 901/901/901 900/900/900
f 902/902/902 900/900/900 901/901/901
f 901/901/901 903/903/903 902/902/902
f 902/902/902 903/903/903 904/904/904
f 903/903/903 905/905/905 904/904/904
f 906/906/906 904/904/904 905/905/905
f 906/906/906 905/905/905 907/907/907
f 907/907/907 908/908/908 906/906/906
f 909/909/909 908/908/908 907/907/907
f 908/908/908 910/910/910 906/906/906
f 910/910/910 908/908/908 911/911/911
f 912/912/912 910/910/910 911/911/911
f 912/912/912 913/913/913 910/910/910
f 914/914/914 913/913/913 912/912/912
f 914/914/914 915/915/915 913/913/913
f 915/915/915 914/914/914 916/916/916
f 915/915/915 916/916/916 917/917/917
f 917/917/917 916/916/916 918/918/918
f 917/917/917 918/918/918 919/919/919
f 920/920/920 921/921/921 922/922/922
f 921/921/921 920/920/920 923/923/923
f 923/923/923 924/924/924 921/921/921
f 922/922/922 925/925/925 920/920/920
f 925/925/925 922/922/922 926/926/926
f 927/927/927 925/925/925 926/926/926
f 928/928/928 920/920/920 925/925/925
f 925/925/925 927/927/927 929/929/929
f 929/929/929 928/928/928 925/925/925
f 930/930/930 929/929/929 927/927/927
f 931/931/931 920/920/920 928/928/928
f 931/931/931 923/923/923 920/920/920
f 932/932/932 933/933/933 934/934/934
f 934/934/934 933/933/933 935/935/935
f 933/933/933 932/932/932 936/936/936
f 934/934/934 937/937/937 932/932/932
f 934/934/934 938/938/938 937/937/937
f 935/935/935 938/938/938 934/934/934
f 939/939/939 938/938/938 935/935/935
f 936/936/936 932/932/932 218/218/218
f 218/218/218 940/940/940 936/936/936
f 940/940/940 941/941/941 936/936/936
f 942/942/942 940/940/940 943/943/943
f 940/940/940 942/942/942 944/944/944
f 941/941/941 940/940/940 945/945/945
f 944/944/944 945/945/945 940/940/940
f 941/941/941 945/945/945 946/946/946
f 945/945/945 944/944/944 947/947/947
f 947/947/947 946/946/946 945/945/945
f 946/946/946 947/947/947 948/948/948
f 949/949/949 940/940/940 218/218/218
f 950/950/950 940/940/940 949/949/949
f 218/218/218 220/220/220 949/949/949
f 499/499/499 950/950/950 949/949/949
f 499/499/499 498/498/498 950/950/950
f 949/949/949 220/220/220 501/501/501
f 501/501/501 499/499/499 949/949/949
f 951/951/951 952/952/952 953/953/953
f 952/952/952 951/951/951 954/954/954
f 952/952/952 955/955/955 953/953/953
f 956/956/956 953/953/953 955/955/955
f 953/953/953 956/956/956 957/957/957
f 957/957/957 956/956/956 958/958/958
f 956/956/956 959/959/959 958/958/958
f 958/958/958 959/959/959 960/960/960
f 959/959/959 961/961/961 960/960/960
f 962/962/962 960/960/960 961/961/961
f 958/958/958 960/960/960 963/963/963
f 957/957/957 958/958/958 963/963/963
f 963/963/963 964/964/964 957/957/957
f 964/964/964 965/965/965 957/957/957
f 957/957/957 965/965/965 966/966/966
f 965/965/965 967/967/967 966/966/966
f 966/966/966 967/967/967 968/968/968
f 967/967/967 969/969/969 968/968/968
f 970/970/970 971/971/971 972/972/972
f 973/973/973 971/971/971 970/970/970
f 971/971/971 973/973/973 974/974/974
f 975/975/975 974/974/974 973/973/973
f 974/974/974 975/975/975 976/976/976
f 975/975/975 977/977/977 976/976/976
f 977/977/977 975/975/975 978/978/978
f 977/977/977 978/978/978 979/979/979
f 980/980/980 979/979/979 978/978/978
f 979/979/979 980/980/980 981/981/981
f 978/978/978 982/982/982 980/980/980
f 982/982/982 978/978/978 975/975/975
f 975/975/975 983/983/983 982/982/982
f 983/983/983 975/975/975 984/984/984
f 984/984/984 985/985/985 983/983/983
f 985/985/985 984/984/984 986/986/986
f 986/986/986 987/987/987 985/985/985
f 987/987/987 986/986/986 988/988/988
f 988/988/988 989/989/989 987/987/987
f 989/989/989 988/988/988 990/990/990
f 990/990/990 991/991/991 989/989/989
f 991/991/991 990/990/990 992/992/992
f 992/992/992 993/993/993 991/991/991
f 993/993/993 992/992/992 994/994/994
f 994/994/994 995/995/995 993/993/993
f 995/995/995 994/994/994 996/996/996
f 996/996/996 997/997/997 995/995/995
f 997/997/997 996/996/996 998/998/998
f 998/998/998 999/999/999 997/997/997
f 999/999/999 998/998/998 1000/1000/1000
f 1001/1001/1001 1002/1002/1002 1003/1003/1003
f 1003/1003/1003 1004/1004/1004 1001/1001/1001
f 1005/1005/1005 1002/1002/1002 1001/1001/1001
f 1002/1002/1002 1005/1005/1005 1006/1006/1006
f 1007/1007/1007 1006/1006/1006 1005/1005/1005
f 1006/1006/1006 1007/1007/1007 1008/1008/1008
f 1009/1009/1009 1007/1007/1007 1005/1005/1005
f 1009/1009/1009 1005/1005/1005 1010/1010/1010
f 1007/1007/1007 1009/1009/1009 1011/1011/1011
f 1009/1009/1009 1010/1010/1010 1012/1012/1012
f 1012/1012/1012 1010/1010/1010 1013/1013/1013
f 1012/1012/1012 1013/1013/1013 1014/1014/1014
f 1015/1015/1015 1007/1007/1007 1011/1011/1011
f 1016/1016/1016 1008/1008/1008 1007/1007/1007
f 1015/1015/1015 1016/1016/1016 1007/1007/1007
f 1017/1017/1017 1016/1016/1016 1015/1015/1015
f 1017/1017/1017 1018/1018/1018 1016/1016/1016
f 1008/1008/1008 1016/1016/1016 1019/1019/1019
f 1019/1019/1019 1016/1016/1016 1018/1018/1018
f 1018/1018/1018 1020/1020/1020 1019/1019/1019
f 1021/1021/1021 1019/1019/1019 1020/1020/1020
f 1019/1019/1019 1021/1021/1021 1022/1022/1022
f 1023/1023/1023 1022/1022/1022 1021/1021/1021
f 1022/1022/1022 1023/1023/1023 1024/1024/1024
f 1023/1023/1023 1025/1025/1025 1024/1024/1024
f 1025/1025/1025 1023/1023/1023 1026/1026/1026
f 1025/1025/1025 1026/1026/1026 1027/1027/1027
f 1027/1027/1027 1026/1026/1026 1028/1028/1028
f 1029/1029/1029 1027/1027/1027 1028/1028/1028
f 1027/1027/1027 1029/1029/1029 1030/1030/1030
f 1031/1031/1031 1030/1030/1030 1029/1029/1029
f 1030/1030/1030 1031/1031/1031 1032/1032/1032
f 1029/1029/1029 1033/1033/1033 1031/1031/1031
f 1033/1033/1033 1029/1029/1029 1034/1034/1034
f 1028/1028/1028 1034/1034/1034 1029/1029/1029
f 1034/1034/1034 1035/1035/1035 1033/1033/1033
f 1028/1028/1028 1026/1026/1026 1036/1036/1036
f 1034/1034/1034 1028/1028/1028 1036/1036/1036
f 1026/1026/1026 1037/1037/1037 1036/1036/1036
f 1037/1037/1037 1026/1026/1026 1038/1038/1038
f 1034/1034/1034 1036/1036/1036 1039/1039/1039
f 1035/1035/1035 1034/1034/1034 1039/1039/1039
f 1036/1036/1036 1040/1040/1040 1039/1039/1039
f 1038/1038/1038 1041/1041/1041 1037/1037/1037
f 1041/1041/1041 1038/1038/1038 1042/1042/1042
f 1035/1035/1035 1039/1039/1039 1043/1043/1043
f 1039/1039/1039 1040/1040/1040 1043/1043/1043
f 1041/1041/1041 1043/1043/1043 1040/1040/1040
f 1035/1035/1035 1043/1043/1043 1044/1044/1044
f 1041/1041/1041 1042/1042/1042 1045/1045/1045
f 1045/1045/1045 1043/1043/1043 1041/1041/1041
f 1042/1042/1042 1046/1046/1046 1045/1045/1045
f 1046/1046/1046 1042/1042/1042 1047/1047/1047
f 1047/1047/1047 1048/1048/1048 1046/1046/1046
f 1048/1048/1048 1047/1047/1047 1049/1049/1049
f 1048/1048/1048 1049/1049/1049 1050/1050/1050
f 1050/1050/1050 1049/1049/1049 1051/1051/1051
f 1051/1051/1051 1052/1052/1052 1050/1050/1050
f 1052/1052/1052 1051/1051/1051 1053/1053/1053
f 1045/1045/1045 1054/1054/1054 1043/1043/1043
f 1044/1044/1044 1043/1043/1043 1054/1054/1054
f 1044/1044/1044 1054/1054/1054 1055/1055/1055
f 1045/1045/1045 1056/1056/1056 1054/1054/1054
f 1045/1045/1045 1057/1057/1057 1056/1056/1056
f 1058/1058/1058 1054/1054/1054 1056/1056/1056
f 1054/1054/1054 1058/1058/1058 1059/1059/1059
f 1056/1056/1056 1057/1057/1057 1060/1060/1060
f 1058/1058/1058 1056/1056/1056 1060/1060/1060
f 1061/1061/1061 1060/1060/1060 1057/1057/1057
f 1058/1058/1058 1060/1060/1060 1062/1062/1062
f 1063/1063/1063 1060/1060/1060 1061/1061/1061
f 1062/1062/1062 1060/1060/1060 1064/1064/1064
f 1060/1060/1060 1063/1063/1063 1064/1064/1064
f 1062/1062/1062 1064/1064/1064 1065/1065/1065
f 1064/1064/1064 1066/1066/1066 1065/1065/1065
f 1066/1066/1066 1064/1064/1064 1067/1067/1067
f 1064/1064/1064 1063/1063/1063 1067/1067/1067
f 1063/1063/1063 1068/1068/1068 1067/1067/1067
f 817/817/817 819/819/819 1069/1069/1069
f 1070/1070/1070 1069/1069/1069 819/819/819
f 1069/1069/1069 1070/1070/1070 1071/1071/1071
f 1072/1072/1072 1071/1071/1071 1070/1070/1070
f 1071/1071/1071 1072/1072/1072 1073/1073/1073
f 1074/1074/1074 1073/1073/1073 1072/1072/1072
f 1073/1073/1073 1074/1074/1074 1075/1075/1075
f 1076/1076/1076 1075/1075/1075 1074/1074/1074
f 1075/1075/1075 1076/1076/1076 1077/1077/1077
f 1077/1077/1077 1076/1076/1076 1078/1078/1078
f 1079/1079/1079 1078/1078/1078 1076/1076/1076
f 1079/1079/1079 1076/1076/1076 1080/1080/1080
f 1081/1081/1081 1080/1080/1080 1076/1076/1076
f 1081/1081/1081 1076/1076/1076 1082/1082/1082
f 1083/1083/1083 1082/1082/1082 1076/1076/1076
f 1082/1082/1082 1083/1083/1083 1084/1084/1084
f 1085/1085/1085 1084/1084/1084 1083/1083/1083
f 1084/1084/1084 1085/1085/1085 1086/1086/1086
f 1087/1087/1087 1086/1086/1086 1085/1085/1085
f 1086/1086/1086 1087/1087/1087 1088/1088/1088
f 819/819/819 1088/1088/1088 1087/1087/1087
f 819/819/819 818/818/818 1088/1088/1088
f 1088/1088/1088 818/818/818 1089/1089/1089
f 1088/1088/1088 1090/1090/1090 1086/1086/1086
f 1086/1086/1086 1090/1090/1090 1091/1091/1091
f 1090/1090/1090 1088/1088/1088 1092/1092/1092
f 1089/1089/1089 1092/1092/1092 1088/1088/1088
f 1091/1091/1091 1090/1090/1090 1093/1093/1093
f 1089/1089/1089 1094/1094/1094 1092/1092/1092
f 1091/1091/1091 1093/1093/1093 1095/1095/1095
f 1094/1094/1094 1089/1089/1089 1096/1096/1096
f 1095/1095/1095 1093/1093/1093 1097/1097/1097
f 1096/1096/1096 1098/1098/1098 1094/1094/1094
f 1097/1097/1097 1099/1099/1099 1095/1095/1095
f 1096/1096/1096 1100/1100/1100 1098/1098/1098
f 1099/1099/1099 1097/1097/1097 1101/1101/1101
f 1101/1101/1101 1102/1102/1102 1099/1099/1099
f 1102/1102/1102 1101/1101/1101 1103/1103/1103
f 1104/1104/1104 1098/1098/1098 1100/1100/1100
f 1105/1105/1105 1102/1102/1102 1103/1103/1103
f 1100/1100/1100 1106/1106/1106 1104/1104/1104
f 1104/1104/1104 1106/1106/1106 1107/1107/1107
f 1107/1107/1107 1108/1108/1108 1104/1104/1104
f 1109/1109/1109 1104/1104/1104 1108/1108/1108
f 1104/1104/1104 1109/1109/1109 1110/1110/1110
f 1109/1109/1109 1111/1111/1111 1110/1110/1110
f 1110/1110/1110 1111/1111/1111 1112/1112/1112
f 1113/1113/1113 1112/1112/1112 1111/1111/1111
f 1112/1112/1112 1113/1113/1113 1114/1114/1114
f 1113/1113/1113 1115/1115/1115 1114/1114/1114
f 1114/1114/1114 1115/1115/1115 1116/1116/1116
f 1117/1117/1117 1116/1116/1116 1115/1115/1115
f 1116/1116/1116 1117/1117/1117 1118/1118/1118
f 1119/1119/1119 1118/1118/1118 1117/1117/1117
f 1118/1118/1118 1119/1119/1119 1120/1120/1120
f 1121/1121/1121 1120/1120/1120 1119/1119/1119
f 1120/1120/1120 1121/1121/1121 1122/1122/1122
f 1121/1121/1121 1123/1123/1123 1122/1122/1122
f 1124/1124/1124 1122/1122/1122 1123/1123/1123
f 1122/1122/1122 1124/1124/1124 1125/1125/1125
f 1126/1126/1126 1125/1125/1125 1124/1124/1124
f 1125/1125/1125 1126/1126/1126 1105/1105/1105
f 1127/1127/1127 1105/1105/1105 1126/1126/1126
f 1105/1105/1105 1127/1127/1127 1128/1128/1128
f 1129/1129/1129 1128/1128/1128 1127/1127/1127
f 1128/1128/1128 1129/1129/1129 1130/1130/1130
f 1128/1128/1128 1130/1130/1130 1131/1131/1131
f 1132/1132/1132 1128/1128/1128 1131/1131/1131
f 1128/1128/1128 1132/1132/1132 1105/1105/1105
f 1102/1102/1102 1105/1105/1105 1132/1132/1132
f 1133/1133/1133 1134/1134/1134 1135/1135/1135
f 1136/1136/1136 1133/1133/1133 1135/1135/1135
f 1134/1134/1134 1133/1133/1133 1137/1137/1137
f 1133/1133/1133 1136/1136/1136 1138/1138/1138
f 1134/1134/1134 1137/1137/1137 1139/1139/1139
f 1140/1140/1140 1138/1138/1138 1136/1136/1136
f 1137/1137/1137 1141/1141/1141 1139/1139/1139
f 1138/1138/1138 1140/1140/1140 1142/1142/1142
f 1143/1143/1143 1139/1139/1139 1141/1141/1141
f 1139/1139/1139 1143/1143/1143 1144/1144/1144
f 1143/1143/1143 1145/1145/1145 1144/1144/1144
f 1146/1146/1146 1142/1142/1142 1140/1140/1140
f 1142/1142/1142 1146/1146/1146 1147/1147/1147
f 1148/1148/1148 1147/1147/1147 1146/1146/1146
f 1147/1147/1147 1148/1148/1148 1149/1149/1149
f 1149/1149/1149 1148/1148/1148 1150/1150/1150
f 1151/1151/1151 1152/1152/1152 1153/1153/1153
f 1151/1151/1151 1154/1154/1154 1152/1152/1152
f 1154/1154/1154 1151/1151/1151 1155/1155/1155
f 1155/1155/1155 1156/1156/1156 1154/1154/1154
f 1156/1156/1156 1155/1155/1155 1157/1157/1157
f 1157/1157/1157 1158/1158/1158 1156/1156/1156
f 1158/1158/1158 1157/1157/1157 1159/1159/1159
f 1159/1159/1159 1160/1160/1160 1158/1158/1158
f 1160/1160/1160 1159/1159/1159 1161/1161/1161
f 1162/1162/1162 1160/1160/1160 1161/1161/1161
f 1160/1160/1160 1162/1162/1162 1163/1163/1163
f 1163/1163/1163 1162/1162/1162 1164/1164/1164
f 1163/1163/1163 1164/1164/1164 1165/1165/1165
f 1164/1164/1164 1166/1166/1166 1165/1165/1165
f 1166/1166/1166 1164/1164/1164 1167/1167/1167
f 1168/1168/1168 1166/1166/1166 1167/1167/1167
f 1167/1167/1167 1169/1169/1169 1168/1168/1168
f 1170/1170/1170 1169/1169/1169 1167/1167/1167
f 1169/1169/1169 1170/1170/1170 1171/1171/1171
f 1170/1170/1170 1172/1172/1172 1171/1171/1171
f 1171/1171/1171 1172/1172/1172 1173/1173/1173
f 1174/1174/1174 1175/1175/1175 1176/1176/1176
f 1175/1175/1175 1177/1177/1177 1176/1176/1176
f 1176/1176/1176 1177/1177/1177 1178/1178/1178
f 1179/1179/1179 1178/1178/1178 1177/1177/1177
f 1178/1178/1178 1179/1179/1179 1180/1180/1180
f 1179/1179/1179 1181/1181/1181 1180/1180/1180
f 1180/1180/1180 1181/1181/1181 1182/1182/1182
f 1183/1183/1183 1174/1174/1174 1176/1176/1176
f 1184/1184/1184 1182/1182/1182 1181/1181/1181
f 328/328/328 1184/1184/1184 1181/1181/1181
f 1184/1184/1184 1185/1185/1185 1182/1182/1182
f 1182/1182/1182 1185/1185/1185 1186/1186/1186
f 328/328/328 327/327/327 1184/1184/1184
f 1185/1185/1185 1184/1184/1184 1187/1187/1187
f 327/327/327 1187/1187/1187 1184/1184/1184
f 1185/1185/1185 1187/1187/1187 1188/1188/1188
f 1185/1185/1185 1188/1188/1188 1186/1186/1186
f 1189/1189/1189 1190/1190/1190 1191/1191/1191
f 1190/1190/1190 1189/1189/1189 1192/1192/1192
f 1192/1192/1192 1193/1193/1193 1190/1190/1190
f 1193/1193/1193 1192/1192/1192 1194/1194/1194
f 1195/1195/1195 1190/1190/1190 1193/1193/1193
f 1190/1190/1190 1195/1195/1195 1196/1196/1196
f 1193/1193/1193 1197/1197/1197 1195/1195/1195
f 1196/1196/1196 1198/1198/1198 1190/1190/1190
f 1197/1197/1197 1193/1193/1193 1199/1199/1199
f 1199/1199/1199 1193/1193/1193 1194/1194/1194
f 1198/1198/1198 1196/1196/1196 1200/1200/1200
f 1194/1194/1194 1201/1201/1201 1199/1199/1199
f 1200/1200/1200 1202/1202/1202 1198/1198/1198
f 1201/1201/1201 1194/1194/1194 1203/1203/1203
f 1202/1202/1202 1200/1200/1200 1204/1204/1204
f 1203/1203/1203 1205/1205/1205 1201/1201/1201
f 1206/1206/1206 1202/1202/1202 1204/1204/1204
f 1203/1203/1203 1207/1207/1207 1205/1205/1205
f 1206/1206/1206 1208/1208/1208 1202/1202/1202
f 1207/1207/1207 1209/1209/1209 1205/1205/1205
f 1210/1210/1210 1208/1208/1208 1206/1206/1206
f 1209/1209/1209 1207/1207/1207 1211/1211/1211
f 1212/1212/1212 1209/1209/1209 1211/1211/1211
f 1211/1211/1211 1213/1213/1213 1212/1212/1212
f 1210/1210/1210 1214/1214/1214 1208/1208/1208
f 1215/1215/1215 1214/1214/1214 1210/1210/1210
f 1215/1215/1215 1216/1216/1216 1214/1214/1214
f 1217/1217/1217 1216/1216/1216 1215/1215/1215
f 1217/1217/1217 1218/1218/1218 1216/1216/1216
f 1219/1219/1219 1218/1218/1218 1217/1217/1217
f 1220/1220/1220 1221/1221/1221 1222/1222/1222
f 1222/1222/1222 1223/1223/1223 1220/1220/1220
f 1224/1224/1224 1223/1223/1223 1222/1222/1222
f 1224/1224/1224 1222/1222/1222 1225/1225/1225
f 1222/1222/1222 1221/1221/1221 1226/1226/1226
f 1222/1222/1222 1227/1227/1227 1225/1225/1225
f 1222/1222/1222 1226/1226/1226 1228/1228/1228
f 1227/1227/1227 1222/1222/1222 1229/1229/1229
f 1228/1228/1228 1226/1226/1226 1230/1230/1230
f 1229/1229/1229 1231/1231/1231 1227/1227/1227
f 1228/1228/1228 1230/1230/1230 1232/1232/1232
f 1231/1231/1231 1229/1229/1229 1233/1233/1233
f 1233/1233/1233 1234/1234/1234 1231/1231/1231
f 1234/1234/1234 1233/1233/1233 1235/1235/1235
f 1235/1235/1235 1236/1236/1236 1234/1234/1234
f 1232/1232/1232 1230/1230/1230 1237/1237/1237
f 1236/1236/1236 1235/1235/1235 660/660/660
f 1237/1237/1237 1238/1238/1238 1232/1232/1232
f 660/660/660 658/658/658 1236/1236/1236
f 1238/1238/1238 1237/1237/1237 1239/1239/1239
f 1239/1239/1239 660/660/660 1238/1238/1238
f 1240/1240/1240 1239/1239/1239 1237/1237/1237
f 1240/1240/1240 1237/1237/1237 1241/1241/1241
f 1241/1241/1241 1242/1242/1242 1240/1240/1240
f 1242/1242/1242 1241/1241/1241 1243/1243/1243
f 1243/1243/1243 1244/1244/1244 1242/1242/1242
f 1245/1245/1245 1244/1244/1244 1243/1243/1243
f 1245/1245/1245 1246/1246/1246 1244/1244/1244
f 1189/1189/1189 1246/1246/1246 1245/1245/1245
f 1189/1189/1189 1191/1191/1191 1246/1246/1246
f 1247/1247/1247 1248/1248/1248 1249/1249/1249
f 1249/1249/1249 1250/1250/1250 1247/1247/1247
f 1248/1248/1248 1247/1247/1247 1251/1251/1251
f 1251/1251/1251 1252/1252/1252 1248/1248/1248
f 1252/1252/1252 1251/1251/1251 1253/1253/1253
f 1254/1254/1254 1252/1252/1252 1253/1253/1253
f 1253/1253/1253 1255/1255/1255 1254/1254/1254
f 1254/1254/1254 1255/1255/1255 1256/1256/1256
f 1255/1255/1255 1257/1257/1257 1256/1256/1256
f 1256/1256/1256 1257/1257/1257 1258/1258/1258
f 1256/1256/1256 1259/1259/1259 1254/1254/1254
f 1256/1256/1256 1260/1260/1260 1259/1259/1259
f 1260/1260/1260 1261/1261/1261 1259/1259/1259
f 1262/1262/1262 1259/1259/1259 1261/1261/1261
f 1259/1259/1259 1262/1262/1262 1263/1263/1263
f 1254/1254/1254 1259/1259/1259 1264/1264/1264
f 1264/1264/1264 1265/1265/1265 1254/1254/1254
f 1265/1265/1265 1264/1264/1264 1266/1266/1266
f 1266/1266/1266 1267/1267/1267 1265/1265/1265
f 1267/1267/1267 1268/1268/1268 1265/1265/1265
f 1266/1266/1266 1269/1269/1269 1267/1267/1267
f 1266/1266/1266 1270/1270/1270 1269/1269/1269
f 1267/1267/1267 1269/1269/1269 1271/1271/1271
f 1268/1268/1268 1267/1267/1267 1272/1272/1272
f 1267/1267/1267 1271/1271/1271 1272/1272/1272
f 1272/1272/1272 1273/1273/1273 1268/1268/1268
f 1271/1271/1271 1274/1274/1274 1272/1272/1272
f 1272/1272/1272 1274/1274/1274 1275/1275/1275
f 1273/1273/1273 1272/1272/1272 1275/1275/1275
f 1276/1276/1276 1275/1275/1275 1274/1274/1274
f 1277/1277/1277 1273/1273/1273 1275/1275/1275
f 1276/1276/1276 1277/1277/1277 1275/1275/1275
f 1273/1273/1273 1277/1277/1277 1278/1278/1278
f 1276/1276/1276 1279/1279/1279 1277/1277/1277
f 1280/1280/1280 1278/1278/1278 1277/1277/1277
f 1281/1281/1281 1278/1278/1278 1280/1280/1280
f 1281/1281/1281 1280/1280/1280 1282/1282/1282
f 1279/1279/1279 1276/1276/1276 1283/1283/1283
f 1283/1283/1283 1284/1284/1284 1279/1279/1279
f 1284/1284/1284 1283/1283/1283 1285/1285/1285
f 313/313/313 1286/1286/1286 314/314/314
f 1287/1287/1287 300/300/300 314/314/314
f 314/314/314 1288/1288/1288 1287/1287/1287
f 1288/1288/1288 314/314/314 1289/1289/1289
f 1290/1290/1290 1287/1287/1287 1288/1288/1288
f 1291/1291/1291 300/300/300 1287/1287/1287
f 1287/1287/1287 1290/1290/1290 1291/1291/1291
f 300/300/300 1291/1291/1291 1292/1292/1292
f 1293/1293/1293 1291/1291/1291 1290/1290/1290
f 1291/1291/1291 1294/1294/1294 1292/1292/1292
f 1291/1291/1291 1293/1293/1293 1295/1295/1295
f 1291/1291/1291 1296/1296/1296 1294/1294/1294
f 1295/1295/1295 1293/1293/1293 1297/1297/1297
f 1296/1296/1296 1298/1298/1298 1294/1294/1294
f 1299/1299/1299 1297/1297/1297 1293/1293/1293
f 1296/1296/1296 1300/1300/1300 1298/1298/1298
f 1299/1299/1299 1301/1301/1301 1297/1297/1297
f 1298/1298/1298 1300/1300/1300 1302/1302/1302
f 1301/1301/1301 1299/1299/1299 1303/1303/1303
f 1300/1300/1300 1304/1304/1304 1302/1302/1302
f 1303/1303/1303 1305/1305/1305 1301/1301/1301
f 1305/1305/1305 1303/1303/1303 1306/1306/1306
f 1306/1306/1306 1307/1307/1307 1305/1305/1305
f 1307/1307/1307 1306/1306/1306 1308/1308/1308
f 1308/1308/1308 1309/1309/1309 1307/1307/1307
f 1309/1309/1309 1308/1308/1308 1310/1310/1310
f 1310/1310/1310 1311/1311/1311 1309/1309/1309
f 1311/1311/1311 1310/1310/1310 1312/1312/1312
f 1312/1312/1312 1313/1313/1313 1311/1311/1311
f 1313/1313/1313 1312/1312/1312 1314/1314/1314
f 1314/1314/1314 1315/1315/1315 1313/1313/1313
f 1315/1315/1315 1314/1314/1314 1316/1316/1316
f 1302/1302/1302 1304/1304/1304 1317/1317/1317
f 1317/1317/1317 1304/1304/1304 1318/1318/1318
f 1318/1318/1318 1319/1319/1319 1317/1317/1317
f 1319/1319/1319 1318/1318/1318 1320/1320/1320
f 1319/1319/1319 1321/1321/1321 1317/1317/1317
f 1322/1322/1322 1317/1317/1317 1321/1321/1321
f 1320/1320/1320 1323/1323/1323 1319/1319/1319
f 1323/1323/1323 1320/1320/1320 1324/1324/1324
f 1324/1324/1324 1325/1325/1325 1323/1323/1323
f 1325/1325/1325 1324/1324/1324 1326/1326/1326
f 1326/1326/1326 1327/1327/1327 1325/1325/1325
f 1327/1327/1327 1326/1326/1326 1328/1328/1328
f 1328/1328/1328 1329/1329/1329 1327/1327/1327
f 1328/1328/1328 1330/1330/1330 1329/1329/1329
f 1330/1330/1330 1331/1331/1331 1329/1329/1329
f 1332/1332/1332 1321/1321/1321 1319/1319/1319
f 1333/1333/1333 1332/1332/1332 1319/1319/1319
f 1334/1334/1334 1332/1332/1332 1333/1333/1333
f 1333/1333/1333 1335/1335/1335 1334/1334/1334
f 1335/1335/1335 1336/1336/1336 1334/1334/1334
f 1335/1335/1335 1337/1337/1337 1336/1336/1336
f 1337/1337/1337 1338/1338/1338 1336/1336/1336
f 1337/1337/1337 1339/1339/1339 1338/1338/1338
f 1340/1340/1340 1338/1338/1338 1339/1339/1339
f 1338/1338/1338 1340/1340/1340 1341/1341/1341
f 1342/1342/1342 1343/1343/1343 1344/1344/1344
f 1343/1343/1343 1345/1345/1345 1344/1344/1344
f 1342/1342/1342 1344/1344/1344 1346/1346/1346
f 1347/1347/1347 1343/1343/1343 1342/1342/1342
f 1343/1343/1343 1347/1347/1347 1348/1348/1348
f 1342/1342/1342 1349/1349/1349 1347/1347/1347
f 1348/1348/1348 1350/1350/1350 1343/1343/1343
f 1345/1345/1345 1343/1343/1343 1350/1350/1350
f 1350/1350/1350 1348/1348/1348 1351/1351/1351
f 1352/1352/1352 1350/1350/1350 1351/1351/1351
f 1349/1349/1349 1342/1342/1342 1353/1353/1353
f 1342/1342/1342 1346/1346/1346 1353/1353/1353
f 1353/1353/1353 1354/1354/1354 1349/1349/1349
f 1355/1355/1355 1345/1345/1345 1350/1350/1350
f 1350/1350/1350 1352/1352/1352 1355/1355/1355
f 1345/1345/1345 1355/1355/1355 1356/1356/1356
f 1357/1357/1357 1355/1355/1355 1352/1352/1352
f 1353/1353/1353 1346/1346/1346 1358/1358/1358
f 1354/1354/1354 1353/1353/1353 1358/1358/1358
f 1359/1359/1359 1358/1358/1358 1346/1346/1346
f 1354/1354/1354 1358/1358/1358 1360/1360/1360
f 1358/1358/1358 1359/1359/1359 1361/1361/1361
f 1354/1354/1354 1360/1360/1360 1362/1362/1362
f 1363/1363/1363 1361/1361/1361 1359/1359/1359
f 1364/1364/1364 1362/1362/1362 1360/1360/1360
f 1361/1361/1361 1363/1363/1363 1365/1365/1365
f 1365/1365/1365 1363/1363/1363 1366/1366/1366
f 1366/1366/1366 1367/1367/1367 1365/1365/1365
f 1362/1362/1362 1364/1364/1364 1368/1368/1368
f 1369/1369/1369 1368/1368/1368 1364/1364/1364
f 1368/1368/1368 1369/1369/1369 1370/1370/1370
f 1355/1355/1355 1357/1357/1357 1371/1371/1371
f 1371/1371/1371 1356/1356/1356 1355/1355/1355
f 1371/1371/1371 1357/1357/1357 1372/1372/1372
f 1356/1356/1356 1371/1371/1371 1373/1373/1373
f 1374/1374/1374 1371/1371/1371 1372/1372/1372
f 1374/1374/1374 1373/1373/1373 1371/1371/1371
f 1374/1374/1374 1372/1372/1372 1375/1375/1375
f 1373/1373/1373 1374/1374/1374 1376/1376/1376
f 1377/1377/1377 1374/1374/1374 1375/1375/1375
f 1377/1377/1377 1376/1376/1376 1374/1374/1374
f 1378/1378/1378 1379/1379/1379 1380/1380/1380
f 1379/1379/1379 1378/1378/1378 1381/1381/1381
f 1378/1378/1378 1382/1382/1382 1381/1381/1381
f 1383/1383/1383 1380/1380/1380 1379/1379/1379
f 1384/1384/1384 1382/1382/1382 1378/1378/1378
f 1382/1382/1382 1384/1384/1384 1385/1385/1385
f 1378/1378/1378 1386/1386/1386 1384/1384/1384
f 1386/1386/1386 1378/1378/1378 1380/1380/1380
f 1380/1380/1380 1387/1387/1387 1386/1386/1386
f 1387/1387/1387 1380/1380/1380 1388/1388/1388
f 1380/1380/1380 1383/1383/1383 1388/1388/1388
f 1387/1387/1387 1388/1388/1388 1389/1389/1389
f 1390/1390/1390 1388/1388/1388 1383/1383/1383
f 1390/1390/1390 1389/1389/1389 1388/1388/1388
f 1390/1390/1390 1383/1383/1383 1391/1391/1391
f 1392/1392/1392 1389/1389/1389 1390/1390/1390
f 1392/1392/1392 1390/1390/1390 1391/1391/1391
f 1391/1391/1391 1393/1393/1393 1392/1392/1392
f 1389/1389/1389 1392/1392/1392 1394/1394/1394
f 1392/1392/1392 1393/1393/1393 1395/1395/1395
f 1395/1395/1395 1394/1394/1394 1392/1392/1392
f 1394/1394/1394 1395/1395/1395 1396/1396/1396
f 1397/1397/1397 1398/1398/1398 1399/1399/1399
f 1399/1399/1399 1400/1400/1400 1397/1397/1397
f 1401/1401/1401 1397/1397/1397 1400/1400/1400
f 1401/1401/1401 1402/1402/1402 1403/1403/1403
f 1402/1402/1402 1401/1401/1401 1404/1404/1404
f 1405/1405/1405 1406/1406/1406 1398/1398/1398
f 1407/1407/1407 1405/1405/1405 1398/1398/1398
f 1407/1407/1407 1408/1408/1408 1405/1405/1405
f 1408/1408/1408 1407/1407/1407 1409/1409/1409
f 1410/1410/1410 1408/1408/1408 1409/1409/1409
f 1409/1409/1409 1411/1411/1411 1410/1410/1410
f 1412/1412/1412 1413/1413/1413 1414/1414/1414
f 1414/1414/1414 1415/1415/1415 1412/1412/1412
f 1416/1416/1416 1414/1414/1414 1413/1413/1413
f 1413/1413/1413 1417/1417/1417 1416/1416/1416
f 1417/1417/1417 1418/1418/1418 1416/1416/1416
f 1419/1419/1419 1418/1418/1418 1417/1417/1417
f 1418/1418/1418 1419/1419/1419 1420/1420/1420
f 1419/1419/1419 1421/1421/1421 1420/1420/1420
f 1422/1422/1422 1420/1420/1420 1421/1421/1421
f 1423/1423/1423 1415/1415/1415 1424/1424/1424
f 1415/1415/1415 1423/1423/1423 1425/1425/1425
f 327/327/327 1426/1426/1426 1187/1187/1187
f 1186/1186/1186 1188/1188/1188 1427/1427/1427
f 1428/1428/1428 1186/1186/1186 1427/1427/1427
f 1428/1428/1428 1427/1427/1427 1429/1429/1429
f 1430/1430/1430 1428/1428/1428 1429/1429/1429
f 1431/1431/1431 1430/1430/1430 1429/1429/1429
f 1432/1432/1432 1430/1430/1430 1431/1431/1431
f 1426/1426/1426 327/327/327 1433/1433/1433
f 1434/1434/1434 1432/1432/1432 1431/1431/1431
f 1433/1433/1433 1435/1435/1435 1426/1426/1426
f 1435/1435/1435 1433/1433/1433 1436/1436/1436
f 1436/1436/1436 1437/1437/1437 1435/1435/1435
f 1437/1437/1437 1438/1438/1438 1435/1435/1435
f 1438/1438/1438 1437/1437/1437 1439/1439/1439
f 1440/1440/1440 1438/1438/1438 1439/1439/1439
f 1440/1440/1440 1439/1439/1439 1441/1441/1441
f 1442/1442/1442 1438/1438/1438 1440/1440/1440
f 1442/1442/1442 1435/1435/1435 1438/1438/1438
f 1443/1443/1443 1435/1435/1435 1442/1442/1442
f 1443/1443/1443 1444/1444/1444 1435/1435/1435
f 1445/1445/1445 1444/1444/1444 1443/1443/1443
f 1445/1445/1445 1446/1446/1446 1444/1444/1444
f 1447/1447/1447 1446/1446/1446 1445/1445/1445
f 1447/1447/1447 1448/1448/1448 1446/1446/1446
f 1447/1447/1447 1449/1449/1449 1448/1448/1448
f 1449/1449/1449 1447/1447/1447 1450/1450/1450
f 1450/1450/1450 1451/1451/1451 1449/1449/1449
f 1451/1451/1451 1450/1450/1450 1452/1452/1452
f 1452/1452/1452 1453/1453/1453 1451/1451/1451
f 1453/1453/1453 1452/1452/1452 1454/1454/1454
f 1454/1454/1454 1434/1434/1434 1453/1453/1453
f 1434/1434/1434 1454/1454/1454 1455/1455/1455
f 1455/1455/1455 1456/1456/1456 1434/1434/1434
f 1456/1456/1456 1455/1455/1455 1457/1457/1457
f 1458/1458/1458 1434/1434/1434 1456/1456/1456
f 1432/1432/1432 1434/1434/1434 1458/1458/1458
f 1459/1459/1459 1456/1456/1456 1460/1460/1460
f 1459/1459/1459 1461/1461/1461 1456/1456/1456
f 1456/1456/1456 1461/1461/1461 1458/1458/1458
f 1459/1459/1459 1462/1462/1462 1461/1461/1461
f 1461/1461/1461 1463/1463/1463 1458/1458/1458
f 1461/1461/1461 1462/1462/1462 1463/1463/1463
f 1458/1458/1458 1463/1463/1463 1464/1464/1464
f 1462/1462/1462 1465/1465/1465 1463/1463/1463
f 1463/1463/1463 1466/1466/1466 1464/1464/1464
f 1463/1463/1463 1465/1465/1465 1467/1467/1467
f 1464/1464/1464 1466/1466/1466 1468/1468/1468
f 1465/1465/1465 1469/1469/1469 1467/1467/1467
f 1466/1466/1466 1470/1470/1470 1468/1468/1468
f 1467/1467/1467 1469/1469/1469 1471/1471/1471
f 1469/1469/1469 1472/1472/1472 1471/1471/1471
f 1471/1471/1471 1472/1472/1472 1473/1473/1473
f 1468/1468/1468 1470/1470/1470 1474/1474/1474
f 1475/1475/1475 1474/1474/1474 1470/1470/1470
f 1474/1474/1474 1475/1475/1475 1476/1476/1476
f 1475/1475/1475 1477/1477/1477 1476/1476/1476
f 1477/1477/1477 1475/1475/1475 1478/1478/1478
f 1479/1479/1479 1477/1477/1477 1478/1478/1478
f 1479/1479/1479 1478/1478/1478 1480/1480/1480
f 1481/1481/1481 1479/1479/1479 1480/1480/1480
f 1480/1480/1480 1482/1482/1482 1481/1481/1481
f 1482/1482/1482 1480/1480/1480 1483/1483/1483
f 1183/1183/1183 1482/1482/1482 1483/1483/1483
f 1483/1483/1483 1484/1484/1484 1183/1183/1183
f 1183/1183/1183 1484/1484/1484 1485/1485/1485
f 1486/1486/1486 1183/1183/1183 1485/1485/1485
f 1174/1174/1174 1183/1183/1183 1486/1486/1486
f 1487/1487/1487 1174/1174/1174 1486/1486/1486
f 1488/1488/1488 1487/1487/1487 1486/1486/1486
f 1486/1486/1486 1485/1485/1485 1489/1489/1489
f 1490/1490/1490 1489/1489/1489 1485/1485/1485
f 1486/1486/1486 1491/1491/1491 1488/1488/1488
f 1489/1489/1489 1492/1492/1492 1486/1486/1486
f 1491/1491/1491 1493/1493/1493 1488/1488/1488
f 1494/1494/1494 1492/1492/1492 1489/1489/1489
f 1493/1493/1493 1491/1491/1491 1495/1495/1495
f 1496/1496/1496 1492/1492/1492 1494/1494/1494
f 1497/1497/1497 1496/1496/1496 1494/1494/1494
f 1498/1498/1498 1496/1496/1496 1497/1497/1497
f 1498/1498/1498 1497/1497/1497 1499/1499/1499
f 1495/1495/1495 1500/1500/1500 1493/1493/1493
f 1500/1500/1500 1495/1495/1495 1501/1501/1501
f 1500/1500/1500 1501/1501/1501 1502/1502/1502
f 1503/1503/1503 1500/1500/1500 1502/1502/1502
f 1503/1503/1503 1502/1502/1502 1504/1504/1504
f 1505/1505/1505 1500/1500/1500 1503/1503/1503
f 1505/1505/1505 1506/1506/1506 1500/1500/1500
f 1507/1507/1507 1506/1506/1506 1505/1505/1505
f 1507/1507/1507 1508/1508/1508 1506/1506/1506
f 1509/1509/1509 1508/1508/1508 1507/1507/1507
f 1509/1509/1509 1510/1510/1510 1508/1508/1508
f 1511/1511/1511 1510/1510/1510 1509/1509/1509
f 1511/1511/1511 1512/1512/1512 1510/1510/1510
f 1511/1511/1511 1513/1513/1513 1512/1512/1512
f 1513/1513/1513 1511/1511/1511 1514/1514/1514
f 1515/1515/1515 1513/1513/1513 1514/1514/1514
f 1515/1515/1515 1516/1516/1516 1513/1513/1513
f 1515/1515/1515 1517/1517/1517 1516/1516/1516
f 1517/1517/1517 1515/1515/1515 1518/1518/1518
f 1518/1518/1518 1519/1519/1519 1517/1517/1517
f 1519/1519/1519 1518/1518/1518 1520/1520/1520
f 1521/1521/1521 1522/1522/1522 1523/1523/1523
f 1521/1521/1521 1523/1523/1523 1524/1524/1524
f 1524/1524/1524 1523/1523/1523 1525/1525/1525
f 1524/1524/1524 1525/1525/1525 1526/1526/1526
f 1527/1527/1527 1528/1528/1528 1529/1529/1529
f 1527/1527/1527 1529/1529/1529 1530/1530/1530
f 1529/1529/1529 1531/1531/1531 1530/1530/1530
f 1532/1532/1532 1528/1528/1528 1527/1527/1527
f 1533/1533/1533 1531/1531/1531 1529/1529/1529
f 1529/1529/1529 1534/1534/1534 1533/1533/1533
f 1534/1534/1534 1535/1535/1535 1533/1533/1533
f 1536/1536/1536 1534/1534/1534 1529/1529/1529
f 1528/1528/1528 1536/1536/1536 1529/1529/1529
f 1537/1537/1537 1536/1536/1536 1528/1528/1528
f 1532/1532/1532 1538/1538/1538 1528/1528/1528
f 1538/1538/1538 1537/1537/1537 1528/1528/1528
f 1539/1539/1539 1538/1538/1538 1532/1532/1532
f 1540/1540/1540 1537/1537/1537 1538/1538/1538
f 1538/1538/1538 1539/1539/1539 1541/1541/1541
f 1541/1541/1541 1540/1540/1540 1538/1538/1538
f 1542/1542/1542 1541/1541/1541 1539/1539/1539
f 1541/1541/1541 1542/1542/1542 1543/1543/1543
f 1543/1543/1543 1540/1540/1540 1541/1541/1541
f 1540/1540/1540 1543/1543/1543 1544/1544/1544
f 1545/1545/1545 1546/1546/1546 1547/1547/1547
f 1546/1546/1546 1545/1545/1545 1548/1548/1548
f 1549/1549/1549 1547/1547/1547 1546/1546/1546
f 1547/1547/1547 1549/1549/1549 1550/1550/1550
f 146/146/146 148/148/148 1551/1551/1551
f 1552/1552/1552 1551/1551/1551 148/148/148
f 1551/1551/1551 1553/1553/1553 146/146/146
f 1551/1551/1551 1552/1552/1552 1554/1554/1554
f 1555/1555/1555 1554/1554/1554 1552/1552/1552
f 1552/1552/1552 1556/1556/1556 1555/1555/1555
f 1556/1556/1556 1552/1552/1552 1557/1557/1557
f 1556/1556/1556 1557/1557/1557 1558/1558/1558
f 1556/1556/1556 1558/1558/1558 1559/1559/1559
f 1560/1560/1560 1559/1559/1559 1558/1558/1558
f 1559/1559/1559 1560/1560/1560 1561/1561/1561
f 1561/1561/1561 1560/1560/1560 1562/1562/1562
f 1553/1553/1553 1551/1551/1551 1563/1563/1563
f 1564/1564/1564 1563/1563/1563 1551/1551/1551
f 1563/1563/1563 1564/1564/1564 1565/1565/1565
f 1564/1564/1564 1566/1566/1566 1565/1565/1565
f 1566/1566/1566 1564/1564/1564 1567/1567/1567
f 1567/1567/1567 1568/1568/1568 1566/1566/1566
f 1568/1568/1568 1567/1567/1567 1569/1569/1569
f 1569/1569/1569 1570/1570/1570 1568/1568/1568
f 1570/1570/1570 1569/1569/1569 1571/1571/1571
f 1571/1571/1571 1572/1572/1572 1570/1570/1570
f 1572/1572/1572 1571/1571/1571 1573/1573/1573
f 1572/1572/1572 1573/1573/1573 1574/1574/1574
f 1553/1553/1553 1563/1563/1563 1575/1575/1575
f 1576/1576/1576 1553/1553/1553 1575/1575/1575
f 1577/1577/1577 1576/1576/1576 1575/1575/1575
f 1576/1576/1576 1577/1577/1577 1578/1578/1578
f 1579/1579/1579 1578/1578/1578 1577/1577/1577
f 1578/1578/1578 1579/1579/1579 1580/1580/1580
f 1580/1580/1580 1579/1579/1579 1581/1581/1581
f 1581/1581/1581 1582/1582/1582 1580/1580/1580
f 1582/1582/1582 1583/1583/1583 1580/1580/1580
f 1583/1583/1583 1582/1582/1582 1584/1584/1584
f 1584/1584/1584 1585/1585/1585 1583/1583/1583
f 1585/1585/1585 1584/1584/1584 1586/1586/1586
f 1587/1587/1587 1553/1553/1553 1585/1585/1585
f 1585/1585/1585 1586/1586/1586 1587/1587/1587
f 1587/1587/1587 1586/1586/1586 1588/1588/1588
f 1588/1588/1588 1589/1589/1589 1587/1587/1587
f 1587/1587/1587 1589/1589/1589 1590/1590/1590
f 1591/1591/1591 1592/1592/1592 1593/1593/1593
f 1592/1592/1592 1591/1591/1591 1594/1594/1594
f 1595/1595/1595 1596/1596/1596 1597/1597/1597
f 1598/1598/1598 1595/1595/1595 1597/1597/1597
f 1596/1596/1596 1595/1595/1595 1599/1599/1599
f 1599/1599/1599 1600/1600/1600 1596/1596/1596
f 1596/1596/1596 1600/1600/1600 1601/1601/1601
f 1600/1600/1600 1602/1602/1602 1601/1601/1601
f 1602/1602/1602 1600/1600/1600 1603/1603/1603
f 1603/1603/1603 1604/1604/1604 1602/1602/1602
f 1602/1602/1602 1604/1604/1604 1605/1605/1605
f 1604/1604/1604 1606/1606/1606 1605/1605/1605
f 1605/1605/1605 1606/1606/1606 1607/1607/1607
f 1608/1608/1608 374/374/374 378/378/378
f 378/378/378 1609/1609/1609 1608/1608/1608
f 1609/1609/1609 378/378/378 1610/1610/1610
f 1611/1611/1611 1608/1608/1608 1609/1609/1609
f 1612/1612/1612 374/374/374 1608/1608/1608
f 1608/1608/1608 1611/1611/1611 1613/1613/1613
f 374/374/374 1612/1612/1612 1614/1614/1614
f 1615/1615/1615 1613/1613/1613 1611/1611/1611
f 1616/1616/1616 1614/1614/1614 1612/1612/1612
f 1613/1613/1613 1615/1615/1615 1617/1617/1617
f 1612/1612/1612 1618/1618/1618 1616/1616/1616
f 1619/1619/1619 1617/1617/1617 1615/1615/1615
f 1620/1620/1620 1616/1616/1616 1618/1618/1618
f 1617/1617/1617 1619/1619/1619 1621/1621/1621
f 1620/1620/1620 1618/1618/1618 1622/1622/1622
f 1623/1623/1623 1621/1621/1621 1619/1619/1619
f 1624/1624/1624 1620/1620/1620 1622/1622/1622
f 1621/1621/1621 1623/1623/1623 1625/1625/1625
f 1624/1624/1624 1622/1622/1622 1626/1626/1626
f 1625/1625/1625 1623/1623/1623 1627/1627/1627
f 1626/1626/1626 1628/1628/1628 1624/1624/1624
f 1629/1629/1629 1627/1627/1627 1623/1623/1623
f 1630/1630/1630 1628/1628/1628 1626/1626/1626
f 1631/1631/1631 1627/1627/1627 1629/1629/1629
f 1630/1630/1630 1632/1632/1632 1628/1628/1628
f 1627/1627/1627 1631/1631/1631 1633/1633/1633
f 1634/1634/1634 1632/1632/1632 1630/1630/1630
f 1635/1635/1635 1633/1633/1633 1631/1631/1631
f 1630/1630/1630 1636/1636/1636 1634/1634/1634
f 1633/1633/1633 1635/1635/1635 1637/1637/1637
f 1638/1638/1638 1634/1634/1634 1636/1636/1636
f 1639/1639/1639 1637/1637/1637 1635/1635/1635
f 1636/1636/1636 1640/1640/1640 1638/1638/1638
f 1637/1637/1637 1639/1639/1639 1641/1641/1641
f 1642/1642/1642 1638/1638/1638 1640/1640/1640
f 1643/1643/1643 1641/1641/1641 1639/1639/1639
f 1640/1640/1640 1644/1644/1644 1642/1642/1642
f 1641/1641/1641 1643/1643/1643 1645/1645/1645
f 1645/1645/1645 1643/1643/1643 1646/1646/1646
f 1643/1643/1643 1647/1647/1647 1646/1646/1646
f 1642/1642/1642 1644/1644/1644 1648/1648/1648
f 1644/1644/1644 1649/1649/1649 1648/1648/1648
f 1648/1648/1648 1649/1649/1649 1650/1650/1650
f 1651/1651/1651 1650/1650/1650 1649/1649/1649
f 1652/1652/1652 1653/1653/1653 1654/1654/1654
f 1652/1652/1652 1654/1654/1654 1655/1655/1655
f 1652/1652/1652 1655/1655/1655 1656/1656/1656
f 1657/1657/1657 1656/1656/1656 1655/1655/1655
f 1657/1657/1657 1658/1658/1658 1656/1656/1656
f 1659/1659/1659 1657/1657/1657 1655/1655/1655
f 1659/1659/1659 1655/1655/1655 1654/1654/1654
f 1657/1657/1657 1659/1659/1659 1660/1660/1660
f 1659/1659/1659 1654/1654/1654 1661/1661/1661
f 1661/1661/1661 1654/1654/1654 1662/1662/1662
f 1663/1663/1663 1662/1662/1662 1654/1654/1654
f 1662/1662/1662 1663/1663/1663 1664/1664/1664
f 1661/1661/1661 1662/1662/1662 1665/1665/1665
f 1666/1666/1666 1662/1662/1662 1664/1664/1664
f 1662/1662/1662 1666/1666/1666 1665/1665/1665
f 1665/1665/1665 1666/1666/1666 1667/1667/1667
f 1668/1668/1668 1669/1669/1669 1670/1670/1670
f 1669/1669/1669 1668/1668/1668 1671/1671/1671
f 1672/1672/1672 1673/1673/1673 1671/1671/1671
f 1671/1671/1671 1674/1674/1674 1672/1672/1672
f 1674/1674/1674 1671/1671/1671 1668/1668/1668
f 1675/1675/1675 1674/1674/1674 1668/1668/1668
f 1670/1670/1670 1676/1676/1676 1668/1668/1668
f 1668/1668/1668 1676/1676/1676 1675/1675/1675
f 1676/1676/1676 1670/1670/1670 1677/1677/1677
f 1678/1678/1678 1675/1675/1675 1676/1676/1676
f 1679/1679/1679 1676/1676/1676 1677/1677/1677
f 1676/1676/1676 1679/1679/1679 1678/1678/1678
f 1680/1680/1680 1679/1679/1679 1677/1677/1677
f 1679/1679/1679 1681/1681/1681 1678/1678/1678
f 1682/1682/1682 1679/1679/1679 1680/1680/1680
f 1682/1682/1682 1681/1681/1681 1679/1679/1679
f 1219/1219/1219 1683/1683/1683 1218/1218/1218
f 1684/1684/1684 1683/1683/1683 1219/1219/1219
f 1684/1684/1684 1685/1685/1685 1683/1683/1683
f 1686/1686/1686 1685/1685/1685 1684/1684/1684
f 1686/1686/1686 1687/1687/1687 1685/1685/1685
f 1688/1688/1688 1687/1687/1687 1686/1686/1686
f 1688/1688/1688 1689/1689/1689 1687/1687/1687
f 1690/1690/1690 1687/1687/1687 1689/1689/1689
f 1690/1690/1690 1691/1691/1691 1687/1687/1687
f 1691/1691/1691 1692/1692/1692 1687/1687/1687
f 1691/1691/1691 1693/1693/1693 1692/1692/1692
f 1693/1693/1693 1683/1683/1683 1692/1692/1692
f 1694/1694/1694 1683/1683/1683 1693/1693/1693
f 1683/1683/1683 1694/1694/1694 1218/1218/1218
f 1695/1695/1695 1696/1696/1696 1697/1697/1697
f 1695/1695/1695 1697/1697/1697 1698/1698/1698
f 1698/1698/1698 1697/1697/1697 1699/1699/1699
f 1700/1700/1700 1698/1698/1698 1699/1699/1699
f 1701/1701/1701 1700/1700/1700 1699/1699/1699
f 1700/1700/1700 1701/1701/1701 1702/1702/1702
f 1703/1703/1703 1701/1701/1701 1699/1699/1699
f 1703/1703/1703 1699/1699/1699 1704/1704/1704
f 1705/1705/1705 1704/1704/1704 1699/1699/1699
f 1705/1705/1705 1706/1706/1706 1704/1704/1704
f 1707/1707/1707 1706/1706/1706 1705/1705/1705
f 1707/1707/1707 1708/1708/1708 1706/1706/1706
f 1702/1702/1702 1701/1701/1701 1709/1709/1709
f 1710/1710/1710 1702/1702/1702 1709/1709/1709
f 1710/1710/1710 1711/1711/1711 1702/1702/1702
f 1711/1711/1711 1710/1710/1710 1712/1712/1712
f 1712/1712/1712 1713/1713/1713 1711/1711/1711
f 1711/1711/1711 1713/1713/1713 1714/1714/1714
f 1713/1713/1713 1715/1715/1715 1714/1714/1714
f 1710/1710/1710 1709/1709/1709 1716/1716/1716
f 1717/1717/1717 1710/1710/1710 1716/1716/1716
f 1717/1717/1717 1716/1716/1716 1718/1718/1718
f 1717/1717/1717 1719/1719/1719 1710/1710/1710
f 1719/1719/1719 1717/1717/1717 1720/1720/1720
f 1720/1720/1720 1721/1721/1721 1719/1719/1719
f 1721/1721/1721 1720/1720/1720 1722/1722/1722
f 1709/1709/1709 1723/1723/1723 1724/1724/1724
f 1724/1724/1724 1725/1725/1725 1726/1726/1726
f 1725/1725/1725 1724/1724/1724 1723/1723/1723
f 1723/1723/1723 1727/1727/1727 1725/1725/1725
f 1723/1723/1723 1709/1709/1709 1728/1728/1728
f 1709/1709/1709 1729/1729/1729 1728/1728/1728
f 1730/1730/1730 1723/1723/1723 1728/1728/1728
f 1731/1731/1731 1723/1723/1723 1730/1730/1730
f 1727/1727/1727 1723/1723/1723 1731/1731/1731
f 1732/1732/1732 1731/1731/1731 1730/1730/1730
f 1733/1733/1733 1727/1727/1727 1731/1731/1731
f 1731/1731/1731 1732/1732/1732 1733/1733/1733
f 1733/1733/1733 1734/1734/1734 1727/1727/1727
f 1735/1735/1735 1733/1733/1733 1732/1732/1732
f 1736/1736/1736 1734/1734/1734 1733/1733/1733
f 1736/1736/1736 1733/1733/1733 1735/1735/1735
f 1736/1736/1736 1737/1737/1737 1734/1734/1734
f 1737/1737/1737 1736/1736/1736 1738/1738/1738
f 1737/1737/1737 1738/1738/1738 1739/1739/1739
f 1740/1740/1740 1736/1736/1736 1735/1735/1735
f 1735/1735/1735 1741/1741/1741 1740/1740/1740
f 1742/1742/1742 1741/1741/1741 1735/1735/1735
f 1741/1741/1741 1742/1742/1742 1743/1743/1743
f 1744/1744/1744 1741/1741/1741 1743/1743/1743
f 1741/1741/1741 1744/1744/1744 1745/1745/1745
f 1745/1745/1745 1746/1746/1746 1741/1741/1741
f 1746/1746/1746 1745/1745/1745 1747/1747/1747
f 1743/1743/1743 1748/1748/1748 1744/1744/1744
f 1742/1742/1742 1749/1749/1749 1743/1743/1743
f 1748/1748/1748 1743/1743/1743 1749/1749/1749
f 1749/1749/1749 1742/1742/1742 1750/1750/1750
f 1728/1728/1728 1749/1749/1749 1750/1750/1750
f 1749/1749/1749 1728/1728/1728 1729/1729/1729
f 1748/1748/1748 1749/1749/1749 1729/1729/1729
f 1748/1748/1748 1729/1729/1729 1751/1751/1751
f 1752/1752/1752 1753/1753/1753 1754/1754/1754
f 1752/1752/1752 1754/1754/1754 1755/1755/1755
f 1753/1753/1753 1752/1752/1752 1756/1756/1756
f 1756/1756/1756 1757/1757/1757 1753/1753/1753
f 1757/1757/1757 1756/1756/1756 1758/1758/1758
f 1758/1758/1758 1759/1759/1759 1757/1757/1757
f 1759/1759/1759 1758/1758/1758 1760/1760/1760
f 1759/1759/1759 1760/1760/1760 1761/1761/1761
f 1762/1762/1762 1761/1761/1761 1760/1760/1760
f 1763/1763/1763 1761/1761/1761 1762/1762/1762
f 1764/1764/1764 1761/1761/1761 1763/1763/1763
f 1761/1761/1761 1764/1764/1764 1765/1765/1765
f 1759/1759/1759 1761/1761/1761 1765/1765/1765
f 1766/1766/1766 1759/1759/1759 1765/1765/1765
f 1759/1759/1759 1766/1766/1766 1767/1767/1767
f 1768/1768/1768 1767/1767/1767 1766/1766/1766
f 1767/1767/1767 1768/1768/1768 1769/1769/1769
f 1770/1770/1770 1769/1769/1769 1768/1768/1768
f 1769/1769/1769 1770/1770/1770 1771/1771/1771
f 1770/1770/1770 1772/1772/1772 1771/1771/1771
f 928/928/928 929/929/929 1773/1773/1773
f 923/923/923 931/931/931 1774/1774/1774
f 929/929/929 930/930/930 1775/1775/1775
f 929/929/929 1775/1775/1775 1773/1773/1773
f 1776/1776/1776 1775/1775/1775 930/930/930
f 1775/1775/1775 1776/1776/1776 1777/1777/1777
f 1778/1778/1778 1777/1777/1777 1776/1776/1776
f 1777/1777/1777 1778/1778/1778 1779/1779/1779
f 1779/1779/1779 1778/1778/1778 1780/1780/1780
f 1781/1781/1781 1780/1780/1780 1778/1778/1778
f 1781/1781/1781 1782/1782/1782 1780/1780/1780
f 1783/1783/1783 1782/1782/1782 1781/1781/1781
f 1783/1783/1783 1784/1784/1784 1782/1782/1782
f 1785/1785/1785 1784/1784/1784 1783/1783/1783
f 1786/1786/1786 1775/1775/1775 1787/1787/1787
f 1773/1773/1773 1775/1775/1775 1786/1786/1786
f 1786/1786/1786 1787/1787/1787 1788/1788/1788
f 1788/1788/1788 1789/1789/1789 1786/1786/1786
f 1789/1789/1789 1788/1788/1788 1790/1790/1790
f 1790/1790/1790 1791/1791/1791 1789/1789/1789
f 1791/1791/1791 1790/1790/1790 1792/1792/1792
f 1793/1793/1793 1791/1791/1791 1792/1792/1792
f 1794/1794/1794 1793/1793/1793 1792/1792/1792
f 1786/1786/1786 1795/1795/1795 1773/1773/1773
f 1796/1796/1796 1773/1773/1773 1795/1795/1795
f 1795/1795/1795 1797/1797/1797 1796/1796/1796
f 1797/1797/1797 1795/1795/1795 1798/1798/1798
f 1799/1799/1799 1798/1798/1798 1795/1795/1795
f 1798/1798/1798 1799/1799/1799 1800/1800/1800
f 1799/1799/1799 1801/1801/1801 1800/1800/1800
f 1802/1802/1802 1773/1773/1773 1796/1796/1796
f 1773/1773/1773 1802/1802/1802 1803/1803/1803
f 931/931/931 1803/1803/1803 1802/1802/1802
f 1804/1804/1804 931/931/931 1802/1802/1802
f 1804/1804/1804 1805/1805/1805 931/931/931
f 1806/1806/1806 1804/1804/1804 1802/1802/1802
f 1805/1805/1805 1804/1804/1804 1807/1807/1807
f 1804/1804/1804 1806/1806/1806 1808/1808/1808
f 1807/1807/1807 1804/1804/1804 1808/1808/1808
f 1809/1809/1809 1805/1805/1805 1807/1807/1807
f 1806/1806/1806 1810/1810/1810 1808/1808/1808
f 1810/1810/1810 1807/1807/1807 1808/1808/1808
f 1810/1810/1810 1806/1806/1806 1811/1811/1811
f 1812/1812/1812 1810/1810/1810 1811/1811/1811
f 1813/1813/1813 1809/1809/1809 1807/1807/1807
f 1807/1807/1807 1810/1810/1810 1814/1814/1814
f 1815/1815/1815 1813/1813/1813 1807/1807/1807
f 1810/1810/1810 1812/1812/1812 1816/1816/1816
f 1816/1816/1816 1814/1814/1814 1810/1810/1810
f 1817/1817/1817 1816/1816/1816 1812/1812/1812
f 1814/1814/1814 1816/1816/1816 1818/1818/1818
f 1819/1819/1819 1818/1818/1818 1816/1816/1816
f 1817/1817/1817 1819/1819/1819 1816/1816/1816
f 1818/1818/1818 1819/1819/1819 1820/1820/1820
f 1817/1817/1817 1821/1821/1821 1819/1819/1819
f 1821/1821/1821 1817/1817/1817 1822/1822/1822
f 1823/1823/1823 1824/1824/1824 1822/1822/1822
f 1824/1824/1824 1823/1823/1823 1825/1825/1825
f 1823/1823/1823 1826/1826/1826 1825/1825/1825
f 1826/1826/1826 1823/1823/1823 1827/1827/1827
f 1827/1827/1827 1828/1828/1828 1826/1826/1826
f 1828/1828/1828 1827/1827/1827 1829/1829/1829
f 1829/1829/1829 1830/1830/1830 1828/1828/1828
f 1830/1830/1830 1829/1829/1829 1831/1831/1831
f 1831/1831/1831 1832/1832/1832 1830/1830/1830
f 1832/1832/1832 1831/1831/1831 1833/1833/1833
f 1834/1834/1834 1832/1832/1832 1833/1833/1833
f 1832/1832/1832 1834/1834/1834 1835/1835/1835
f 1836/1836/1836 1835/1835/1835 1834/1834/1834
f 1835/1835/1835 1836/1836/1836 1837/1837/1837
f 1838/1838/1838 1837/1837/1837 1836/1836/1836
f 1837/1837/1837 1838/1838/1838 1839/1839/1839
f 1840/1840/1840 1839/1839/1839 1838/1838/1838
f 1839/1839/1839 1840/1840/1840 1841/1841/1841
f 1840/1840/1840 1842/1842/1842 1841/1841/1841
f 1843/1843/1843 1833/1833/1833 1831/1831/1831
f 1844/1844/1844 1833/1833/1833 1843/1843/1843
f 1844/1844/1844 1843/1843/1843 1845/1845/1845
f 1846/1846/1846 1845/1845/1845 1843/1843/1843
f 1843/1843/1843 1831/1831/1831 1846/1846/1846
f 1847/1847/1847 1846/1846/1846 1831/1831/1831
f 1846/1846/1846 1847/1847/1847 1848/1848/1848
f 1849/1849/1849 1848/1848/1848 1847/1847/1847
f 1848/1848/1848 1849/1849/1849 1850/1850/1850
f 1851/1851/1851 1850/1850/1850 1849/1849/1849
f 1850/1850/1850 1851/1851/1851 1852/1852/1852
f 1853/1853/1853 1852/1852/1852 1851/1851/1851
f 1854/1854/1854 1853/1853/1853 1851/1851/1851
f 1855/1855/1855 1856/1856/1856 1857/1857/1857
f 1855/1855/1855 1857/1857/1857 1858/1858/1858
f 1859/1859/1859 1855/1855/1855 1858/1858/1858
f 1860/1860/1860 1857/1857/1857 1856/1856/1856
f 1855/1855/1855 1859/1859/1859 1861/1861/1861
f 1859/1859/1859 1862/1862/1862 1861/1861/1861
f 1862/1862/1862 1859/1859/1859 1863/1863/1863
f 1860/1860/1860 1856/1856/1856 1864/1864/1864
f 1862/1862/1862 1863/1863/1863 1865/1865/1865
f 1866/1866/1866 1860/1860/1860 1864/1864/1864
f 1864/1864/1864 1867/1867/1867 1866/1866/1866
f 1860/1860/1860 1866/1866/1866 1868/1868/1868
f 1868/1868/1868 1869/1869/1869 1860/1860/1860
f 1869/1869/1869 1868/1868/1868 1870/1870/1870
f 1871/1871/1871 1869/1869/1869 1870/1870/1870
f 1872/1872/1872 1871/1871/1871 1870/1870/1870
f 1873/1873/1873 1871/1871/1871 1872/1872/1872
f 1874/1874/1874 1873/1873/1873 1872/1872/1872
f 1863/1863/1863 1873/1873/1873 1874/1874/1874
f 1863/1863/1863 1874/1874/1874 1865/1865/1865
f 1865/1865/1865 1874/1874/1874 1875/1875/1875
f 1865/1865/1865 1875/1875/1875 1876/1876/1876
f 1876/1876/1876 1875/1875/1875 1877/1877/1877
f 1878/1878/1878 1876/1876/1876 1877/1877/1877
f 1878/1878/1878 1877/1877/1877 1879/1879/1879
f 1880/1880/1880 1878/1878/1878 1879/1879/1879
f 1880/1880/1880 1879/1879/1879 1881/1881/1881
f 1882/1882/1882 1880/1880/1880 1881/1881/1881
f 1881/1881/1881 1883/1883/1883 1882/1882/1882
f 1883/1883/1883 1881/1881/1881 1884/1884/1884
f 1883/1883/1883 1884/1884/1884 1885/1885/1885
f 1886/1886/1886 1885/1885/1885 1884/1884/1884
f 1885/1885/1885 1886/1886/1886 1887/1887/1887
f 1884/1884/1884 1888/1888/1888 1886/1886/1886
f 1888/1888/1888 1884/1884/1884 1889/1889/1889
f 1889/1889/1889 1890/1890/1890 1888/1888/1888
f 1890/1890/1890 1889/1889/1889 1891/1891/1891
f 1891/1891/1891 1892/1892/1892 1890/1890/1890
f 1892/1892/1892 1891/1891/1891 1893/1893/1893
f 1893/1893/1893 1894/1894/1894 1892/1892/1892
f 1894/1894/1894 1893/1893/1893 1895/1895/1895
f 1894/1894/1894 1895/1895/1895 1896/1896/1896
f 1894/1894/1894 1896/1896/1896 1897/1897/1897
f 1896/1896/1896 1898/1898/1898 1897/1897/1897
f 1898/1898/1898 1896/1896/1896 1899/1899/1899
f 1899/1899/1899 1900/1900/1900 1898/1898/1898
f 1900/1900/1900 1899/1899/1899 1901/1901/1901
f 1901/1901/1901 1902/1902/1902 1900/1900/1900
f 1902/1902/1902 1901/1901/1901 1903/1903/1903
f 1902/1902/1902 1903/1903/1903 1904/1904/1904
f 1902/1902/1902 1904/1904/1904 1905/1905/1905
f 1904/1904/1904 1906/1906/1906 1905/1905/1905
f 1906/1906/1906 1904/1904/1904 1907/1907/1907
f 1908/1908/1908 1909/1909/1909 1910/1910/1910
f 1910/1910/1910 1911/1911/1911 1908/1908/1908
f 1910/1910/1910 1909/1909/1909 1912/1912/1912
f 1912/1912/1912 1909/1909/1909 1913/1913/1913
f 1914/1914/1914 1912/1912/1912 1913/1913/1913
f 1912/1912/1912 1914/1914/1914 1915/1915/1915
f 1916/1916/1916 1915/1915/1915 1914/1914/1914
f 1917/1917/1917 1908/1908/1908 1911/1911/1911
f 1915/1915/1915 1916/1916/1916 1918/1918/1918
f 1911/1911/1911 1919/1919/1919 1917/1917/1917
f 1920/1920/1920 1918/1918/1918 1916/1916/1916
f 1921/1921/1921 1920/1920/1920 1922/1922/1922
f 1918/1918/1918 1920/1920/1920 1923/1923/1923
f 1920/1920/1920 1921/1921/1921 1923/1923/1923
f 1924/1924/1924 1923/1923/1923 1921/1921/1921
f 1921/1921/1921 1925/1925/1925 1924/1924/1924
f 1923/1923/1923 1924/1924/1924 1926/1926/1926
f 1926/1926/1926 1918/1918/1918 1923/1923/1923
f 1926/1926/1926 1927/1927/1927 1918/1918/1918
f 1918/1918/1918 1927/1927/1927 1928/1928/1928
f 1927/1927/1927 1929/1929/1929 1928/1928/1928
f 1929/1929/1929 1927/1927/1927 1930/1930/1930
f 1930/1930/1930 1931/1931/1931 1929/1929/1929
f 1931/1931/1931 1930/1930/1930 1932/1932/1932
f 1932/1932/1932 1933/1933/1933 1931/1931/1931
f 1933/1933/1933 1932/1932/1932 1934/1934/1934
f 1934/1934/1934 1919/1919/1919 1933/1933/1933
f 1919/1919/1919 1934/1934/1934 1935/1935/1935
f 1936/1936/1936 1919/1919/1919 1935/1935/1935
f 1936/1936/1936 1917/1917/1917 1919/1919/1919
f 1935/1935/1935 1937/1937/1937 1936/1936/1936
f 1938/1938/1938 1937/1937/1937 1935/1935/1935
f 1937/1937/1937 1938/1938/1938 1939/1939/1939
f 1940/1940/1940 1939/1939/1939 1938/1938/1938
f 1939/1939/1939 1940/1940/1940 1941/1941/1941
f 1942/1942/1942 1941/1941/1941 1940/1940/1940
f 1941/1941/1941 1942/1942/1942 1943/1943/1943
f 1943/1943/1943 1942/1942/1942 1944/1944/1944
f 1944/1944/1944 1945/1945/1945 1943/1943/1943
f 1945/1945/1945 1946/1946/1946 1943/1943/1943
f 1946/1946/1946 1945/1945/1945 1947/1947/1947
f 1947/1947/1947 1948/1948/1948 1946/1946/1946
f 1948/1948/1948 1947/1947/1947 1949/1949/1949
f 1949/1949/1949 1950/1950/1950 1948/1948/1948
f 1950/1950/1950 1949/1949/1949 1951/1951/1951
f 1936/1936/1936 1950/1950/1950 1951/1951/1951
f 1952/1952/1952 1936/1936/1936 1951/1951/1951
f 1936/1936/1936 1952/1952/1952 1917/1917/1917
f 1952/1952/1952 1951/1951/1951 1953/1953/1953
f 1952/1952/1952 1954/1954/1954 1917/1917/1917
f 1953/1953/1953 1955/1955/1955 1952/1952/1952
f 1955/1955/1955 1954/1954/1954 1952/1952/1952
f 1954/1954/1954 1955/1955/1955 1956/1956/1956
f 1957/1957/1957 1955/1955/1955 1953/1953/1953
f 1955/1955/1955 1958/1958/1958 1956/1956/1956
f 1955/1955/1955 1957/1957/1957 1959/1959/1959
f 1958/1958/1958 1955/1955/1955 1959/1959/1959
f 1957/1957/1957 1960/1960/1960 1959/1959/1959
f 1960/1960/1960 1958/1958/1958 1959/1959/1959
f 1960/1960/1960 1957/1957/1957 1961/1961/1961
f 1958/1958/1958 1960/1960/1960 1962/1962/1962
f 1961/1961/1961 1963/1963/1963 1960/1960/1960
f 1963/1963/1963 1962/1962/1962 1960/1960/1960
f 1962/1962/1962 1963/1963/1963 1964/1964/1964
f 1963/1963/1963 1961/1961/1961 1965/1965/1965
f 1963/1963/1963 1966/1966/1966 1964/1964/1964
f 1963/1963/1963 1965/1965/1965 1967/1967/1967
f 1966/1966/1966 1963/1963/1963 1967/1967/1967
f 1965/1965/1965 1968/1968/1968 1967/1967/1967
f 1968/1968/1968 1965/1965/1965 1969/1969/1969
f 1968/1968/1968 1970/1970/1970 1967/1967/1967
f 1966/1966/1966 1967/1967/1967 1970/1970/1970
f 1971/1971/1971 1972/1972/1972 1973/1973/1973
f 1974/1974/1974 1972/1972/1972 1971/1971/1971
f 1972/1972/1972 1974/1974/1974 1975/1975/1975
f 1974/1974/1974 1976/1976/1976 1975/1975/1975
f 1976/1976/1976 1974/1974/1974 1977/1977/1977
f 1971/1971/1971 1978/1978/1978 1974/1974/1974
f 1974/1974/1974 1978/1978/1978 1977/1977/1977
f 1978/1978/1978 1971/1971/1971 1979/1979/1979
f 1980/1980/1980 1977/1977/1977 1978/1978/1978
f 1980/1980/1980 1981/1981/1981 1977/1977/1977
f 1977/1977/1977 1981/1981/1981 1982/1982/1982
f 1983/1983/1983 1981/1981/1981 1980/1980/1980
f 1981/1981/1981 1983/1983/1983 1984/1984/1984
f 1984/1984/1984 1983/1983/1983 1985/1985/1985
f 1983/1983/1983 1986/1986/1986 1985/1985/1985
f 1987/1987/1987 1985/1985/1985 1986/1986/1986
f 1985/1985/1985 1987/1987/1987 1988/1988/1988
f 1989/1989/1989 1988/1988/1988 1987/1987/1987
f 1990/1990/1990 1979/1979/1979 1971/1971/1971
f 1971/1971/1971 1973/1973/1973 1990/1990/1990
f 1991/1991/1991 1990/1990/1990 1973/1973/1973
f 1979/1979/1979 1990/1990/1990 1992/1992/1992
f 1990/1990/1990 1991/1991/1991 1993/1993/1993
f 1993/1993/1993 1992/1992/1992 1990/1990/1990
f 1992/1992/1992 1993/1993/1993 1994/1994/1994
f 1995/1995/1995 1996/1996/1996 1997/1997/1997
f 1998/1998/1998 1995/1995/1995 1999/1999/1999
f 1997/1997/1997 2000/2000/2000 1995/1995/1995
f 2000/2000/2000 1999/1999/1999 1995/1995/1995
f 2000/2000/2000 1997/1997/1997 2001/2001/2001
f 1999/1999/1999 2000/2000/2000 2002/2002/2002
f 2003/2003/2003 2000/2000/2000 2001/2001/2001
f 2002/2002/2002 2000/2000/2000 2004/2004/2004
f 2000/2000/2000 2003/2003/2003 2004/2004/2004
f 2005/2005/2005 2002/2002/2002 2004/2004/2004
f 2002/2002/2002 2005/2005/2005 2006/2006/2006
f 2004/2004/2004 2007/2007/2007 2005/2005/2005
f 2004/2004/2004 2003/2003/2003 2007/2007/2007
f 2008/2008/2008 2006/2006/2006 2005/2005/2005
f 2006/2006/2006 2008/2008/2008 2009/2009/2009
f 2010/2010/2010 2005/2005/2005 2007/2007/2007
f 2005/2005/2005 2010/2010/2010 2008/2008/2008
f 2011/2011/2011 2007/2007/2007 2003/2003/2003
f 2007/2007/2007 2011/2011/2011 2012/2012/2012
f 2012/2012/2012 2010/2010/2010 2007/2007/2007
f 2011/2011/2011 2003/2003/2003 2013/2013/2013
f 2010/2010/2010 2012/2012/2012 2014/2014/2014
f 2014/2014/2014 2015/2015/2015 2010/2010/2010
f 2015/2015/2015 2016/2016/2016 2010/2010/2010
f 2016/2016/2016 2008/2008/2008 2010/2010/2010
f 2016/2016/2016 2015/2015/2015 2017/2017/2017
f 2017/2017/2017 2018/2018/2018 2016/2016/2016
f 2018/2018/2018 2017/2017/2017 2019/2019/2019
f 2019/2019/2019 2020/2020/2020 2018/2018/2018
f 2020/2020/2020 2019/2019/2019 2021/2021/2021
f 2022/2022/2022 2020/2020/2020 2021/2021/2021
f 2008/2008/2008 2016/2016/2016 2023/2023/2023
f 2008/2008/2008 2023/2023/2023 2009/2009/2009
f 2024/2024/2024 2023/2023/2023 2016/2016/2016
f 2025/2025/2025 2009/2009/2009 2023/2023/2023
f 2022/2022/2022 2021/2021/2021 2026/2026/2026
f 2026/2026/2026 2027/2027/2027 2022/2022/2022
f 2028/2028/2028 2022/2022/2022 2027/2027/2027
f 2021/2021/2021 2029/2029/2029 2026/2026/2026
f 2029/2029/2029 2021/2021/2021 2030/2030/2030
f 2030/2030/2030 2031/2031/2031 2029/2029/2029
f 2031/2031/2031 2030/2030/2030 2032/2032/2032
f 2033/2033/2033 2031/2031/2031 2032/2032/2032
f 2031/2031/2031 2033/2033/2033 2034/2034/2034
f 2035/2035/2035 2025/2025/2025 2023/2023/2023
f 2035/2035/2035 2036/2036/2036 2025/2025/2025
f 2036/2036/2036 2035/2035/2035 2037/2037/2037
f 2037/2037/2037 2038/2038/2038 2036/2036/2036
f 2038/2038/2038 2037/2037/2037 2039/2039/2039
f 2039/2039/2039 2040/2040/2040 2038/2038/2038
f 2039/2039/2039 2041/2041/2041 2040/2040/2040
f 2040/2040/2040 2041/2041/2041 2042/2042/2042
f 2043/2043/2043 2040/2040/2040 2042/2042/2042
f 2043/2043/2043 2042/2042/2042 2044/2044/2044
f 2045/2045/2045 2035/2035/2035 2023/2023/2023
f 2046/2046/2046 2035/2035/2035 2045/2045/2045
f 2047/2047/2047 2035/2035/2035 2046/2046/2046
f 2035/2035/2035 2047/2047/2047 2048/2048/2048
f 2049/2049/2049 2046/2046/2046 2045/2045/2045
f 2050/2050/2050 2048/2048/2048 2047/2047/2047
f 2048/2048/2048 2050/2050/2050 2051/2051/2051
f 2052/2052/2052 2051/2051/2051 2050/2050/2050
f 2051/2051/2051 2052/2052/2052 2053/2053/2053
f 2054/2054/2054 2053/2053/2053 2052/2052/2052
f 2053/2053/2053 2054/2054/2054 2055/2055/2055
f 2054/2054/2054 2056/2056/2056 2055/2055/2055
f 2057/2057/2057 2049/2049/2049 2045/2045/2045
f 2023/2023/2023 2057/2057/2057 2045/2045/2045
f 2023/2023/2023 2024/2024/2024 2057/2057/2057
f 2049/2049/2049 2057/2057/2057 2058/2058/2058
f 2057/2057/2057 2024/2024/2024 2059/2059/2059
f 2058/2058/2058 2057/2057/2057 2060/2060/2060
f 2057/2057/2057 2059/2059/2059 2060/2060/2060
f 2058/2058/2058 2060/2060/2060 2061/2061/2061
f 2062/2062/2062 2060/2060/2060 2059/2059/2059
f 2061/2061/2061 2060/2060/2060 2063/2063/2063
f 2060/2060/2060 2062/2062/2062 2063/2063/2063
f 2064/2064/2064 2061/2061/2061 2063/2063/2063
f 2065/2065/2065 2063/2063/2063 2062/2062/2062
f 2066/2066/2066 2064/2064/2064 2063/2063/2063
f 2065/2065/2065 2067/2067/2067 2063/2063/2063
f 2068/2068/2068 2064/2064/2064 2066/2066/2066
f 2069/2069/2069 2067/2067/2067 2065/2065/2065
f 2064/2064/2064 2068/2068/2068 2070/2070/2070
f 2069/2069/2069 2071/2071/2071 2067/2067/2067
f 2072/2072/2072 2070/2070/2070 2068/2068/2068
f 2073/2073/2073 2071/2071/2071 2069/2069/2069
f 2074/2074/2074 2072/2072/2072 2068/2068/2068
f 2073/2073/2073 2075/2075/2075 2071/2071/2071
f 2076/2076/2076 2072/2072/2072 2074/2074/2074
f 2077/2077/2077 2075/2075/2075 2073/2073/2073
f 2072/2072/2072 2076/2076/2076 2078/2078/2078
f 2077/2077/2077 2079/2079/2079 2075/2075/2075
f 2080/2080/2080 2078/2078/2078 2076/2076/2076
f 2081/2081/2081 2079/2079/2079 2077/2077/2077
f 2079/2079/2079 2081/2081/2081 2082/2082/2082
f 2078/2078/2078 2080/2080/2080 2083/2083/2083
f 2081/2081/2081 2084/2084/2084 2082/2082/2082
f 2084/2084/2084 2085/2085/2085 2082/2082/2082
f 2084/2084/2084 2086/2086/2086 2085/2085/2085
f 2087/2087/2087 2086/2086/2086 2084/2084/2084
f 2084/2084/2084 2088/2088/2088 2087/2087/2087
f 2088/2088/2088 2089/2089/2089 2087/2087/2087
f 2090/2090/2090 2083/2083/2083 2080/2080/2080
f 2083/2083/2083 2090/2090/2090 2091/2091/2091
f 2092/2092/2092 2090/2090/2090 2080/2080/2080
f 2091/2091/2091 2090/2090/2090 2093/2093/2093
f 2092/2092/2092 2093/2093/2093 2090/2090/2090
f 2091/2091/2091 2093/2093/2093 2094/2094/2094
f 2095/2095/2095 2094/2094/2094 2093/2093/2093
f 2093/2093/2093 2092/2092/2092 2096/2096/2096
f 2093/2093/2093 2097/2097/2097 2095/2095/2095
f 2096/2096/2096 2092/2092/2092 2098/2098/2098
f 2099/2099/2099 2095/2095/2095 2097/2097/2097
f 2098/2098/2098 2099/2099/2099 2096/2096/2096
f 2095/2095/2095 2099/2099/2099 2100/2100/2100
f 2099/2099/2099 2098/2098/2098 2101/2101/2101
f 2099/2099/2099 2102/2102/2102 2100/2100/2100
f 2099/2099/2099 2101/2101/2101 2102/2102/2102
f 2103/2103/2103 2104/2104/2104 2105/2105/2105
f 2106/2106/2106 2105/2105/2105 2104/2104/2104
f 2105/2105/2105 2107/2107/2107 2103/2103/2103
f 2107/2107/2107 2105/2105/2105 2108/2108/2108
f 2108/2108/2108 2109/2109/2109 2107/2107/2107
f 2109/2109/2109 2108/2108/2108 2110/2110/2110
f 2109/2109/2109 2110/2110/2110 2111/2111/2111
f 2112/2112/2112 2104/2104/2104 2103/2103/2103
f 2112/2112/2112 2113/2113/2113 2104/2104/2104
f 2113/2113/2113 2114/2114/2114 2104/2104/2104
f 2113/2113/2113 2115/2115/2115 2114/2114/2114
f 2115/2115/2115 2113/2113/2113 2116/2116/2116
f 2113/2113/2113 2112/2112/2112 2117/2117/2117
f 2113/2113/2113 2118/2118/2118 2116/2116/2116
f 2113/2113/2113 2117/2117/2117 2118/2118/2118
f 2117/2117/2117 2119/2119/2119 2118/2118/2118
f 2118/2118/2118 2119/2119/2119 2120/2120/2120
f 2119/2119/2119 2121/2121/2121 2120/2120/2120
f 2122/2122/2122 2118/2118/2118 2120/2120/2120
f 2123/2123/2123 2120/2120/2120 2121/2121/2121
f 2124/2124/2124 2122/2122/2122 2120/2120/2120
f 2120/2120/2120 2123/2123/2123 2125/2125/2125
f 2124/2124/2124 2120/2120/2120 2125/2125/2125
f 2126/2126/2126 2125/2125/2125 2123/2123/2123
f 2125/2125/2125 2127/2127/2127 2124/2124/2124
f 2125/2125/2125 2126/2126/2126 2128/2128/2128
f 2128/2128/2128 2127/2127/2127 2125/2125/2125
f 2129/2129/2129 2128/2128/2128 2126/2126/2126
f 2128/2128/2128 2130/2130/2130 2127/2127/2127
f 2128/2128/2128 2129/2129/2129 2131/2131/2131
f 2131/2131/2131 2130/2130/2130 2128/2128/2128
f 2132/2132/2132 2133/2133/2133 2134/2134/2134
f 2132/2132/2132 2135/2135/2135 2133/2133/2133
f 2132/2132/2132 2136/2136/2136 2135/2135/2135
f 2136/2136/2136 2137/2137/2137 2135/2135/2135
f 2137/2137/2137 2136/2136/2136 2138/2138/2138
f 2138/2138/2138 2139/2139/2139 2137/2137/2137
f 2139/2139/2139 2138/2138/2138 2140/2140/2140
f 2139/2139/2139 2140/2140/2140 2141/2141/2141
f 2140/2140/2140 2142/2142/2142 2141/2141/2141
f 2143/2143/2143 2141/2141/2141 2142/2142/2142
f 1969/1969/1969 2144/2144/2144 1968/1968/1968
f 2144/2144/2144 1969/1969/1969 2145/2145/2145
f 1968/1968/1968 2146/2146/2146 1970/1970/1970
f 2146/2146/2146 1968/1968/1968 2144/2144/2144
f 1970/1970/1970 2147/2147/2147 1966/1966/1966
f 2147/2147/2147 1970/1970/1970 2148/2148/2148
f 2146/2146/2146 2148/2148/2148 1970/1970/1970
f 2149/2149/2149 1966/1966/1966 2147/2147/2147
f 2148/2148/2148 2146/2146/2146 2150/2150/2150
f 2151/2151/2151 2150/2150/2150 2146/2146/2146
f 2152/2152/2152 2151/2151/2151 2146/2146/2146
f 2144/2144/2144 2152/2152/2152 2146/2146/2146
f 2151/2151/2151 2152/2152/2152 2153/2153/2153
f 2154/2154/2154 2153/2153/2153 2152/2152/2152
f 2153/2153/2153 2154/2154/2154 2155/2155/2155
f 2156/2156/2156 2155/2155/2155 2154/2154/2154
f 2155/2155/2155 2156/2156/2156 2157/2157/2157
f 2156/2156/2156 2158/2158/2158 2157/2157/2157
f 2159/2159/2159 2152/2152/2152 2144/2144/2144
f 2159/2159/2159 2144/2144/2144 2145/2145/2145
f 2159/2159/2159 2160/2160/2160 2152/2152/2152
f 2145/2145/2145 2161/2161/2161 2159/2159/2159
f 2160/2160/2160 2159/2159/2159 2162/2162/2162
f 2160/2160/2160 2162/2162/2162 2163/2163/2163
f 2161/2161/2161 2164/2164/2164 2159/2159/2159
f 2165/2165/2165 2164/2164/2164 2161/2161/2161
f 2164/2164/2164 2165/2165/2165 2166/2166/2166
f 2167/2167/2167 2166/2166/2166 2165/2165/2165
f 2166/2166/2166 2167/2167/2167 2168/2168/2168
f 2167/2167/2167 2169/2169/2169 2168/2168/2168
f 2170/2170/2170 2168/2168/2168 2169/2169/2169
f 2171/2171/2171 2170/2170/2170 2169/2169/2169
f 2169/2169/2169 2172/2172/2172 2171/2171/2171
f 2171/2171/2171 2172/2172/2172 2173/2173/2173
f 2173/2173/2173 2174/2174/2174 2171/2171/2171
f 2174/2174/2174 2175/2175/2175 2171/2171/2171
f 2175/2175/2175 2174/2174/2174 2176/2176/2176
f 2176/2176/2176 2177/2177/2177 2175/2175/2175
f 2177/2177/2177 2176/2176/2176 2178/2178/2178
f 2178/2178/2178 2179/2179/2179 2177/2177/2177
f 2179/2179/2179 2178/2178/2178 2180/2180/2180
f 2180/2180/2180 2164/2164/2164 2179/2179/2179
f 2164/2164/2164 2180/2180/2180 2181/2181/2181
f 2164/2164/2164 2181/2181/2181 2182/2182/2182
f 2164/2164/2164 2182/2182/2182 2159/2159/2159
f 2183/2183/2183 2182/2182/2182 2181/2181/2181
f 2162/2162/2162 2159/2159/2159 2182/2182/2182
f 2183/2183/2183 2162/2162/2162 2182/2182/2182
f 2184/2184/2184 2162/2162/2162 2183/2183/2183
f 2162/2162/2162 2184/2184/2184 2185/2185/2185
f 2163/2163/2163 2162/2162/2162 2185/2185/2185
f 2186/2186/2186 2185/2185/2185 2184/2184/2184
f 2185/2185/2185 2187/2187/2187 2163/2163/2163
f 2185/2185/2185 2186/2186/2186 2188/2188/2188
f 2187/2187/2187 2185/2185/2185 2188/2188/2188
f 2189/2189/2189 2188/2188/2188 2186/2186/2186
f 2188/2188/2188 2190/2190/2190 2187/2187/2187
f 2189/2189/2189 2191/2191/2191 2188/2188/2188
f 2190/2190/2190 2188/2188/2188 2192/2192/2192
f 2189/2189/2189 2193/2193/2193 2191/2191/2191
f 2192/2192/2192 2194/2194/2194 2190/2190/2190
f 2193/2193/2193 2189/2189/2189 2195/2195/2195
f 2194/2194/2194 2192/2192/2192 2196/2196/2196
f 2193/2193/2193 2195/2195/2195 2197/2197/2197
f 2196/2196/2196 2198/2198/2198 2194/2194/2194
f 2197/2197/2197 2199/2199/2199 2193/2193/2193
f 2198/2198/2198 2196/2196/2196 2200/2200/2200
f 2197/2197/2197 2201/2201/2201 2199/2199/2199
f 2200/2200/2200 2202/2202/2202 2198/2198/2198
f 2201/2201/2201 2197/2197/2197 2203/2203/2203
f 2202/2202/2202 2200/2200/2200 2204/2204/2204
f 2204/2204/2204 2205/2205/2205 2202/2202/2202
f 2203/2203/2203 2206/2206/2206 2201/2201/2201
f 2205/2205/2205 2204/2204/2204 2206/2206/2206
f 2206/2206/2206 2203/2203/2203 2207/2207/2207
f 2208/2208/2208 2205/2205/2205 2206/2206/2206
f 2207/2207/2207 2209/2209/2209 2206/2206/2206
f 2209/2209/2209 2207/2207/2207 2210/2210/2210
f 2209/2209/2209 2210/2210/2210 2211/2211/2211
f 2209/2209/2209 2212/2212/2212 2206/2206/2206
f 2211/2211/2211 2212/2212/2212 2209/2209/2209
f 2212/2212/2212 2208/2208/2208 2206/2206/2206
f 2212/2212/2212 2211/2211/2211 2213/2213/2213
f 2212/2212/2212 2213/2213/2213 2214/2214/2214
f 2214/2214/2214 2208/2208/2208 2212/2212/2212
f 2215/2215/2215 2214/2214/2214 2213/2213/2213
f 2214/2214/2214 2216/2216/2216 2208/2208/2208
f 2214/2214/2214 2215/2215/2215 2216/2216/2216
f 2208/2208/2208 2216/2216/2216 2217/2217/2217
f 2216/2216/2216 2215/2215/2215 2218/2218/2218
f 2218/2218/2218 2217/2217/2217 2216/2216/2216
f 2219/2219/2219 2220/2220/2220 2221/2221/2221
f 2220/2220/2220 2219/2219/2219 2222/2222/2222
f 2223/2223/2223 2221/2221/2221 2220/2220/2220
f 2221/2221/2221 2223/2223/2223 2224/2224/2224
f 2225/2225/2225 2224/2224/2224 2223/2223/2223
f 2224/2224/2224 2225/2225/2225 2226/2226/2226
f 2226/2226/2226 2225/2225/2225 2227/2227/2227
f 2228/2228/2228 2227/2227/2227 2225/2225/2225
f 2227/2227/2227 2228/2228/2228 2229/2229/2229
f 2230/2230/2230 2229/2229/2229 2228/2228/2228
f 2229/2229/2229 2230/2230/2230 2231/2231/2231
f 2232/2232/2232 2231/2231/2231 2230/2230/2230
f 2233/2233/2233 2234/2234/2234 2235/2235/2235
f 2233/2233/2233 2235/2235/2235 2236/2236/2236
f 2233/2233/2233 2237/2237/2237 2234/2234/2234
f 2237/2237/2237 2233/2233/2233 2238/2238/2238
f 2238/2238/2238 2239/2239/2239 2237/2237/2237
f 2239/2239/2239 2238/2238/2238 2240/2240/2240
f 2240/2240/2240 2241/2241/2241 2239/2239/2239
f 2241/2241/2241 2240/2240/2240 2242/2242/2242
f 2242/2242/2242 2243/2243/2243 2241/2241/2241
f 2243/2243/2243 2242/2242/2242 2244/2244/2244
f 2245/2245/2245 2243/2243/2243 2244/2244/2244
f 2245/2245/2245 2246/2246/2246 2243/2243/2243
f 2247/2247/2247 2248/2248/2248 2249/2249/2249
f 2250/2250/2250 2248/2248/2248 2247/2247/2247
f 2250/2250/2250 2251/2251/2251 2248/2248/2248
f 2247/2247/2247 2249/2249/2249 2252/2252/2252
f 2253/2253/2253 2248/2248/2248 2254/2254/2254
f 2248/2248/2248 2253/2253/2253 2255/2255/2255
f 2256/2256/2256 2248/2248/2248 2255/2255/2255
f 2256/2256/2256 2249/2249/2249 2248/2248/2248
f 2257/2257/2257 2249/2249/2249 2256/2256/2256
f 2252/2252/2252 2249/2249/2249 2258/2258/2258
f 2257/2257/2257 2258/2258/2258 2249/2249/2249
f 2259/2259/2259 2252/2252/2252 2258/2258/2258
f 2257/2257/2257 2260/2260/2260 2258/2258/2258
f 2259/2259/2259 2258/2258/2258 2260/2260/2260
f 2261/2261/2261 2259/2259/2259 2260/2260/2260
f 2260/2260/2260 2257/2257/2257 2262/2262/2262
f 2263/2263/2263 2261/2261/2261 2260/2260/2260
f 2262/2262/2262 2263/2263/2263 2260/2260/2260
f 2263/2263/2263 2262/2262/2262 2264/2264/2264
f 2265/2265/2265 2263/2263/2263 2264/2264/2264
f 2263/2263/2263 2265/2265/2265 2266/2266/2266
f 2266/2266/2266 2265/2265/2265 2267/2267/2267
f 2266/2266/2266 2267/2267/2267 2268/2268/2268
f 2268/2268/2268 2269/2269/2269 2266/2266/2266
f 2270/2270/2270 2263/2263/2263 2266/2266/2266
f 2271/2271/2271 2270/2270/2270 2266/2266/2266
f 2270/2270/2270 2271/2271/2271 2272/2272/2272
f 2271/2271/2271 2273/2273/2273 2272/2272/2272
f 2274/2274/2274 2271/2271/2271 2266/2266/2266
f 2273/2273/2273 2271/2271/2271 2275/2275/2275
f 2274/2274/2274 2275/2275/2275 2271/2271/2271
f 2266/2266/2266 2276/2276/2276 2274/2274/2274
f 2275/2275/2275 2274/2274/2274 2277/2277/2277
f 2266/2266/2266 2278/2278/2278 2276/2276/2276
f 2278/2278/2278 2266/2266/2266 2279/2279/2279
f 2278/2278/2278 2280/2280/2280 2276/2276/2276
f 2280/2280/2280 2278/2278/2278 2281/2281/2281
f 2280/2280/2280 2281/2281/2281 2282/2282/2282
f 2280/2280/2280 2282/2282/2282 2283/2283/2283
f 2282/2282/2282 2284/2284/2284 2283/2283/2283
f 2284/2284/2284 2282/2282/2282 2285/2285/2285
f 2285/2285/2285 2286/2286/2286 2284/2284/2284
f 2277/2277/2277 2287/2287/2287 2275/2275/2275
f 2287/2287/2287 2277/2277/2277 2288/2288/2288
f 2288/2288/2288 2289/2289/2289 2287/2287/2287
f 2289/2289/2289 2288/2288/2288 2290/2290/2290
f 2291/2291/2291 2287/2287/2287 2289/2289/2289
f 2287/2287/2287 2291/2291/2291 2292/2292/2292
f 2292/2292/2292 2275/2275/2275 2287/2287/2287
f 2273/2273/2273 2275/2275/2275 2292/2292/2292
f 2292/2292/2292 2293/2293/2293 2273/2273/2273
f 2294/2294/2294 2293/2293/2293 2292/2292/2292
f 2294/2294/2294 2292/2292/2292 2295/2295/2295
f 2293/2293/2293 2294/2294/2294 2296/2296/2296
f 2296/2296/2296 2294/2294/2294 2297/2297/2297
f 2298/2298/2298 2299/2299/2299 2300/2300/2300
f 2299/2299/2299 2298/2298/2298 2301/2301/2301
f 2300/2300/2300 2302/2302/2302 2298/2298/2298
f 2302/2302/2302 2300/2300/2300 2303/2303/2303
f 2304/2304/2304 2298/2298/2298 2302/2302/2302
f 2298/2298/2298 2304/2304/2304 2305/2305/2305
f 2305/2305/2305 2301/2301/2301 2298/2298/2298
f 2305/2305/2305 2306/2306/2306 2301/2301/2301
f 2307/2307/2307 2306/2306/2306 2305/2305/2305
f 2307/2307/2307 2305/2305/2305 2308/2308/2308
f 2305/2305/2305 2309/2309/2309 2308/2308/2308
f 2310/2310/2310 2308/2308/2308 2309/2309/2309
f 2311/2311/2311 2312/2312/2312 2313/2313/2313
f 2314/2314/2314 2311/2311/2311 2313/2313/2313
f 2313/2313/2313 2315/2315/2315 2314/2314/2314
f 2315/2315/2315 2313/2313/2313 2316/2316/2316
f 2315/2315/2315 2316/2316/2316 2317/2317/2317
f 2315/2315/2315 2317/2317/2317 2318/2318/2318
f 2318/2318/2318 2317/2317/2317 2319/2319/2319
f 2320/2320/2320 2319/2319/2319 2317/2317/2317
f 2321/2321/2321 2319/2319/2319 2320/2320/2320
f 2317/2317/2317 2322/2322/2322 2320/2320/2320
f 2322/2322/2322 2317/2317/2317 2323/2323/2323
f 2324/2324/2324 2320/2320/2320 2322/2322/2322
f 2325/2325/2325 2321/2321/2321 2320/2320/2320
f 2320/2320/2320 2324/2324/2324 2325/2325/2325
f 2326/2326/2326 2321/2321/2321 2325/2325/2325
f 2327/2327/2327 2325/2325/2325 2324/2324/2324
f 2326/2326/2326 2325/2325/2325 2328/2328/2328
f 2325/2325/2325 2327/2327/2327 2328/2328/2328
f 2329/2329/2329 2326/2326/2326 2328/2328/2328
f 2328/2328/2328 2330/2330/2330 2329/2329/2329
f 2327/2327/2327 2331/2331/2331 2328/2328/2328
f 2330/2330/2330 2328/2328/2328 2331/2331/2331
f 2327/2327/2327 2332/2332/2332 2331/2331/2331
f 2331/2331/2331 2333/2333/2333 2330/2330/2330
f 2332/2332/2332 2334/2334/2334 2331/2331/2331
f 2333/2333/2333 2331/2331/2331 2334/2334/2334
f 2332/2332/2332 2335/2335/2335 2334/2334/2334
f 2334/2334/2334 2336/2336/2336 2333/2333/2333
f 2334/2334/2334 2335/2335/2335 2337/2337/2337
f 2336/2336/2336 2334/2334/2334 2337/2337/2337
f 2338/2338/2338 2336/2336/2336 2337/2337/2337
f 2339/2339/2339 2337/2337/2337 2335/2335/2335
f 2338/2338/2338 2337/2337/2337 2340/2340/2340
f 2339/2339/2339 2340/2340/2340 2337/2337/2337
f 2340/2340/2340 2339/2339/2339 2341/2341/2341
f 2342/2342/2342 2340/2340/2340 2341/2341/2341
f 2342/2342/2342 2341/2341/2341 2343/2343/2343
f 2344/2344/2344 2345/2345/2345 2346/2346/2346
f 2344/2344/2344 2346/2346/2346 2347/2347/2347
f 2345/2345/2345 2344/2344/2344 2348/2348/2348
f 2348/2348/2348 2349/2349/2349 2345/2345/2345
f 2350/2350/2350 2349/2349/2349 2348/2348/2348
f 2350/2350/2350 2351/2351/2351 2349/2349/2349
f 2352/2352/2352 2349/2349/2349 2351/2351/2351
f 2353/2353/2353 2352/2352/2352 2351/2351/2351
f 2354/2354/2354 2353/2353/2353 2351/2351/2351
f 2351/2351/2351 2355/2355/2355 2354/2354/2354
f 2355/2355/2355 2356/2356/2356 2354/2354/2354
f 2357/2357/2357 2358/2358/2358 2359/2359/2359
f 2358/2358/2358 2360/2360/2360 2359/2359/2359
f 2360/2360/2360 2358/2358/2358 2361/2361/2361
f 2362/2362/2362 2360/2360/2360 2361/2361/2361
f 2363/2363/2363 2360/2360/2360 2362/2362/2362
f 2363/2363/2363 2362/2362/2362 2364/2364/2364
f 2365/2365/2365 2358/2358/2358 2357/2357/2357
f 2357/2357/2357 2366/2366/2366 2365/2365/2365
f 2365/2365/2365 2366/2366/2366 2367/2367/2367
f 2367/2367/2367 2368/2368/2368 2365/2365/2365
f 2369/2369/2369 2365/2365/2365 2368/2368/2368
f 2365/2365/2365 2369/2369/2369 2370/2370/2370
f 2370/2370/2370 2369/2369/2369 2371/2371/2371
f 2370/2370/2370 2372/2372/2372 2365/2365/2365
f 2373/2373/2373 2370/2370/2370 2371/2371/2371
f 2372/2372/2372 2370/2370/2370 2374/2374/2374
f 2373/2373/2373 2374/2374/2374 2370/2370/2370
f 2375/2375/2375 2376/2376/2376 2377/2377/2377
f 2377/2377/2377 2378/2378/2378 2375/2375/2375
f 2378/2378/2378 2377/2377/2377 2379/2379/2379
f 2379/2379/2379 2380/2380/2380 2378/2378/2378
f 2381/2381/2381 2378/2378/2378 2380/2380/2380
f 2378/2378/2378 2381/2381/2381 2382/2382/2382
f 2382/2382/2382 2375/2375/2375 2378/2378/2378
f 2375/2375/2375 2382/2382/2382 2383/2383/2383
f 2384/2384/2384 2375/2375/2375 2383/2383/2383
f 2375/2375/2375 2384/2384/2384 2385/2385/2385
f 2376/2376/2376 2375/2375/2375 2385/2385/2385
f 2384/2384/2384 2386/2386/2386 2385/2385/2385
f 2386/2386/2386 2376/2376/2376 2385/2385/2385
f 2387/2387/2387 2388/2388/2388 2389/2389/2389
f 2389/2389/2389 2388/2388/2388 2390/2390/2390
f 2391/2391/2391 2389/2389/2389 2390/2390/2390
f 2388/2388/2388 2387/2387/2387 2392/2392/2392
f 2393/2393/2393 2394/2394/2394 2387/2387/2387
f 2394/2394/2394 2392/2392/2392 2387/2387/2387
f 2394/2394/2394 2395/2395/2395 2392/2392/2392
f 2396/2396/2396 2392/2392/2392 2395/2395/2395
f 2397/2397/2397 2392/2392/2392 2396/2396/2396
f 2392/2392/2392 2397/2397/2397 2398/2398/2398
f 2399/2399/2399 2391/2391/2391 2390/2390/2390
f 2399/2399/2399 2400/2400/2400 2391/2391/2391
f 2399/2399/2399 2401/2401/2401 2400/2400/2400
f 2401/2401/2401 2402/2402/2402 2400/2400/2400
f 2401/2401/2401 2403/2403/2403 2402/2402/2402
f 2399/2399/2399 2390/2390/2390 2404/2404/2404
f 2405/2405/2405 2402/2402/2402 2403/2403/2403
f 2403/2403/2403 2406/2406/2406 2405/2405/2405
f 2406/2406/2406 2407/2407/2407 2405/2405/2405
f 2407/2407/2407 2406/2406/2406 2408/2408/2408
f 2406/2406/2406 2403/2403/2403 2409/2409/2409
f 2410/2410/2410 2409/2409/2409 2403/2403/2403
f 2411/2411/2411 2410/2410/2410 2403/2403/2403
f 2412/2412/2412 2410/2410/2410 2411/2411/2411
f 2413/2413/2413 2412/2412/2412 2411/2411/2411
f 2413/2413/2413 2414/2414/2414 2412/2412/2412
f 2414/2414/2414 2413/2413/2413 2404/2404/2404
f 2404/2404/2404 2415/2415/2415 2414/2414/2414
f 2415/2415/2415 2404/2404/2404 2416/2416/2416
f 2404/2404/2404 2417/2417/2417 2416/2416/2416
f 2404/2404/2404 2390/2390/2390 2417/2417/2417
f 2418/2418/2418 2419/2419/2419 2390/2390/2390
f 2418/2418/2418 2390/2390/2390 2388/2388/2388
f 2388/2388/2388 2420/2420/2420 2418/2418/2418
f 2421/2421/2421 2419/2419/2419 2418/2418/2418
f 2422/2422/2422 2418/2418/2418 2420/2420/2420
f 2418/2418/2418 2422/2422/2422 2421/2421/2421
f 2423/2423/2423 2421/2421/2421 2422/2422/2422
f 2424/2424/2424 2425/2425/2425 2426/2426/2426
f 2427/2427/2427 2425/2425/2425 2424/2424/2424
f 2427/2427/2427 2424/2424/2424 2428/2428/2428
f 2429/2429/2429 2426/2426/2426 2425/2425/2425
f 2430/2430/2430 2428/2428/2428 2424/2424/2424
f 2426/2426/2426 2430/2430/2430 2424/2424/2424
f 2426/2426/2426 2431/2431/2431 2430/2430/2430
f 2426/2426/2426 2429/2429/2429 2432/2432/2432
f 2433/2433/2433 2432/2432/2432 2429/2429/2429
f 2433/2433/2433 2429/2429/2429 2434/2434/2434
f 2434/2434/2434 2435/2435/2435 2433/2433/2433
f 2435/2435/2435 2434/2434/2434 2436/2436/2436
f 2436/2436/2436 2437/2437/2437 2435/2435/2435
f 2437/2437/2437 2436/2436/2436 2438/2438/2438
f 2438/2438/2438 2439/2439/2439 2437/2437/2437
f 2439/2439/2439 2438/2438/2438 2440/2440/2440
f 2439/2439/2439 2440/2440/2440 2441/2441/2441
f 2442/2442/2442 2441/2441/2441 2440/2440/2440
f 2441/2441/2441 2442/2442/2442 2443/2443/2443
f 2444/2444/2444 2443/2443/2443 2442/2442/2442
f 2443/2443/2443 2444/2444/2444 2445/2445/2445
f 2445/2445/2445 2444/2444/2444 2446/2446/2446
f 1813/1813/1813 2443/2443/2443 2445/2445/2445
f 1813/1813/1813 2445/2445/2445 2447/2447/2447
f 2448/2448/2448 2443/2443/2443 1813/1813/1813
f 1813/1813/1813 1815/1815/1815 2448/2448/2448
f 2448/2448/2448 2449/2449/2449 2443/2443/2443
f 2448/2448/2448 2450/2450/2450 2449/2449/2449
f 2447/2447/2447 2445/2445/2445 2451/2451/2451
f 2451/2451/2451 2445/2445/2445 2446/2446/2446
f 2447/2447/2447 2451/2451/2451 1774/1774/1774
f 2451/2451/2451 2446/2446/2446 924/924/924
f 1774/1774/1774 2451/2451/2451 923/923/923
f 923/923/923 2451/2451/2451 924/924/924
f 2452/2452/2452 2453/2453/2453 2448/2448/2448
f 2453/2453/2453 2454/2454/2454 2448/2448/2448
f 2448/2448/2448 2454/2454/2454 2455/2455/2455
f 2455/2455/2455 2450/2450/2450 2448/2448/2448
f 2454/2454/2454 2456/2456/2456 2455/2455/2455
f 2450/2450/2450 2455/2455/2455 2457/2457/2457
f 2455/2455/2455 2458/2458/2458 2457/2457/2457
f 2457/2457/2457 2458/2458/2458 2459/2459/2459
f 2458/2458/2458 2460/2460/2460 2459/2459/2459
f 2459/2459/2459 2460/2460/2460 2461/2461/2461
f 2460/2460/2460 2462/2462/2462 2461/2461/2461
f 2463/2463/2463 2461/2461/2461 2462/2462/2462
f 2461/2461/2461 2463/2463/2463 2464/2464/2464
f 2463/2463/2463 2465/2465/2465 2464/2464/2464
f 2466/2466/2466 2467/2467/2467 2468/2468/2468
f 2467/2467/2467 2466/2466/2466 2469/2469/2469
f 2466/2466/2466 2468/2468/2468 2470/2470/2470
f 2471/2471/2471 2469/2469/2469 2466/2466/2466
f 2470/2470/2470 2471/2471/2471 2466/2466/2466
f 2472/2472/2472 2470/2470/2470 2468/2468/2468
f 2473/2473/2473 2469/2469/2469 2471/2471/2471
f 2472/2472/2472 2474/2474/2474 2470/2470/2470
f 2475/2475/2475 2474/2474/2474 2472/2472/2472
f 2474/2474/2474 2475/2475/2475 2476/2476/2476
f 2475/2475/2475 2477/2477/2477 2476/2476/2476
f 2477/2477/2477 2475/2475/2475 2478/2478/2478
f 2479/2479/2479 2473/2473/2473 2471/2471/2471
f 2471/2471/2471 2470/2470/2470 2480/2480/2480
f 2380/2380/2380 2473/2473/2473 2479/2479/2479
f 2380/2380/2380 2481/2481/2481 2473/2473/2473
f 2482/2482/2482 2479/2479/2479 2471/2471/2471
f 2479/2479/2479 2482/2482/2482 2380/2380/2380
f 2380/2380/2380 2379/2379/2379 2481/2481/2481
f 2470/2470/2470 2483/2483/2483 2480/2480/2480
f 2480/2480/2480 2484/2484/2484 2471/2471/2471
f 2482/2482/2482 2471/2471/2471 2484/2484/2484
f 2483/2483/2483 2484/2484/2484 2480/2480/2480
f 2483/2483/2483 2470/2470/2470 2485/2485/2485
f 2482/2482/2482 2484/2484/2484 2486/2486/2486
f 2483/2483/2483 2487/2487/2487 2484/2484/2484
f 2482/2482/2482 2381/2381/2381 2380/2380/2380
f 2381/2381/2381 2482/2482/2482 2488/2488/2488
f 2486/2486/2486 2489/2489/2489 2482/2482/2482
f 2489/2489/2489 2490/2490/2490 2488/2488/2488
f 2489/2489/2489 2486/2486/2486 2491/2491/2491
f 2490/2490/2490 2489/2489/2489 2492/2492/2492
f 2491/2491/2491 2493/2493/2493 2489/2489/2489
f 2494/2494/2494 2490/2490/2490 2492/2492/2492
f 2495/2495/2495 2493/2493/2493 2491/2491/2491
f 2494/2494/2494 2496/2496/2496 2490/2490/2490
f 2493/2493/2493 2495/2495/2495 2497/2497/2497
f 2498/2498/2498 2496/2496/2496 2494/2494/2494
f 2499/2499/2499 2497/2497/2497 2495/2495/2495
f 2500/2500/2500 2496/2496/2496 2498/2498/2498
f 2497/2497/2497 2499/2499/2499 2501/2501/2501
f 2502/2502/2502 2500/2500/2500 2498/2498/2498
f 2499/2499/2499 2503/2503/2503 2501/2501/2501
f 2502/2502/2502 2504/2504/2504 2500/2500/2500
f 2505/2505/2505 2501/2501/2501 2503/2503/2503
f 2503/2503/2503 2506/2506/2506 2505/2505/2505
f 2507/2507/2507 2505/2505/2505 2506/2506/2506
f 2506/2506/2506 2508/2508/2508 2507/2507/2507
f 2509/2509/2509 2504/2504/2504 2502/2502/2502
f 2510/2510/2510 2507/2507/2507 2508/2508/2508
f 2504/2504/2504 2509/2509/2509 2511/2511/2511
f 2511/2511/2511 2512/2512/2512 2504/2504/2504
f 2511/2511/2511 2513/2513/2513 2512/2512/2512
f 2509/2509/2509 2514/2514/2514 2511/2511/2511
f 2514/2514/2514 2509/2509/2509 2515/2515/2515
f 2515/2515/2515 2516/2516/2516 2514/2514/2514
f 2516/2516/2516 2515/2515/2515 2517/2517/2517
f 2517/2517/2517 2518/2518/2518 2516/2516/2516
f 2518/2518/2518 2517/2517/2517 2519/2519/2519
f 2519/2519/2519 2520/2520/2520 2518/2518/2518
f 2520/2520/2520 2519/2519/2519 2521/2521/2521
f 2522/2522/2522 2520/2520/2520 2521/2521/2521
f 2521/2521/2521 2523/2523/2523 2522/2522/2522
f 2524/2524/2524 2523/2523/2523 2521/2521/2521
f 2521/2521/2521 2525/2525/2525 2524/2524/2524
f 2526/2526/2526 2524/2524/2524 2525/2525/2525
f 2525/2525/2525 2527/2527/2527 2526/2526/2526
f 2510/2510/2510 2526/2526/2526 2527/2527/2527
f 2526/2526/2526 2510/2510/2510 2528/2528/2528
f 2528/2528/2528 2510/2510/2510 2508/2508/2508
f 2508/2508/2508 2529/2529/2529 2528/2528/2528
f 2530/2530/2530 1762/1762/1762 1760/1760/1760
f 1762/1762/1762 2530/2530/2530 2531/2531/2531
f 2530/2530/2530 2532/2532/2532 2531/2531/2531
f 2533/2533/2533 2532/2532/2532 2530/2530/2530
f 2532/2532/2532 2533/2533/2533 2534/2534/2534
f 2535/2535/2535 2534/2534/2534 2533/2533/2533
f 2535/2535/2535 2536/2536/2536 2534/2534/2534
f 2537/2537/2537 2536/2536/2536 2535/2535/2535
f 2536/2536/2536 2537/2537/2537 2538/2538/2538
f 2537/2537/2537 2539/2539/2539 2538/2538/2538
f 2537/2537/2537 2540/2540/2540 2539/2539/2539
f 2539/2539/2539 2540/2540/2540 2541/2541/2541
f 2542/2542/2542 2541/2541/2541 2540/2540/2540
f 2541/2541/2541 2542/2542/2542 2543/2543/2543
f 2544/2544/2544 2543/2543/2543 2542/2542/2542
f 2543/2543/2543 2545/2545/2545 2541/2541/2541
f 2545/2545/2545 2539/2539/2539 2541/2541/2541
f 2545/2545/2545 2543/2543/2543 2546/2546/2546
f 2539/2539/2539 2545/2545/2545 2547/2547/2547
f 2547/2547/2547 2548/2548/2548 2539/2539/2539
f 2548/2548/2548 2547/2547/2547 2549/2549/2549
f 2549/2549/2549 2550/2550/2550 2548/2548/2548
f 2550/2550/2550 2549/2549/2549 2551/2551/2551
f 2552/2552/2552 2550/2550/2550 2551/2551/2551
f 2550/2550/2550 2552/2552/2552 2553/2553/2553
f 2554/2554/2554 2553/2553/2553 2552/2552/2552
f 2554/2554/2554 2555/2555/2555 2553/2553/2553
f 2554/2554/2554 2552/2552/2552 2556/2556/2556
f 2557/2557/2557 2555/2555/2555 2554/2554/2554
f 2558/2558/2558 2554/2554/2554 2556/2556/2556
f 2554/2554/2554 1762/1762/1762 2557/2557/2557
f 2554/2554/2554 2558/2558/2558 2559/2559/2559
f 2560/2560/2560 2559/2559/2559 2558/2558/2558
f 2559/2559/2559 2560/2560/2560 2561/2561/2561
f 2562/2562/2562 2561/2561/2561 2560/2560/2560
f 2561/2561/2561 2562/2562/2562 2563/2563/2563
f 2564/2564/2564 2563/2563/2563 2562/2562/2562
f 2562/2562/2562 2565/2565/2565 2564/2564/2564
f 1763/1763/1763 1762/1762/1762 2554/2554/2554
f 2566/2566/2566 2564/2564/2564 2565/2565/2565
f 2565/2565/2565 2567/2567/2567 2566/2566/2566
f 2566/2566/2566 2568/2568/2568 2564/2564/2564
f 2568/2568/2568 2569/2569/2569 2564/2564/2564
f 2569/2569/2569 2568/2568/2568 2570/2570/2570
f 2571/2571/2571 2569/2569/2569 2570/2570/2570
f 2571/2571/2571 2572/2572/2572 2569/2569/2569
f 2570/2570/2570 2573/2573/2573 2571/2571/2571
f 2573/2573/2573 2570/2570/2570 2574/2574/2574
f 2572/2572/2572 2571/2571/2571 2575/2575/2575
f 1763/1763/1763 2572/2572/2572 2575/2575/2575
f 2576/2576/2576 2573/2573/2573 2574/2574/2574
f 2573/2573/2573 2576/2576/2576 2577/2577/2577
f 2576/2576/2576 2578/2578/2578 2577/2577/2577
f 2001/2001/2001 2577/2577/2577 2578/2578/2578
f 2575/2575/2575 1764/1764/1764 1763/1763/1763
f 2001/2001/2001 2578/2578/2578 2003/2003/2003
f 2575/2575/2575 2579/2579/2579 1764/1764/1764
f 2579/2579/2579 2575/2575/2575 2580/2580/2580
f 1996/1996/1996 2579/2579/2579 2580/2580/2580
f 2579/2579/2579 2581/2581/2581 1764/1764/1764
f 1765/1765/1765 1764/1764/1764 2581/2581/2581
f 2581/2581/2581 2579/2579/2579 1998/1998/1998
f 2579/2579/2579 1996/1996/1996 2582/2582/2582
f 1998/1998/1998 2579/2579/2579 2582/2582/2582
f 1996/1996/1996 1995/1995/1995 2582/2582/2582
f 1995/1995/1995 1998/1998/1998 2582/2582/2582
f 2583/2583/2583 2584/2584/2584 2585/2585/2585
f 2585/2585/2585 2586/2586/2586 2583/2583/2583
f 2584/2584/2584 2583/2583/2583 2587/2587/2587
f 2588/2588/2588 2585/2585/2585 2584/2584/2584
f 2585/2585/2585 2588/2588/2588 2589/2589/2589
f 2585/2585/2585 2589/2589/2589 2590/2590/2590
f 2591/2591/2591 2590/2590/2590 2589/2589/2589
f 2584/2584/2584 2592/2592/2592 2588/2588/2588
f 2587/2587/2587 2593/2593/2593 2584/2584/2584
f 2592/2592/2592 2584/2584/2584 2593/2593/2593
f 2593/2593/2593 2587/2587/2587 2594/2594/2594
f 2595/2595/2595 2592/2592/2592 2593/2593/2593
f 2594/2594/2594 2595/2595/2595 2593/2593/2593
f 2592/2592/2592 2595/2595/2595 2596/2596/2596
f 2595/2595/2595 2594/2594/2594 2597/2597/2597
f 2595/2595/2595 2598/2598/2598 2596/2596/2596
f 2599/2599/2599 2595/2595/2595 2597/2597/2597
f 2598/2598/2598 2595/2595/2595 2600/2600/2600
f 2595/2595/2595 2599/2599/2599 2600/2600/2600
f 2601/2601/2601 2602/2602/2602 2603/2603/2603
f 2604/2604/2604 2601/2601/2601 2603/2603/2603
f 2605/2605/2605 2602/2602/2602 2601/2601/2601
f 2601/2601/2601 2604/2604/2604 2606/2606/2606
f 2607/2607/2607 2606/2606/2606 2604/2604/2604
f 2606/2606/2606 2607/2607/2607 2608/2608/2608
f 2609/2609/2609 2608/2608/2608 2607/2607/2607
f 2608/2608/2608 2609/2609/2609 2610/2610/2610
f 2602/2602/2602 2605/2605/2605 2611/2611/2611
f 2611/2611/2611 2612/2612/2612 2602/2602/2602
f 2612/2612/2612 2613/2613/2613 2602/2602/2602
f 2611/2611/2611 2614/2614/2614 2612/2612/2612
f 2613/2613/2613 2612/2612/2612 2615/2615/2615
f 2614/2614/2614 2616/2616/2616 2612/2612/2612
f 2617/2617/2617 2613/2613/2613 2615/2615/2615
f 2614/2614/2614 1819/1819/1819 2616/2616/2616
f 2613/2613/2613 2617/2617/2617 2618/2618/2618
f 1820/1820/1820 1819/1819/1819 2614/2614/2614
f 2616/2616/2616 1821/1821/1821 2612/2612/2612
f 1821/1821/1821 2616/2616/2616 1819/1819/1819
f 2619/2619/2619 2615/2615/2615 2612/2612/2612
f 2619/2619/2619 2617/2617/2617 2615/2615/2615
f 2612/2612/2612 1821/1821/1821 2619/2619/2619
f 2617/2617/2617 2619/2619/2619 2620/2620/2620
f 2619/2619/2619 1821/1821/1821 2621/2621/2621
f 2620/2620/2620 2622/2622/2622 2617/2617/2617
f 2622/2622/2622 2618/2618/2618 2617/2617/2617
f 2622/2622/2622 2620/2620/2620 2623/2623/2623
f 2618/2618/2618 2622/2622/2622 2624/2624/2624
f 1824/1824/1824 2621/2621/2621 1821/1821/1821
f 2621/2621/2621 1824/1824/1824 2625/2625/2625
f 2626/2626/2626 2625/2625/2625 1824/1824/1824
f 2625/2625/2625 2626/2626/2626 2627/2627/2627
f 2627/2627/2627 2626/2626/2626 2628/2628/2628
f 2628/2628/2628 2629/2629/2629 2627/2627/2627
f 2629/2629/2629 2628/2628/2628 2630/2630/2630
f 2631/2631/2631 2629/2629/2629 2630/2630/2630
f 2630/2630/2630 2632/2632/2632 2631/2631/2631
f 2633/2633/2633 2631/2631/2631 2632/2632/2632
f 2632/2632/2632 2634/2634/2634 2633/2633/2633
f 2635/2635/2635 2633/2633/2633 2634/2634/2634
f 2635/2635/2635 2634/2634/2634 2636/2636/2636
f 2636/2636/2636 2637/2637/2637 2635/2635/2635
f 2638/2638/2638 2635/2635/2635 2637/2637/2637
f 2637/2637/2637 2636/2636/2636 2639/2639/2639
f 2639/2639/2639 2636/2636/2636 2640/2640/2640
f 2639/2639/2639 2640/2640/2640 2641/2641/2641
f 2642/2642/2642 2639/2639/2639 2641/2641/2641
f 2642/2642/2642 2641/2641/2641 2643/2643/2643
f 2644/2644/2644 2642/2642/2642 2643/2643/2643
f 2644/2644/2644 2643/2643/2643 2645/2645/2645
f 2646/2646/2646 2647/2647/2647 2648/2648/2648
f 2648/2648/2648 2647/2647/2647 1966/1966/1966
f 2648/2648/2648 2649/2649/2649 2646/2646/2646
f 2649/2649/2649 2650/2650/2650 2646/2646/2646
f 2650/2650/2650 2649/2649/2649 2651/2651/2651
f 2652/2652/2652 2650/2650/2650 2651/2651/2651
f 2650/2650/2650 2652/2652/2652 2653/2653/2653
f 2654/2654/2654 2648/2648/2648 1966/1966/1966
f 1966/1966/1966 2149/2149/2149 2654/2654/2654
f 2654/2654/2654 2655/2655/2655 2648/2648/2648
f 2656/2656/2656 2654/2654/2654 2149/2149/2149
f 2657/2657/2657 2653/2653/2653 2652/2652/2652
f 2658/2658/2658 2657/2657/2657 2652/2652/2652
f 2657/2657/2657 2658/2658/2658 2659/2659/2659
f 2658/2658/2658 2660/2660/2660 2659/2659/2659
f 2661/2661/2661 2653/2653/2653 2657/2657/2657
f 2653/2653/2653 2661/2661/2661 2662/2662/2662
f 2661/2661/2661 2663/2663/2663 2662/2662/2662
f 2654/2654/2654 2656/2656/2656 2664/2664/2664
f 2655/2655/2655 2654/2654/2654 2664/2664/2664
f 2664/2664/2664 2665/2665/2665 2655/2655/2655
f 2665/2665/2665 2666/2666/2666 2655/2655/2655
f 2664/2664/2664 2656/2656/2656 2667/2667/2667
f 2665/2665/2665 2664/2664/2664 2667/2667/2667
f 2667/2667/2667 2656/2656/2656 2487/2487/2487
f 2667/2667/2667 2485/2485/2485 2665/2665/2665
f 2667/2667/2667 2487/2487/2487 2483/2483/2483
f 2485/2485/2485 2667/2667/2667 2483/2483/2483
f 2623/2623/2623 2668/2668/2668 2622/2622/2622
f 2668/2668/2668 2624/2624/2624 2622/2622/2622
f 2623/2623/2623 2669/2669/2669 2668/2668/2668
f 2624/2624/2624 2668/2668/2668 2670/2670/2670
f 2013/2013/2013 2669/2669/2669 2623/2623/2623
f 2669/2669/2669 2670/2670/2670 2668/2668/2668
f 2013/2013/2013 2003/2003/2003 2669/2669/2669
f 2578/2578/2578 2669/2669/2669 2003/2003/2003
f 2670/2670/2670 2669/2669/2669 2578/2578/2578
f 2671/2671/2671 2624/2624/2624 2670/2670/2670
f 2670/2670/2670 2672/2672/2672 2671/2671/2671
f 2672/2672/2672 2673/2673/2673 2671/2671/2671
f 2674/2674/2674 2672/2672/2672 2670/2670/2670
f 2675/2675/2675 2674/2674/2674 2670/2670/2670
f 2676/2676/2676 2674/2674/2674 2675/2675/2675
f 2677/2677/2677 2676/2676/2676 2675/2675/2675
f 2678/2678/2678 2679/2679/2679 2680/2680/2680
f 2681/2681/2681 2682/2682/2682 2679/2679/2679
f 2683/2683/2683 2680/2680/2680 2679/2679/2679
f 2684/2684/2684 2679/2679/2679 2682/2682/2682
f 2685/2685/2685 2683/2683/2683 2679/2679/2679
f 2685/2685/2685 2686/2686/2686 2683/2683/2683
f 2679/2679/2679 2684/2684/2684 2687/2687/2687
f 2687/2687/2687 2684/2684/2684 2688/2688/2688
f 2688/2688/2688 2689/2689/2689 2687/2687/2687
f 2689/2689/2689 2690/2690/2690 2687/2687/2687
f 2691/2691/2691 2687/2687/2687 2690/2690/2690
f 2692/2692/2692 2691/2691/2691 2690/2690/2690
f 2692/2692/2692 2693/2693/2693 2691/2691/2691
f 2693/2693/2693 2692/2692/2692 2694/2694/2694
f 2694/2694/2694 2695/2695/2695 2693/2693/2693
f 2695/2695/2695 2694/2694/2694 2696/2696/2696
f 2689/2689/2689 2697/2697/2697 2690/2690/2690
f 2696/2696/2696 2698/2698/2698 2695/2695/2695
f 2699/2699/2699 2697/2697/2697 2689/2689/2689
f 2688/2688/2688 2699/2699/2699 2689/2689/2689
f 2699/2699/2699 2700/2700/2700 2697/2697/2697
f 2699/2699/2699 2688/2688/2688 2701/2701/2701
f 2701/2701/2701 2688/2688/2688 2702/2702/2702
f 2698/2698/2698 2696/2696/2696 2703/2703/2703
f 2698/2698/2698 2703/2703/2703 2704/2704/2704
f 2704/2704/2704 2705/2705/2705 2698/2698/2698
f 2698/2698/2698 2705/2705/2705 2706/2706/2706
f 2706/2706/2706 2707/2707/2707 2698/2698/2698
f 2706/2706/2706 2708/2708/2708 2707/2707/2707
f 2708/2708/2708 2706/2706/2706 2709/2709/2709
f 2709/2709/2709 2710/2710/2710 2708/2708/2708
f 2710/2710/2710 2709/2709/2709 2711/2711/2711
f 2710/2710/2710 2711/2711/2711 2712/2712/2712
f 2702/2702/2702 2713/2713/2713 2701/2701/2701
f 2713/2713/2713 2702/2702/2702 2714/2714/2714
f 2714/2714/2714 2715/2715/2715 2713/2713/2713
f 2716/2716/2716 2713/2713/2713 2715/2715/2715
f 2713/2713/2713 2716/2716/2716 2717/2717/2717
f 2718/2718/2718 2717/2717/2717 2716/2716/2716
f 2718/2718/2718 2716/2716/2716 2719/2719/2719
f 2718/2718/2718 2719/2719/2719 2720/2720/2720
f 2720/2720/2720 2719/2719/2719 2721/2721/2721
f 2720/2720/2720 2721/2721/2721 2722/2722/2722
f 2721/2721/2721 2723/2723/2723 2722/2722/2722
f 2724/2724/2724 2723/2723/2723 2721/2721/2721
f 2723/2723/2723 2724/2724/2724 2725/2725/2725
f 2726/2726/2726 2725/2725/2725 2724/2724/2724
f 2725/2725/2725 2726/2726/2726 2727/2727/2727
f 2728/2728/2728 2727/2727/2727 2726/2726/2726
f 2727/2727/2727 2728/2728/2728 2729/2729/2729
f 2730/2730/2730 2729/2729/2729 2728/2728/2728
f 2729/2729/2729 2730/2730/2730 2731/2731/2731
f 2730/2730/2730 2732/2732/2732 2731/2731/2731
f 2732/2732/2732 2730/2730/2730 2733/2733/2733
f 2733/2733/2733 2734/2734/2734 2732/2732/2732
f 2732/2732/2732 2734/2734/2734 2735/2735/2735
f 2734/2734/2734 2733/2733/2733 2736/2736/2736
f 2734/2734/2734 2737/2737/2737 2735/2735/2735
f 2737/2737/2737 2738/2738/2738 2735/2735/2735
f 2738/2738/2738 2737/2737/2737 2739/2739/2739
f 2739/2739/2739 2740/2740/2740 2738/2738/2738
f 2740/2740/2740 2739/2739/2739 2741/2741/2741
f 2740/2740/2740 2741/2741/2741 2742/2742/2742
f 2736/2736/2736 2743/2743/2743 2734/2734/2734
f 2743/2743/2743 2736/2736/2736 2744/2744/2744
f 2745/2745/2745 2742/2742/2742 2746/2746/2746
f 2747/2747/2747 2745/2745/2745 2746/2746/2746
f 2745/2745/2745 2747/2747/2747 2748/2748/2748
f 2749/2749/2749 2748/2748/2748 2747/2747/2747
f 2748/2748/2748 2749/2749/2749 2750/2750/2750
f 2750/2750/2750 2749/2749/2749 2751/2751/2751
f 2750/2750/2750 2751/2751/2751 2752/2752/2752
f 2743/2743/2743 2744/2744/2744 2753/2753/2753
f 2744/2744/2744 2754/2754/2754 2753/2753/2753
f 2753/2753/2753 2754/2754/2754 2755/2755/2755
f 2755/2755/2755 2754/2754/2754 2756/2756/2756
f 2756/2756/2756 2757/2757/2757 2755/2755/2755
f 2757/2757/2757 2756/2756/2756 2758/2758/2758
f 2757/2757/2757 2758/2758/2758 2759/2759/2759
f 2759/2759/2759 2758/2758/2758 2760/2760/2760
f 2761/2761/2761 2743/2743/2743 2753/2753/2753
f 2761/2761/2761 2734/2734/2734 2743/2743/2743
f 2734/2734/2734 2761/2761/2761 2762/2762/2762
f 2763/2763/2763 2761/2761/2761 2753/2753/2753
f 2761/2761/2761 2763/2763/2763 2752/2752/2752
f 2764/2764/2764 2759/2759/2759 2760/2760/2760
f 2765/2765/2765 2764/2764/2764 2760/2760/2760
f 2764/2764/2764 2765/2765/2765 2766/2766/2766
f 2764/2764/2764 2767/2767/2767 2759/2759/2759
f 2767/2767/2767 2764/2764/2764 2768/2768/2768
f 2759/2759/2759 2767/2767/2767 2769/2769/2769
f 2767/2767/2767 2770/2770/2770 2769/2769/2769
f 2386/2386/2386 2384/2384/2384 2771/2771/2771
f 2386/2386/2386 2772/2772/2772 2376/2376/2376
f 2772/2772/2772 2773/2773/2773 2376/2376/2376
f 2772/2772/2772 2386/2386/2386 1356/1356/1356
f 1356/1356/1356 2386/2386/2386 2771/2771/2771
f 2773/2773/2773 2774/2774/2774 2376/2376/2376
f 2775/2775/2775 1356/1356/1356 2771/2771/2771
f 2771/2771/2771 2776/2776/2776 2775/2775/2775
f 2776/2776/2776 2771/2771/2771 2777/2777/2777
f 2776/2776/2776 2777/2777/2777 2778/2778/2778
f 2778/2778/2778 2779/2779/2779 2776/2776/2776
f 2774/2774/2774 2780/2780/2780 2376/2376/2376
f 2780/2780/2780 2774/2774/2774 2781/2781/2781
f 2782/2782/2782 2780/2780/2780 2781/2781/2781
f 2782/2782/2782 2781/2781/2781 2783/2783/2783
f 2783/2783/2783 2784/2784/2784 2785/2785/2785
f 2783/2783/2783 2781/2781/2781 2784/2784/2784
f 2786/2786/2786 2781/2781/2781 2774/2774/2774
f 2786/2786/2786 2774/2774/2774 1377/1377/1377
f 1376/1376/1376 1377/1377/1377 2774/2774/2774
f 2787/2787/2787 2786/2786/2786 1377/1377/1377
f 2786/2786/2786 2787/2787/2787 2788/2788/2788
f 1377/1377/1377 1375/1375/1375 2787/2787/2787
f 2788/2788/2788 2789/2789/2789 2786/2786/2786
f 2789/2789/2789 2781/2781/2781 2786/2786/2786
f 2790/2790/2790 2789/2789/2789 2788/2788/2788
f 2791/2791/2791 2781/2781/2781 2789/2789/2789
f 2790/2790/2790 2791/2791/2791 2789/2789/2789
f 2791/2791/2791 2792/2792/2792 2781/2781/2781
f 2790/2790/2790 2793/2793/2793 2791/2791/2791
f 2792/2792/2792 2791/2791/2791 2794/2794/2794
f 2791/2791/2791 2793/2793/2793 2795/2795/2795
f 2792/2792/2792 2794/2794/2794 2796/2796/2796
f 2793/2793/2793 2797/2797/2797 2795/2795/2795
f 2796/2796/2796 2794/2794/2794 2798/2798/2798
f 2795/2795/2795 2797/2797/2797 2799/2799/2799
f 2796/2796/2796 2798/2798/2798 2800/2800/2800
f 2797/2797/2797 2801/2801/2801 2799/2799/2799
f 2800/2800/2800 2798/2798/2798 2802/2802/2802
f 2799/2799/2799 2801/2801/2801 2803/2803/2803
f 2802/2802/2802 2804/2804/2804 2800/2800/2800
f 2801/2801/2801 2805/2805/2805 2803/2803/2803
f 2802/2802/2802 2806/2806/2806 2804/2804/2804
f 2806/2806/2806 2802/2802/2802 2807/2807/2807
f 2807/2807/2807 2803/2803/2803 2805/2805/2805
f 2808/2808/2808 2806/2806/2806 2807/2807/2807
f 2805/2805/2805 2808/2808/2808 2807/2807/2807
f 2808/2808/2808 2805/2805/2805 2809/2809/2809
f 2809/2809/2809 2810/2810/2810 2808/2808/2808
f 2809/2809/2809 2811/2811/2811 2810/2810/2810
f 763/763/763 2812/2812/2812 2813/2813/2813
f 2812/2812/2812 2814/2814/2814 2813/2813/2813
f 2814/2814/2814 2812/2812/2812 2815/2815/2815
f 2815/2815/2815 2816/2816/2816 2814/2814/2814
f 2816/2816/2816 2815/2815/2815 2817/2817/2817
f 2817/2817/2817 2818/2818/2818 2816/2816/2816
f 2812/2812/2812 763/763/763 2819/2819/2819
f 2819/2819/2819 763/763/763 765/765/765
f 2819/2819/2819 765/765/765 2820/2820/2820
f 2819/2819/2819 2820/2820/2820 2821/2821/2821
f 2822/2822/2822 2819/2819/2819 2821/2821/2821
f 2819/2819/2819 2822/2822/2822 2823/2823/2823
f 2824/2824/2824 2823/2823/2823 2822/2822/2822
f 2823/2823/2823 2824/2824/2824 2825/2825/2825
f 2825/2825/2825 2824/2824/2824 2826/2826/2826
f 2827/2827/2827 2825/2825/2825 2826/2826/2826
f 2825/2825/2825 2827/2827/2827 2828/2828/2828
f 2829/2829/2829 2828/2828/2828 2827/2827/2827
f 2828/2828/2828 2829/2829/2829 2830/2830/2830
f 2831/2831/2831 2830/2830/2830 2829/2829/2829
f 2830/2830/2830 2831/2831/2831 2832/2832/2832
f 2833/2833/2833 2832/2832/2832 2831/2831/2831
f 2832/2832/2832 2833/2833/2833 2834/2834/2834
f 2835/2835/2835 2836/2836/2836 2837/2837/2837
f 2837/2837/2837 2838/2838/2838 2835/2835/2835
f 2839/2839/2839 2836/2836/2836 2835/2835/2835
f 2840/2840/2840 2835/2835/2835 2838/2838/2838
f 2840/2840/2840 2838/2838/2838 2841/2841/2841
f 2842/2842/2842 2840/2840/2840 2841/2841/2841
f 2843/2843/2843 2842/2842/2842 2841/2841/2841
f 2842/2842/2842 2844/2844/2844 2840/2840/2840
f 2840/2840/2840 2844/2844/2844 2835/2835/2835
f 2844/2844/2844 2842/2842/2842 2845/2845/2845
f 2844/2844/2844 2846/2846/2846 2835/2835/2835
f 2835/2835/2835 2846/2846/2846 2839/2839/2839
f 2846/2846/2846 2847/2847/2847 2839/2839/2839
f 2836/2836/2836 2839/2839/2839 2848/2848/2848
f 2849/2849/2849 2839/2839/2839 2847/2847/2847
f 2839/2839/2839 2849/2849/2849 2848/2848/2848
f 2847/2847/2847 2850/2850/2850 2849/2849/2849
f 2851/2851/2851 2849/2849/2849 2852/2852/2852
f 2849/2849/2849 2851/2851/2851 2853/2853/2853
f 2849/2849/2849 2853/2853/2853 2848/2848/2848
f 2854/2854/2854 2853/2853/2853 2851/2851/2851
f 2855/2855/2855 2848/2848/2848 2853/2853/2853
f 2853/2853/2853 2854/2854/2854 2856/2856/2856
f 2848/2848/2848 2855/2855/2855 2857/2857/2857
f 2858/2858/2858 2856/2856/2856 2854/2854/2854
f 2855/2855/2855 2859/2859/2859 2857/2857/2857
f 2856/2856/2856 2858/2858/2858 2860/2860/2860
f 2861/2861/2861 2860/2860/2860 2858/2858/2858
f 2860/2860/2860 2861/2861/2861 2862/2862/2862
f 2859/2859/2859 2855/2855/2855 2863/2863/2863
f 2863/2863/2863 2864/2864/2864 2859/2859/2859
f 2865/2865/2865 2864/2864/2864 2863/2863/2863
f 2864/2864/2864 2865/2865/2865 2866/2866/2866
f 2864/2864/2864 2867/2867/2867 2859/2859/2859
f 2864/2864/2864 2868/2868/2868 2867/2867/2867
f 2867/2867/2867 2868/2868/2868 2869/2869/2869
f 2868/2868/2868 2864/2864/2864 2870/2870/2870
f 2871/2871/2871 2870/2870/2870 2864/2864/2864
f 2870/2870/2870 2871/2871/2871 2872/2872/2872
f 2868/2868/2868 2873/2873/2873 2869/2869/2869
f 2869/2869/2869 2873/2873/2873 2874/2874/2874
f 2873/2873/2873 2875/2875/2875 2874/2874/2874
f 2872/2872/2872 2876/2876/2876 2877/2877/2877
f 2876/2876/2876 2872/2872/2872 2878/2878/2878
f 2873/2873/2873 2879/2879/2879 2875/2875/2875
f 2880/2880/2880 2875/2875/2875 2879/2879/2879
f 2873/2873/2873 2881/2881/2881 2879/2879/2879
f 2881/2881/2881 2873/2873/2873 2882/2882/2882
f 2882/2882/2882 2883/2883/2883 2881/2881/2881
f 2883/2883/2883 2882/2882/2882 2884/2884/2884
f 2885/2885/2885 2886/2886/2886 2887/2887/2887
f 2888/2888/2888 2887/2887/2887 2886/2886/2886
f 2887/2887/2887 2888/2888/2888 2889/2889/2889
f 2886/2886/2886 2890/2890/2890 2888/2888/2888
f 2891/2891/2891 2888/2888/2888 2890/2890/2890
f 2890/2890/2890 2886/2886/2886 2892/2892/2892
f 2888/2888/2888 2891/2891/2891 2893/2893/2893
f 2893/2893/2893 2889/2889/2889 2888/2888/2888
f 2889/2889/2889 2893/2893/2893 2894/2894/2894
f 2893/2893/2893 2895/2895/2895 2894/2894/2894
f 2896/2896/2896 2895/2895/2895 2893/2893/2893
f 2897/2897/2897 2896/2896/2896 2893/2893/2893
f 2896/2896/2896 2897/2897/2897 2898/2898/2898
f 2898/2898/2898 2899/2899/2899 2896/2896/2896
f 2900/2900/2900 2899/2899/2899 2898/2898/2898
f 2901/2901/2901 2900/2900/2900 2898/2898/2898
f 2900/2900/2900 2901/2901/2901 2902/2902/2902
f 2903/2903/2903 2901/2901/2901 2898/2898/2898
f 2898/2898/2898 2904/2904/2904 2903/2903/2903
f 2903/2903/2903 2905/2905/2905 2901/2901/2901
f 2906/2906/2906 2902/2902/2902 2901/2901/2901
f 2906/2906/2906 2901/2901/2901 2905/2905/2905
f 2902/2902/2902 2906/2906/2906 2907/2907/2907
f 2905/2905/2905 2908/2908/2908 2906/2906/2906
f 2909/2909/2909 2907/2907/2907 2906/2906/2906
f 2909/2909/2909 2906/2906/2906 2908/2908/2908
f 2907/2907/2907 2909/2909/2909 2910/2910/2910
f 2911/2911/2911 2910/2910/2910 2909/2909/2909
f 2908/2908/2908 2912/2912/2912 2909/2909/2909
f 2909/2909/2909 2912/2912/2912 2911/2911/2911
f 2912/2912/2912 2908/2908/2908 2913/2913/2913
f 2912/2912/2912 2914/2914/2914 2911/2911/2911
f 2913/2913/2913 2915/2915/2915 2912/2912/2912
f 2914/2914/2914 2912/2912/2912 2915/2915/2915
f 2915/2915/2915 2913/2913/2913 2916/2916/2916
f 2915/2915/2915 2917/2917/2917 2914/2914/2914
f 2916/2916/2916 2918/2918/2918 2915/2915/2915
f 2917/2917/2917 2915/2915/2915 2918/2918/2918
f 2918/2918/2918 2916/2916/2916 2919/2919/2919
f 2918/2918/2918 2920/2920/2920 2917/2917/2917
f 2921/2921/2921 2920/2920/2920 2918/2918/2918
f 2922/2922/2922 2921/2921/2921 2918/2918/2918
f 2923/2923/2923 2921/2921/2921 2922/2922/2922
f 2921/2921/2921 2923/2923/2923 2924/2924/2924
f 2925/2925/2925 2924/2924/2924 2923/2923/2923
f 2926/2926/2926 2925/2925/2925 2923/2923/2923
f 2923/2923/2923 2927/2927/2927 2926/2926/2926
f 2927/2927/2927 2923/2923/2923 2928/2928/2928
f 2929/2929/2929 2926/2926/2926 2927/2927/2927
f 2928/2928/2928 2930/2930/2930 2927/2927/2927
f 2927/2927/2927 2931/2931/2931 2929/2929/2929
f 2930/2930/2930 2931/2931/2931 2927/2927/2927
f 2931/2931/2931 2885/2885/2885 2929/2929/2929
f 2931/2931/2931 2930/2930/2930 2932/2932/2932
f 2885/2885/2885 2931/2931/2931 2933/2933/2933
f 2932/2932/2932 2933/2933/2933 2931/2931/2931
f 2886/2886/2886 2885/2885/2885 2933/2933/2933
f 2933/2933/2933 2932/2932/2932 2934/2934/2934
f 2933/2933/2933 2892/2892/2892 2886/2886/2886
f 2892/2892/2892 2933/2933/2933 2934/2934/2934
f 2935/2935/2935 2936/2936/2936 2937/2937/2937
f 2936/2936/2936 2938/2938/2938 2937/2937/2937
f 2937/2937/2937 2939/2939/2939 2935/2935/2935
f 2935/2935/2935 2939/2939/2939 2940/2940/2940
f 2938/2938/2938 2941/2941/2941 2937/2937/2937
f 2937/2937/2937 2941/2941/2941 2942/2942/2942
f 2943/2943/2943 2942/2942/2942 2941/2941/2941
f 2941/2941/2941 2944/2944/2944 2943/2943/2943
f 2941/2941/2941 2945/2945/2945 2944/2944/2944
f 2945/2945/2945 2941/2941/2941 2946/2946/2946
f 2945/2945/2945 2946/2946/2946 2947/2947/2947
f 2947/2947/2947 2948/2948/2948 2945/2945/2945
f 2947/2947/2947 2949/2949/2949 2948/2948/2948
f 2949/2949/2949 2947/2947/2947 2935/2935/2935
f 2950/2950/2950 2948/2948/2948 2949/2949/2949
f 2935/2935/2935 2951/2951/2951 2949/2949/2949
f 2948/2948/2948 2950/2950/2950 2952/2952/2952
f 2950/2950/2950 2953/2953/2953 2952/2952/2952
f 2953/2953/2953 2950/2950/2950 2954/2954/2954
f 2955/2955/2955 2951/2951/2951 2935/2935/2935
f 2935/2935/2935 2956/2956/2956 2955/2955/2955
f 2935/2935/2935 2940/2940/2940 2956/2956/2956
f 2957/2957/2957 2956/2956/2956 2940/2940/2940
f 2956/2956/2956 2958/2958/2958 2955/2955/2955
f 2956/2956/2956 2957/2957/2957 2958/2958/2958
f 2955/2955/2955 2958/2958/2958 2959/2959/2959
f 2958/2958/2958 2957/2957/2957 2960/2960/2960
f 2960/2960/2960 2959/2959/2959 2958/2958/2958
f 2961/2961/2961 2962/2962/2962 2963/2963/2963
f 2964/2964/2964 2963/2963/2963 2962/2962/2962
f 2963/2963/2963 2965/2965/2965 2961/2961/2961
f 2965/2965/2965 2966/2966/2966 2961/2961/2961
f 2967/2967/2967 2965/2965/2965 2963/2963/2963
f 2963/2963/2963 2964/2964/2964 2968/2968/2968
f 2969/2969/2969 2967/2967/2967 2963/2963/2963
f 2970/2970/2970 2968/2968/2968 2964/2964/2964
f 2971/2971/2971 2967/2967/2967 2969/2969/2969
f 2968/2968/2968 2970/2970/2970 2972/2972/2972
f 2973/2973/2973 2971/2971/2971 2969/2969/2969
f 2974/2974/2974 2972/2972/2972 2970/2970/2970
f 2975/2975/2975 2971/2971/2971 2973/2973/2973
f 2972/2972/2972 2974/2974/2974 2976/2976/2976
f 2971/2971/2971 2975/2975/2975 2977/2977/2977
f 2974/2974/2974 2978/2978/2978 2976/2976/2976
f 2979/2979/2979 2977/2977/2977 2975/2975/2975
f 2974/2974/2974 2980/2980/2980 2978/2978/2978
f 2977/2977/2977 2979/2979/2979 2981/2981/2981
f 2980/2980/2980 2982/2982/2982 2978/2978/2978
f 2983/2983/2983 2981/2981/2981 2979/2979/2979
f 2980/2980/2980 2984/2984/2984 2982/2982/2982
f 2981/2981/2981 2983/2983/2983 2985/2985/2985
f 2984/2984/2984 2986/2986/2986 2982/2982/2982
f 2987/2987/2987 2985/2985/2985 2983/2983/2983
f 2984/2984/2984 2988/2988/2988 2986/2986/2986
f 2985/2985/2985 2987/2987/2987 2989/2989/2989
f 2990/2990/2990 2986/2986/2986 2988/2988/2988
f 2991/2991/2991 2989/2989/2989 2987/2987/2987
f 2986/2986/2986 2990/2990/2990 2992/2992/2992
f 2989/2989/2989 2991/2991/2991 2993/2993/2993
f 2992/2992/2992 2990/2990/2990 2994/2994/2994
f 2995/2995/2995 2993/2993/2993 2991/2991/2991
f 2996/2996/2996 2992/2992/2992 2994/2994/2994
f 2993/2993/2993 2995/2995/2995 2997/2997/2997
f 2994/2994/2994 2998/2998/2998 2996/2996/2996
f 2999/2999/2999 2997/2997/2997 2995/2995/2995
f 3000/3000/3000 2996/2996/2996 2998/2998/2998
f 2997/2997/2997 2999/2999/2999 3001/3001/3001
f 3000/3000/3000 3002/3002/3002 2996/2996/2996
f 3003/3003/3003 3001/3001/3001 2999/2999/2999
f 3000/3000/3000 3004/3004/3004 3002/3002/3002
f 3001/3001/3001 3003/3003/3003 3005/3005/3005
f 3004/3004/3004 3006/3006/3006 3002/3002/3002
f 3004/3004/3004 3007/3007/3007 3006/3006/3006
f 3007/3007/3007 3008/3008/3008 3006/3006/3006
f 3008/3008/3008 3005/3005/3005 3003/3003/3003
f 3008/3008/3008 3007/3007/3007 3009/3009/3009
f 3005/3005/3005 3008/3008/3008 3010/3010/3010
f 3008/3008/3008 3009/3009/3009 3011/3011/3011
f 3011/3011/3011 3010/3010/3010 3008/3008/3008
f 3010/3010/3010 3011/3011/3011 3012/3012/3012
f 3013/3013/3013 3014/3014/3014 3015/3015/3015
f 3015/3015/3015 3016/3016/3016 3013/3013/3013
f 3014/3014/3014 3013/3013/3013 3017/3017/3017
f 3013/3013/3013 3018/3018/3018 3017/3017/3017
f 3019/3019/3019 3020/3020/3020 3021/3021/3021
f 3021/3021/3021 3022/3022/3022 3019/3019/3019
f 3023/3023/3023 3019/3019/3019 3022/3022/3022
f 3022/3022/3022 3024/3024/3024 3023/3023/3023
f 3024/3024/3024 3022/3022/3022 3025/3025/3025
f 3022/3022/3022 3026/3026/3026 3025/3025/3025
f 3025/3025/3025 3026/3026/3026 3027/3027/3027
f 3026/3026/3026 3028/3028/3028 3027/3027/3027
f 3027/3027/3027 3028/3028/3028 3029/3029/3029
f 3028/3028/3028 3030/3030/3030 3029/3029/3029
f 3031/3031/3031 3022/3022/3022 3021/3021/3021
f 3022/3022/3022 3031/3031/3031 3032/3032/3032
f 2270/2270/2270 3032/3032/3032 3031/3031/3031
f 2270/2270/2270 3033/3033/3033 3032/3032/3032
f 3033/3033/3033 2273/2273/2273 3032/3032/3032
f 3031/3031/3031 2263/2263/2263 2270/2270/2270
f 2263/2263/2263 3031/3031/3031 2261/2261/2261
f 3034/3034/3034 3032/3032/3032 2273/2273/2273
f 3034/3034/3034 3035/3035/3035 3032/3032/3032
f 3035/3035/3035 3034/3034/3034 3036/3036/3036
f 3036/3036/3036 3037/3037/3037 3035/3035/3035
f 3037/3037/3037 3036/3036/3036 3038/3038/3038
f 3038/3038/3038 3039/3039/3039 3037/3037/3037
f 3039/3039/3039 3038/3038/3038 3040/3040/3040
f 3040/3040/3040 3041/3041/3041 3039/3039/3039
f 3034/3034/3034 2293/2293/2293 3036/3036/3036
f 2293/2293/2293 3034/3034/3034 2273/2273/2273
f 3042/3042/3042 3036/3036/3036 2293/2293/2293
f 3036/3036/3036 3042/3042/3042 3043/3043/3043
f 3042/3042/3042 2293/2293/2293 3044/3044/3044
f 3045/3045/3045 3043/3043/3043 3042/3042/3042
f 3043/3043/3043 3045/3045/3045 3046/3046/3046
f 3045/3045/3045 3047/3047/3047 3046/3046/3046
f 3041/3041/3041 3040/3040/3040 3047/3047/3047
f 3047/3047/3047 3045/3045/3045 3048/3048/3048
f 3049/3049/3049 3041/3041/3041 3047/3047/3047
f 3049/3049/3049 3047/3047/3047 3048/3048/3048
f 3049/3049/3049 3050/3050/3050 3041/3041/3041
f 3049/3049/3049 3048/3048/3048 3051/3051/3051
f 3048/3048/3048 3052/3052/3052 3051/3051/3051
f 3052/3052/3052 3048/3048/3048 3053/3053/3053
f 3052/3052/3052 3053/3053/3053 3054/3054/3054
f 3041/3041/3041 3050/3050/3050 3055/3055/3055
f 3041/3041/3041 3055/3055/3055 3056/3056/3056
f 3057/3057/3057 3056/3056/3056 3055/3055/3055
f 3055/3055/3055 3058/3058/3058 3057/3057/3057
f 3059/3059/3059 3058/3058/3058 3055/3055/3055
f 3058/3058/3058 3059/3059/3059 3060/3060/3060
f 3061/3061/3061 3060/3060/3060 3059/3059/3059
f 3060/3060/3060 3061/3061/3061 3062/3062/3062
f 3063/3063/3063 3062/3062/3062 3061/3061/3061
f 3062/3062/3062 3063/3063/3063 3064/3064/3064
f 3064/3064/3064 3063/3063/3063 3065/3065/3065
f 3064/3064/3064 3065/3065/3065 3066/3066/3066
f 3065/3065/3065 3067/3067/3067 3066/3066/3066
f 3068/3068/3068 3069/3069/3069 3070/3070/3070
f 3068/3068/3068 3071/3071/3071 3072/3072/3072
f 3068/3068/3068 3070/3070/3070 3073/3073/3073
f 3071/3071/3071 3068/3068/3068 3074/3074/3074
f 3068/3068/3068 3073/3073/3073 3074/3074/3074
f 3074/3074/3074 3075/3075/3075 3071/3071/3071
f 3073/3073/3073 3076/3076/3076 3074/3074/3074
f 3075/3075/3075 3074/3074/3074 3077/3077/3077
f 3076/3076/3076 3078/3078/3078 3074/3074/3074
f 3077/3077/3077 3079/3079/3079 3075/3075/3075
f 3076/3076/3076 3080/3080/3080 3078/3078/3078
f 3079/3079/3079 3077/3077/3077 3081/3081/3081
f 3079/3079/3079 3081/3081/3081 3082/3082/3082
f 3079/3079/3079 3082/3082/3082 3083/3083/3083
f 3080/3080/3080 3084/3084/3084 3078/3078/3078
f 3085/3085/3085 3084/3084/3084 3080/3080/3080
f 3084/3084/3084 3085/3085/3085 3086/3086/3086
f 3085/3085/3085 3087/3087/3087 3086/3086/3086
f 3085/3085/3085 3088/3088/3088 3087/3087/3087
f 3088/3088/3088 3085/3085/3085 3089/3089/3089
f 3090/3090/3090 3088/3088/3088 3089/3089/3089
f 3088/3088/3088 3090/3090/3090 3091/3091/3091
f 3089/3089/3089 3092/3092/3092 3090/3090/3090
f 3089/3089/3089 3093/3093/3093 3092/3092/3092
f 3093/3093/3093 3089/3089/3089 3094/3094/3094
f 3092/3092/3092 3095/3095/3095 3090/3090/3090
f 3094/3094/3094 3096/3096/3096 3093/3093/3093
f 3096/3096/3096 3097/3097/3097 3093/3093/3093
f 3096/3096/3096 3098/3098/3098 3097/3097/3097
f 3099/3099/3099 3097/3097/3097 3098/3098/3098
f 3098/3098/3098 3100/3100/3100 3099/3099/3099
f 3099/3099/3099 3100/3100/3100 3101/3101/3101
f 3100/3100/3100 3102/3102/3102 3101/3101/3101
f 3102/3102/3102 3100/3100/3100 3103/3103/3103
f 3103/3103/3103 3104/3104/3104 3102/3102/3102
f 3104/3104/3104 3103/3103/3103 3105/3105/3105
f 3105/3105/3105 3106/3106/3106 3104/3104/3104
f 3106/3106/3106 3105/3105/3105 3107/3107/3107
f 3107/3107/3107 3108/3108/3108 3106/3106/3106
f 3109/3109/3109 3090/3090/3090 3095/3095/3095
f 3109/3109/3109 3091/3091/3091 3090/3090/3090
f 3095/3095/3095 3110/3110/3110 3109/3109/3109
f 3109/3109/3109 3111/3111/3111 3091/3091/3091
f 3110/3110/3110 3095/3095/3095 3112/3112/3112
f 3111/3111/3111 3113/3113/3113 3091/3091/3091
f 3114/3114/3114 3110/3110/3110 3112/3112/3112
f 3111/3111/3111 3115/3115/3115 3113/3113/3113
f 3112/3112/3112 3116/3116/3116 3114/3114/3114
f 3115/3115/3115 3117/3117/3117 3113/3113/3113
f 3118/3118/3118 3114/3114/3114 3116/3116/3116
f 3117/3117/3117 3115/3115/3115 3119/3119/3119
f 3120/3120/3120 3118/3118/3118 3116/3116/3116
f 3119/3119/3119 3121/3121/3121 3117/3117/3117
f 3121/3121/3121 3119/3119/3119 3122/3122/3122
f 3118/3118/3118 3120/3120/3120 3123/3123/3123
f 3123/3123/3123 3120/3120/3120 3124/3124/3124
f 3124/3124/3124 3125/3125/3125 3123/3123/3123
f 3126/3126/3126 3123/3123/3123 3125/3125/3125
f 3127/3127/3127 3123/3123/3123 3126/3126/3126
f 3128/3128/3128 3127/3127/3127 3126/3126/3126
f 3129/3129/3129 3127/3127/3127 3128/3128/3128
f 3130/3130/3130 3129/3129/3129 3128/3128/3128
f 3129/3129/3129 3130/3130/3130 3131/3131/3131
f 3132/3132/3132 3131/3131/3131 3130/3130/3130
f 3130/3130/3130 3133/3133/3133 3132/3132/3132
f 3133/3133/3133 3134/3134/3134 3132/3132/3132
f 3134/3134/3134 3133/3133/3133 3135/3135/3135
f 3135/3135/3135 3136/3136/3136 3134/3134/3134
f 3136/3136/3136 3135/3135/3135 3137/3137/3137
f 3137/3137/3137 3138/3138/3138 3136/3136/3136
f 3138/3138/3138 3137/3137/3137 3139/3139/3139
f 3139/3139/3139 3140/3140/3140 3138/3138/3138
f 3140/3140/3140 3139/3139/3139 3141/3141/3141
f 3141/3141/3141 3142/3142/3142 3140/3140/3140
f 3142/3142/3142 3141/3141/3141 3143/3143/3143
f 3143/3143/3143 3144/3144/3144 3142/3142/3142
f 3144/3144/3144 3145/3145/3145 3142/3142/3142
f 3145/3145/3145 3144/3144/3144 3146/3146/3146
f 3145/3145/3145 3147/3147/3147 3142/3142/3142
f 3147/3147/3147 3145/3145/3145 3148/3148/3148
f 3121/3121/3121 3142/3142/3142 3147/3147/3147
f 3142/3142/3142 3121/3121/3121 3122/3122/3122
f 3120/3120/3120 3149/3149/3149 3150/3150/3150
f 3124/3124/3124 3150/3150/3150 3151/3151/3151
f 3150/3150/3150 3124/3124/3124 3120/3120/3120
f 3149/3149/3149 3120/3120/3120 3152/3152/3152
f 3152/3152/3152 3153/3153/3153 3149/3149/3149
f 3153/3153/3153 3152/3152/3152 3154/3154/3154
f 3154/3154/3154 3155/3155/3155 3153/3153/3153
f 3155/3155/3155 3154/3154/3154 3156/3156/3156
f 3156/3156/3156 3157/3157/3157 3155/3155/3155
f 3157/3157/3157 3156/3156/3156 3158/3158/3158
f 3157/3157/3157 3158/3158/3158 3159/3159/3159
f 3157/3157/3157 3159/3159/3159 3160/3160/3160
f 3160/3160/3160 3159/3159/3159 3161/3161/3161
f 3160/3160/3160 3161/3161/3161 3162/3162/3162
f 3162/3162/3162 3161/3161/3161 3163/3163/3163
f 3162/3162/3162 3163/3163/3163 3164/3164/3164
f 3164/3164/3164 3163/3163/3163 3165/3165/3165
f 3164/3164/3164 3165/3165/3165 3166/3166/3166
f 3166/3166/3166 3165/3165/3165 3167/3167/3167
f 3166/3166/3166 3167/3167/3167 3168/3168/3168
f 3168/3168/3168 3167/3167/3167 3169/3169/3169
f 3168/3168/3168 3169/3169/3169 3170/3170/3170
f 3170/3170/3170 3169/3169/3169 3171/3171/3171
f 3170/3170/3170 3171/3171/3171 3172/3172/3172
f 3172/3172/3172 3171/3171/3171 3173/3173/3173
f 3172/3172/3172 3173/3173/3173 3174/3174/3174
f 3175/3175/3175 3176/3176/3176 3177/3177/3177
f 3177/3177/3177 3178/3178/3178 3175/3175/3175
f 3176/3176/3176 3179/3179/3179 3177/3177/3177
f 3178/3178/3178 3177/3177/3177 3180/3180/3180
f 3179/3179/3179 3176/3176/3176 3181/3181/3181
f 3182/3182/3182 3179/3179/3179 3181/3181/3181
f 3179/3179/3179 3182/3182/3182 3183/3183/3183
f 3180/3180/3180 3184/3184/3184 3178/3178/3178
f 3184/3184/3184 3180/3180/3180 3185/3185/3185
f 3186/3186/3186 3184/3184/3184 3185/3185/3185
f 3185/3185/3185 3187/3187/3187 3186/3186/3186
f 3188/3188/3188 3186/3186/3186 3187/3187/3187
f 3187/3187/3187 3189/3189/3189 3188/3188/3188
f 3190/3190/3190 3188/3188/3188 3189/3189/3189
f 3189/3189/3189 3191/3191/3191 3190/3190/3190
f 3191/3191/3191 3189/3189/3189 3192/3192/3192
f 3191/3191/3191 3193/3193/3193 3190/3190/3190
f 3194/3194/3194 3190/3190/3190 3193/3193/3193
f 3190/3190/3190 3194/3194/3194 3195/3195/3195
f 3196/3196/3196 3195/3195/3195 3194/3194/3194
f 3195/3195/3195 3196/3196/3196 3197/3197/3197
f 3198/3198/3198 3197/3197/3197 3196/3196/3196
f 3197/3197/3197 3198/3198/3198 3199/3199/3199
f 3200/3200/3200 3199/3199/3199 3198/3198/3198
f 3199/3199/3199 3200/3200/3200 3201/3201/3201
f 3202/3202/3202 3201/3201/3201 3200/3200/3200
f 3201/3201/3201 3202/3202/3202 3203/3203/3203
f 3203/3203/3203 3202/3202/3202 3204/3204/3204
f 3204/3204/3204 972/972/972 3203/3203/3203
f 972/972/972 3204/3204/3204 970/970/970
f 3205/3205/3205 3206/3206/3206 3207/3207/3207
f 3207/3207/3207 2122/2122/2122 3205/3205/3205
f 3207/3207/3207 3208/3208/3208 3209/3209/3209
f 2122/2122/2122 3207/3207/3207 3209/3209/3209
f 3208/3208/3208 3210/3210/3210 3209/3209/3209
f 3211/3211/3211 3209/3209/3209 3210/3210/3210
f 3212/3212/3212 3209/3209/3209 3211/3211/3211
f 3211/3211/3211 3213/3213/3213 3212/3212/3212
f 3213/3213/3213 3211/3211/3211 3214/3214/3214
f 3209/3209/3209 3212/3212/3212 3215/3215/3215
f 3214/3214/3214 3216/3216/3216 3213/3213/3213
f 3215/3215/3215 2122/2122/2122 3209/3209/3209
f 3216/3216/3216 3214/3214/3214 3217/3217/3217
f 3217/3217/3217 3218/3218/3218 3216/3216/3216
f 3217/3217/3217 3219/3219/3219 3218/3218/3218
f 3220/3220/3220 3218/3218/3218 3219/3219/3219
f 3221/3221/3221 3220/3220/3220 3219/3219/3219
f 3219/3219/3219 3222/3222/3222 3221/3221/3221
f 3222/3222/3222 3223/3223/3223 3221/3221/3221
f 2122/2122/2122 3215/3215/3215 2116/2116/2116
f 3224/3224/3224 2116/2116/2116 3215/3215/3215
f 3215/3215/3215 3225/3225/3225 3224/3224/3224
f 2122/2122/2122 2116/2116/2116 2118/2118/2118
f 3226/3226/3226 3224/3224/3224 3225/3225/3225
f 3227/3227/3227 3226/3226/3226 3225/3225/3225
f 3226/3226/3226 3227/3227/3227 3228/3228/3228
f 3227/3227/3227 3229/3229/3229 3228/3228/3228
f 3224/3224/3224 3226/3226/3226 3230/3230/3230
f 3229/3229/3229 3227/3227/3227 3231/3231/3231
f 3231/3231/3231 3232/3232/3232 3229/3229/3229
f 3232/3232/3232 3231/3231/3231 3233/3233/3233
f 3234/3234/3234 3229/3229/3229 3232/3232/3232
f 3235/3235/3235 3234/3234/3234 3232/3232/3232
f 3236/3236/3236 3234/3234/3234 3235/3235/3235
f 3234/3234/3234 3236/3236/3236 3237/3237/3237
f 3237/3237/3237 3236/3236/3236 3238/3238/3238
f 3239/3239/3239 3224/3224/3224 3230/3230/3230
f 3230/3230/3230 3240/3240/3240 3239/3239/3239
f 3241/3241/3241 3239/3239/3239 3240/3240/3240
f 3240/3240/3240 3242/3242/3242 3241/3241/3241
f 3243/3243/3243 3241/3241/3241 3242/3242/3242
f 3224/3224/3224 3244/3244/3244 2116/2116/2116
f 3245/3245/3245 3244/3244/3244 3224/3224/3224
f 3245/3245/3245 3246/3246/3246 3244/3244/3244
f 3247/3247/3247 3246/3246/3246 3245/3245/3245
f 3248/3248/3248 3247/3247/3247 3245/3245/3245
f 3245/3245/3245 3249/3249/3249 3248/3248/3248
f 3250/3250/3250 3249/3249/3249 3245/3245/3245
f 3249/3249/3249 3014/3014/3014 3248/3248/3248
f 3249/3249/3249 3250/3250/3250 3251/3251/3251
f 3014/3014/3014 3249/3249/3249 3251/3251/3251
f 3252/3252/3252 3251/3251/3251 3250/3250/3250
f 3014/3014/3014 3017/3017/3017 3248/3248/3248
f 3251/3251/3251 3252/3252/3252 3253/3253/3253
f 3254/3254/3254 3253/3253/3253 3252/3252/3252
f 3253/3253/3253 3254/3254/3254 3255/3255/3255
f 3256/3256/3256 3255/3255/3255 3254/3254/3254
f 3255/3255/3255 3256/3256/3256 3257/3257/3257
f 3256/3256/3256 3258/3258/3258 3257/3257/3257
f 3259/3259/3259 3258/3258/3258 3256/3256/3256
f 3259/3259/3259 3256/3256/3256 3260/3260/3260
f 3256/3256/3256 3261/3261/3261 3260/3260/3260
f 3261/3261/3261 3262/3262/3262 3260/3260/3260
f 3014/3014/3014 3251/3251/3251 3263/3263/3263
f 3263/3263/3263 3251/3251/3251 3264/3264/3264
f 3014/3014/3014 3263/3263/3263 3265/3265/3265
f 3263/3263/3263 3264/3264/3264 3266/3266/3266
f 3266/3266/3266 3264/3264/3264 3267/3267/3267
f 3268/3268/3268 3266/3266/3266 3267/3267/3267
f 3266/3266/3266 3268/3268/3268 3269/3269/3269
f 3268/3268/3268 3270/3270/3270 3269/3269/3269
f 3269/3269/3269 3270/3270/3270 3271/3271/3271
f 3272/3272/3272 3269/3269/3269 3271/3271/3271
f 3269/3269/3269 3272/3272/3272 3273/3273/3273
f 3273/3273/3273 3272/3272/3272 3274/3274/3274
f 3275/3275/3275 3276/3276/3276 3277/3277/3277
f 3278/3278/3278 3277/3277/3277 3276/3276/3276
f 3277/3277/3277 3278/3278/3278 3279/3279/3279
f 3279/3279/3279 3280/3280/3280 3277/3277/3277
f 3280/3280/3280 3279/3279/3279 3281/3281/3281
f 3279/3279/3279 3282/3282/3282 3281/3281/3281
f 3282/3282/3282 3279/3279/3279 3283/3283/3283
f 3278/3278/3278 3283/3283/3283 3279/3279/3279
f 3278/3278/3278 3284/3284/3284 3283/3283/3283
f 3285/3285/3285 3286/3286/3286 3287/3287/3287
f 3287/3287/3287 3288/3288/3288 3285/3285/3285
f 3288/3288/3288 3287/3287/3287 3289/3289/3289
f 3290/3290/3290 3289/3289/3289 3287/3287/3287
f 3289/3289/3289 3290/3290/3290 3291/3291/3291
f 3289/3289/3289 3291/3291/3291 3292/3292/3292
f 3289/3289/3289 3292/3292/3292 3293/3293/3293
f 3289/3289/3289 3293/3293/3293 3288/3288/3288
f 3294/3294/3294 3288/3288/3288 3293/3293/3293
f 3295/3295/3295 3296/3296/3296 3297/3297/3297
f 3295/3295/3295 3297/3297/3297 3298/3298/3298
f 3296/3296/3296 3295/3295/3295 3299/3299/3299
f 3297/3297/3297 3300/3300/3300 3298/3298/3298
f 3301/3301/3301 3296/3296/3296 3299/3299/3299
f 3301/3301/3301 3302/3302/3302 3296/3296/3296
f 3303/3303/3303 3301/3301/3301 3299/3299/3299
f 3301/3301/3301 3303/3303/3303 3304/3304/3304
f 3303/3303/3303 3299/3299/3299 3305/3305/3305
f 3303/3303/3303 3305/3305/3305 3306/3306/3306
f 3298/3298/3298 3307/3307/3307 3295/3295/3295
f 3300/3300/3300 3308/3308/3308 3298/3298/3298
f 3309/3309/3309 3308/3308/3308 3300/3300/3300
f 3310/3310/3310 3307/3307/3307 3298/3298/3298
f 3310/3310/3310 3311/3311/3311 3307/3307/3307
f 3308/3308/3308 3312/3312/3312 3298/3298/3298
f 3298/3298/3298 3312/3312/3312 3310/3310/3310
f 3310/3310/3310 3312/3312/3312 3313/3313/3313
f 3308/3308/3308 3309/3309/3309 3314/3314/3314
f 3315/3315/3315 3314/3314/3314 3309/3309/3309
f 3314/3314/3314 3315/3315/3315 3316/3316/3316
f 3315/3315/3315 3317/3317/3317 3316/3316/3316
f 3318/3318/3318 3319/3319/3319 3320/3320/3320
f 3320/3320/3320 3321/3321/3321 3318/3318/3318
f 3320/3320/3320 3322/3322/3322 3321/3321/3321
f 3322/3322/3322 3323/3323/3323 3321/3321/3321
f 3323/3323/3323 3322/3322/3322 3324/3324/3324
f 3324/3324/3324 3325/3325/3325 3323/3323/3323
f 3324/3324/3324 3326/3326/3326 3325/3325/3325
f 3325/3325/3325 3326/3326/3326 3327/3327/3327
f 3327/3327/3327 3328/3328/3328 3325/3325/3325
f 3328/3328/3328 3327/3327/3327 3329/3329/3329
f 3330/3330/3330 3325/3325/3325 3328/3328/3328
f 3325/3325/3325 3330/3330/3330 3331/3331/3331
f 3332/3332/3332 3331/3331/3331 3330/3330/3330
f 3331/3331/3331 3332/3332/3332 3333/3333/3333
f 3334/3334/3334 3333/3333/3333 3332/3332/3332
f 3333/3333/3333 3334/3334/3334 3318/3318/3318
f 3335/3335/3335 3318/3318/3318 3334/3334/3334
f 3318/3318/3318 3335/3335/3335 3336/3336/3336
f 3337/3337/3337 3336/3336/3336 3335/3335/3335
f 3336/3336/3336 3319/3319/3319 3318/3318/3318
f 3336/3336/3336 3337/3337/3337 3338/3338/3338
f 3319/3319/3319 3336/3336/3336 3339/3339/3339
f 3338/3338/3338 3339/3339/3339 3336/3336/3336
f 3339/3339/3339 3338/3338/3338 3340/3340/3340
f 3341/3341/3341 3342/3342/3342 3343/3343/3343
f 3342/3342/3342 3341/3341/3341 3344/3344/3344
f 3344/3344/3344 3345/3345/3345 3342/3342/3342
f 3345/3345/3345 3344/3344/3344 3346/3346/3346
f 3347/3347/3347 3348/3348/3348 3349/3349/3349
f 3348/3348/3348 3347/3347/3347 3350/3350/3350
f 3349/3349/3349 898/898/898 3347/3347/3347
f 3351/3351/3351 3349/3349/3349 3348/3348/3348
f 3349/3349/3349 3351/3351/3351 3352/3352/3352
f 898/898/898 3349/3349/3349 899/899/899
f 3352/3352/3352 899/899/899 3349/3349/3349
f 899/899/899 3352/3352/3352 3353/3353/3353
f 3354/3354/3354 899/899/899 3353/3353/3353
f 3354/3354/3354 3355/3355/3355 899/899/899
f 3356/3356/3356 3355/3355/3355 3354/3354/3354
f 3356/3356/3356 3357/3357/3357 3355/3355/3355
f 3358/3358/3358 3357/3357/3357 3356/3356/3356
f 3358/3358/3358 3359/3359/3359 3357/3357/3357
f 3358/3358/3358 3360/3360/3360 3359/3359/3359
f 3360/3360/3360 3358/3358/3358 3361/3361/3361
f 3362/3362/3362 3363/3363/3363 3364/3364/3364
f 3363/3363/3363 3362/3362/3362 3365/3365/3365
f 3366/3366/3366 3367/3367/3367 3368/3368/3368
f 3366/3366/3366 3368/3368/3368 3369/3369/3369
f 3370/3370/3370 3371/3371/3371 3372/3372/3372
f 3370/3370/3370 3372/3372/3372 3373/3373/3373
f 3371/3371/3371 3370/3370/3370 3374/3374/3374
f 3371/3371/3371 3374/3374/3374 3375/3375/3375
f 3371/3371/3371 3375/3375/3375 3376/3376/3376
f 3375/3375/3375 3377/3377/3377 3376/3376/3376
f 2250/2250/2250 3370/3370/3370 3373/3373/3373
f 3377/3377/3377 3375/3375/3375 3378/3378/3378
f 2250/2250/2250 3379/3379/3379 3370/3370/3370
f 3378/3378/3378 3380/3380/3380 3377/3377/3377
f 2250/2250/2250 2247/2247/2247 3379/3379/3379
f 3380/3380/3380 3378/3378/3378 3381/3381/3381
f 3382/3382/3382 3380/3380/3380 3381/3381/3381
f 3383/3383/3383 3380/3380/3380 3382/3382/3382
f 3381/3381/3381 3378/3378/3378 3019/3019/3019
f 2949/2949/2949 3383/3383/3383 3382/3382/3382
f 2247/2247/2247 3384/3384/3384 3379/3379/3379
f 2951/2951/2951 3383/3383/3383 2949/2949/2949
f 3384/3384/3384 3020/3020/3020 3378/3378/3378
f 3020/3020/3020 3019/3019/3019 3378/3378/3378
f 3020/3020/3020 3384/3384/3384 2252/2252/2252
f 2247/2247/2247 2252/2252/2252 3384/3384/3384
f 3385/3385/3385 3386/3386/3386 3387/3387/3387
f 3386/3386/3386 3385/3385/3385 3388/3388/3388
f 3388/3388/3388 3389/3389/3389 3386/3386/3386
f 3389/3389/3389 3388/3388/3388 3390/3390/3390
f 3390/3390/3390 3391/3391/3391 3389/3389/3389
f 3391/3391/3391 3390/3390/3390 3392/3392/3392
f 3393/3393/3393 3389/3389/3389 3391/3391/3391
f 3389/3389/3389 3393/3393/3393 3394/3394/3394
f 3394/3394/3394 3386/3386/3386 3389/3389/3389
f 3386/3386/3386 3394/3394/3394 3395/3395/3395
f 3387/3387/3387 3386/3386/3386 3395/3395/3395
f 3387/3387/3387 3395/3395/3395 3396/3396/3396
f 3397/3397/3397 3387/3387/3387 3396/3396/3396
f 3387/3387/3387 3397/3397/3397 3398/3398/3398
f 3398/3398/3398 3385/3385/3385 3387/3387/3387
f 3399/3399/3399 3398/3398/3398 3397/3397/3397
f 3385/3385/3385 3398/3398/3398 3400/3400/3400
f 3398/3398/3398 3399/3399/3399 3401/3401/3401
f 3401/3401/3401 3400/3400/3400 3398/3398/3398
f 3399/3399/3399 3402/3402/3402 3401/3401/3401
f 2312/2312/2312 3400/3400/3400 3401/3401/3401
f 2313/2313/2313 3401/3401/3401 3402/3402/3402
f 2313/2313/2313 2312/2312/2312 3401/3401/3401
f 3403/3403/3403 3404/3404/3404 3405/3405/3405
f 3405/3405/3405 3406/3406/3406 3403/3403/3403
f 3405/3405/3405 3404/3404/3404 3407/3407/3407
f 3404/3404/3404 3408/3408/3408 3407/3407/3407
f 3406/3406/3406 3405/3405/3405 3409/3409/3409
f 3410/3410/3410 3406/3406/3406 3409/3409/3409
f 3411/3411/3411 3412/3412/3412 3413/3413/3413
f 3414/3414/3414 3411/3411/3411 3413/3413/3413
f 3411/3411/3411 3414/3414/3414 3415/3415/3415
f 3411/3411/3411 3416/3416/3416 3412/3412/3412
f 3411/3411/3411 3415/3415/3415 3417/3417/3417
f 3416/3416/3416 3411/3411/3411 3418/3418/3418
f 3411/3411/3411 3417/3417/3417 3419/3419/3419
f 3420/3420/3420 3416/3416/3416 3418/3418/3418
f 3417/3417/3417 3421/3421/3421 3419/3419/3419
f 3418/3418/3418 3422/3422/3422 3420/3420/3420
f 3422/3422/3422 3423/3423/3423 3420/3420/3420
f 3423/3423/3423 3422/3422/3422 3424/3424/3424
f 3419/3419/3419 3421/3421/3421 3425/3425/3425
f 3421/3421/3421 3426/3426/3426 3425/3425/3425
f 3426/3426/3426 3421/3421/3421 3427/3427/3427
f 3428/3428/3428 3429/3429/3429 3430/3430/3430
f 3429/3429/3429 3428/3428/3428 3431/3431/3431
f 3431/3431/3431 3432/3432/3432 3429/3429/3429
f 3432/3432/3432 3431/3431/3431 3433/3433/3433
f 3433/3433/3433 3434/3434/3434 3432/3432/3432
f 3434/3434/3434 3433/3433/3433 3435/3435/3435
f 3436/3436/3436 3434/3434/3434 3435/3435/3435
f 3434/3434/3434 3436/3436/3436 3437/3437/3437
f 3438/3438/3438 3439/3439/3439 3440/3440/3440
f 3441/3441/3441 3439/3439/3439 3438/3438/3438
f 3439/3439/3439 2130/2130/2130 3440/3440/3440
f 3439/3439/3439 3441/3441/3441 3442/3442/3442
f 3442/3442/3442 2130/2130/2130 3439/3439/3439
f 3208/3208/3208 3442/3442/3442 3441/3441/3441
f 3206/3206/3206 2130/2130/2130 3442/3442/3442
f 3207/3207/3207 3206/3206/3206 3442/3442/3442
f 3442/3442/3442 3208/3208/3208 3207/3207/3207
f 3443/3443/3443 3444/3444/3444 3445/3445/3445
f 3444/3444/3444 3443/3443/3443 3446/3446/3446
f 3443/3443/3443 3447/3447/3447 3446/3446/3446
f 3447/3447/3447 3443/3443/3443 3448/3448/3448
f 3449/3449/3449 3443/3443/3443 3445/3445/3445
f 3448/3448/3448 3443/3443/3443 3450/3450/3450
f 3443/3443/3443 3449/3449/3449 3451/3451/3451
f 3451/3451/3451 3450/3450/3450 3443/3443/3443
f 3449/3449/3449 3452/3452/3452 3451/3451/3451
f 3453/3453/3453 3450/3450/3450 3451/3451/3451
f 3453/3453/3453 3451/3451/3451 3452/3452/3452
f 3450/3450/3450 3453/3453/3453 3454/3454/3454
f 3453/3453/3453 3452/3452/3452 3455/3455/3455
f 3455/3455/3455 3452/3452/3452 3456/3456/3456
f 3452/3452/3452 3457/3457/3457 3456/3456/3456
f 3458/3458/3458 3455/3455/3455 3456/3456/3456
f 3457/3457/3457 3459/3459/3459 3456/3456/3456
f 3459/3459/3459 3457/3457/3457 3460/3460/3460
f 3456/3456/3456 3461/3461/3461 3458/3458/3458
f 3462/3462/3462 3459/3459/3459 3460/3460/3460
f 3459/3459/3459 3462/3462/3462 3463/3463/3463
f 3463/3463/3463 3462/3462/3462 3464/3464/3464
f 3462/3462/3462 3465/3465/3465 3464/3464/3464
f 3462/3462/3462 3466/3466/3466 3465/3465/3465
f 3466/3466/3466 3462/3462/3462 3467/3467/3467
f 3468/3468/3468 3467/3467/3467 3462/3462/3462
f 3467/3467/3467 3468/3468/3468 3469/3469/3469
f 3470/3470/3470 3469/3469/3469 3468/3468/3468
f 3469/3469/3469 3470/3470/3470 3471/3471/3471
f 3461/3461/3461 3472/3472/3472 3458/3458/3458
f 3472/3472/3472 3461/3461/3461 3473/3473/3473
f 3472/3472/3472 3473/3473/3473 3474/3474/3474
f 3472/3472/3472 3475/3475/3475 3458/3458/3458
f 3476/3476/3476 3458/3458/3458 3475/3475/3475
f 3476/3476/3476 3477/3477/3477 3458/3458/3458
f 3477/3477/3477 3476/3476/3476 3478/3478/3478
f 3478/3478/3478 3479/3479/3479 3477/3477/3477
f 3479/3479/3479 3478/3478/3478 3480/3480/3480
f 3481/3481/3481 84/84/84 79/79/79
f 75/75/75 84/84/84 3482/3482/3482
f 84/84/84 3481/3481/3481 3483/3483/3483
f 3482/3482/3482 84/84/84 3483/3483/3483
f 3481/3481/3481 3484/3484/3484 3483/3483/3483
f 3485/3485/3485 3482/3482/3482 3483/3483/3483
f 3486/3486/3486 3482/3482/3482 3485/3485/3485
f 3482/3482/3482 3486/3486/3486 3487/3487/3487
f 3483/3483/3483 3488/3488/3488 3485/3485/3485
f 3488/3488/3488 3483/3483/3483 3489/3489/3489
f 3490/3490/3490 3485/3485/3485 3488/3488/3488
f 3485/3485/3485 3490/3490/3490 3491/3491/3491
f 3492/3492/3492 3491/3491/3491 3490/3490/3490
f 3491/3491/3491 3492/3492/3492 3493/3493/3493
f 3494/3494/3494 3487/3487/3487 3486/3486/3486
f 3487/3487/3487 3494/3494/3494 3495/3495/3495
f 3496/3496/3496 3495/3495/3495 3494/3494/3494
f 3497/3497/3497 3496/3496/3496 3494/3494/3494
f 3494/3494/3494 3498/3498/3498 3497/3497/3497
f 3499/3499/3499 3497/3497/3497 3498/3498/3498
f 3498/3498/3498 3500/3500/3500 3499/3499/3499
f 3501/3501/3501 3499/3499/3499 3500/3500/3500
f 3502/3502/3502 3501/3501/3501 3500/3500/3500
f 3500/3500/3500 3503/3503/3503 3502/3502/3502
f 3503/3503/3503 3500/3500/3500 3504/3504/3504
f 3505/3505/3505 3503/3503/3503 3504/3504/3504
f 3503/3503/3503 3505/3505/3505 3506/3506/3506
f 3507/3507/3507 3506/3506/3506 3505/3505/3505
f 3505/3505/3505 3508/3508/3508 3507/3507/3507
f 3507/3507/3507 3508/3508/3508 3509/3509/3509
f 3510/3510/3510 3509/3509/3509 3508/3508/3508
f 3508/3508/3508 3505/3505/3505 3511/3511/3511
f 3511/3511/3511 3505/3505/3505 3512/3512/3512
f 3504/3504/3504 3512/3512/3512 3505/3505/3505
f 3512/3512/3512 3504/3504/3504 3513/3513/3513
f 3514/3514/3514 3513/3513/3513 3504/3504/3504
f 3513/3513/3513 3514/3514/3514 3515/3515/3515
f 3516/3516/3516 3515/3515/3515 3514/3514/3514
f 3517/3517/3517 3515/3515/3515 3516/3516/3516
f 3515/3515/3515 3517/3517/3517 3518/3518/3518
f 3519/3519/3519 3520/3520/3520 3521/3521/3521
f 3519/3519/3519 3521/3521/3521 3522/3522/3522
f 3519/3519/3519 3523/3523/3523 3520/3520/3520
f 3523/3523/3523 3519/3519/3519 3524/3524/3524
f 3525/3525/3525 3523/3523/3523 3524/3524/3524
f 3525/3525/3525 3526/3526/3526 3523/3523/3523
f 3527/3527/3527 3528/3528/3528 3529/3529/3529
f 3529/3529/3529 3530/3530/3530 3527/3527/3527
f 3530/3530/3530 3529/3529/3529 3531/3531/3531
f 3532/3532/3532 3530/3530/3530 3531/3531/3531
f 3530/3530/3530 3533/3533/3533 3527/3527/3527
f 3534/3534/3534 3527/3527/3527 3533/3533/3533
f 3535/3535/3535 3533/3533/3533 3530/3530/3530
f 3530/3530/3530 3532/3532/3532 3535/3535/3535
f 3533/3533/3533 3535/3535/3535 3536/3536/3536
f 3532/3532/3532 3537/3537/3537 3535/3535/3535
f 3537/3537/3537 3536/3536/3536 3535/3535/3535
f 3537/3537/3537 3532/3532/3532 3538/3538/3538
f 3536/3536/3536 3537/3537/3537 3539/3539/3539
f 3537/3537/3537 3538/3538/3538 3540/3540/3540
f 3540/3540/3540 3539/3539/3539 3537/3537/3537
f 3539/3539/3539 3540/3540/3540 3541/3541/3541
f 3542/3542/3542 3543/3543/3543 3544/3544/3544
f 3545/3545/3545 3543/3543/3543 3542/3542/3542
f 3545/3545/3545 3546/3546/3546 3543/3543/3543
f 3542/3542/3542 3544/3544/3544 3547/3547/3547
f 3547/3547/3547 3544/3544/3544 3548/3548/3548
f 3547/3547/3547 3548/3548/3548 3549/3549/3549
f 3549/3549/3549 3548/3548/3548 3550/3550/3550
f 3549/3549/3549 3550/3550/3550 3551/3551/3551
f 3552/3552/3552 3553/3553/3553 3554/3554/3554
f 3554/3554/3554 3553/3553/3553 3555/3555/3555
f 3553/3553/3553 3556/3556/3556 3555/3555/3555
f 3553/3553/3553 3552/3552/3552 3557/3557/3557
f 3558/3558/3558 3557/3557/3557 3552/3552/3552
f 3557/3557/3557 3558/3558/3558 3559/3559/3559
f 1820/1820/1820 3559/3559/3559 3558/3558/3558
f 3559/3559/3559 1820/1820/1820 3560/3560/3560
f 3561/3561/3561 3562/3562/3562 3563/3563/3563
f 3563/3563/3563 3562/3562/3562 3564/3564/3564
f 3564/3564/3564 3565/3565/3565 3563/3563/3563
f 3565/3565/3565 3564/3564/3564 3566/3566/3566
f 3567/3567/3567 3565/3565/3565 3566/3566/3566
f 3565/3565/3565 3567/3567/3567 3568/3568/3568
f 3568/3568/3568 3567/3567/3567 3569/3569/3569
f 3569/3569/3569 3567/3567/3567 3570/3570/3570
f 3571/3571/3571 3568/3568/3568 3569/3569/3569
f 3570/3570/3570 3567/3567/3567 3572/3572/3572
f 3568/3568/3568 3571/3571/3571 3573/3573/3573
f 3574/3574/3574 3570/3570/3570 3572/3572/3572
f 3573/3573/3573 3575/3575/3575 3568/3568/3568
f 3572/3572/3572 3576/3576/3576 3574/3574/3574
f 3575/3575/3575 3573/3573/3573 3577/3577/3577
f 3577/3577/3577 3578/3578/3578 3575/3575/3575
f 3578/3578/3578 3577/3577/3577 3579/3579/3579
f 3580/3580/3580 3574/3574/3574 3576/3576/3576
f 3576/3576/3576 3581/3581/3581 3580/3580/3580
f 3582/3582/3582 3580/3580/3580 3581/3581/3581
f 3583/3583/3583 3582/3582/3582 3581/3581/3581
f 3584/3584/3584 3582/3582/3582 3583/3583/3583
f 3582/3582/3582 3585/3585/3585 3580/3580/3580
f 3586/3586/3586 3580/3580/3580 3585/3585/3585
f 3580/3580/3580 3586/3586/3586 3587/3587/3587
f 3586/3586/3586 3588/3588/3588 3587/3587/3587
f 3587/3587/3587 3588/3588/3588 3589/3589/3589
f 3588/3588/3588 3590/3590/3590 3589/3589/3589
f 3591/3591/3591 3589/3589/3589 3590/3590/3590
f 3589/3589/3589 3591/3591/3591 3592/3592/3592
f 3593/3593/3593 3585/3585/3585 3582/3582/3582
f 3582/3582/3582 3584/3584/3584 3593/3593/3593
f 3585/3585/3585 3593/3593/3593 3594/3594/3594
f 3595/3595/3595 3593/3593/3593 3584/3584/3584
f 3596/3596/3596 3594/3594/3594 3593/3593/3593
f 3593/3593/3593 3595/3595/3595 3596/3596/3596
f 3594/3594/3594 3596/3596/3596 3597/3597/3597
f 3596/3596/3596 3595/3595/3595 3598/3598/3598
f 3598/3598/3598 3597/3597/3597 3596/3596/3596
f 3597/3597/3597 3598/3598/3598 3599/3599/3599
f 3600/3600/3600 3601/3601/3601 3602/3602/3602
f 3603/3603/3603 3600/3600/3600 3602/3602/3602
f 3602/3602/3602 2681/2681/2681 3603/3603/3603
f 3604/3604/3604 3601/3601/3601 3600/3600/3600
f 3605/3605/3605 3601/3601/3601 3604/3604/3604
f 3604/3604/3604 3606/3606/3606 3605/3605/3605
f 3606/3606/3606 3604/3604/3604 3607/3607/3607
f 3608/3608/3608 3607/3607/3607 3604/3604/3604
f 3600/3600/3600 3608/3608/3608 3604/3604/3604
f 3600/3600/3600 3603/3603/3603 2678/2678/2678
f 2678/2678/2678 3609/3609/3609 3600/3600/3600
f 2679/2679/2679 2678/2678/2678 3603/3603/3603
f 2679/2679/2679 3603/3603/3603 2681/2681/2681
f 1663/1663/1663 1654/1654/1654 1653/1653/1653
f 1653/1653/1653 3610/3610/3610 1663/1663/1663
f 3610/3610/3610 3611/3611/3611 1663/1663/1663
f 3612/3612/3612 3610/3610/3610 1653/1653/1653
f 3611/3611/3611 3610/3610/3610 3613/3613/3613
f 3613/3613/3613 3614/3614/3614 3611/3611/3611
f 3615/3615/3615 3614/3614/3614 3613/3613/3613
f 3614/3614/3614 3615/3615/3615 3616/3616/3616
f 3613/3613/3613 3617/3617/3617 3615/3615/3615
f 3617/3617/3617 3613/3613/3613 3618/3618/3618
f 3618/3618/3618 3619/3619/3619 3617/3617/3617
f 3619/3619/3619 3618/3618/3618 3620/3620/3620
f 3619/3619/3619 3620/3620/3620 3621/3621/3621
f 3619/3619/3619 3621/3621/3621 3622/3622/3622
f 3623/3623/3623 3612/3612/3612 1653/1653/1653
f 3623/3623/3623 3624/3624/3624 3612/3612/3612
f 3624/3624/3624 3623/3623/3623 3625/3625/3625
f 3626/3626/3626 3623/3623/3623 1653/1653/1653
f 3627/3627/3627 3623/3623/3623 3626/3626/3626
f 3627/3627/3627 3626/3626/3626 3628/3628/3628
f 3623/3623/3623 3627/3627/3627 3629/3629/3629
f 3629/3629/3629 3630/3630/3630 3623/3623/3623
f 3630/3630/3630 3629/3629/3629 3631/3631/3631
f 3627/3627/3627 3628/3628/3628 3632/3632/3632
f 3632/3632/3632 3628/3628/3628 3633/3633/3633
f 3632/3632/3632 3633/3633/3633 3634/3634/3634
f 3635/3635/3635 3632/3632/3632 3634/3634/3634
f 3632/3632/3632 3635/3635/3635 3636/3636/3636
f 3632/3632/3632 3636/3636/3636 3637/3637/3637
f 3632/3632/3632 3637/3637/3637 3638/3638/3638
f 3638/3638/3638 3637/3637/3637 3639/3639/3639
f 3638/3638/3638 3639/3639/3639 3640/3640/3640
f 3641/3641/3641 3642/3642/3642 3631/3631/3631
f 3641/3641/3641 3643/3643/3643 3642/3642/3642
f 3644/3644/3644 3645/3645/3645 3646/3646/3646
f 3647/3647/3647 3645/3645/3645 3644/3644/3644
f 3644/3644/3644 3646/3646/3646 3648/3648/3648
f 3647/3647/3647 3649/3649/3649 3645/3645/3645
f 3650/3650/3650 3649/3649/3649 3647/3647/3647
f 3650/3650/3650 3651/3651/3651 3649/3649/3649
f 3646/3646/3646 3652/3652/3652 3648/3648/3648
f 3652/3652/3652 3646/3646/3646 3653/3653/3653
f 3653/3653/3653 3654/3654/3654 3652/3652/3652
f 3652/3652/3652 3654/3654/3654 3655/3655/3655
f 3654/3654/3654 3656/3656/3656 3655/3655/3655
f 3657/3657/3657 3658/3658/3658 3659/3659/3659
f 3658/3658/3658 3657/3657/3657 3660/3660/3660
f 3661/3661/3661 3657/3657/3657 3659/3659/3659
f 3657/3657/3657 3661/3661/3661 3662/3662/3662
f 3657/3657/3657 3663/3663/3663 3660/3660/3660
f 3664/3664/3664 3657/3657/3657 3662/3662/3662
f 3663/3663/3663 3657/3657/3657 3665/3665/3665
f 3664/3664/3664 3665/3665/3665 3657/3657/3657
f 3666/3666/3666 3663/3663/3663 3665/3665/3665
f 3665/3665/3665 3667/3667/3667 3666/3666/3666
f 3664/3664/3664 3667/3667/3667 3665/3665/3665
f 3667/3667/3667 3664/3664/3664 3668/3668/3668
f 3669/3669/3669 3670/3670/3670 3671/3671/3671
f 3670/3670/3670 3669/3669/3669 3672/3672/3672
f 3670/3670/3670 3672/3672/3672 3673/3673/3673
f 3670/3670/3670 3673/3673/3673 3674/3674/3674
f 3675/3675/3675 3676/3676/3676 3677/3677/3677
f 3676/3676/3676 3678/3678/3678 3677/3677/3677
f 3679/3679/3679 3676/3676/3676 3675/3675/3675
f 3676/3676/3676 3679/3679/3679 3680/3680/3680
f 3681/3681/3681 3682/3682/3682 3683/3683/3683
f 3681/3681/3681 3684/3684/3684 3685/3685/3685
f 3686/3686/3686 3681/3681/3681 3685/3685/3685
f 3682/3682/3682 3681/3681/3681 3687/3687/3687
f 3687/3687/3687 3688/3688/3688 3682/3682/3682
f 3686/3686/3686 3689/3689/3689 3681/3681/3681
f 3690/3690/3690 3689/3689/3689 3686/3686/3686
f 3681/3681/3681 3691/3691/3691 3687/3687/3687
f 3681/3681/3681 3689/3689/3689 3691/3691/3691
f 3688/3688/3688 3687/3687/3687 3692/3692/3692
f 3691/3691/3691 3692/3692/3692 3687/3687/3687
f 3692/3692/3692 3693/3693/3693 3688/3688/3688
f 3692/3692/3692 3691/3691/3691 3694/3694/3694
f 3694/3694/3694 3695/3695/3695 3692/3692/3692
f 3689/3689/3689 3696/3696/3696 3691/3691/3691
f 3690/3690/3690 3696/3696/3696 3689/3689/3689
f 3697/3697/3697 3691/3691/3691 3696/3696/3696
f 3698/3698/3698 3696/3696/3696 3690/3690/3690
f 3696/3696/3696 3699/3699/3699 3697/3697/3697
f 3698/3698/3698 3700/3700/3700 3696/3696/3696
f 3699/3699/3699 3696/3696/3696 3701/3701/3701
f 3702/3702/3702 3700/3700/3700 3698/3698/3698
f 3702/3702/3702 3703/3703/3703 3700/3700/3700
f 3703/3703/3703 3702/3702/3702 3704/3704/3704
f 3705/3705/3705 3699/3699/3699 3701/3701/3701
f 3701/3701/3701 3706/3706/3706 3705/3705/3705
f 3707/3707/3707 3705/3705/3705 3706/3706/3706
f 3692/3692/3692 3695/3695/3695 3708/3708/3708
f 3693/3693/3693 3692/3692/3692 3708/3708/3708
f 3708/3708/3708 3695/3695/3695 3709/3709/3709
f 3708/3708/3708 3710/3710/3710 3693/3693/3693
f 3708/3708/3708 3709/3709/3709 3711/3711/3711
f 3709/3709/3709 3712/3712/3712 3711/3711/3711
f 3712/3712/3712 3709/3709/3709 3713/3713/3713
f 3710/3710/3710 3708/3708/3708 3714/3714/3714
f 3714/3714/3714 3715/3715/3715 3710/3710/3710
f 3715/3715/3715 3714/3714/3714 3716/3716/3716
f 3717/3717/3717 3718/3718/3718 3719/3719/3719
f 3718/3718/3718 3717/3717/3717 3720/3720/3720
f 3717/3717/3717 3721/3721/3721 3720/3720/3720
f 3718/3718/3718 3722/3722/3722 3719/3719/3719
f 3723/3723/3723 3722/3722/3722 3718/3718/3718
f 3724/3724/3724 3721/3721/3721 3717/3717/3717
f 3722/3722/3722 3725/3725/3725 3719/3719/3719
f 3725/3725/3725 3722/3722/3722 3726/3726/3726
f 3727/3727/3727 3719/3719/3719 3725/3725/3725
f 3719/3719/3719 3727/3727/3727 3728/3728/3728
f 3728/3728/3728 3727/3727/3727 3729/3729/3729
f 3727/3727/3727 3730/3730/3730 3731/3731/3731
f 3724/3724/3724 3732/3732/3732 3721/3721/3721
f 3724/3724/3724 3733/3733/3733 3732/3732/3732
f 3724/3724/3724 3734/3734/3734 3733/3733/3733
f 3734/3734/3734 3724/3724/3724 3735/3735/3735
f 3736/3736/3736 3735/3735/3735 3724/3724/3724
f 3735/3735/3735 3736/3736/3736 3737/3737/3737
f 3737/3737/3737 3738/3738/3738 3735/3735/3735
f 3734/3734/3734 3735/3735/3735 3738/3738/3738
f 3738/3738/3738 3737/3737/3737 3739/3739/3739
f 3740/3740/3740 3734/3734/3734 3738/3738/3738
f 3738/3738/3738 3741/3741/3741 3740/3740/3740
f 3741/3741/3741 3738/3738/3738 3742/3742/3742
f 3743/3743/3743 3740/3740/3740 3741/3741/3741
f 3744/3744/3744 3734/3734/3734 3740/3740/3740
f 3740/3740/3740 3743/3743/3743 3744/3744/3744
f 3734/3734/3734 3744/3744/3744 3745/3745/3745
f 3746/3746/3746 3744/3744/3744 3743/3743/3743
f 3744/3744/3744 3746/3746/3746 3747/3747/3747
f 3744/3744/3744 3748/3748/3748 3745/3745/3745
f 3744/3744/3744 3749/3749/3749 3748/3748/3748
f 3744/3744/3744 3750/3750/3750 3749/3749/3749
f 3750/3750/3750 3751/3751/3751 3749/3749/3749
f 3752/3752/3752 3751/3751/3751 3750/3750/3750
f 3751/3751/3751 3752/3752/3752 3753/3753/3753
f 3754/3754/3754 3753/3753/3753 3752/3752/3752
f 3753/3753/3753 3754/3754/3754 3755/3755/3755
f 3756/3756/3756 3755/3755/3755 3754/3754/3754
f 3755/3755/3755 3756/3756/3756 3757/3757/3757
f 3756/3756/3756 3758/3758/3758 3757/3757/3757
f 3759/3759/3759 3758/3758/3758 3756/3756/3756
f 3760/3760/3760 3759/3759/3759 3756/3756/3756
f 3759/3759/3759 3760/3760/3760 3761/3761/3761
f 3756/3756/3756 3762/3762/3762 3760/3760/3760
f 3762/3762/3762 3756/3756/3756 3763/3763/3763
f 3764/3764/3764 3762/3762/3762 3763/3763/3763
f 3762/3762/3762 3764/3764/3764 3765/3765/3765
f 3765/3765/3765 3764/3764/3764 3766/3766/3766
f 3767/3767/3767 3766/3766/3766 3764/3764/3764
f 3768/3768/3768 3769/3769/3769 3770/3770/3770
f 3771/3771/3771 3770/3770/3770 3769/3769/3769
f 3769/3769/3769 3768/3768/3768 3772/3772/3772
f 3768/3768/3768 3773/3773/3773 3772/3772/3772
f 3774/3774/3774 3771/3771/3771 3769/3769/3769
f 3775/3775/3775 3771/3771/3771 3774/3774/3774
f 3776/3776/3776 3775/3775/3775 3774/3774/3774
f 3777/3777/3777 3775/3775/3775 3776/3776/3776
f 3775/3775/3775 3777/3777/3777 3778/3778/3778
f 3779/3779/3779 3778/3778/3778 3777/3777/3777
f 3778/3778/3778 3779/3779/3779 3780/3780/3780
f 3781/3781/3781 3782/3782/3782 3783/3783/3783
f 3782/3782/3782 3781/3781/3781 3784/3784/3784
f 3782/3782/3782 3784/3784/3784 3785/3785/3785
f 3782/3782/3782 3785/3785/3785 3786/3786/3786
f 3783/3783/3783 3787/3787/3787 3781/3781/3781
f 3787/3787/3787 3783/3783/3783 3788/3788/3788
f 3788/3788/3788 3789/3789/3789 3787/3787/3787
f 3789/3789/3789 3788/3788/3788 3790/3790/3790
f 3791/3791/3791 3792/3792/3792 3793/3793/3793
f 3793/3793/3793 3792/3792/3792 3794/3794/3794
f 3792/3792/3792 3795/3795/3795 3794/3794/3794
f 3792/3792/3792 3791/3791/3791 3796/3796/3796
f 3797/3797/3797 3796/3796/3796 3791/3791/3791
f 3796/3796/3796 3797/3797/3797 3798/3798/3798
f 3799/3799/3799 3798/3798/3798 3797/3797/3797
f 3798/3798/3798 3799/3799/3799 3800/3800/3800
f 3801/3801/3801 3802/3802/3802 3803/3803/3803
f 3801/3801/3801 3803/3803/3803 3804/3804/3804
f 3803/3803/3803 3805/3805/3805 3804/3804/3804
f 3805/3805/3805 3803/3803/3803 3806/3806/3806
f 3807/3807/3807 3806/3806/3806 3803/3803/3803
f 3803/3803/3803 3808/3808/3808 3807/3807/3807
f 3808/3808/3808 3803/3803/3803 3802/3802/3802
f 3809/3809/3809 3802/3802/3802 3801/3801/3801
f 3802/3802/3802 3810/3810/3810 3808/3808/3808
f 3809/3809/3809 3811/3811/3811 3802/3802/3802
f 3810/3810/3810 3802/3802/3802 3811/3811/3811
f 3812/3812/3812 3811/3811/3811 3809/3809/3809
f 3811/3811/3811 3813/3813/3813 3810/3810/3810
f 3814/3814/3814 3812/3812/3812 3815/3815/3815
f 3812/3812/3812 3814/3814/3814 3816/3816/3816
f 3812/3812/3812 3816/3816/3816 3811/3811/3811
f 3813/3813/3813 3811/3811/3811 3816/3816/3816
f 3816/3816/3816 3817/3817/3817 3813/3813/3813
f 3817/3817/3817 3816/3816/3816 3818/3818/3818
f 3819/3819/3819 3820/3820/3820 3821/3821/3821
f 3820/3820/3820 3819/3819/3819 3822/3822/3822
f 3821/3821/3821 3823/3823/3823 3819/3819/3819
f 3823/3823/3823 3821/3821/3821 3824/3824/3824
f 3825/3825/3825 3823/3823/3823 3824/3824/3824
f 3823/3823/3823 3825/3825/3825 3826/3826/3826
f 3827/3827/3827 3828/3828/3828 3829/3829/3829
f 3829/3829/3829 3828/3828/3828 3830/3830/3830
f 3831/3831/3831 3827/3827/3827 3829/3829/3829
f 3832/3832/3832 3827/3827/3827 3831/3831/3831
f 3831/3831/3831 3833/3833/3833 3832/3832/3832
f 3833/3833/3833 3831/3831/3831 3834/3834/3834
f 3835/3835/3835 3836/3836/3836 3837/3837/3837
f 3838/3838/3838 3836/3836/3836 3835/3835/3835
f 3839/3839/3839 3838/3838/3838 3835/3835/3835
f 3835/3835/3835 3837/3837/3837 2373/2373/2373
f 2374/2374/2374 2373/2373/2373 3837/3837/3837
f 3839/3839/3839 3835/3835/3835 3840/3840/3840
f 3835/3835/3835 2373/2373/2373 3840/3840/3840
f 3839/3839/3839 3840/3840/3840 3841/3841/3841
f 3841/3841/3841 3842/3842/3842 3839/3839/3839
f 2373/2373/2373 2371/2371/2371 3840/3840/3840
f 3842/3842/3842 3841/3841/3841 3843/3843/3843
f 3844/3844/3844 3841/3841/3841 3840/3840/3840
f 3845/3845/3845 3843/3843/3843 3841/3841/3841
f 3846/3846/3846 3841/3841/3841 3844/3844/3844
f 3846/3846/3846 3845/3845/3845 3841/3841/3841
f 3847/3847/3847 3846/3846/3846 3844/3844/3844
f 3848/3848/3848 3845/3845/3845 3846/3846/3846
f 3846/3846/3846 3847/3847/3847 3849/3849/3849
f 3849/3849/3849 3848/3848/3848 3846/3846/3846
f 3850/3850/3850 3849/3849/3849 3847/3847/3847
f 3851/3851/3851 3848/3848/3848 3849/3849/3849
f 3849/3849/3849 3850/3850/3850 3852/3852/3852
f 3852/3852/3852 3851/3851/3851 3849/3849/3849
f 3853/3853/3853 3852/3852/3852 3850/3850/3850
f 3852/3852/3852 3853/3853/3853 3854/3854/3854
f 3855/3855/3855 3851/3851/3851 3852/3852/3852
f 3856/3856/3856 3855/3855/3855 3852/3852/3852
f 3857/3857/3857 3858/3858/3858 3859/3859/3859
f 3858/3858/3858 3857/3857/3857 3860/3860/3860
f 3858/3858/3858 3860/3860/3860 3861/3861/3861
f 3857/3857/3857 3859/3859/3859 3862/3862/3862
f 3862/3862/3862 3859/3859/3859 3863/3863/3863
f 3863/3863/3863 3864/3864/3864 3862/3862/3862
f 3864/3864/3864 3863/3863/3863 3865/3865/3865
f 3865/3865/3865 3866/3866/3866 3864/3864/3864
f 3866/3866/3866 3865/3865/3865 3867/3867/3867
f 3868/3868/3868 3866/3866/3866 3867/3867/3867
f 3866/3866/3866 3868/3868/3868 3869/3869/3869
f 3870/3870/3870 3869/3869/3869 3868/3868/3868
f 3871/3871/3871 3872/3872/3872 3873/3873/3873
f 3873/3873/3873 3872/3872/3872 3874/3874/3874
f 3872/3872/3872 3871/3871/3871 3875/3875/3875
f 3876/3876/3876 3875/3875/3875 3871/3871/3871
f 3875/3875/3875 3876/3876/3876 3877/3877/3877
f 3878/3878/3878 3877/3877/3877 3876/3876/3876
f 3877/3877/3877 3878/3878/3878 3879/3879/3879
f 3880/3880/3880 3879/3879/3879 3878/3878/3878
f 3879/3879/3879 3880/3880/3880 3881/3881/3881
f 3880/3880/3880 3882/3882/3882 3881/3881/3881
f 3882/3882/3882 3880/3880/3880 3883/3883/3883
f 3883/3883/3883 3884/3884/3884 3882/3882/3882
f 1239/1239/1239 1240/1240/1240 1218/1218/1218
f 1218/1218/1218 1694/1694/1694 1239/1239/1239
f 659/659/659 1239/1239/1239 1694/1694/1694
f 659/659/659 660/660/660 1239/1239/1239
f 659/659/659 1694/1694/1694 3885/3885/3885
f 1694/1694/1694 3886/3886/3886 3885/3885/3885
f 1694/1694/1694 3887/3887/3887 3886/3886/3886
f 659/659/659 3885/3885/3885 3888/3888/3888
f 3887/3887/3887 3889/3889/3889 3886/3886/3886
f 3889/3889/3889 3887/3887/3887 3890/3890/3890
f 3890/3890/3890 3891/3891/3891 3889/3889/3889
f 3890/3890/3890 3892/3892/3892 3891/3891/3891
f 3892/3892/3892 3893/3893/3893 3891/3891/3891
f 3888/3888/3888 3894/3894/3894 659/659/659
f 3888/3888/3888 3895/3895/3895 3894/3894/3894
f 3895/3895/3895 3888/3888/3888 3896/3896/3896
f 3896/3896/3896 3897/3897/3897 3895/3895/3895
f 3898/3898/3898 3895/3895/3895 3897/3897/3897
f 3898/3898/3898 3899/3899/3899 3895/3895/3895
f 3900/3900/3900 3899/3899/3899 3898/3898/3898
f 3898/3898/3898 3901/3901/3901 3900/3900/3900
f 3900/3900/3900 3901/3901/3901 3902/3902/3902
f 3901/3901/3901 3903/3903/3903 3902/3902/3902
f 3903/3903/3903 3904/3904/3904 3902/3902/3902
f 3904/3904/3904 3903/3903/3903 3905/3905/3905
f 3905/3905/3905 3906/3906/3906 3904/3904/3904
f 3906/3906/3906 3905/3905/3905 3907/3907/3907
f 3907/3907/3907 3908/3908/3908 3906/3906/3906
f 3908/3908/3908 3907/3907/3907 3909/3909/3909
f 3910/3910/3910 3908/3908/3908 3909/3909/3909
f 3908/3908/3908 3910/3910/3910 3911/3911/3911
f 3912/3912/3912 3911/3911/3911 3910/3910/3910
f 3911/3911/3911 3912/3912/3912 3913/3913/3913
f 3912/3912/3912 3914/3914/3914 3913/3913/3913
f 3914/3914/3914 3912/3912/3912 3915/3915/3915
f 3915/3915/3915 3916/3916/3916 3914/3914/3914
f 3916/3916/3916 3915/3915/3915 3917/3917/3917
f 3917/3917/3917 3918/3918/3918 3916/3916/3916
f 3919/3919/3919 3916/3916/3916 3918/3918/3918
f 3918/3918/3918 3920/3920/3920 3919/3919/3919
f 3920/3920/3920 3918/3918/3918 3921/3921/3921
f 3921/3921/3921 607/607/607 3920/3920/3920
f 607/607/607 3921/3921/3921 3922/3922/3922
f 3922/3922/3922 597/597/597 607/607/607
f 597/597/597 602/602/602 607/607/607
f 597/597/597 3922/3922/3922 598/598/598
f 3923/3923/3923 598/598/598 3922/3922/3922
f 3922/3922/3922 3924/3924/3924 3923/3923/3923
f 3924/3924/3924 3922/3922/3922 3925/3925/3925
f 598/598/598 3923/3923/3923 600/600/600
f 3925/3925/3925 3926/3926/3926 3924/3924/3924
f 3926/3926/3926 3925/3925/3925 3927/3927/3927
f 3927/3927/3927 3928/3928/3928 3926/3926/3926
f 3928/3928/3928 3927/3927/3927 3929/3929/3929
f 3929/3929/3929 3930/3930/3930 3928/3928/3928
f 3930/3930/3930 3929/3929/3929 3931/3931/3931
f 3931/3931/3931 3932/3932/3932 3930/3930/3930
f 3932/3932/3932 3931/3931/3931 3933/3933/3933
f 600/600/600 599/599/599 598/598/598
f 3934/3934/3934 3935/3935/3935 3936/3936/3936
f 3936/3936/3936 3935/3935/3935 3937/3937/3937
f 3936/3936/3936 3937/3937/3937 3938/3938/3938
f 3937/3937/3937 3939/3939/3939 3938/3938/3938
f 3940/3940/3940 3941/3941/3941 3942/3942/3942
f 3943/3943/3943 3942/3942/3942 3941/3941/3941
f 3941/3941/3941 3940/3940/3940 3944/3944/3944
f 3945/3945/3945 3944/3944/3944 3940/3940/3940
f 3944/3944/3944 3945/3945/3945 3946/3946/3946
f 3945/3945/3945 3947/3947/3947 3946/3946/3946
f 3948/3948/3948 3946/3946/3946 3947/3947/3947
f 3948/3948/3948 3947/3947/3947 3949/3949/3949
f 3949/3949/3949 3950/3950/3950 3948/3948/3948
f 3950/3950/3950 3949/3949/3949 3951/3951/3951
f 3941/3941/3941 3952/3952/3952 3943/3943/3943
f 3952/3952/3952 3953/3953/3953 3943/3943/3943
f 3954/3954/3954 3952/3952/3952 3941/3941/3941
f 3955/3955/3955 3954/3954/3954 3941/3941/3941
f 3956/3956/3956 3954/3954/3954 3955/3955/3955
f 3954/3954/3954 3956/3956/3956 3957/3957/3957
f 3958/3958/3958 3957/3957/3957 3956/3956/3956
f 3957/3957/3957 3958/3958/3958 3959/3959/3959
f 3960/3960/3960 3961/3961/3961 3962/3962/3962
f 3963/3963/3963 3961/3961/3961 3960/3960/3960
f 3960/3960/3960 3962/3962/3962 3964/3964/3964
f 3964/3964/3964 3962/3962/3962 3965/3965/3965
f 3964/3964/3964 3965/3965/3965 3966/3966/3966
f 3963/3963/3963 3967/3967/3967 3961/3961/3961
f 3968/3968/3968 3967/3967/3967 3963/3963/3963
f 3968/3968/3968 3969/3969/3969 3967/3967/3967
f 859/859/859 3970/3970/3970 874/874/874
f 873/873/873 874/874/874 3971/3971/3971
f 3972/3972/3972 874/874/874 3970/3970/3970
f 3973/3973/3973 3971/3971/3971 874/874/874
f 874/874/874 3972/3972/3972 3974/3974/3974
f 3971/3971/3971 3973/3973/3973 3975/3975/3975
f 3976/3976/3976 3974/3974/3974 3972/3972/3972
f 3977/3977/3977 3975/3975/3975 3973/3973/3973
f 3974/3974/3974 3976/3976/3976 3977/3977/3977
f 3975/3975/3975 3977/3977/3977 3978/3978/3978
f 3977/3977/3977 3976/3976/3976 3979/3979/3979
f 3979/3979/3979 3980/3980/3980 3977/3977/3977
f 3980/3980/3980 3979/3979/3979 835/835/835
f 3981/3981/3981 3978/3978/3978 3977/3977/3977
f 3977/3977/3977 3980/3980/3980 3981/3981/3981
f 3982/3982/3982 3978/3978/3978 3981/3981/3981
f 3978/3978/3978 3982/3982/3982 3983/3983/3983
f 3984/3984/3984 3983/3983/3983 3982/3982/3982
f 3983/3983/3983 3984/3984/3984 3985/3985/3985
f 3986/3986/3986 3985/3985/3985 3984/3984/3984
f 3985/3985/3985 3986/3986/3986 3987/3987/3987
f 3988/3988/3988 3987/3987/3987 3986/3986/3986
f 3981/3981/3981 3980/3980/3980 3989/3989/3989
f 3980/3980/3980 835/835/835 3989/3989/3989
f 3990/3990/3990 3981/3981/3981 3989/3989/3989
f 835/835/835 837/837/837 3989/3989/3989
f 3989/3989/3989 3991/3991/3991 3990/3990/3990
f 837/837/837 3992/3992/3992 3989/3989/3989
f 3993/3993/3993 3990/3990/3990 3991/3991/3991
f 3992/3992/3992 837/837/837 3994/3994/3994
f 3991/3991/3991 3995/3995/3995 3993/3993/3993
f 3994/3994/3994 3996/3996/3996 3992/3992/3992
f 3997/3997/3997 3993/3993/3993 3995/3995/3995
f 3996/3996/3996 3994/3994/3994 3998/3998/3998
f 3995/3995/3995 3999/3999/3999 3997/3997/3997
f 3998/3998/3998 4000/4000/4000 3996/3996/3996
f 3999/3999/3999 3988/3988/3988 3997/3997/3997
f 3988/3988/3988 3999/3999/3999 4001/4001/4001
f 3988/3988/3988 4001/4001/4001 4002/4002/4002
f 4002/4002/4002 4003/4003/4003 3988/3988/3988
f 3987/3987/3987 3988/3988/3988 4003/4003/4003
f 4003/4003/4003 4002/4002/4002 4004/4004/4004
f 4000/4000/4000 3998/3998/3998 4005/4005/4005
f 4005/4005/4005 4006/4006/4006 4000/4000/4000
f 4006/4006/4006 4005/4005/4005 4007/4007/4007
f 4007/4007/4007 4008/4008/4008 4006/4006/4006
f 4007/4007/4007 4009/4009/4009 4008/4008/4008
f 4009/4009/4009 4010/4010/4010 4008/4008/4008
f 4007/4007/4007 4011/4011/4011 4009/4009/4009
f 4011/4011/4011 4007/4007/4007 4005/4005/4005
f 4005/4005/4005 4012/4012/4012 4011/4011/4011
f 4012/4012/4012 4005/4005/4005 4013/4013/4013
f 4013/4013/4013 4014/4014/4014 4012/4012/4012
f 4014/4014/4014 4013/4013/4013 4015/4015/4015
f 4015/4015/4015 4016/4016/4016 4014/4014/4014
f 4016/4016/4016 4015/4015/4015 4017/4017/4017
f 4018/4018/4018 1322/1322/1322 1321/1321/1321
f 1322/1322/1322 4018/4018/4018 4019/4019/4019
f 4018/4018/4018 4020/4020/4020 4019/4019/4019
f 4020/4020/4020 4018/4018/4018 4021/4021/4021
f 4022/4022/4022 4023/4023/4023 4024/4024/4024
f 4023/4023/4023 4022/4022/4022 4025/4025/4025
f 4026/4026/4026 4025/4025/4025 4022/4022/4022
f 4025/4025/4025 4027/4027/4027 4023/4023/4023
f 4026/4026/4026 4028/4028/4028 4025/4025/4025
f 4027/4027/4027 4025/4025/4025 4028/4028/4028
f 4028/4028/4028 4026/4026/4026 3069/3069/3069
f 4028/4028/4028 3072/3072/3072 4027/4027/4027
f 3069/3069/3069 3068/3068/3068 4028/4028/4028
f 3072/3072/3072 4028/4028/4028 3068/3068/3068
f 4029/4029/4029 841/841/841 4030/4030/4030
f 844/844/844 4030/4030/4030 841/841/841
f 4031/4031/4031 4029/4029/4029 4030/4030/4030
f 4029/4029/4029 4031/4031/4031 4032/4032/4032
f 4033/4033/4033 4032/4032/4032 4031/4031/4031
f 4032/4032/4032 4033/4033/4033 4034/4034/4034
f 4034/4034/4034 4033/4033/4033 4035/4035/4035
f 4036/4036/4036 839/839/839 841/841/841
f 4037/4037/4037 839/839/839 4036/4036/4036
f 4036/4036/4036 4038/4038/4038 4037/4037/4037
f 4039/4039/4039 4037/4037/4037 4038/4038/4038
f 4038/4038/4038 4034/4034/4034 4039/4039/4039
f 4039/4039/4039 4034/4034/4034 4035/4035/4035
f 4035/4035/4035 4040/4040/4040 4039/4039/4039
f 4040/4040/4040 4035/4035/4035 4041/4041/4041
f 4042/4042/4042 4039/4039/4039 4040/4040/4040
f 4039/4039/4039 4042/4042/4042 4043/4043/4043
f 4044/4044/4044 4043/4043/4043 4042/4042/4042
f 4043/4043/4043 4044/4044/4044 4045/4045/4045
f 4046/4046/4046 4045/4045/4045 4044/4044/4044
f 4045/4045/4045 4046/4046/4046 4047/4047/4047
f 4048/4048/4048 4049/4049/4049 4050/4050/4050
f 4050/4050/4050 4051/4051/4051 4052/4052/4052
f 4051/4051/4051 4050/4050/4050 4053/4053/4053
f 4049/4049/4049 4053/4053/4053 4050/4050/4050
f 4054/4054/4054 4049/4049/4049 4048/4048/4048
f 4048/4048/4048 4055/4055/4055 4054/4054/4054
f 4056/4056/4056 4054/4054/4054 4055/4055/4055
f 4054/4054/4054 4057/4057/4057 4049/4049/4049
f 4058/4058/4058 4049/4049/4049 4057/4057/4057
f 4049/4049/4049 4058/4058/4058 4059/4059/4059
f 4059/4059/4059 4058/4058/4058 4060/4060/4060
f 4058/4058/4058 4061/4061/4061 4060/4060/4060
f 4057/4057/4057 4054/4054/4054 4062/4062/4062
f 4054/4054/4054 4056/4056/4056 4063/4063/4063
f 4063/4063/4063 4062/4062/4062 4054/4054/4054
f 4056/4056/4056 4064/4064/4064 4063/4063/4063
f 4062/4062/4062 4063/4063/4063 4065/4065/4065
f 4064/4064/4064 4065/4065/4065 4063/4063/4063
f 4065/4065/4065 4064/4064/4064 4066/4066/4066
f 4067/4067/4067 4068/4068/4068 4069/4069/4069
f 4068/4068/4068 4067/4067/4067 4070/4070/4070
f 4069/4069/4069 4071/4071/4071 4067/4067/4067
f 4071/4071/4071 4069/4069/4069 4072/4072/4072
f 4073/4073/4073 4071/4071/4071 4072/4072/4072
f 3901/3901/3901 4074/4074/4074 3903/3903/3903
f 4075/4075/4075 4074/4074/4074 3901/3901/3901
f 3901/3901/3901 3898/3898/3898 4075/4075/4075
f 4075/4075/4075 3898/3898/3898 4076/4076/4076
f 4075/4075/4075 4077/4077/4077 4074/4074/4074
f 4076/4076/4076 4077/4077/4077 4075/4075/4075
f 4078/4078/4078 4077/4077/4077 4076/4076/4076
f 4078/4078/4078 4074/4074/4074 4077/4077/4077
f 4078/4078/4078 4076/4076/4076 4079/4079/4079
f 4074/4074/4074 4078/4078/4078 4080/4080/4080
f 4080/4080/4080 4081/4081/4081 4074/4074/4074
f 4081/4081/4081 4080/4080/4080 4082/4082/4082
f 4082/4082/4082 4083/4083/4083 4081/4081/4081
f 4083/4083/4083 4082/4082/4082 4084/4084/4084
f 4085/4085/4085 4083/4083/4083 4084/4084/4084
f 4085/4085/4085 4086/4086/4086 4083/4083/4083
f 4087/4087/4087 4086/4086/4086 4085/4085/4085
f 4087/4087/4087 4088/4088/4088 4086/4086/4086
f 4087/4087/4087 4089/4089/4089 4088/4088/4088
f 4089/4089/4089 4087/4087/4087 4090/4090/4090
f 4091/4091/4091 4089/4089/4089 4090/4090/4090
f 4091/4091/4091 4092/4092/4092 4089/4089/4089
f 4093/4093/4093 4094/4094/4094 4095/4095/4095
f 4096/4096/4096 4095/4095/4095 4094/4094/4094
f 4097/4097/4097 4098/4098/4098 4099/4099/4099
f 4098/4098/4098 4097/4097/4097 4100/4100/4100
f 4101/4101/4101 4102/4102/4102 4103/4103/4103
f 4104/4104/4104 4101/4101/4101 4103/4103/4103
f 4102/4102/4102 4105/4105/4105 4103/4103/4103
f 4106/4106/4106 4102/4102/4102 4101/4101/4101
f 4102/4102/4102 4107/4107/4107 4105/4105/4105
f 4107/4107/4107 4102/4102/4102 4108/4108/4108
f 4107/4107/4107 4108/4108/4108 4109/4109/4109
f 4109/4109/4109 4110/4110/4110 4107/4107/4107
f 4111/4111/4111 4107/4107/4107 4110/4110/4110
f 4106/4106/4106 4112/4112/4112 4102/4102/4102
f 4113/4113/4113 4112/4112/4112 4106/4106/4106
f 4113/4113/4113 4114/4114/4114 4112/4112/4112
f 4106/4106/4106 4115/4115/4115 4113/4113/4113
f 4113/4113/4113 4116/4116/4116 4114/4114/4114
f 4116/4116/4116 4113/4113/4113 4115/4115/4115
f 4117/4117/4117 4114/4114/4114 4116/4116/4116
f 4118/4118/4118 4115/4115/4115 4106/4106/4106
f 4115/4115/4115 4118/4118/4118 4119/4119/4119
f 4120/4120/4120 4119/4119/4119 4118/4118/4118
f 4119/4119/4119 4120/4120/4120 4121/4121/4121
f 4122/4122/4122 4121/4121/4121 4120/4120/4120
f 4121/4121/4121 4122/4122/4122 4123/4123/4123
f 4124/4124/4124 4123/4123/4123 4122/4122/4122
f 4123/4123/4123 4124/4124/4124 4125/4125/4125
f 4126/4126/4126 4125/4125/4125 4124/4124/4124
f 4125/4125/4125 4126/4126/4126 4127/4127/4127
f 4128/4128/4128 4127/4127/4127 4126/4126/4126
f 4127/4127/4127 4128/4128/4128 4129/4129/4129
f 4130/4130/4130 4131/4131/4131 4132/4132/4132
f 4131/4131/4131 4130/4130/4130 4104/4104/4104
f 4133/4133/4133 4132/4132/4132 4131/4131/4131
f 4101/4101/4101 4104/4104/4104 4130/4130/4130
f 4132/4132/4132 4133/4133/4133 4134/4134/4134
f 4133/4133/4133 4135/4135/4135 4134/4134/4134
f 4135/4135/4135 4133/4133/4133 4136/4136/4136
f 4136/4136/4136 4137/4137/4137 4135/4135/4135
f 4137/4137/4137 4136/4136/4136 4138/4138/4138
f 4139/4139/4139 4137/4137/4137 4138/4138/4138
f 4137/4137/4137 4139/4139/4139 4140/4140/4140
f 4141/4141/4141 4140/4140/4140 4139/4139/4139
f 4140/4140/4140 4141/4141/4141 4142/4142/4142
f 4143/4143/4143 4142/4142/4142 4141/4141/4141
f 4141/4141/4141 4144/4144/4144 4143/4143/4143
f 4145/4145/4145 4143/4143/4143 4144/4144/4144
f 4143/4143/4143 4145/4145/4145 4146/4146/4146
f 4147/4147/4147 4146/4146/4146 4145/4145/4145
f 4146/4146/4146 4147/4147/4147 4148/4148/4148
f 4149/4149/4149 4148/4148/4148 4147/4147/4147
f 4148/4148/4148 4149/4149/4149 4150/4150/4150
f 4150/4150/4150 4149/4149/4149 4151/4151/4151
f 4151/4151/4151 4152/4152/4152 4150/4150/4150
f 4152/4152/4152 4151/4151/4151 4153/4153/4153
f 4154/4154/4154 4150/4150/4150 4152/4152/4152
f 4150/4150/4150 4154/4154/4154 4148/4148/4148
f 4155/4155/4155 4148/4148/4148 4154/4154/4154
f 4148/4148/4148 4155/4155/4155 4156/4156/4156
f 4157/4157/4157 4156/4156/4156 4155/4155/4155
f 4156/4156/4156 4157/4157/4157 4158/4158/4158
f 4159/4159/4159 4158/4158/4158 4157/4157/4157
f 4158/4158/4158 4159/4159/4159 4160/4160/4160
f 4161/4161/4161 4160/4160/4160 4159/4159/4159
f 4160/4160/4160 4161/4161/4161 4162/4162/4162
f 4162/4162/4162 4161/4161/4161 4163/4163/4163
f 4164/4164/4164 4163/4163/4163 4161/4161/4161
f 4165/4165/4165 4166/4166/4166 4167/4167/4167
f 4166/4166/4166 4168/4168/4168 4167/4167/4167
f 4169/4169/4169 4170/4170/4170 4171/4171/4171
f 4172/4172/4172 4169/4169/4169 4171/4171/4171
f 4173/4173/4173 161/161/161 146/146/146
f 4173/4173/4173 4174/4174/4174 161/161/161
f 4174/4174/4174 4173/4173/4173 4175/4175/4175
f 4175/4175/4175 4176/4176/4176 4174/4174/4174
f 4176/4176/4176 4177/4177/4177 4174/4174/4174
f 4176/4176/4176 4178/4178/4178 4177/4177/4177
f 4179/4179/4179 4177/4177/4177 4178/4178/4178
f 4180/4180/4180 4174/4174/4174 4177/4177/4177
f 4180/4180/4180 4181/4181/4181 4174/4174/4174
f 4181/4181/4181 4180/4180/4180 4182/4182/4182
f 4180/4180/4180 4177/4177/4177 4183/4183/4183
f 4177/4177/4177 4179/4179/4179 4183/4183/4183
f 4183/4183/4183 4179/4179/4179 4184/4184/4184
f 4185/4185/4185 4186/4186/4186 4182/4182/4182
f 146/146/146 4187/4187/4187 4173/4173/4173
f 4173/4173/4173 4187/4187/4187 4188/4188/4188
f 4188/4188/4188 4189/4189/4189 4173/4173/4173
f 4190/4190/4190 4189/4189/4189 4188/4188/4188
f 4189/4189/4189 4190/4190/4190 4191/4191/4191
f 4192/4192/4192 4191/4191/4191 4190/4190/4190
f 4191/4191/4191 4192/4192/4192 4193/4193/4193
f 4187/4187/4187 1587/1587/1587 4188/4188/4188
f 4194/4194/4194 4193/4193/4193 4192/4192/4192
f 4187/4187/4187 146/146/146 1553/1553/1553
f 1553/1553/1553 1587/1587/1587 4187/4187/4187
f 4195/4195/4195 4194/4194/4194 4196/4196/4196
f 4194/4194/4194 4195/4195/4195 4197/4197/4197
f 4193/4193/4193 4194/4194/4194 4198/4198/4198
f 4197/4197/4197 4199/4199/4199 4194/4194/4194
f 4199/4199/4199 4197/4197/4197 4200/4200/4200
f 4194/4194/4194 4199/4199/4199 4198/4198/4198
f 4198/4198/4198 4201/4201/4201 4193/4193/4193
f 4199/4199/4199 4202/4202/4202 4198/4198/4198
f 4203/4203/4203 4202/4202/4202 4199/4199/4199
f 4198/4198/4198 4204/4204/4204 4201/4201/4201
f 4198/4198/4198 4205/4205/4205 4204/4204/4204
f 4206/4206/4206 4201/4201/4201 4204/4204/4204
f 4206/4206/4206 4204/4204/4204 4207/4207/4207
f 4204/4204/4204 4208/4208/4208 4207/4207/4207
f 4208/4208/4208 4204/4204/4204 4209/4209/4209
f 4210/4210/4210 4211/4211/4211 4212/4212/4212
f 4211/4211/4211 4210/4210/4210 4213/4213/4213
f 4213/4213/4213 4214/4214/4214 4211/4211/4211
f 4214/4214/4214 4213/4213/4213 4215/4215/4215
f 4215/4215/4215 4216/4216/4216 4214/4214/4214
f 4216/4216/4216 4215/4215/4215 4217/4217/4217
f 4217/4217/4217 4218/4218/4218 4216/4216/4216
f 4218/4218/4218 4217/4217/4217 4219/4219/4219
f 4220/4220/4220 4221/4221/4221 4222/4222/4222
f 4220/4220/4220 4222/4222/4222 4223/4223/4223
f 4224/4224/4224 4222/4222/4222 4221/4221/4221
f 4225/4225/4225 4223/4223/4223 4222/4222/4222
f 4225/4225/4225 4226/4226/4226 4223/4223/4223
f 4222/4222/4222 4224/4224/4224 4227/4227/4227
f 4227/4227/4227 4224/4224/4224 4228/4228/4228
f 4224/4224/4224 4229/4229/4229 4228/4228/4228
f 4230/4230/4230 4228/4228/4228 4229/4229/4229
f 4231/4231/4231 4230/4230/4230 4229/4229/4229
f 4232/4232/4232 4230/4230/4230 4231/4231/4231
f 4233/4233/4233 4232/4232/4232 4231/4231/4231
f 4234/4234/4234 4232/4232/4232 4233/4233/4233
f 4235/4235/4235 4234/4234/4234 4233/4233/4233
f 4236/4236/4236 4234/4234/4234 4235/4235/4235
f 4237/4237/4237 4236/4236/4236 4235/4235/4235
f 4235/4235/4235 4238/4238/4238 4237/4237/4237
f 4238/4238/4238 4235/4235/4235 4239/4239/4239
f 4239/4239/4239 4235/4235/4235 4240/4240/4240
f 4241/4241/4241 4240/4240/4240 4235/4235/4235
f 4231/4231/4231 4240/4240/4240 4241/4241/4241
f 4240/4240/4240 4231/4231/4231 4242/4242/4242
f 4229/4229/4229 4242/4242/4242 4231/4231/4231
f 4242/4242/4242 4229/4229/4229 4243/4243/4243
f 4244/4244/4244 4243/4243/4243 4229/4229/4229
f 4243/4243/4243 4244/4244/4244 4245/4245/4245
f 4246/4246/4246 4245/4245/4245 4244/4244/4244
f 4245/4245/4245 4246/4246/4246 4247/4247/4247
f 4247/4247/4247 4246/4246/4246 4248/4248/4248
f 4249/4249/4249 4247/4247/4247 4248/4248/4248
f 4247/4247/4247 4249/4249/4249 4250/4250/4250
f 4251/4251/4251 4252/4252/4252 4253/4253/4253
f 4251/4251/4251 4253/4253/4253 4254/4254/4254
f 4253/4253/4253 4252/4252/4252 4255/4255/4255
f 4256/4256/4256 4253/4253/4253 4255/4255/4255
f 4256/4256/4256 4255/4255/4255 4257/4257/4257
f 4257/4257/4257 4258/4258/4258 4256/4256/4256
f 4258/4258/4258 4257/4257/4257 4259/4259/4259
f 4260/4260/4260 4261/4261/4261 4254/4254/4254
f 4261/4261/4261 4260/4260/4260 4262/4262/4262
f 4263/4263/4263 4262/4262/4262 4260/4260/4260
f 4262/4262/4262 4263/4263/4263 4264/4264/4264
f 4265/4265/4265 4264/4264/4264 4263/4263/4263
f 4264/4264/4264 4265/4265/4265 4266/4266/4266
f 4267/4267/4267 4268/4268/4268 4269/4269/4269
f 4268/4268/4268 4270/4270/4270 4269/4269/4269
f 4267/4267/4267 4269/4269/4269 4271/4271/4271
f 4272/4272/4272 4271/4271/4271 4269/4269/4269
f 4271/4271/4271 4272/4272/4272 4273/4273/4273
f 4274/4274/4274 4273/4273/4273 4272/4272/4272
f 4273/4273/4273 4274/4274/4274 4275/4275/4275
f 4276/4276/4276 4277/4277/4277 4270/4270/4270
f 4277/4277/4277 4276/4276/4276 4278/4278/4278
f 4278/4278/4278 4279/4279/4279 4277/4277/4277
f 4279/4279/4279 4278/4278/4278 4280/4280/4280
f 4280/4280/4280 4281/4281/4281 4279/4279/4279
f 4281/4281/4281 4280/4280/4280 4282/4282/4282
f 4283/4283/4283 4284/4284/4284 4285/4285/4285
f 4286/4286/4286 4285/4285/4285 4284/4284/4284
f 4285/4285/4285 4286/4286/4286 4287/4287/4287
f 4288/4288/4288 4287/4287/4287 4286/4286/4286
f 4289/4289/4289 4287/4287/4287 4288/4288/4288
f 4287/4287/4287 4289/4289/4289 4290/4290/4290
f 4291/4291/4291 4290/4290/4290 4289/4289/4289
f 4290/4290/4290 4291/4291/4291 4292/4292/4292
f 4292/4292/4292 4291/4291/4291 4293/4293/4293
f 4294/4294/4294 4293/4293/4293 4291/4291/4291
f 4295/4295/4295 4296/4296/4296 4297/4297/4297
f 4295/4295/4295 4297/4297/4297 4298/4298/4298
f 4297/4297/4297 4299/4299/4299 4298/4298/4298
f 4299/4299/4299 4297/4297/4297 4300/4300/4300
f 4299/4299/4299 4300/4300/4300 4301/4301/4301
f 4299/4299/4299 4301/4301/4301 4302/4302/4302
f 4301/4301/4301 4303/4303/4303 4302/4302/4302
f 4303/4303/4303 4301/4301/4301 4304/4304/4304
f 4304/4304/4304 4305/4305/4305 4303/4303/4303
f 4305/4305/4305 4304/4304/4304 4306/4306/4306
f 4307/4307/4307 4308/4308/4308 4309/4309/4309
f 4308/4308/4308 4310/4310/4310 4309/4309/4309
f 4310/4310/4310 4308/4308/4308 4311/4311/4311
f 4307/4307/4307 4312/4312/4312 4308/4308/4308
f 4312/4312/4312 4307/4307/4307 4313/4313/4313
f 4313/4313/4313 4314/4314/4314 4312/4312/4312
f 4314/4314/4314 4313/4313/4313 4315/4315/4315
f 4315/4315/4315 4316/4316/4316 4314/4314/4314
f 4316/4316/4316 4315/4315/4315 4317/4317/4317
f 4317/4317/4317 4318/4318/4318 4316/4316/4316
f 4318/4318/4318 4317/4317/4317 4319/4319/4319
f 4318/4318/4318 4319/4319/4319 4320/4320/4320
f 4318/4318/4318 4320/4320/4320 4321/4321/4321
f 4321/4321/4321 4320/4320/4320 4322/4322/4322
f 4321/4321/4321 4322/4322/4322 4323/4323/4323
f 4324/4324/4324 4325/4325/4325 4326/4326/4326
f 4325/4325/4325 4324/4324/4324 4327/4327/4327
f 4328/4328/4328 4327/4327/4327 4324/4324/4324
f 4327/4327/4327 4328/4328/4328 4329/4329/4329
f 4330/4330/4330 4329/4329/4329 4328/4328/4328
f 4329/4329/4329 4330/4330/4330 4331/4331/4331
f 4332/4332/4332 4333/4333/4333 4334/4334/4334
f 4332/4332/4332 4334/4334/4334 4335/4335/4335
f 4335/4335/4335 4334/4334/4334 4336/4336/4336
f 4335/4335/4335 4336/4336/4336 4337/4337/4337
f 4337/4337/4337 4336/4336/4336 4338/4338/4338
f 4337/4337/4337 4338/4338/4338 4339/4339/4339
f 4340/4340/4340 4341/4341/4341 4342/4342/4342
f 4343/4343/4343 4342/4342/4342 4341/4341/4341
f 4342/4342/4342 4343/4343/4343 4344/4344/4344
f 4345/4345/4345 4344/4344/4344 4343/4343/4343
f 4341/4341/4341 4340/4340/4340 4346/4346/4346
f 4347/4347/4347 4346/4346/4346 4340/4340/4340
f 4347/4347/4347 4348/4348/4348 4346/4346/4346
f 4348/4348/4348 4347/4347/4347 4349/4349/4349
f 4350/4350/4350 4351/4351/4351 4352/4352/4352
f 4353/4353/4353 4350/4350/4350 4352/4352/4352
f 4353/4353/4353 4354/4354/4354 4350/4350/4350
f 4351/4351/4351 4350/4350/4350 4355/4355/4355
f 4355/4355/4355 4356/4356/4356 4351/4351/4351
f 4356/4356/4356 4355/4355/4355 4357/4357/4357
f 4358/4358/4358 4356/4356/4356 4357/4357/4357
f 4358/4358/4358 4359/4359/4359 4356/4356/4356
f 4360/4360/4360 4361/4361/4361 4362/4362/4362
f 4361/4361/4361 4363/4363/4363 4362/4362/4362
f 4364/4364/4364 4365/4365/4365 4366/4366/4366
f 4367/4367/4367 4364/4364/4364 4366/4366/4366
f 4368/4368/4368 4369/4369/4369 4370/4370/4370
f 4371/4371/4371 4369/4369/4369 4368/4368/4368
f 4370/4370/4370 4372/4372/4372 4368/4368/4368
f 4372/4372/4372 4370/4370/4370 4373/4373/4373
f 4374/4374/4374 4368/4368/4368 4372/4372/4372
f 4371/4371/4371 4368/4368/4368 4375/4375/4375
f 4368/4368/4368 4374/4374/4374 4375/4375/4375
f 4371/4371/4371 4375/4375/4375 4376/4376/4376
f 4377/4377/4377 4375/4375/4375 4374/4374/4374
f 4375/4375/4375 4378/4378/4378 4376/4376/4376
f 4375/4375/4375 4377/4377/4377 4379/4379/4379
f 4378/4378/4378 4375/4375/4375 4379/4379/4379
f 4380/4380/4380 4379/4379/4379 4377/4377/4377
f 4379/4379/4379 4380/4380/4380 4381/4381/4381
f 4378/4378/4378 4379/4379/4379 4381/4381/4381
f 4381/4381/4381 4382/4382/4382 4378/4378/4378
f 4383/4383/4383 3561/3561/3561 3563/3563/3563
f 4384/4384/4384 3561/3561/3561 4383/4383/4383
f 3563/3563/3563 4385/4385/4385 4383/4383/4383
f 4385/4385/4385 3563/3563/3563 4386/4386/4386
f 4387/4387/4387 4384/4384/4384 4383/4383/4383
f 4383/4383/4383 4385/4385/4385 4388/4388/4388
f 4389/4389/4389 4384/4384/4384 4387/4387/4387
f 4390/4390/4390 4388/4388/4388 4385/4385/4385
f 4391/4391/4391 4388/4388/4388 4390/4390/4390
f 4388/4388/4388 4391/4391/4391 4392/4392/4392
f 4393/4393/4393 4389/4389/4389 4387/4387/4387
f 4393/4393/4393 4394/4394/4394 4389/4389/4389
f 4393/4393/4393 715/715/715 4394/4394/4394
f 4395/4395/4395 715/715/715 4393/4393/4393
f 4395/4395/4395 717/717/717 715/715/715
f 717/717/717 4395/4395/4395 4396/4396/4396
f 4397/4397/4397 4398/4398/4398 4399/4399/4399
f 4400/4400/4400 4401/4401/4401 4402/4402/4402
f 4403/4403/4403 4404/4404/4404 4405/4405/4405
f 4404/4404/4404 4403/4403/4403 4406/4406/4406
f 4407/4407/4407 4403/4403/4403 4405/4405/4405
f 4407/4407/4407 4408/4408/4408 4403/4403/4403
f 4409/4409/4409 4410/4410/4410 4411/4411/4411
f 4409/4409/4409 4411/4411/4411 4412/4412/4412
f 4413/4413/4413 4410/4410/4410 4409/4409/4409
f 4413/4413/4413 4414/4414/4414 4410/4410/4410
f 4415/4415/4415 4414/4414/4414 4413/4413/4413
f 4415/4415/4415 4416/4416/4416 4414/4414/4414
f 4417/4417/4417 4418/4418/4418 4419/4419/4419
f 4417/4417/4417 4419/4419/4419 4420/4420/4420
f 4420/4420/4420 4419/4419/4419 4421/4421/4421
f 4420/4420/4420 4421/4421/4421 4422/4422/4422
f 4423/4423/4423 4424/4424/4424 4425/4425/4425
f 4426/4426/4426 4425/4425/4425 4424/4424/4424
f 4425/4425/4425 4426/4426/4426 4427/4427/4427
f 4428/4428/4428 4427/4427/4427 4426/4426/4426
f 4429/4429/4429 4430/4430/4430 4431/4431/4431
f 4432/4432/4432 4431/4431/4431 4430/4430/4430
f 4431/4431/4431 4432/4432/4432 4433/4433/4433
f 4430/4430/4430 4429/4429/4429 4434/4434/4434
f 4435/4435/4435 4434/4434/4434 4429/4429/4429
f 4434/4434/4434 4435/4435/4435 4436/4436/4436
f 4437/4437/4437 4436/4436/4436 4435/4435/4435
f 4436/4436/4436 4437/4437/4437 4438/4438/4438
f 4439/4439/4439 4438/4438/4438 4437/4437/4437
f 4438/4438/4438 4439/4439/4439 4440/4440/4440
f 4441/4441/4441 4442/4442/4442 4443/4443/4443
f 4444/4444/4444 4442/4442/4442 4441/4441/4441
f 4441/4441/4441 4443/4443/4443 4445/4445/4445
f 4445/4445/4445 4443/4443/4443 4446/4446/4446
f 4445/4445/4445 4446/4446/4446 4447/4447/4447
f 4444/4444/4444 4448/4448/4448 4442/4442/4442
f 4449/4449/4449 4448/4448/4448 4444/4444/4444
f 4449/4449/4449 4450/4450/4450 4448/4448/4448
f 4451/4451/4451 4450/4450/4450 4449/4449/4449
f 4451/4451/4451 4452/4452/4452 4450/4450/4450
f 152/152/152 161/161/161 4453/4453/4453
f 4453/4453/4453 4454/4454/4454 152/152/152
f 4455/4455/4455 4454/4454/4454 4453/4453/4453
f 4454/4454/4454 4455/4455/4455 4456/4456/4456
f 4457/4457/4457 4456/4456/4456 4455/4455/4455
f 4456/4456/4456 4457/4457/4457 4458/4458/4458
f 4459/4459/4459 4458/4458/4458 4457/4457/4457
f 4458/4458/4458 4459/4459/4459 4460/4460/4460
f 4460/4460/4460 4461/4461/4461 4462/4462/4462
f 4461/4461/4461 4460/4460/4460 4463/4463/4463
f 4460/4460/4460 4459/4459/4459 4463/4463/4463
f 4463/4463/4463 4464/4464/4464 4461/4461/4461
f 4465/4465/4465 4463/4463/4463 4459/4459/4459
f 4464/4464/4464 4463/4463/4463 4466/4466/4466
f 4467/4467/4467 4465/4465/4465 4459/4459/4459
f 4464/4464/4464 4466/4466/4466 4468/4468/4468
f 4469/4469/4469 4467/4467/4467 4459/4459/4459
f 4464/4464/4464 4468/4468/4468 4470/4470/4470
f 4471/4471/4471 4467/4467/4467 4469/4469/4469
f 4470/4470/4470 4468/4468/4468 4472/4472/4472
f 4467/4467/4467 4471/4471/4471 4473/4473/4473
f 4470/4470/4470 4472/4472/4472 4474/4474/4474
f 4475/4475/4475 4473/4473/4473 4471/4471/4471
f 4472/4472/4472 4476/4476/4476 4474/4474/4474
f 4473/4473/4473 4475/4475/4475 4477/4477/4477
f 4476/4476/4476 4472/4472/4472 4477/4477/4477
f 4477/4477/4477 4475/4475/4475 4478/4478/4478
f 4478/4478/4478 4476/4476/4476 4477/4477/4477
f 4479/4479/4479 4480/4480/4480 4481/4481/4481
f 4480/4480/4480 4479/4479/4479 4482/4482/4482
f 4483/4483/4483 4484/4484/4484 4485/4485/4485
f 4484/4484/4484 4483/4483/4483 4486/4486/4486
f 4487/4487/4487 4488/4488/4488 4489/4489/4489
f 4488/4488/4488 4487/4487/4487 4490/4490/4490
f 4491/4491/4491 4489/4489/4489 4488/4488/4488
f 4489/4489/4489 4491/4491/4491 4492/4492/4492
f 4493/4493/4493 4494/4494/4494 4495/4495/4495
f 4494/4494/4494 4493/4493/4493 4496/4496/4496
f 4497/4497/4497 4493/4493/4493 4495/4495/4495
f 4497/4497/4497 4498/4498/4498 4493/4493/4493
f 4499/4499/4499 4500/4500/4500 4501/4501/4501
f 4500/4500/4500 4499/4499/4499 4502/4502/4502
f 4503/4503/4503 4504/4504/4504 4505/4505/4505
f 4503/4503/4503 4505/4505/4505 4506/4506/4506
f 4507/4507/4507 4508/4508/4508 4509/4509/4509
f 4508/4508/4508 4507/4507/4507 4510/4510/4510
f 4511/4511/4511 4510/4510/4510 4507/4507/4507
f 4507/4507/4507 4512/4512/4512 4511/4511/4511
f 4513/4513/4513 4511/4511/4511 4512/4512/4512
f 4511/4511/4511 4513/4513/4513 4514/4514/4514
f 4514/4514/4514 4513/4513/4513 4515/4515/4515
f 4516/4516/4516 4515/4515/4515 4513/4513/4513
f 4517/4517/4517 4516/4516/4516 4513/4513/4513
f 4516/4516/4516 4517/4517/4517 4518/4518/4518
f 4513/4513/4513 4519/4519/4519 4517/4517/4517
f 4519/4519/4519 4513/4513/4513 4520/4520/4520
f 4521/4521/4521 4519/4519/4519 4520/4520/4520
f 4519/4519/4519 4521/4521/4521 4522/4522/4522
f 4523/4523/4523 4522/4522/4522 4521/4521/4521
f 4522/4522/4522 4523/4523/4523 4524/4524/4524
f 4525/4525/4525 4526/4526/4526 4527/4527/4527
f 4526/4526/4526 4525/4525/4525 4528/4528/4528
f 4527/4527/4527 4529/4529/4529 4525/4525/4525
f 4525/4525/4525 4529/4529/4529 4530/4530/4530
f 4529/4529/4529 4531/4531/4531 4530/4530/4530
f 4531/4531/4531 4529/4529/4529 4532/4532/4532
f 4531/4531/4531 4532/4532/4532 4533/4533/4533
f 4533/4533/4533 4534/4534/4534 4531/4531/4531
f 4534/4534/4534 4535/4535/4535 4531/4531/4531
f 4534/4534/4534 4536/4536/4536 4535/4535/4535
f 4531/4531/4531 4535/4535/4535 4537/4537/4537
f 4531/4531/4531 4537/4537/4537 4538/4538/4538
f 4537/4537/4537 4539/4539/4539 4538/4538/4538
f 4539/4539/4539 4537/4537/4537 4540/4540/4540
f 4540/4540/4540 4541/4541/4541 4539/4539/4539
f 4541/4541/4541 4540/4540/4540 4542/4542/4542
f 4543/4543/4543 4544/4544/4544 4545/4545/4545
f 4545/4545/4545 4546/4546/4546 4543/4543/4543
f 4546/4546/4546 4545/4545/4545 4547/4547/4547
f 4544/4544/4544 4543/4543/4543 4548/4548/4548
f 4548/4548/4548 4549/4549/4549 4544/4544/4544
f 4549/4549/4549 4548/4548/4548 4550/4550/4550
f 4551/4551/4551 4552/4552/4552 4553/4553/4553
f 4553/4553/4553 4554/4554/4554 4551/4551/4551
f 4554/4554/4554 4553/4553/4553 4555/4555/4555
f 4552/4552/4552 4551/4551/4551 4556/4556/4556
f 4556/4556/4556 4557/4557/4557 4552/4552/4552
f 4557/4557/4557 4556/4556/4556 4558/4558/4558
f 4559/4559/4559 4560/4560/4560 4561/4561/4561
f 4560/4560/4560 4559/4559/4559 4562/4562/4562
f 4563/4563/4563 4564/4564/4564 4565/4565/4565
f 4564/4564/4564 4563/4563/4563 4566/4566/4566
