# Blender 5.2.2 LTS
# www.blender.org
mtllib Untitled.mtl
o Mesh_92263601594064
v -0.084213 -1.479766 0.153039
v -0.062293 -1.511239 0.151617
v -0.079915 -1.498215 0.174807
v -0.079915 -1.515644 0.192490
v -0.064528 -1.554874 0.182497
v -0.055667 -1.491144 0.131752
v -0.088305 -1.460445 0.126971
v -0.033802 -1.452835 0.093884
v 0.000000 -1.491144 0.131752
v 0.000000 -1.452835 0.093884
v 0.000000 -1.511239 0.151617
v -0.062293 -1.511239 0.151617
v 0.000000 -1.554874 0.182497
v -0.064528 -1.554874 0.182497
v -0.062166 -1.477008 0.247826
v -0.039290 -1.438484 0.271903
v -0.047718 -1.438083 0.265482
v -0.043227 -1.418598 0.268425
v 0.000000 -1.418598 0.268425
v 0.000000 -1.438484 0.271903
v -0.030518 -1.483715 0.267083
v 0.000000 -1.483715 0.267083
v -0.070215 -1.500693 0.222172
v 0.000000 -1.518623 0.244930
v -0.035845 -1.518623 0.244930
v -0.074340 -1.514068 0.206542
v 0.000000 -1.544133 0.211364
v -0.049034 -1.544133 0.211364
v -0.079915 -1.515644 0.192490
v -0.064528 -1.554874 0.182497
v -0.049034 -1.544133 0.211364
v 0.000000 -1.554874 0.182497
v -0.064528 -1.554874 0.182497
v 0.000000 -1.339509 0.404769
v -0.052080 -1.323948 0.345138
v 0.000000 -1.375760 0.386644
v -0.052080 -1.340594 0.324042
v -0.041996 -1.301624 0.373429
v 0.000000 -1.406640 0.385301
v -0.015236 -1.415478 0.377446
v 0.000000 -1.432150 0.402084
v -0.041996 -1.272739 0.402654
v 0.000000 -1.297887 0.441020
v -0.052080 -1.256147 0.419442
v 0.000000 -1.293859 0.473915
v -0.043660 -1.436052 0.261041
v -0.062166 -1.477008 0.247826
v -0.047718 -1.438083 0.265482
v -0.043227 -1.418598 0.268425
v -0.043804 -1.468275 0.234188
v -0.070215 -1.500693 0.222172
v 0.000000 -1.436052 0.261041
v 0.000000 -1.418598 0.268425
v 0.000000 -1.468275 0.234188
v -0.043804 -1.468275 0.234188
v 0.000000 -1.483715 0.200623
v -0.062096 -1.483715 0.200623
v -0.062096 -1.483715 0.200623
v -0.074340 -1.514068 0.206542
v -0.079915 -1.515644 0.192490
v -0.079915 -1.498215 0.174807
v -0.069943 -1.468275 0.161015
v -0.084213 -1.479766 0.153039
v -0.088305 -1.460445 0.126971
v -0.088305 -1.449056 0.152923
v -0.069943 -1.441268 0.202861
v -0.088305 -1.425242 0.189238
v -0.091066 -1.407150 0.207323
v -0.072704 -1.421954 0.226133
v -0.071505 -1.379662 0.248286
v -0.097836 -1.373477 0.220958
v -0.105418 -1.346292 0.219232
v -0.066053 -1.353480 0.256342
v -0.111844 -1.320104 0.216525
v -0.086599 -1.319442 0.259219
v 0.000000 -1.379662 0.248286
v 0.000000 -1.421954 0.226133
v -0.072704 -1.421954 0.226133
v 0.000000 -1.353480 0.256342
v -0.069943 -1.441268 0.202861
v 0.000000 -1.441268 0.202861
v -0.069943 -1.468275 0.161015
v 0.000000 -1.468275 0.161015
v -0.060566 -1.326371 0.284140
v 0.000000 1.058574 -0.510566
v -0.091365 1.058574 -0.510566
v 0.000000 1.084279 -0.502585
v 0.000000 1.015656 -0.523891
v -0.091365 1.084279 -0.502585
v -0.091365 1.015656 -0.523891
v -0.089111 1.105917 -0.496161
v -0.091365 0.975692 -0.536299
v 0.000000 1.105917 -0.496161
v -0.087004 1.144453 -0.484721
v 0.000000 1.144453 -0.484721
v 0.000000 0.975692 -0.536299
v -0.088288 0.900389 -0.548592
v 0.000000 0.900389 -0.548592
v -0.087592 0.860541 -0.553853
v 0.000000 0.860565 -0.553853
v -0.071813 0.757255 -0.557808
v 0.000000 0.757255 -0.557808
v -0.068339 0.731845 -0.557491
v 0.000000 0.731845 -0.557491
v -0.063613 0.678111 -0.553239
v 0.000000 0.678111 -0.553239
v -0.059270 0.596234 -0.533476
v 0.000000 0.596234 -0.533476
v -0.054419 0.569130 -0.513712
v 0.000000 0.569130 -0.513712
v 0.089111 1.105917 -0.496161
v 0.000000 1.084279 -0.502585
v 0.000000 1.105917 -0.496161
v 0.087004 1.144453 -0.484721
v 0.000000 1.144453 -0.484721
v 0.091365 1.084279 -0.502585
v 0.000000 1.058574 -0.510566
v 0.091365 1.058574 -0.510566
v 0.091365 1.015656 -0.523891
v 0.000000 1.015656 -0.523891
v 0.000000 0.975692 -0.536299
v 0.091365 0.975692 -0.536299
v 0.088288 0.900389 -0.548592
v 0.000000 0.900389 -0.548592
v 0.087592 0.860541 -0.553853
v 0.000000 0.860565 -0.553853
v 0.071813 0.757255 -0.557808
v 0.000000 0.757255 -0.557808
v 0.068339 0.731845 -0.557491
v 0.000000 0.731845 -0.557491
v 0.063613 0.678111 -0.553239
v 0.000000 0.678111 -0.553239
v 0.059270 0.596234 -0.533476
v 0.000000 0.596234 -0.533476
v 0.054419 0.569130 -0.513712
v 0.000000 0.569130 -0.513712
v -0.065106 0.970291 0.250462
v 0.000000 0.961567 0.271179
v 0.000000 0.970291 0.250462
v -0.078008 0.961567 0.271179
v 0.065106 0.970291 0.250462
v 0.000000 0.970291 0.250462
v 0.000000 0.961567 0.271179
v 0.078008 0.961567 0.271179
v 0.000000 -1.436849 0.358449
v 0.070341 -1.400377 0.210223
v 0.055965 -1.373227 0.284412
v 0.000000 -1.486164 0.299959
v 0.015236 -1.415478 0.377446
v 0.000000 -1.432150 0.402084
v 0.000000 -1.406640 0.385301
v 0.052080 -1.340594 0.324042
v 0.000000 -1.375760 0.386644
v 0.052080 -1.323948 0.345138
v 0.000000 -1.339509 0.404769
v 0.041996 -1.301624 0.373429
v 0.041996 -1.272739 0.402654
v 0.000000 -1.297887 0.441020
v 0.052080 -1.256147 0.419442
v 0.000000 -1.293859 0.473915
v 0.052080 -1.286884 0.274226
v 0.000000 -1.299416 0.182396
v -0.080564 -1.299416 0.182396
v 0.000000 -1.269721 0.181192
v 0.081741 -1.269721 0.181192
v 0.080564 -1.299416 0.182396
v 0.000000 -1.236414 0.165141
v 0.081741 -1.236414 0.165141
v 0.061341 -1.207521 0.133840
v 0.000000 -1.207521 0.133840
v 0.105688 -1.226611 0.185229
v 0.111844 -1.210549 0.174330
v 0.081741 -1.269721 0.181192
v 0.103617 -1.261029 0.201864
v 0.103617 -1.290322 0.209947
v 0.080564 -1.299416 0.182396
v 0.111844 -1.320104 0.216525
v 0.000000 0.792408 0.579676
v 0.039929 0.805728 0.641064
v 0.049111 0.792408 0.579676
v 0.000000 0.805728 0.641064
v 0.000000 0.797042 0.538558
v 0.060096 0.797042 0.538558
v 0.000000 0.848857 0.478121
v 0.060096 0.848857 0.478121
v 0.000000 0.792408 0.579676
v -0.039929 0.805728 0.641064
v 0.000000 0.805728 0.641064
v -0.049111 0.792408 0.579676
v 0.000000 0.797042 0.538558
v -0.060096 0.797042 0.538558
v -0.060096 0.848857 0.478121
v 0.000000 0.848857 0.478121
v 0.096239 -1.128473 0.232866
v 0.088708 -1.111529 0.238444
v 0.075702 -1.134632 0.242916
v 0.107570 -1.169821 0.210756
v 0.000000 -1.111529 0.238444
v 0.071149 -1.093011 0.234860
v 0.000000 -1.093011 0.234860
v 0.000000 -1.134632 0.242916
v 0.000000 -1.175641 0.220939
v 0.089548 -1.175641 0.220939
v 0.000000 -1.208477 0.212035
v 0.093482 -1.208477 0.212035
v 0.093482 -1.246742 0.214720
v 0.000000 -1.246742 0.214720
v 0.081761 -1.282321 0.234188
v 0.000000 -1.282321 0.234188
v 0.093482 -1.208477 0.212035
v 0.111844 -1.197929 0.186376
v 0.111844 -1.210549 0.174330
v 0.105688 -1.226611 0.185229
v 0.093482 -1.246742 0.214720
v 0.103617 -1.261029 0.201864
v 0.081761 -1.282321 0.234188
v 0.103617 -1.290322 0.209947
v 0.111844 -1.320104 0.216525
v 0.086599 -1.319442 0.259219
v 0.066053 -1.353480 0.256342
v 0.067755 -1.292817 0.261469
v 0.060566 -1.326371 0.284140
v 0.070941 -1.311533 0.283955
v 0.058836 -1.298745 0.283795
v 0.050204 -1.294405 0.309376
v 0.070941 -1.311533 0.283955
v 0.050204 -1.294405 0.309376
v 0.000000 -1.326371 0.284140
v 0.000000 -1.294405 0.309376
v 0.000000 -1.353480 0.256342
v 0.066053 -1.353480 0.256342
v 0.000000 -1.379662 0.248286
v 0.071505 -1.379662 0.248286
v 0.000000 -1.421954 0.226133
v 0.072704 -1.421954 0.226133
v 0.069943 -1.441268 0.202861
v 0.000000 -1.441268 0.202861
v 0.000000 -1.468275 0.161015
v 0.069943 -1.468275 0.161015
v -0.069889 0.047889 -0.479404
v 0.000000 0.045719 -0.479404
v -0.058115 0.004701 -0.479222
v 0.000000 0.092997 -0.471166
v -0.070879 0.093577 -0.471166
v 0.000000 0.001027 -0.479222
v -0.047375 -0.030292 -0.473525
v 0.000000 -0.035184 -0.473525
v 0.000000 0.045719 -0.479404
v 0.069889 0.047889 -0.479404
v 0.058115 0.004701 -0.479222
v 0.000000 0.092997 -0.471166
v 0.070879 0.093577 -0.471166
v 0.000000 0.001027 -0.479222
v 0.047375 -0.030292 -0.473525
v 0.000000 -0.035184 -0.473525
v 0.087754 0.754637 0.652171
v 0.072104 0.746261 0.685372
v 0.090387 0.731315 0.660611
v 0.077012 0.712699 0.686050
v 0.092662 0.702267 0.661523
v 0.072104 0.768002 0.684695
v 0.087754 0.784076 0.644590
v 0.087754 0.795632 0.662538
v 0.072104 0.796140 0.696900
v 0.087754 0.812358 0.676617
v 0.072104 0.835467 0.707748
v 0.087754 0.840678 0.688044
v 0.061098 0.889590 0.696848
v 0.045447 0.891744 0.711139
v 0.040977 0.931110 0.692287
v 0.025327 0.934611 0.698839
v 0.015592 0.965628 0.670936
v 0.000000 0.934611 0.698839
v 0.000000 0.965628 0.670936
v 0.000000 0.891744 0.711139
v 0.000000 0.835467 0.707748
v 0.072104 0.835467 0.707748
v 0.000000 0.796140 0.696900
v 0.072104 0.796140 0.696900
v 0.000000 0.768002 0.684695
v 0.072104 0.768002 0.684695
v 0.072104 0.746261 0.685372
v 0.000000 0.746261 0.685372
v 0.000000 0.712699 0.686050
v 0.077012 0.712699 0.686050
v -0.072104 0.746261 0.685372
v -0.087754 0.754637 0.652171
v -0.090387 0.731315 0.660611
v -0.077012 0.712699 0.686050
v -0.092662 0.702267 0.661523
v -0.072104 0.768002 0.684695
v -0.087754 0.784076 0.644590
v -0.087754 0.795632 0.662538
v -0.072104 0.796140 0.696900
v -0.087754 0.812358 0.676617
v -0.072104 0.835467 0.707748
v -0.087754 0.840678 0.688044
v -0.061098 0.889590 0.696848
v -0.045447 0.891744 0.711139
v -0.040977 0.931110 0.692287
v -0.072104 0.835467 0.707748
v 0.000000 0.835467 0.707748
v -0.072104 0.796140 0.696900
v 0.000000 0.796140 0.696900
v -0.072104 0.768002 0.684695
v 0.000000 0.768002 0.684695
v 0.000000 0.746261 0.685372
v -0.072104 0.746261 0.685372
v 0.000000 0.712699 0.686050
v -0.077012 0.712699 0.686050
v 0.000000 0.891744 0.711139
v -0.025327 0.934611 0.698839
v 0.000000 0.934611 0.698839
v -0.015592 0.965628 0.670936
v 0.020461 1.169126 -0.406796
v 0.000000 1.230609 -0.419912
v 0.000000 1.169126 -0.406796
v 0.000000 1.128958 -0.372366
v 0.037810 1.131467 -0.370659
v 0.000000 1.090429 -0.312523
v 0.047275 1.090429 -0.312523
v 0.000000 1.041031 -0.182573
v 0.083106 1.041031 -0.182573
v 0.000000 0.998615 -0.052656
v 0.083106 0.998615 -0.052656
v 0.067351 0.383936 0.671039
v 0.094770 0.401777 0.650291
v 0.079119 0.415199 0.669892
v 0.089392 0.380301 0.657398
v 0.076451 0.357558 0.655713
v 0.061059 0.360395 0.666102
v 0.069118 0.337865 0.651533
v 0.000000 0.383936 0.671039
v 0.000000 0.415199 0.669892
v 0.079119 0.415199 0.669892
v 0.000000 0.430907 0.661138
v 0.079119 0.430907 0.661138
v 0.000000 0.359824 0.666102
v 0.053417 0.338949 0.658419
v 0.039408 0.326522 0.639776
v 0.000000 0.338045 0.658419
v 0.000000 0.325425 0.639776
v -0.039090 1.176842 -0.399809
v -0.052349 1.178066 -0.408452
v -0.080708 1.140754 -0.393360
v -0.009587 1.211260 -0.413863
v 0.000000 1.176842 -0.399809
v 0.000000 1.211260 -0.413863
v 0.000000 1.149857 -0.380634
v -0.057425 1.149857 -0.380634
v -0.089958 1.107272 -0.360488
v 0.000000 1.118496 -0.347647
v -0.072648 1.118496 -0.347647
v -0.091521 1.082732 -0.331685
v -0.076515 1.100879 -0.315125
v 0.000000 1.100879 -0.315125
v -0.076515 1.100879 -0.315125
v 0.000000 1.083098 -0.266882
v -0.080611 1.083098 -0.266882
v 0.000000 1.024693 -0.097711
v -0.090863 1.024693 -0.097711
v 0.000000 1.006217 -0.043902
v -0.090863 1.006217 -0.043902
v -0.077331 0.105902 -0.439615
v -0.109295 0.067858 -0.421085
v -0.101913 0.087116 -0.401379
v -0.070879 0.093577 -0.471166
v -0.069889 0.047889 -0.479404
v -0.098391 0.031576 -0.442669
v -0.058115 0.004701 -0.479222
v -0.090208 -0.001883 -0.446000
v -0.079849 -0.035634 -0.442141
v -0.047375 -0.030292 -0.473525
v -0.050913 -0.065855 -0.423360
v -0.022937 -0.059821 -0.437818
v 0.000000 -0.035184 -0.473525
v 0.000000 -0.065741 -0.437818
v -0.017717 -0.080205 -0.401434
v 0.000000 -0.086039 -0.401434
v 0.101913 0.087116 -0.401379
v 0.109295 0.067858 -0.421085
v 0.077331 0.105902 -0.439615
v 0.070879 0.093577 -0.471166
v 0.069889 0.047889 -0.479404
v 0.098391 0.031576 -0.442669
v 0.058115 0.004701 -0.479222
v 0.090208 -0.001883 -0.446000
v 0.079849 -0.035634 -0.442141
v 0.047375 -0.030292 -0.473525
v 0.050913 -0.065855 -0.423360
v 0.022937 -0.059821 -0.437818
v 0.000000 -0.035184 -0.473525
v 0.017717 -0.080205 -0.401434
v 0.000000 -0.065741 -0.437818
v 0.000000 -0.086039 -0.401434
v -0.085849 0.661514 0.679236
v 0.000000 0.661514 0.679236
v -0.077012 0.712699 0.686050
v 0.000000 0.712699 0.686050
v 0.000000 0.622132 0.674873
v -0.090679 0.622132 0.674873
v 0.000000 0.661514 0.679236
v 0.085849 0.661514 0.679236
v 0.077012 0.712699 0.686050
v 0.000000 0.712699 0.686050
v 0.000000 0.622132 0.674873
v 0.090679 0.622132 0.674873
v 0.000000 0.613063 0.754447
v -0.078777 0.598248 0.750050
v 0.000000 0.598248 0.750050
v 0.000000 0.572639 0.742450
v -0.078777 0.613063 0.754447
v -0.081328 0.572639 0.742413
v -0.077860 0.660163 0.768425
v -0.081158 0.542973 0.726845
v 0.000000 0.660163 0.768425
v 0.000000 0.542973 0.726845
v -0.073808 0.729617 0.772942
v -0.081158 0.510686 0.709860
v 0.000000 0.729617 0.772942
v -0.069690 0.785249 0.769110
v 0.000000 0.785249 0.769110
v 0.000000 0.510686 0.709860
v -0.079972 0.464222 0.685419
v 0.000000 0.464222 0.685419
v -0.079119 0.430907 0.661138
v 0.000000 0.430907 0.661138
v 0.000000 0.840400 0.079326
v 0.057438 0.853281 0.122069
v 0.083106 0.840400 0.079326
v 0.083106 0.839939 0.053562
v 0.000000 0.853281 0.122069
v 0.000000 0.839939 0.053562
v 0.030956 0.870496 0.162237
v 0.000000 0.839580 0.033419
v 0.000000 0.870496 0.162237
v 0.083106 0.839580 0.033419
v 0.030956 0.915805 0.191987
v 0.000000 0.856795 0.002268
v 0.000000 0.915805 0.191987
v 0.083106 0.856795 0.002268
v 0.030956 0.966409 0.208144
v 0.000000 0.883027 -0.027243
v 0.000000 0.966409 0.208144
v 0.083106 0.883027 -0.027243
v 0.000000 0.998380 0.201586
v 0.000000 0.928115 -0.047738
v 0.030956 0.998380 0.201586
v 0.083106 0.928115 -0.047738
v 0.029462 1.023793 0.172075
v 0.000000 0.970743 -0.055115
v 0.000000 1.023793 0.172075
v 0.083106 0.970743 -0.055115
v 0.083106 0.998615 -0.052656
v 0.000000 0.998615 -0.052656
v 0.028935 1.042648 0.140923
v 0.000000 1.042648 0.140923
v 0.000000 1.052485 0.045011
v 0.000000 0.840400 0.079326
v -0.057438 0.853281 0.122069
v 0.000000 0.853281 0.122069
v -0.083106 0.840400 0.079326
v -0.030956 0.870496 0.162237
v 0.000000 0.839939 0.053562
v 0.000000 0.870496 0.162237
v -0.083106 0.839939 0.053562
v 0.000000 0.915805 0.191987
v -0.083106 0.839580 0.033419
v -0.030956 0.915805 0.191987
v 0.000000 0.839580 0.033419
v 0.000000 0.966409 0.208144
v -0.083106 0.856795 0.002268
v -0.030956 0.966409 0.208144
v 0.000000 0.856795 0.002268
v -0.030956 0.998380 0.201586
v -0.083106 0.883027 -0.027243
v 0.000000 0.998380 0.201586
v 0.000000 0.883027 -0.027243
v -0.029462 1.023793 0.172075
v -0.083106 0.928115 -0.047738
v 0.000000 1.023793 0.172075
v 0.000000 0.928115 -0.047738
v -0.028935 1.042648 0.140923
v 0.000000 1.042648 0.140923
v 0.000000 1.052485 0.045011
v -0.083106 0.970743 -0.055115
v 0.000000 0.970743 -0.055115
v 0.000000 0.998615 -0.052656
v -0.083106 0.998615 -0.052656
v 0.000000 0.870099 -0.377062
v 0.098490 0.870664 -0.333583
v 0.098490 0.870099 -0.377062
v 0.000000 0.898333 -0.449905
v 0.098490 0.898333 -0.449905
v 0.000000 0.870664 -0.333583
v 0.098490 0.886475 -0.306478
v 0.000000 0.886475 -0.306478
v 0.069084 -1.389126 0.184422
v 0.097836 -1.373477 0.220958
v 0.091066 -1.407150 0.207323
v 0.071505 -1.379662 0.248286
v 0.091066 -1.407150 0.207323
v 0.069943 -1.405980 0.170779
v 0.072704 -1.421954 0.226133
v 0.088305 -1.425242 0.189238
v 0.069943 -1.441268 0.202861
v 0.088305 -1.425242 0.189238
v 0.069943 -1.431187 0.145142
v 0.088305 -1.449056 0.152923
v 0.069943 -1.468275 0.161015
v 0.088305 -1.460445 0.126971
v 0.033802 -1.452835 0.093884
v 0.000000 -1.431187 0.145142
v 0.000000 -1.452835 0.093884
v 0.069943 -1.405980 0.170779
v 0.000000 -1.405980 0.170779
v 0.069084 -1.389126 0.184422
v 0.000000 -1.389126 0.184422
v 0.000000 -1.366235 0.193910
v 0.073954 -1.366235 0.193910
v 0.069943 -1.468275 0.161015
v 0.084213 -1.479766 0.153039
v 0.079915 -1.498215 0.174807
v 0.062096 -1.483715 0.200623
v 0.055667 -1.491144 0.131752
v 0.062293 -1.511239 0.151617
v 0.033802 -1.452835 0.093884
v 0.079915 -1.515644 0.192490
v 0.064528 -1.554874 0.182497
v 0.000000 -1.491144 0.131752
v 0.000000 -1.452835 0.093884
v 0.000000 -1.511239 0.151617
v 0.062293 -1.511239 0.151617
v 0.000000 -1.554874 0.182497
v 0.064528 -1.554874 0.182497
v 0.049034 -1.544133 0.211364
v 0.064528 -1.554874 0.182497
v 0.074340 -1.514068 0.206542
v 0.035845 -1.518623 0.244930
v 0.070215 -1.500693 0.222172
v 0.043804 -1.468275 0.234188
v 0.062166 -1.477008 0.247826
v 0.043660 -1.436052 0.261041
v 0.047718 -1.438083 0.265482
v 0.043227 -1.418598 0.268425
v 0.039290 -1.438484 0.271903
v 0.000000 -1.418598 0.268425
v 0.062166 -1.477008 0.247826
v 0.000000 -1.438484 0.271903
v 0.030518 -1.483715 0.267083
v 0.000000 -1.483715 0.267083
v 0.000000 -1.518623 0.244930
v 0.000000 -1.544133 0.211364
v 0.049034 -1.544133 0.211364
v 0.000000 -1.554874 0.182497
v 0.064528 -1.554874 0.182497
v 0.000000 0.828891 0.409271
v 0.060096 0.848857 0.478121
v 0.060096 0.828891 0.409271
v 0.000000 0.848857 0.478121
v 0.000000 0.820629 0.333536
v 0.075883 0.820629 0.333536
v 0.053982 0.828891 0.316323
v 0.000000 0.828891 0.316323
v -0.060096 0.828891 0.409271
v 0.000000 0.848857 0.478121
v 0.000000 0.828891 0.409271
v -0.060096 0.848857 0.478121
v 0.000000 0.820629 0.333536
v -0.075883 0.820629 0.333536
v -0.053982 0.828891 0.316323
v 0.000000 0.828891 0.316323
v 0.000000 0.646830 -0.452370
v 0.086708 0.646830 -0.452370
v 0.086708 0.624192 -0.427671
v 0.000000 0.624192 -0.427671
v 0.000000 0.604365 -0.415003
v 0.087167 0.604365 -0.415003
v 0.087167 0.544119 -0.376511
v 0.000000 0.544119 -0.376511
v 0.000000 0.478672 -0.349500
v 0.090815 0.478672 -0.349500
v 0.090815 0.420598 -0.330191
v 0.000000 0.420598 -0.330191
v 0.090815 0.378063 -0.320664
v 0.000000 0.378063 -0.320664
v 0.090815 0.341383 -0.317436
v 0.000000 0.341383 -0.317436
v 0.000000 0.273891 -0.324469
v 0.090815 0.273891 -0.324469
v 0.090591 0.210474 -0.346601
v 0.000000 0.210474 -0.346601
v 0.000000 0.154086 -0.389937
v 0.089762 0.152611 -0.389937
v 0.077331 0.105902 -0.439615
v 0.000000 0.105752 -0.439615
v 0.052349 1.178066 -0.408452
v 0.039090 1.176842 -0.413576
v 0.009587 1.211260 -0.413863
v 0.000000 1.176842 -0.413576
v 0.000000 1.211260 -0.413863
v 0.039090 1.176842 -0.399809
v 0.000000 1.176842 -0.399809
v 0.000000 1.211260 -0.413863
v 0.000000 1.149857 -0.380634
v 0.057425 1.149857 -0.380634
v 0.080708 1.140754 -0.393360
v 0.000000 1.118496 -0.347647
v 0.089958 1.107272 -0.360488
v 0.072648 1.118496 -0.347647
v 0.000000 1.100879 -0.315125
v 0.091521 1.082732 -0.331685
v 0.076515 1.100879 -0.315125
v 0.076515 1.100879 -0.315125
v 0.000000 1.083098 -0.266882
v 0.094110 1.055988 -0.270092
v 0.080611 1.083098 -0.266882
v 0.080611 1.083098 -0.266882
v 0.000000 1.024693 -0.097711
v 0.104362 1.008857 -0.129714
v 0.090863 1.024693 -0.097711
v 0.090863 1.006217 -0.043902
v 0.000000 1.006217 -0.043902
v 0.090863 1.024693 -0.097711
v 0.104362 0.988086 -0.081614
v 0.090863 1.006217 -0.043902
v 0.090863 0.976854 -0.046726
v 0.104362 0.963286 -0.076925
v 0.091062 0.948164 -0.041320
v 0.104562 0.940268 -0.072573
v 0.104562 0.905912 -0.058849
v 0.091062 0.917283 -0.029237
v 0.104562 0.871413 -0.036254
v 0.091062 0.881703 -0.009097
v 0.110915 0.835633 0.006460
v 0.092245 0.854851 0.018426
v 0.114318 0.826742 0.037160
v 0.094337 0.845452 0.040580
v 0.115873 0.825487 0.048394
v 0.086717 0.845296 0.074435
v 0.118473 0.822930 0.071285
v 0.118473 0.824473 0.087399
v 0.000000 0.845452 0.040580
v 0.092245 0.854851 0.018426
v 0.000000 0.854851 0.018426
v 0.091062 0.881703 -0.009097
v 0.000000 0.881703 -0.009097
v 0.000000 0.917283 -0.029237
v 0.091062 0.917283 -0.029237
v 0.000000 0.948164 -0.041320
v 0.091062 0.948164 -0.041320
v 0.090863 0.976854 -0.046726
v 0.000000 0.976854 -0.046726
v 0.090863 1.006217 -0.043902
v 0.000000 1.006217 -0.043902
v 0.000000 0.845296 0.074435
v 0.081239 0.846997 0.088529
v 0.000000 0.846997 0.088529
v 0.118473 0.828663 0.131153
v 0.067742 0.859129 0.123483
v -0.093633 0.630719 -0.423165
v -0.086708 0.636080 -0.419463
v -0.086708 0.646830 -0.452370
v -0.100300 0.614505 -0.402091
v -0.090489 0.621936 -0.392628
v -0.114904 0.560143 -0.347669
v -0.094164 0.577685 -0.316093
v -0.118435 0.500358 -0.308728
v -0.090815 0.521553 -0.259609
v -0.086708 0.624192 -0.427671
v -0.100300 0.614505 -0.402091
v 0.000000 0.624192 -0.427671
v 0.000000 0.646830 -0.452370
v 0.000000 0.604365 -0.415003
v -0.087167 0.604365 -0.415003
v -0.087167 0.604365 -0.415003
v -0.087167 0.544119 -0.376511
v 0.000000 0.544119 -0.376511
v -0.114904 0.560143 -0.347669
v -0.087167 0.544119 -0.376511
v -0.118435 0.500358 -0.308728
v 0.000000 0.478672 -0.349500
v -0.090815 0.478672 -0.349500
v -0.090815 0.478672 -0.349500
v -0.090815 0.420598 -0.330191
v 0.000000 0.420598 -0.330191
v -0.115222 0.418193 -0.298300
v -0.090815 0.420598 -0.330191
v -0.090815 0.378063 -0.320664
v 0.000000 0.378063 -0.320664
v -0.116415 0.378914 -0.290460
v -0.090815 0.378063 -0.320664
v -0.090815 0.341383 -0.317436
v 0.000000 0.341383 -0.317436
v -0.117023 0.340907 -0.288137
v -0.090815 0.341383 -0.317436
v -0.090815 0.273891 -0.324469
v -0.090815 0.273891 -0.324469
v -0.114721 0.259713 -0.297826
v 0.000000 0.273891 -0.324469
v -0.090591 0.210474 -0.346601
v -0.090591 0.210474 -0.346601
v -0.111993 0.195503 -0.323590
v 0.000000 0.210474 -0.346601
v -0.110671 0.140341 -0.352360
v 0.000000 0.154086 -0.389937
v -0.089762 0.152611 -0.389937
v -0.101913 0.087116 -0.401379
v -0.077331 0.105902 -0.439615
v -0.089762 0.152611 -0.389937
v -0.077331 0.105902 -0.439615
v 0.000000 0.105752 -0.439615
v -0.089111 1.105917 -0.496161
v -0.091365 1.084279 -0.502585
v -0.113936 1.046150 -0.460436
v -0.091365 1.058574 -0.510566
v -0.104262 1.067877 -0.443134
v -0.087004 1.144453 -0.484721
v -0.115228 1.021704 -0.479904
v -0.091365 1.015656 -0.523891
v -0.116645 0.991246 -0.493331
v -0.091365 0.975692 -0.536299
v -0.120159 0.954631 -0.501197
v -0.088288 0.900389 -0.548592
v -0.125422 0.887393 -0.498352
v -0.087592 0.860541 -0.553853
v -0.125422 0.848858 -0.496722
v -0.071813 0.757255 -0.557808
v -0.106136 0.753778 -0.518520
v -0.100666 0.731296 -0.522028
v -0.068339 0.731845 -0.557491
v -0.089830 0.676204 -0.530622
v -0.063613 0.678111 -0.553239
v -0.069068 0.600312 -0.523962
v -0.059270 0.596234 -0.533476
v -0.054419 0.569130 -0.513712
v -0.079515 0.954781 0.312640
v -0.075437 0.972603 0.322860
v -0.066634 0.983507 0.303566
v -0.078008 0.961567 0.271179
v -0.091508 0.927722 0.260579
v -0.065106 0.970291 0.250462
v -0.076571 0.964686 0.227253
v 0.000000 0.961567 0.271179
v 0.000000 0.981990 0.303385
v -0.062215 0.995459 0.315916
v -0.066735 0.986627 0.330902
v 0.000000 0.994872 0.315590
v -0.055651 1.017920 0.333445
v 0.000000 1.018651 0.332601
v -0.072104 0.842882 0.440833
v 0.000000 0.854820 0.479770
v 0.000000 0.842882 0.440833
v -0.072104 0.854820 0.479770
v -0.072104 0.833437 0.410032
v 0.000000 0.833437 0.410032
v 0.000000 0.842882 0.440833
v 0.072104 0.854820 0.479770
v 0.072104 0.842882 0.440833
v 0.000000 0.854820 0.479770
v 0.000000 0.833437 0.410032
v 0.072104 0.833437 0.410032
v -0.087029 1.120944 0.264154
v -0.062690 1.149440 0.278319
v -0.082407 1.148751 0.239315
v -0.032154 1.200249 0.228255
v 0.000000 1.149440 0.278319
v 0.000000 1.200249 0.228255
v 0.000000 1.104350 0.293236
v -0.063960 1.104350 0.293236
v 0.000000 1.069672 0.298197
v -0.083451 1.098600 0.279164
v -0.063960 1.069672 0.298197
v 0.000000 1.028722 0.288128
v -0.081364 1.064973 0.285276
v -0.070388 1.028722 0.288128
v 0.000000 1.017980 0.280910
v -0.081364 1.029267 0.284443
v -0.078205 1.017980 0.280910
v -0.094110 1.055988 -0.270092
v -0.104362 1.008857 -0.129714
v -0.080611 1.083098 -0.266882
v -0.090863 1.024693 -0.097711
v -0.104362 0.988086 -0.081614
v -0.090863 1.006217 -0.043902
v -0.090863 0.976854 -0.046726
v -0.104362 0.963286 -0.076925
v -0.091062 0.948164 -0.041320
v -0.104562 0.940268 -0.072573
v -0.104562 0.905912 -0.058849
v -0.091062 0.917283 -0.029237
v -0.104562 0.871413 -0.036254
v -0.091062 0.881703 -0.009097
v -0.110915 0.835633 0.006460
v -0.092245 0.854851 0.018426
v -0.114318 0.826742 0.037160
v -0.094337 0.845452 0.040580
v -0.115873 0.825487 0.048394
v -0.086717 0.845296 0.074435
v -0.118473 0.822930 0.071285
v -0.118473 0.824473 0.087399
v 0.000000 0.845452 0.040580
v -0.092245 0.854851 0.018426
v 0.000000 0.854851 0.018426
v -0.091062 0.881703 -0.009097
v 0.000000 0.881703 -0.009097
v -0.091062 0.917283 -0.029237
v 0.000000 0.917283 -0.029237
v -0.091062 0.948164 -0.041320
v 0.000000 0.948164 -0.041320
v -0.090863 0.976854 -0.046726
v 0.000000 0.976854 -0.046726
v 0.000000 1.006217 -0.043902
v -0.090863 1.006217 -0.043902
v 0.000000 0.845296 0.074435
v -0.081239 0.846997 0.088529
v 0.000000 0.846997 0.088529
v -0.118473 0.828663 0.131153
v -0.067742 0.859129 0.123483
v 0.000000 0.961567 0.271179
v 0.066634 0.983507 0.303566
v 0.078008 0.961567 0.271179
v 0.000000 0.981990 0.303385
v 0.062215 0.995459 0.315916
v 0.000000 0.994872 0.315590
v 0.055651 1.017920 0.333445
v 0.000000 1.018651 0.332601
v -0.109419 0.552072 0.698500
v -0.109208 0.576569 0.708079
v -0.093768 0.561336 0.669643
v -0.093768 0.536857 0.664828
v -0.109419 0.525649 0.684655
v -0.109419 0.478977 0.653811
v -0.093768 0.492574 0.634084
v -0.101656 0.441507 0.626252
v -0.096575 0.581558 0.664438
v -0.081707 0.465392 0.601629
v -0.108232 0.604859 0.679413
v -0.082636 0.634724 0.697577
v -0.090679 0.622132 0.674873
v -0.103834 0.602812 0.718340
v -0.081328 0.572639 0.742413
v -0.109419 0.552072 0.698500
v -0.078777 0.598248 0.750050
v -0.081158 0.542973 0.726845
v -0.081158 0.510686 0.709860
v -0.109419 0.525649 0.684655
v -0.079972 0.464222 0.685419
v -0.109419 0.478977 0.653811
v -0.079119 0.430907 0.661138
v -0.101656 0.441507 0.626252
v -0.094770 0.413610 0.642232
v -0.079119 0.415199 0.669892
v -0.094770 0.401777 0.650291
v -0.067351 0.383936 0.671039
v -0.089392 0.380301 0.657398
v -0.076451 0.357558 0.655713
v -0.061059 0.360395 0.666102
v -0.069118 0.337865 0.651533
v 0.000000 0.383936 0.671039
v 0.000000 0.415199 0.669892
v -0.079119 0.415199 0.669892
v -0.079119 0.430907 0.661138
v 0.000000 0.430907 0.661138
v 0.000000 0.359824 0.666102
v -0.053417 0.338949 0.658419
v 0.000000 0.338045 0.658419
v -0.039408 0.326522 0.639776
v 0.000000 0.325425 0.639776
v 0.000000 0.325425 0.639776
v 0.000000 0.341600 0.643747
v -0.054036 0.342449 0.643747
v 0.000000 0.359011 0.641786
v -0.060918 0.359594 0.641786
v 0.111993 0.195503 -0.323590
v 0.110671 0.140341 -0.352360
v 0.090591 0.210474 -0.346601
v 0.114721 0.259713 -0.297826
v 0.089762 0.152611 -0.389937
v 0.101913 0.087116 -0.401379
v 0.077331 0.105902 -0.439615
v 0.090815 0.273891 -0.324469
v 0.117023 0.340907 -0.288137
v 0.090815 0.341383 -0.317436
v 0.116415 0.378914 -0.290460
v 0.090815 0.378063 -0.320664
v 0.115222 0.418193 -0.298300
v 0.090815 0.420598 -0.330191
v 0.118435 0.500358 -0.308728
v 0.090815 0.478672 -0.349500
v 0.087167 0.544119 -0.376511
v 0.114904 0.560143 -0.347669
v 0.100300 0.614505 -0.402091
v 0.087167 0.604365 -0.415003
v 0.086708 0.624192 -0.427671
v 0.093633 0.630719 -0.423165
v 0.086708 0.646830 -0.452370
v 0.125546 0.733943 -0.121925
v 0.089439 0.751218 -0.156612
v 0.125189 0.772741 -0.129762
v 0.089439 0.820672 -0.200091
v 0.120990 0.846000 -0.181222
v 0.089439 0.882474 -0.246768
v 0.123507 0.901990 -0.225391
v 0.089439 0.945215 -0.300344
v 0.108750 0.975391 -0.278016
v 0.083885 1.024750 -0.368262
v 0.000000 0.975391 -0.278016
v 0.000000 1.024750 -0.368262
v 0.088362 0.936429 -0.187668
v 0.000000 0.936429 -0.187668
v 0.000000 0.882474 -0.154049
v 0.089434 0.882474 -0.154049
v 0.000000 0.810537 -0.095700
v 0.093076 0.810537 -0.095700
v 0.000000 0.785694 -0.059773
v 0.098966 0.785694 -0.059773
v 0.000000 0.758582 -0.020565
v 0.103917 0.758582 -0.020565
v -0.067510 0.607469 0.788959
v 0.000000 0.560455 0.906329
v 0.000000 0.613681 0.906734
v -0.067510 0.561607 0.786704
v 0.000000 0.489105 0.897172
v -0.067510 0.645604 0.790835
v 0.000000 0.649779 0.907009
v 0.000000 0.776024 0.902911
v -0.083106 0.652489 0.668281
v -0.067510 0.781859 0.791509
v 0.000000 0.853494 0.892430
v -0.083106 0.604572 0.666480
v 0.080564 -1.299416 0.182396
v 0.080798 -1.309626 0.144285
v 0.065578 -1.299817 0.155409
v 0.049703 -1.294021 0.118139
v 0.100060 -1.315585 0.177924
v 0.000000 -1.299416 0.182396
v 0.000000 -1.299817 0.154707
v 0.000000 -1.294021 0.114197
v 0.070476 -1.337137 0.171963
v 0.080798 -1.309626 0.144285
v 0.000000 -1.366235 0.193910
v 0.073954 -1.366235 0.193910
v 0.000000 -1.337137 0.171963
v 0.061625 -1.322986 0.146129
v 0.049703 -1.294021 0.118139
v 0.000000 -1.322986 0.144620
v 0.000000 -1.294021 0.114197
v 0.105418 -1.346292 0.219232
v 0.073954 -1.366235 0.193910
v -0.090815 0.418584 -0.273129
v 0.000000 0.413380 -0.270356
v -0.090815 0.356061 -0.236126
v 0.000000 0.418584 -0.273129
v 0.000000 0.356061 -0.236126
v 0.000000 0.300950 -0.210532
v -0.090815 0.300950 -0.210532
v -0.075201 0.231304 -0.185260
v 0.000000 0.231304 -0.185260
v -0.064715 0.186814 -0.170299
v 0.000000 0.189014 -0.173203
v 0.000000 0.186309 -0.172432
v -0.084956 0.231893 -0.178488
v -0.107712 0.300031 -0.192618
v -0.116774 0.366777 -0.213301
v -0.090815 0.356061 -0.236126
v -0.119402 0.430182 -0.243304
v -0.090815 0.418584 -0.273129
v -0.118435 0.500358 -0.308728
v 0.072104 0.829155 0.655610
v 0.087754 0.812358 0.676617
v 0.087754 0.795632 0.662538
v 0.072104 0.846242 0.667009
v 0.087754 0.840678 0.688044
v 0.045447 0.887176 0.680827
v 0.061098 0.889590 0.696848
v 0.040977 0.931110 0.692287
v 0.025327 0.926917 0.684439
v 0.015592 0.965628 0.670936
v 0.000000 0.926917 0.684439
v 0.000000 0.965628 0.670936
v 0.000000 0.887176 0.680827
v 0.000000 0.846242 0.667009
v 0.072104 0.846242 0.667009
v 0.000000 0.829155 0.655610
v 0.072104 0.829155 0.655610
v 0.000000 0.815728 0.641760
v 0.072104 0.815728 0.641760
v 0.000000 0.807894 0.628979
v 0.072104 0.807894 0.628979
v 0.000000 0.800270 0.600518
v 0.072104 0.800270 0.600518
v 0.000000 0.798836 0.572410
v 0.072104 0.798836 0.572410
v 0.000000 0.804595 0.544598
v 0.072104 0.804595 0.544598
v 0.000000 0.825726 0.512754
v 0.072104 0.825726 0.512754
v 0.000000 0.854820 0.479770
v 0.072104 0.854820 0.479770
v 0.062690 1.149440 0.278319
v 0.087029 1.120944 0.264154
v 0.082407 1.148751 0.239315
v 0.032154 1.200249 0.228255
v 0.063960 1.104350 0.293236
v 0.083451 1.098600 0.279164
v 0.063960 1.069672 0.298197
v 0.081364 1.064973 0.285276
v 0.000000 1.104350 0.293236
v 0.062690 1.149440 0.278319
v 0.000000 1.069672 0.298197
v 0.000000 1.149440 0.278319
v 0.032154 1.200249 0.228255
v 0.000000 1.200249 0.228255
v 0.000000 1.028722 0.288128
v 0.070388 1.028722 0.288128
v 0.000000 1.017980 0.280910
v 0.078205 1.017980 0.280910
v 0.081364 1.029267 0.284443
v 0.078205 1.029932 0.279946
v 0.078205 1.060944 0.274197
v 0.081364 1.064973 0.285276
v 0.078205 1.083769 0.259428
v 0.083451 1.098600 0.279164
v 0.087029 1.120944 0.264154
v 0.078205 1.087125 0.247344
v 0.082407 1.148751 0.239315
v 0.084744 1.127106 0.232801
v 0.042289 1.159689 0.221385
v 0.032154 1.200249 0.228255
v 0.000000 1.159689 0.221385
v 0.000000 1.200249 0.228255
v 0.000000 1.133837 0.213336
v 0.042289 1.133837 0.213336
v 0.000000 1.082283 0.191152
v 0.084669 1.107935 0.226176
v 0.082367 1.072707 0.212416
v 0.078205 1.063629 0.232575
v 0.042289 1.082283 0.191152
v 0.082367 1.072707 0.212416
v 0.080279 1.043144 0.196758
v 0.062863 1.035902 0.230459
v 0.041007 1.049710 0.165685
v 0.000000 1.049710 0.165685
v 0.079997 1.028585 0.188831
v 0.075469 1.018042 0.196933
v 0.061007 1.021454 0.231204
v 0.072204 0.997676 0.212103
v 0.061007 1.002138 0.234481
v 0.072486 0.985546 0.219157
v 0.061007 0.989875 0.238652
v 0.076571 0.964686 0.227253
v 0.065106 0.970291 0.250462
v 0.028228 1.026345 0.149123
v 0.000000 1.026345 0.149123
v 0.041996 1.013559 0.171473
v 0.075469 1.018042 0.196933
v 0.000000 1.013559 0.171473
v 0.000000 1.026345 0.149123
v 0.041996 0.994141 0.194447
v 0.072204 0.997676 0.212103
v 0.000000 0.994141 0.194447
v 0.072486 0.985546 0.219157
v 0.041996 0.981831 0.198583
v 0.000000 0.981831 0.198583
v 0.000000 0.958427 0.200065
v 0.046095 0.958427 0.200065
v 0.076571 0.964686 0.227253
v 0.000000 0.859129 0.123483
v -0.055447 0.872545 0.153090
v 0.000000 0.872545 0.153090
v -0.047995 0.892679 0.171875
v 0.000000 0.892679 0.171875
v -0.047497 0.913476 0.182785
v 0.000000 0.913476 0.182785
v -0.045702 0.934464 0.192773
v 0.000000 0.934464 0.192773
v 0.000000 0.958427 0.200065
v -0.046095 0.958427 0.200065
v -0.076571 0.964686 0.227253
v -0.091508 0.927722 0.260579
v -0.087469 0.902504 0.251082
v -0.047497 0.913476 0.182785
v -0.088356 0.880949 0.242965
v -0.047995 0.892679 0.171875
v -0.091705 0.857534 0.234148
v -0.055447 0.872545 0.153090
v -0.100205 0.842391 0.228445
v -0.126800 0.808930 0.239024
v -0.067851 0.842374 0.316009
v -0.088356 0.880949 0.242965
v -0.081803 0.826100 0.323501
v -0.053299 0.868623 0.317669
v -0.091959 0.772018 0.317270
v -0.087469 0.902504 0.251082
v -0.126800 0.765382 0.262561
v -0.046265 0.891221 0.321314
v -0.100484 0.725198 0.311194
v -0.091508 0.927722 0.260579
v -0.126800 0.709603 0.280619
v -0.039417 0.919822 0.335271
v -0.079515 0.954781 0.312640
v -0.042429 0.938472 0.345210
v -0.109098 0.654259 0.296939
v -0.045922 0.952779 0.344254
v -0.120288 0.656156 0.289770
v -0.111897 0.627947 0.291651
v 0.000000 0.627947 0.291651
v 0.000000 0.654259 0.296939
v -0.100484 0.725198 0.311194
v 0.000000 0.725198 0.311194
v -0.091959 0.772018 0.317270
v 0.000000 0.772018 0.317270
v -0.081803 0.826100 0.323501
v 0.000000 0.826100 0.323501
v -0.067851 0.842374 0.316009
v 0.000000 0.842374 0.316009
v -0.053299 0.868623 0.317669
v 0.000000 0.868623 0.317669
v -0.046265 0.891221 0.321314
v 0.000000 0.891221 0.321314
v -0.039417 0.919822 0.335271
v 0.000000 0.919822 0.335271
v 0.000000 0.940108 0.349384
v -0.042429 0.938472 0.345210
v 0.000000 0.954340 0.347575
v 0.000000 0.973595 0.345127
v -0.051206 0.972136 0.342961
v 0.000000 1.018651 0.332601
v -0.055651 1.017920 0.333445
v -0.066735 0.986627 0.330902
v -0.075437 0.972603 0.322860
v 0.000000 0.071408 0.437702
v -0.028205 0.143986 0.394078
v -0.058629 0.080080 0.398625
v -0.062361 -0.000333 0.391261
v 0.000000 0.137428 0.419170
v 0.000000 -0.005616 0.429015
v -0.020414 0.170267 0.384901
v -0.051345 -0.040672 0.382081
v 0.000000 0.180863 0.396584
v 0.000000 -0.045922 0.409491
v 0.000000 0.196499 0.372260
v -0.009209 0.189608 0.370093
v 0.000000 0.199974 0.357782
v -0.036377 -0.073793 0.371262
v 0.000000 -0.079744 0.393109
v -0.025363 -0.120271 0.355965
v 0.000000 -0.123032 0.363372
v 0.000000 -0.146344 0.347358
v 0.025363 -0.120271 0.355965
v 0.000000 -0.123032 0.363372
v 0.000000 -0.146344 0.347358
v 0.000000 -0.079744 0.393109
v 0.036377 -0.073793 0.371262
v 0.000000 -0.045922 0.409491
v 0.051345 -0.040672 0.382081
v 0.000000 -0.005616 0.429015
v 0.062361 -0.000333 0.391261
v 0.000000 0.071408 0.437702
v 0.058629 0.080080 0.398625
v 0.028205 0.143986 0.394078
v 0.000000 0.137428 0.419170
v 0.020414 0.170267 0.384901
v 0.000000 0.180863 0.396584
v 0.000000 0.196499 0.372260
v 0.009209 0.189608 0.370093
v 0.000000 0.199974 0.357782
v 0.000000 0.181375 0.367504
v 0.020414 0.170267 0.384901
v 0.000000 0.158277 0.371681
v 0.028205 0.143986 0.394078
v 0.000000 0.150748 0.368207
v 0.081328 0.572639 0.742413
v 0.081158 0.542973 0.726845
v 0.109419 0.552072 0.698500
v 0.081158 0.510686 0.709860
v 0.109419 0.525649 0.684655
v 0.079972 0.464222 0.685419
v 0.109419 0.478977 0.653811
v 0.079119 0.430907 0.661138
v 0.101656 0.441507 0.626252
v 0.109208 0.576569 0.708079
v 0.094770 0.413610 0.642232
v 0.094770 0.428794 0.619465
v 0.097357 0.435734 0.598001
v 0.079119 0.391815 0.621375
v 0.081707 0.409817 0.595032
v 0.079515 0.954781 0.312640
v 0.045922 0.952779 0.344254
v 0.042429 0.938472 0.345210
v 0.075437 0.972603 0.322860
v 0.051206 0.972136 0.342961
v 0.066735 0.986627 0.330902
v 0.000000 0.973595 0.345127
v 0.000000 0.954340 0.347575
v 0.000000 1.018651 0.332601
v 0.042429 0.938472 0.345210
v 0.055651 1.017920 0.333445
v 0.000000 0.940108 0.349384
v 0.062215 0.995459 0.315916
v 0.039417 0.919822 0.335271
v 0.075437 0.972603 0.322860
v 0.000000 0.919822 0.335271
v 0.066634 0.983507 0.303566
v 0.000000 0.891221 0.321314
v 0.079515 0.954781 0.312640
v 0.046265 0.891221 0.321314
v 0.078008 0.961567 0.271179
v 0.000000 0.868623 0.317669
v 0.091508 0.927722 0.260579
v 0.065106 0.970291 0.250462
v 0.076571 0.964686 0.227253
v 0.053299 0.868623 0.317669
v 0.000000 0.842374 0.316009
v 0.067851 0.842374 0.316009
v 0.000000 0.826100 0.323501
v 0.081803 0.826100 0.323501
v 0.000000 0.772018 0.317270
v 0.076571 0.964686 0.227253
v 0.091508 0.927722 0.260579
v 0.045702 0.934464 0.192773
v 0.046095 0.958427 0.200065
v 0.000000 0.958427 0.200065
v 0.000000 0.934464 0.192773
v 0.087469 0.902504 0.251082
v 0.000000 0.913476 0.182785
v 0.047497 0.913476 0.182785
v 0.047497 0.913476 0.182785
v 0.088356 0.880949 0.242965
v 0.000000 0.892679 0.171875
v 0.047995 0.892679 0.171875
v 0.047995 0.892679 0.171875
v 0.000000 0.872545 0.153090
v 0.055447 0.872545 0.153090
v 0.000000 0.859129 0.123483
v 0.091705 0.857534 0.234148
v 0.055447 0.872545 0.153090
v 0.100205 0.842391 0.228445
v 0.067851 0.842374 0.316009
v 0.088356 0.880949 0.242965
v 0.053299 0.868623 0.317669
v 0.087469 0.902504 0.251082
v 0.046265 0.891221 0.321314
v 0.091508 0.927722 0.260579
v 0.039417 0.919822 0.335271
v 0.110368 0.520389 0.203240
v 0.138239 0.591113 0.180326
v 0.123640 0.524920 0.214818
v 0.097838 0.462040 0.232015
v 0.124547 0.585932 0.161676
v 0.147168 0.634265 0.136846
v 0.124547 0.622362 0.118118
v 0.145572 0.668109 0.065951
v 0.124547 0.631493 0.064161
v 0.145572 0.641872 0.043402
v 0.124547 0.602111 0.023649
v 0.145572 0.614151 0.017056
v 0.124547 0.649877 0.027393
v 0.145572 0.614151 0.017056
v 0.124547 0.630306 0.008209
v 0.000000 0.630306 0.008209
v 0.000000 0.649877 0.027393
v 0.117329 0.697035 0.026594
v 0.127423 0.703386 0.035999
v 0.104324 0.735402 0.009808
v 0.106399 0.711720 0.048342
v 0.145572 0.668109 0.065951
v 0.000000 0.711720 0.048342
v 0.000000 0.735402 0.009808
v 0.000000 0.688243 0.086542
v 0.111657 0.688243 0.086542
v 0.147168 0.634265 0.136846
v 0.000000 0.642683 0.153683
v 0.121311 0.642683 0.153683
v 0.000000 0.593925 0.190451
v 0.124547 0.593925 0.190451
v 0.138239 0.591113 0.180326
v 0.118336 0.527583 0.221624
v 0.118336 0.527583 0.221624
v 0.123640 0.524920 0.214818
v 0.097838 0.462040 0.232015
v 0.000000 0.527583 0.221624
v 0.097838 0.462040 0.232015
v 0.000000 0.462040 0.232015
v 0.000000 0.965628 0.670936
v -0.025327 0.926917 0.684439
v 0.000000 0.926917 0.684439
v 0.000000 0.965628 0.670936
v 0.000000 0.887176 0.680827
v -0.045447 0.887176 0.680827
v -0.061098 0.889590 0.696848
v 0.000000 0.846242 0.667009
v -0.087754 0.840678 0.688044
v -0.072104 0.846242 0.667009
v -0.072104 0.846242 0.667009
v -0.072104 0.829155 0.655610
v -0.087754 0.812358 0.676617
v 0.000000 0.829155 0.655610
v -0.072104 0.829155 0.655610
v -0.072104 0.815728 0.641760
v -0.087754 0.795632 0.662538
v 0.000000 0.815728 0.641760
v -0.072104 0.815728 0.641760
v -0.072104 0.807894 0.628979
v 0.000000 0.807894 0.628979
v -0.072104 0.800270 0.600518
v 0.000000 0.800270 0.600518
v -0.072104 0.798836 0.572410
v 0.000000 0.798836 0.572410
v -0.072104 0.804595 0.544598
v 0.000000 0.804595 0.544598
v -0.072104 0.825726 0.512754
v 0.000000 0.825726 0.512754
v -0.072104 0.854820 0.479770
v 0.000000 0.854820 0.479770
v -0.087754 0.784076 0.644590
v -0.072104 0.807894 0.628979
v -0.087754 0.769102 0.609812
v -0.072104 0.800270 0.600518
v -0.072104 0.740710 0.618278
v -0.087754 0.754637 0.652171
v -0.087754 0.771028 0.574679
v -0.072104 0.798836 0.572410
v -0.087754 0.785327 0.533884
v -0.072104 0.804595 0.544598
v -0.087754 0.810192 0.500942
v -0.072104 0.825726 0.512754
v -0.087754 0.832112 0.467561
v -0.072104 0.854820 0.479770
v -0.072104 0.842882 0.440833
v -0.072104 0.746774 0.576658
v -0.087754 0.771028 0.574679
v -0.072104 0.766976 0.523679
v -0.087754 0.785327 0.533884
v -0.072104 0.792175 0.487242
v -0.087754 0.810192 0.500942
v -0.072104 0.812921 0.457243
v -0.087754 0.832112 0.467561
v -0.072104 0.842882 0.440833
v -0.072104 0.833437 0.410032
v 0.073154 0.878272 0.793044
v 0.067510 0.781859 0.791509
v 0.063460 0.789429 0.676717
v 0.083106 0.652489 0.668281
v 0.017889 0.903601 0.691448
v 0.000000 0.853494 0.892430
v 0.000000 0.776024 0.902911
v 0.000000 0.945716 0.859463
v 0.067510 0.645604 0.790835
v 0.000000 0.649779 0.907009
v 0.000000 0.613681 0.906734
v 0.070088 0.926250 0.781806
v 0.000000 1.000640 0.833230
v 0.067510 0.607469 0.788959
v 0.083106 0.604572 0.666480
v 0.000000 0.560455 0.906329
v 0.067564 0.954650 0.766034
v 0.000000 0.941244 0.690869
v 0.062057 1.000872 0.737812
v 0.062057 1.000872 0.737812
v 0.000000 1.063762 0.787323
v 0.000000 0.974834 0.664229
v 0.046330 1.054510 0.684869
v 0.046330 1.054510 0.684869
v 0.000000 1.000894 0.612687
v 0.032781 1.091174 0.625736
v 0.000000 1.136644 0.706146
v 0.032781 1.091174 0.625736
v 0.000000 1.176890 0.638126
v 0.067510 0.561607 0.786704
v 0.000000 0.489105 0.897172
v 0.083106 0.560918 0.664839
v 0.067510 0.494822 0.779819
v 0.000000 0.414506 0.884056
v 0.083106 0.497576 0.660708
v 0.067510 0.424248 0.764594
v -0.106399 0.711720 0.048342
v -0.145572 0.668109 0.065951
v -0.111657 0.688243 0.086542
v -0.127423 0.703386 0.035999
v -0.104324 0.735402 0.009808
v -0.147168 0.634265 0.136846
v 0.000000 0.711720 0.048342
v 0.000000 0.735402 0.009808
v 0.000000 0.688243 0.086542
v 0.000000 0.642683 0.153683
v -0.121311 0.642683 0.153683
v 0.000000 0.593925 0.190451
v -0.124547 0.593925 0.190451
v -0.138239 0.591113 0.180326
v -0.118336 0.527583 0.221624
v -0.123640 0.524920 0.214818
v 0.000000 0.527583 0.221624
v -0.097838 0.462040 0.232015
v 0.000000 0.462040 0.232015
v -0.096575 0.581558 0.664438
v -0.108232 0.604859 0.679413
v -0.108232 0.607162 0.658662
v -0.107550 0.554808 0.605443
v -0.091899 0.542113 0.616597
v 0.000000 0.581558 0.664438
v -0.096575 0.581558 0.664438
v 0.000000 0.542195 0.616566
v -0.103807 0.619859 0.661710
v -0.108232 0.607162 0.658662
v -0.090679 0.622132 0.674873
v -0.096267 0.661137 0.661579
v -0.085849 0.661514 0.679236
v -0.092662 0.702267 0.661523
v -0.077012 0.712699 0.686050
v 0.107550 0.554808 0.605443
v 0.108232 0.607162 0.658662
v 0.096575 0.581558 0.664438
v 0.091899 0.542113 0.616597
v 0.108232 0.604859 0.679413
v 0.103807 0.619859 0.661710
v 0.090679 0.622132 0.674873
v 0.096267 0.661137 0.661579
v 0.085849 0.661514 0.679236
v 0.092662 0.702267 0.661523
v 0.077012 0.712699 0.686050
v 0.000000 0.581558 0.664438
v 0.096575 0.581558 0.664438
v 0.000000 0.542195 0.616566
v 0.071545 0.374128 0.633835
v 0.074475 0.422001 0.551722
v 0.090125 0.447668 0.553764
v 0.074338 0.430035 0.499167
v 0.089988 0.452829 0.498725
v 0.072489 0.431431 0.429825
v 0.088140 0.448698 0.427247
v 0.089392 0.380301 0.657398
v 0.068447 0.417952 0.373892
v 0.060918 0.359594 0.641786
v 0.076451 0.357558 0.655713
v 0.069118 0.337865 0.651533
v 0.054036 0.342449 0.643747
v 0.039408 0.326522 0.639776
v 0.000000 0.341600 0.643747
v 0.000000 0.325425 0.639776
v 0.000000 0.359011 0.641786
v 0.000000 0.374128 0.633835
v 0.071545 0.374128 0.633835
v 0.000000 0.391815 0.621375
v 0.079119 0.391815 0.621375
v 0.000000 0.409817 0.595032
v 0.081707 0.409817 0.595032
v 0.074475 0.422001 0.551722
v 0.000000 0.422001 0.551722
v 0.074338 0.430035 0.499167
v 0.000000 0.430035 0.499167
v 0.072489 0.431431 0.429825
v 0.000000 0.431431 0.429825
v 0.000000 0.417952 0.373892
v 0.061457 0.399926 0.327332
v 0.000000 0.399926 0.327332
v 0.084098 0.429152 0.368844
v 0.000000 0.439578 0.364143
v 0.000000 0.399926 0.327332
v 0.068447 0.439578 0.364143
v 0.000000 0.463148 0.424920
v 0.072489 0.463148 0.424920
v 0.088140 0.448698 0.427247
v 0.000000 0.469981 0.498374
v 0.074338 0.469981 0.498374
v 0.074338 0.469981 0.498374
v 0.089988 0.452829 0.498725
v 0.000000 0.468927 0.555541
v 0.074475 0.468927 0.555541
v 0.074475 0.468927 0.555541
v 0.000000 0.465392 0.601629
v 0.081707 0.465392 0.601629
v 0.090125 0.447668 0.553764
v 0.081707 0.465392 0.601629
v 0.097357 0.435734 0.598001
v 0.101656 0.441507 0.626252
v 0.093768 0.492574 0.634084
v 0.109419 0.478977 0.653811
v 0.093768 0.536857 0.664828
v 0.109419 0.525649 0.684655
v 0.109419 0.552072 0.698500
v 0.093768 0.561336 0.669643
v 0.096575 0.581558 0.664438
v 0.108232 0.604859 0.679413
v 0.103834 0.602812 0.718340
v 0.078777 0.598248 0.750050
v 0.078777 0.613063 0.754447
v 0.082636 0.634724 0.697577
v 0.090679 0.622132 0.674873
v 0.099714 0.623704 0.726509
v 0.099714 0.623704 0.726509
v 0.077860 0.660163 0.768425
v 0.081720 0.681509 0.727072
v 0.093304 0.673365 0.742848
v 0.093304 0.673365 0.742848
v 0.077133 0.733087 0.750703
v 0.084334 0.731337 0.761920
v 0.069690 0.785249 0.769110
v 0.073808 0.729617 0.772942
v 0.084334 0.731337 0.761920
v 0.069690 0.785249 0.769110
v 0.000000 0.729617 0.772942
v 0.000000 0.785249 0.769110
v 0.000000 0.660163 0.768425
v 0.077860 0.660163 0.768425
v 0.000000 0.613063 0.754447
v 0.078777 0.613063 0.754447
v 0.000000 0.598248 0.750050
v 0.078777 0.598248 0.750050
v 0.000000 0.572639 0.742450
v 0.081328 0.572639 0.742413
v 0.081158 0.542973 0.726845
v 0.000000 0.542973 0.726845
v 0.000000 0.510686 0.709860
v 0.081158 0.510686 0.709860
v 0.079972 0.464222 0.685419
v 0.000000 0.464222 0.685419
v 0.079119 0.430907 0.661138
v 0.000000 0.430907 0.661138
v 0.000000 -1.183359 0.117553
v 0.052080 -1.183359 0.129298
v 0.052080 -1.218267 0.145410
v 0.000000 -1.218267 0.133665
v 0.052080 -1.281371 0.139707
v 0.000000 -1.281371 0.139707
v -0.082367 1.072707 0.212416
v -0.042289 1.082283 0.191152
v -0.041007 1.049710 0.165685
v -0.080279 1.043144 0.196758
v -0.079997 1.028585 0.188831
v -0.084669 1.107935 0.226176
v -0.028228 1.026345 0.149123
v 0.000000 1.049710 0.165685
v 0.000000 1.026345 0.149123
v 0.000000 1.082283 0.191152
v 0.000000 1.133837 0.213336
v -0.042289 1.133837 0.213336
v -0.084744 1.127106 0.232801
v 0.000000 1.159689 0.221385
v -0.042289 1.159689 0.221385
v -0.082407 1.148751 0.239315
v -0.032154 1.200249 0.228255
v 0.000000 1.200249 0.228255
v -0.052080 -1.183359 0.129298
v 0.000000 -1.218267 0.133665
v -0.052080 -1.218267 0.145410
v 0.000000 -1.183359 0.117553
v 0.000000 -1.281371 0.139707
v -0.052080 -1.281371 0.139707
v 0.067846 -1.463830 0.179799
v 0.000000 -1.549428 0.275224
v 0.052080 -1.341666 0.084318
v 0.055907 -1.542896 0.164049
v 0.052080 -1.578717 0.172429
v 0.049410 -1.630849 0.228459
v 0.000000 -1.598558 0.278001
v 0.000000 -1.651264 0.288067
v 0.035524 -1.664624 0.270344
v 0.000000 -1.676857 0.309927
v 0.020004 -1.686554 0.302629
v 0.000000 -1.711157 0.348953
v 0.000000 -1.438745 0.044837
v 0.055907 -1.542896 0.164049
v 0.000000 -1.552758 0.054987
v 0.000000 -1.598898 0.101603
v 0.052080 -1.578717 0.172429
v 0.000000 -1.659540 0.184442
v 0.049410 -1.630849 0.228459
v 0.000000 -1.682422 0.246734
v 0.035524 -1.664624 0.270344
v 0.000000 -1.698597 0.293565
v 0.020004 -1.686554 0.302629
v 0.000000 -1.711157 0.348953
v 0.000000 -1.312543 0.002188
v 0.052080 -1.293349 0.037707
v 0.000000 -1.263549 -0.035390
v 0.041176 -1.238887 -0.015866
v 0.000000 -1.205512 -0.079142
v 0.022767 -1.198648 -0.070850
v 0.000000 -1.181345 -0.113379
v 0.000000 -1.194101 -0.065358
v 0.041176 -1.238887 -0.015866
v 0.000000 -1.217884 0.000761
v 0.052080 -1.293349 0.037707
v 0.000000 -1.271160 0.078771
v 0.036561 -1.289342 0.108101
v 0.000000 -1.289342 0.108101
v 0.000000 -1.281371 0.139707
v 0.052080 -1.281371 0.139707
v 0.094923 0.772951 0.076831
v 0.000000 0.797418 0.062065
v 0.000000 0.772951 0.076831
v 0.094923 0.797418 0.062065
v 0.022545 0.009719 -0.413116
v 0.000000 0.062259 -0.374586
v 0.000000 0.009719 -0.413116
v 0.000000 -0.032069 -0.416778
v 0.048074 0.062259 -0.374586
v 0.048074 0.093783 -0.290522
v 0.000000 0.093783 -0.290522
v 0.000000 0.097286 -0.176102
v 0.061996 0.097286 -0.176102
v 0.037450 0.079772 -0.100211
v 0.000000 0.079772 -0.100211
v 0.017995 0.043578 -0.041834
v 0.000000 0.043578 -0.041834
v -0.023675 -0.057051 -0.407446
v 0.000000 -0.062875 -0.407446
v 0.000000 -0.086039 -0.401434
v 0.000000 -0.030833 -0.407894
v -0.048665 -0.026087 -0.407894
v -0.048665 -0.026087 -0.407894
v -0.079849 -0.035634 -0.442141
v 0.000000 0.002784 -0.405841
v -0.090208 -0.001883 -0.446000
v -0.058636 0.006399 -0.405841
v -0.058636 0.006399 -0.405841
v 0.000000 0.024075 -0.393655
v -0.098391 0.031576 -0.442669
v -0.063602 0.026973 -0.393655
v -0.063602 0.026973 -0.393655
v 0.000000 0.052795 -0.365231
v -0.109295 0.067858 -0.421085
v -0.071944 0.054727 -0.365231
v -0.071944 0.054727 -0.365231
v -0.068939 0.074372 -0.334174
v -0.101913 0.087116 -0.401379
v 0.000000 0.073123 -0.334174
v -0.068939 0.074372 -0.334174
v 0.000000 0.092997 -0.244262
v -0.102601 0.104772 -0.329478
v -0.071578 0.092997 -0.244262
v -0.100165 0.121410 -0.251006
v 0.000000 0.095350 -0.185187
v -0.071578 0.092997 -0.244262
v -0.075725 0.095350 -0.185187
v -0.104312 0.122918 -0.184856
v 0.000000 0.076538 -0.128590
v -0.075725 0.095350 -0.185187
v -0.086557 0.076538 -0.128590
v -0.111302 0.109339 -0.116995
v 0.000000 0.062381 -0.089481
v -0.086557 0.076538 -0.128590
v -0.086557 0.062381 -0.089481
v -0.086557 0.037278 -0.036155
v 0.000000 0.037278 -0.036155
v -0.112084 0.101462 -0.098507
v -0.086557 0.062381 -0.089481
v -0.115144 0.092541 -0.075032
v -0.086557 0.037278 -0.036155
v 0.145572 0.580944 -0.069797
v 0.145572 0.548927 -0.059251
v 0.102970 0.523587 -0.094101
v 0.110917 0.606603 -0.111376
v 0.135782 0.628809 -0.094440
v 0.099737 0.661866 -0.122876
v 0.132395 0.663104 -0.110236
v 0.000000 0.606603 -0.111376
v 0.000000 0.661866 -0.122876
v 0.000000 0.523587 -0.094101
v 0.070154 0.457244 -0.087707
v 0.123994 0.510729 -0.065242
v 0.091178 0.444673 -0.076351
v 0.000000 0.457244 -0.087707
v 0.056680 0.336550 -0.094101
v 0.000000 0.336550 -0.094101
v 0.075924 0.176508 -0.099455
v 0.000000 0.137860 -0.106914
v 0.000000 0.176508 -0.099455
v 0.086557 0.137860 -0.106914
v 0.115144 0.120517 -0.081766
v 0.115144 0.092541 -0.075032
v 0.101704 0.168292 -0.085043
v 0.081340 0.231812 -0.081485
v 0.056754 0.240686 -0.089860
v 0.000000 0.240686 -0.089860
v 0.064677 0.277159 -0.075501
v 0.052983 0.280449 -0.079565
v 0.000000 0.278993 -0.079942
v 0.052052 0.315873 -0.070392
v 0.000000 0.315873 -0.070392
v 0.091959 0.772018 0.317270
v 0.000000 0.725198 0.311194
v 0.100484 0.725198 0.311194
v 0.000000 0.654259 0.296939
v 0.109098 0.654259 0.296939
v 0.000000 0.627947 0.291651
v 0.111897 0.627947 0.291651
v 0.120288 0.656156 0.289770
v 0.126800 0.709603 0.280619
v 0.100484 0.725198 0.311194
v 0.126800 0.765382 0.262561
v 0.126800 0.808930 0.239024
v 0.105638 0.521343 0.486461
v 0.083986 0.515298 0.442158
v 0.093560 0.537545 0.480876
v 0.109210 0.533898 0.499443
v 0.097658 0.562623 0.508987
v 0.113308 0.560386 0.520074
v 0.099695 0.584422 0.516444
v 0.115345 0.583901 0.529698
v 0.000000 0.584422 0.516444
v 0.000000 0.562623 0.508987
v 0.093560 0.537545 0.480876
v 0.000000 0.537545 0.480876
v 0.083986 0.515298 0.442158
v 0.000000 0.515298 0.442158
v 0.115345 0.602852 0.536978
v 0.099695 0.583392 0.542651
v 0.113308 0.560386 0.520074
v 0.097658 0.558845 0.535543
v 0.085829 0.529352 0.522583
v 0.109210 0.533898 0.499443
v 0.105638 0.521343 0.486461
v 0.099695 0.617692 0.552583
v 0.000000 0.583392 0.542651
v 0.000000 0.617692 0.552583
v 0.097658 0.558845 0.535543
v 0.000000 0.558845 0.535543
v 0.085829 0.529352 0.522583
v 0.000000 0.529352 0.522583
v 0.099695 0.608895 0.512752
v 0.099695 0.617692 0.552583
v 0.000000 0.608895 0.512752
v 0.000000 0.617692 0.552583
v 0.000000 0.594744 0.462852
v 0.115345 0.597388 0.514488
v 0.099695 0.584422 0.516444
v 0.116560 0.584816 0.465259
v 0.100910 0.594744 0.462852
v 0.109389 0.570083 0.415495
v 0.093739 0.578232 0.415051
v 0.000000 0.578232 0.415051
v 0.097309 0.540951 0.373749
v 0.091002 0.547266 0.369636
v 0.000000 0.547266 0.369636
v 0.084420 0.502512 0.336176
v 0.000000 0.502512 0.336176
v 0.084420 0.502512 0.336176
v 0.089456 0.534933 0.377667
v 0.109389 0.570083 0.415495
v 0.093739 0.559755 0.416058
v 0.000000 0.559755 0.416058
v 0.000000 0.534933 0.377667
v 0.084420 0.502512 0.336176
v 0.000000 0.502512 0.336176
v 0.000000 0.575066 0.467623
v 0.100910 0.575066 0.467623
v 0.116560 0.584816 0.465259
v 0.000000 0.584422 0.516444
v 0.000000 0.405870 -0.907010
v -0.035096 0.362617 -0.873207
v -0.020864 0.413261 -0.893915
v 0.000000 0.462931 -0.904575
v 0.000000 0.346325 -0.895334
v -0.056127 0.283815 -0.809943
v 0.000000 0.223731 -0.857972
v -0.069879 0.227935 -0.729778
v 0.000000 0.063643 -0.781199
v -0.083106 0.168445 -0.633216
v -0.083106 0.063093 -0.619682
v -0.048074 0.062259 -0.374586
v -0.083106 0.241762 -0.543280
v 0.000000 0.339965 -0.694714
v 0.000000 0.328489 -0.774232
v -0.056127 0.283815 -0.809943
v 0.000000 0.381774 -0.847191
v -0.035096 0.362617 -0.873207
v 0.000000 0.419378 -0.883078
v -0.020864 0.413261 -0.893915
v 0.000000 0.462931 -0.904575
v -0.063460 0.789429 0.676717
v -0.083106 0.560918 0.664839
v -0.073154 0.878272 0.793044
v 0.000000 0.945716 0.859463
v -0.070088 0.926250 0.781806
v 0.000000 1.000640 0.833230
v -0.067564 0.954650 0.766034
v -0.062057 1.000872 0.737812
v 0.000000 1.063762 0.787323
v -0.046330 1.054510 0.684869
v 0.000000 1.136644 0.706146
v -0.032781 1.091174 0.625736
v 0.000000 1.176890 0.638126
v -0.017889 0.903601 0.691448
v -0.070088 0.926250 0.781806
v -0.067564 0.954650 0.766034
v 0.000000 0.941244 0.690869
v -0.062057 1.000872 0.737812
v 0.000000 0.974834 0.664229
v -0.046330 1.054510 0.684869
v 0.000000 1.000894 0.612687
v -0.032781 1.091174 0.625736
v -0.031276 0.842793 0.668862
v -0.039929 0.805728 0.641064
v 0.000000 0.805728 0.641064
v 0.000000 0.842793 0.668862
v -0.017889 0.903601 0.691448
v 0.000000 0.903601 0.691448
v 0.000000 0.941244 0.690869
v -0.049111 0.792408 0.579676
v -0.083106 0.652489 0.668281
v -0.094328 0.604595 0.552121
v -0.083106 0.560918 0.664839
v -0.060096 0.797042 0.538558
v -0.061925 0.435098 0.527252
v -0.099553 0.603954 0.532527
v -0.083106 0.497576 0.660708
v -0.099662 0.602816 0.458866
v -0.060096 0.848857 0.478121
v -0.060096 0.828891 0.409271
v -0.073878 0.434050 0.651111
v -0.061925 0.434068 0.445660
v -0.060391 0.417197 0.607807
v -0.099612 0.601712 0.386726
v -0.075883 0.820629 0.333536
v -0.061925 0.427225 0.369410
v -0.106938 0.600408 0.332858
v -0.061925 0.406696 0.332263
v -0.083106 0.828302 0.234870
v -0.053982 0.828891 0.316323
v -0.030956 0.848169 0.313569
v -0.083106 0.838742 0.237866
v -0.083106 0.858501 0.243538
v -0.083106 0.904024 0.256604
v -0.030956 0.893084 0.316606
v -0.076959 0.968368 0.275073
v -0.030956 0.941116 0.341798
v -0.076959 0.990217 0.276095
v -0.033763 0.961771 0.369338
v -0.074351 1.029245 0.278047
v 0.000000 1.014413 0.417497
v 0.000000 1.083909 0.392015
v -0.065539 1.094617 0.280486
v 0.000000 1.169699 0.365895
v -0.053842 1.191212 0.283413
v 0.000000 1.289716 0.336955
v -0.036221 1.308966 0.285742
v 0.000000 1.363856 0.319077
v -0.025229 1.371323 0.291110
v 0.000000 1.531162 0.301864
v -0.014737 0.966591 0.400320
v 0.000000 0.938362 0.450581
v 0.000000 0.966591 0.400320
v 0.000000 0.961771 0.369338
v -0.030956 0.941116 0.341798
v 0.000000 0.941116 0.341798
v -0.030956 0.893084 0.316606
v 0.000000 0.893084 0.316606
v -0.030956 0.848169 0.313569
v 0.000000 0.848169 0.313569
v 0.000000 0.828891 0.316323
v -0.053982 0.828891 0.316323
v 0.075725 0.147013 -0.184549
v 0.086557 0.137860 -0.106914
v 0.111302 0.109339 -0.116995
v 0.104312 0.122918 -0.184856
v 0.100165 0.121410 -0.251006
v 0.112084 0.101462 -0.098507
v 0.071578 0.145657 -0.256760
v 0.088235 0.144178 -0.325491
v 0.102601 0.104772 -0.329478
v 0.115144 0.092541 -0.075032
v 0.101913 0.087116 -0.401379
v 0.086557 0.062381 -0.089481
v 0.086557 0.037278 -0.036155
v 0.086557 0.076538 -0.128590
v 0.111302 0.109339 -0.116995
v 0.075725 0.095350 -0.185187
v 0.104312 0.122918 -0.184856
v 0.071578 0.092997 -0.244262
v 0.100165 0.121410 -0.251006
v 0.068939 0.074372 -0.334174
v 0.071944 0.054727 -0.365231
v 0.109295 0.067858 -0.421085
v 0.063602 0.026973 -0.393655
v 0.098391 0.031576 -0.442669
v 0.058636 0.006399 -0.405841
v 0.090208 -0.001883 -0.446000
v 0.048665 -0.026087 -0.407894
v 0.079849 -0.035634 -0.442141
v 0.050913 -0.065855 -0.423360
v 0.023675 -0.057051 -0.407446
v 0.017717 -0.080205 -0.401434
v 0.000000 -0.062875 -0.407446
v 0.000000 -0.086039 -0.401434
v 0.000000 -0.030833 -0.407894
v 0.048665 -0.026087 -0.407894
v 0.000000 0.002784 -0.405841
v 0.058636 0.006399 -0.405841
v 0.000000 0.024075 -0.393655
v 0.063602 0.026973 -0.393655
v 0.000000 0.052795 -0.365231
v 0.071944 0.054727 -0.365231
v 0.068939 0.074372 -0.334174
v 0.000000 0.073123 -0.334174
v 0.000000 0.092997 -0.244262
v 0.071578 0.092997 -0.244262
v 0.000000 0.095350 -0.185187
v 0.075725 0.095350 -0.185187
v 0.000000 0.076538 -0.128590
v 0.086557 0.076538 -0.128590
v 0.086557 0.062381 -0.089481
v 0.000000 0.062381 -0.089481
v 0.000000 0.037278 -0.036155
v 0.086557 0.037278 -0.036155
v 0.022545 0.009719 -0.413116
v 0.000000 -0.032069 -0.416778
v 0.074972 -0.061791 -0.547666
v 0.083106 0.003652 -0.581703
v 0.069696 -0.112754 -0.515814
v 0.000000 -0.072009 -0.411948
v 0.000000 -0.115209 -0.396770
v 0.061507 -0.176767 -0.462718
v 0.000000 -0.147900 -0.355905
v 0.048074 0.062259 -0.374586
v 0.048573 -0.271109 -0.373791
v 0.083106 0.063093 -0.619682
v 0.000000 -0.144398 -0.304533
v 0.038246 -0.345735 -0.302187
v 0.000000 -0.124549 -0.271842
v 0.044174 -0.308729 -0.337695
v 0.000000 -0.464827 -0.369195
v 0.000000 -0.507506 -0.324381
v 0.000000 -0.437453 -0.397937
v 0.000000 -0.243366 -0.568977
v 0.061507 -0.176767 -0.462718
v 0.069696 -0.112754 -0.515814
v 0.000000 -0.155340 -0.633698
v 0.074972 -0.061791 -0.547666
v 0.000000 -0.081036 -0.688330
v 0.083106 0.003652 -0.581703
v 0.000000 -0.002011 -0.739056
v 0.000000 0.063643 -0.781199
v 0.083106 0.168445 -0.633216
v 0.069879 0.227935 -0.729778
v 0.000000 0.223731 -0.857972
v 0.056127 0.283815 -0.809943
v 0.000000 0.346325 -0.895334
v 0.035096 0.362617 -0.873207
v 0.000000 0.405870 -0.907010
v 0.020864 0.413261 -0.893915
v 0.000000 0.462931 -0.904575
v 0.000000 0.419378 -0.883078
v 0.035096 0.362617 -0.873207
v 0.000000 0.381774 -0.847191
v 0.056127 0.283815 -0.809943
v 0.000000 0.328489 -0.774232
v 0.069879 0.227935 -0.729778
v 0.000000 0.339965 -0.694714
v 0.083106 0.241762 -0.543280
v 0.000000 0.385053 -0.643889
v 0.083106 0.148555 -0.344390
v 0.083106 0.326442 -0.477697
v 0.083106 0.265052 -0.303625
v 0.000000 0.446535 -0.619296
v 0.083106 0.370793 -0.266624
v 0.083106 0.412787 -0.462158
v 0.083106 0.471696 -0.451556
v 0.000000 0.503919 -0.608639
v 0.083106 0.429543 -0.246066
v 0.083106 0.562152 -0.435276
v 0.083106 0.530064 -0.227476
v 0.000000 0.591177 -0.623243
v 0.083358 0.590652 -0.240558
v 0.083106 0.590932 -0.444895
v 0.083106 0.671896 -0.471952
v 0.000000 0.679157 -0.671143
v 0.083106 0.664808 -0.277549
v -0.040634 -0.000126 0.245804
v -0.083106 0.058856 0.211813
v -0.061868 -0.016407 0.213508
v -0.041470 0.046901 0.272134
v -0.083106 0.090090 0.221484
v -0.083106 0.129927 0.246569
v -0.057825 0.093149 0.334952
v 0.000000 0.018394 0.289783
v 0.000000 -0.000126 0.270028
v 0.000000 0.011758 0.312031
v -0.062361 -0.000333 0.391261
v -0.058629 0.080080 0.398625
v 0.000000 -0.032637 0.335814
v -0.051345 -0.040672 0.382081
v -0.036377 -0.073793 0.371262
v 0.000000 -0.069320 0.346779
v 0.000000 -0.115071 0.349675
v -0.025363 -0.120271 0.355965
v 0.000000 -0.146344 0.347358
v -0.035275 -0.016530 0.246264
v -0.049993 -0.064293 0.212502
v 0.000000 -0.016530 0.264551
v -0.017725 -0.066654 0.252849
v 0.000000 -0.066654 0.271136
v -0.083106 0.471696 -0.451556
v -0.083106 0.370793 -0.266624
v -0.083106 0.429543 -0.246066
v 0.000000 0.446535 -0.619296
v 0.000000 0.503919 -0.608639
v -0.083106 0.562152 -0.435276
v -0.083106 0.530064 -0.227476
v 0.000000 0.591177 -0.623243
v -0.086388 0.590652 -0.240558
v -0.083106 0.590932 -0.444895
v -0.083106 0.671896 -0.471952
v 0.000000 0.679157 -0.671143
v -0.083106 0.664808 -0.277549
v -0.083106 0.759000 -0.501061
v 0.000000 0.735963 -0.733788
v -0.083106 0.780396 -0.284927
v -0.083106 0.883027 -0.027243
v -0.083106 0.928115 -0.047738
v -0.083106 0.856795 0.002268
v -0.083106 0.970743 -0.055115
v -0.083106 0.998615 -0.052656
v -0.083106 0.918936 -0.315259
v -0.083106 1.041031 -0.182573
v -0.083106 0.986157 -0.348049
v -0.047275 1.090429 -0.312523
v -0.083106 1.093547 -0.405433
v -0.037810 1.131467 -0.370659
v -0.020461 1.169126 -0.406796
v -0.083106 0.896635 -0.595185
v -0.083106 0.986157 -0.348049
v 0.000000 0.744605 -0.768359
v 0.000000 1.128958 -0.372366
v 0.000000 1.169126 -0.406796
v 0.000000 1.230609 -0.419912
v 0.000000 1.090429 -0.312523
v -0.047275 1.090429 -0.312523
v 0.000000 1.041031 -0.182573
v -0.083106 1.041031 -0.182573
v -0.083106 0.998615 -0.052656
v 0.000000 0.998615 -0.052656
v -0.058416 0.793587 -0.820575
v 0.000000 0.718677 -0.797992
v -0.046177 0.728640 -0.849967
v 0.000000 0.677733 -0.823520
v -0.036878 0.684680 -0.863392
v 0.000000 0.637253 -0.840587
v -0.025447 0.635266 -0.869405
v -0.013485 0.573852 -0.869385
v 0.000000 0.575362 -0.861286
v 0.000000 0.538389 -0.864700
v -0.067804 0.857870 -0.785248
v 0.000000 0.840455 -0.898915
v 0.000000 0.735856 -0.903803
v -0.046177 0.728640 -0.849967
v 0.000000 1.028147 -0.858835
v 0.000000 0.691775 -0.904111
v -0.036878 0.684680 -0.863392
v 0.000000 0.633343 -0.897285
v -0.025447 0.635266 -0.869405
v 0.000000 0.571626 -0.881319
v -0.013485 0.573852 -0.869385
v 0.000000 0.538389 -0.864700
v -0.083106 1.013406 -0.679514
v 0.000000 1.182558 -0.807127
v -0.083106 1.093547 -0.405433
v -0.075905 1.144363 -0.635146
v 0.000000 1.278643 -0.748248
v -0.020461 1.169126 -0.406796
v -0.068465 1.239456 -0.606004
v 0.000000 1.400616 -0.673504
v 0.000000 1.230609 -0.419912
v -0.064876 1.323892 -0.559277
v -0.064876 1.323892 -0.559277
v -0.064876 1.380456 -0.527306
v 0.000000 1.294424 -0.419895
v 0.000000 1.453139 -0.630633
v -0.064876 1.380456 -0.527306
v 0.000000 1.515574 -0.579669
v 0.000000 1.361097 -0.403844
v -0.062389 1.430462 -0.487138
v -0.062389 1.430462 -0.487138
v -0.057886 1.468504 -0.453000
v 0.000000 1.401841 -0.382031
v 0.000000 1.556278 -0.546445
v -0.057886 1.468504 -0.453000
v -0.052838 1.506869 -0.403686
v 0.000000 1.420773 -0.361041
v -0.052838 1.506869 -0.403686
v 0.000000 1.632611 -0.484138
v 0.000000 1.421596 -0.326882
v -0.044368 1.457829 -0.332191
v -0.033581 1.434533 -0.311562
v -0.017444 1.390629 -0.284177
v 0.000000 1.387025 -0.291487
v 0.000000 1.345692 -0.259522
v -0.041171 1.545522 -0.350930
v 0.000000 1.711157 -0.383073
v -0.044368 1.457829 -0.332191
v -0.032997 1.552647 -0.329486
v 0.000000 1.552647 -0.329486
v 0.000000 1.448990 -0.294443
v -0.033581 1.448990 -0.294443
v -0.033581 1.448990 -0.294443
v -0.033581 1.434533 -0.311562
v -0.017444 1.394627 -0.276065
v 0.000000 1.394627 -0.276065
v -0.017444 1.390629 -0.284177
v 0.000000 1.345692 -0.259522
v 0.000000 0.150748 0.368207
v -0.057825 0.093149 0.334952
v -0.028205 0.143986 0.394078
v -0.058629 0.080080 0.398625
v 0.000000 0.158277 0.371681
v -0.020414 0.170267 0.384901
v 0.000000 0.181375 0.367504
v -0.009209 0.189608 0.370093
v 0.000000 0.199974 0.357782
v 0.000000 0.157285 0.350317
v -0.039011 0.195777 0.293100
v -0.083106 0.129927 0.246569
v -0.075030 0.170672 0.232164
v -0.069035 0.225486 0.217617
v 0.000000 0.195777 0.309126
v -0.039011 0.252675 0.267628
v 0.000000 0.252675 0.283654
v -0.039011 0.299164 0.264426
v 0.000000 0.299164 0.280452
v -0.077573 0.301190 0.216912
v 0.000000 0.313874 0.281796
v -0.083106 0.322800 0.227581
v -0.039011 0.313874 0.265770
v 0.000000 0.346087 0.292183
v -0.083106 0.357677 0.244799
v -0.039011 0.346087 0.276157
v 0.000000 0.406696 0.332263
v -0.085271 0.420789 0.263299
v -0.061925 0.406696 0.332263
v 0.000000 0.054613 0.020730
v -0.017203 0.061948 0.037073
v 0.000000 0.089603 0.031728
v -0.037206 0.028018 0.046473
v 0.000000 -0.003879 0.022468
v -0.052321 -0.007943 0.057957
v 0.000000 -0.020188 0.030193
v -0.037206 -0.048234 0.070824
v 0.000000 -0.058896 0.048528
v -0.017203 -0.085469 0.083253
v 0.000000 -0.089389 0.075831
v 0.000000 -0.108701 0.093121
v 0.083106 0.759000 -0.501061
v 0.000000 0.735963 -0.733788
v 0.083106 0.780396 -0.284927
v 0.083106 0.883027 -0.027243
v 0.083106 0.928115 -0.047738
v 0.083106 0.856795 0.002268
v 0.083106 0.970743 -0.055115
v 0.083106 0.998615 -0.052656
v 0.083106 0.918936 -0.315259
v 0.083106 1.041031 -0.182573
v 0.083106 0.986157 -0.348049
v 0.047275 1.090429 -0.312523
v 0.083106 1.093547 -0.405433
v 0.037810 1.131467 -0.370659
v 0.020461 1.169126 -0.406796
v 0.083106 0.896635 -0.595185
v 0.083106 0.986157 -0.348049
v 0.000000 0.744605 -0.768359
v 0.083106 1.013406 -0.679514
v 0.083106 1.093547 -0.405433
v 0.058416 0.793587 -0.820575
v 0.000000 0.718677 -0.797992
v 0.046177 0.728640 -0.849967
v 0.000000 0.677733 -0.823520
v 0.036878 0.684680 -0.863392
v 0.000000 0.637253 -0.840587
v 0.025447 0.635266 -0.869405
v 0.013485 0.573852 -0.869385
v 0.000000 0.575362 -0.861286
v 0.000000 0.538389 -0.864700
v 0.000000 0.571626 -0.881319
v 0.025447 0.635266 -0.869405
v 0.000000 0.633343 -0.897285
v 0.036878 0.684680 -0.863392
v 0.000000 0.691775 -0.904111
v 0.046177 0.728640 -0.849967
v 0.000000 0.735856 -0.903803
v 0.000000 0.840455 -0.898915
v 0.067804 0.857870 -0.785248
v 0.000000 1.028147 -0.858835
v 0.000000 1.182558 -0.807127
v 0.075905 1.144363 -0.635146
v 0.000000 1.278643 -0.748248
v 0.020461 1.169126 -0.406796
v 0.068465 1.239456 -0.606004
v 0.000000 1.400616 -0.673504
v 0.000000 1.230609 -0.419912
v 0.064876 1.323892 -0.559277
v 0.064876 1.323892 -0.559277
v 0.064876 1.380456 -0.527306
v 0.000000 1.294424 -0.419895
v 0.000000 1.453139 -0.630633
v 0.064876 1.380456 -0.527306
v 0.000000 1.515574 -0.579669
v 0.000000 1.361097 -0.403844
v 0.062389 1.430462 -0.487138
v 0.062389 1.430462 -0.487138
v 0.057886 1.468504 -0.453000
v 0.000000 1.401841 -0.382031
v 0.000000 1.556278 -0.546445
v 0.057886 1.468504 -0.453000
v 0.000000 1.420773 -0.361041
v 0.052838 1.506869 -0.403686
v 0.000000 1.632611 -0.484138
v 0.000000 1.421596 -0.326882
v 0.041171 1.545522 -0.350930
v 0.000000 1.711157 -0.383073
v 0.032997 1.552647 -0.329486
v 0.044368 1.457829 -0.332191
v 0.033581 1.448990 -0.294443
v 0.033581 1.434533 -0.311562
v 0.017444 1.394627 -0.276065
v 0.017444 1.390629 -0.284177
v 0.000000 1.387025 -0.291487
v 0.000000 1.345692 -0.259522
v 0.000000 1.087125 0.247344
v -0.078205 1.063629 0.232575
v 0.000000 1.063629 0.232575
v -0.078205 1.087125 0.247344
v -0.062863 1.035902 0.230459
v 0.000000 1.035902 0.230459
v -0.061007 1.021454 0.231204
v 0.000000 1.021454 0.231204
v 0.000000 1.002138 0.234481
v -0.061007 1.002138 0.234481
v 0.000000 0.989875 0.238652
v -0.061007 0.989875 0.238652
v 0.000000 0.970291 0.250462
v -0.065106 0.970291 0.250462
v 0.000000 1.063629 0.232575
v 0.078205 1.063629 0.232575
v 0.078205 1.087125 0.247344
v 0.000000 1.087125 0.247344
v 0.062863 1.035902 0.230459
v 0.000000 1.035902 0.230459
v 0.061007 1.021454 0.231204
v 0.000000 1.021454 0.231204
v 0.061007 1.002138 0.234481
v 0.000000 1.002138 0.234481
v 0.061007 0.989875 0.238652
v 0.000000 0.989875 0.238652
v 0.000000 0.970291 0.250462
v 0.065106 0.970291 0.250462
v 0.083106 0.357677 0.244799
v 0.039011 0.346087 0.276157
v 0.039011 0.313874 0.265770
v 0.085271 0.420789 0.263299
v 0.061925 0.406696 0.332263
v 0.083106 0.322800 0.227581
v 0.000000 0.406696 0.332263
v 0.061925 0.406696 0.332263
v 0.000000 0.346087 0.292183
v 0.000000 0.313874 0.281796
v 0.000000 0.299164 0.280452
v 0.039011 0.299164 0.264426
v 0.077573 0.301190 0.216912
v 0.039011 0.252675 0.267628
v 0.069035 0.225486 0.217617
v 0.000000 0.252675 0.283654
v 0.039011 0.195777 0.293100
v 0.000000 0.195777 0.309126
v 0.000000 0.157285 0.350317
v 0.057825 0.093149 0.334952
v 0.000000 0.150748 0.368207
v 0.028205 0.143986 0.394078
v 0.058629 0.080080 0.398625
v 0.083106 0.129927 0.246569
v 0.041470 0.046901 0.272134
v 0.083106 0.090090 0.221484
v 0.083106 0.058856 0.211813
v 0.000000 0.018394 0.289783
v 0.040634 -0.000126 0.245804
v 0.000000 0.011758 0.312031
v 0.000000 -0.000126 0.270028
v 0.062361 -0.000333 0.391261
v 0.058629 0.080080 0.398625
v 0.000000 -0.032637 0.335814
v 0.051345 -0.040672 0.382081
v 0.036377 -0.073793 0.371262
v 0.000000 -0.069320 0.346779
v 0.000000 -0.115071 0.349675
v 0.025363 -0.120271 0.355965
v 0.000000 -0.146344 0.347358
v 0.035275 -0.016530 0.246264
v 0.000000 -0.016530 0.264551
v 0.017725 -0.066654 0.252849
v 0.000000 -0.066654 0.271136
v 0.049993 -0.064293 0.212502
v 0.061868 -0.016407 0.213508
v 0.030507 -0.007115 0.169724
v 0.009485 -0.062120 0.167408
v 0.049993 -0.064293 0.212502
v 0.000000 -0.018357 0.160879
v 0.000000 -0.062120 0.160899
v -0.117329 0.697035 0.026594
v -0.127423 0.703386 0.035999
v -0.104324 0.735402 0.009808
v -0.145572 0.668109 0.065951
v 0.000000 0.697035 0.026594
v 0.000000 0.735402 0.009808
v 0.000000 0.649877 0.027393
v -0.124547 0.649877 0.027393
v -0.145572 0.641872 0.043402
v -0.145572 0.614151 0.017056
v -0.124547 0.630306 0.008209
v 0.000000 0.649877 0.027393
v 0.000000 0.630306 0.008209
v 0.000000 -0.042738 0.156443
v 0.000000 -0.177972 0.143200
v -0.051577 -0.061015 0.187813
v 0.000000 -0.018321 0.186539
v 0.000000 -0.031621 0.224276
v -0.058904 -0.061917 0.218343
v -0.037664 -0.080039 0.261103
v 0.000000 -0.045976 0.262522
v 0.000000 -0.076046 0.284762
v -0.055074 -0.192316 0.253840
v 0.000000 -0.208498 0.299311
v -0.068810 -0.185212 0.220825
v -0.058904 -0.061917 0.218343
v -0.059599 -0.363543 0.212709
v -0.045864 -0.370411 0.243273
v 0.000000 -0.377004 0.265673
v -0.051932 -0.634612 0.200372
v -0.032455 -0.631816 0.227762
v 0.000000 -0.628591 0.249736
v 0.000000 -0.872210 0.250874
v -0.037101 -0.874470 0.231370
v -0.056578 -0.879674 0.195191
v 0.000000 -0.997747 0.258942
v -0.044872 -1.006901 0.233340
v -0.061304 -1.017047 0.202160
v 0.000000 -1.053370 0.262517
v -0.054345 -1.089842 0.233562
v 0.000000 -1.107911 0.239675
v -0.068912 -1.106768 0.205192
v 0.000000 -1.129660 0.207316
v -0.054345 -1.128389 0.168953
v 0.000000 -1.141028 0.173778
v 0.000000 -1.131767 0.135895
v 0.000000 0.353530 -0.022911
v -0.024332 0.313095 -0.009913
v -0.010746 0.355258 -0.015714
v 0.000000 0.376947 -0.012179
v 0.000000 0.308648 -0.032181
v -0.040409 0.258944 0.001316
v 0.000000 0.260839 -0.029253
v 0.000000 0.211566 -0.012667
v -0.035983 0.218986 0.010743
v -0.034009 0.208999 0.012427
v -0.016936 0.167194 0.027728
v 0.000000 0.165220 0.012214
v 0.000000 0.133997 0.041973
v -0.111302 0.109339 -0.116995
v -0.075725 0.147013 -0.184549
v -0.104312 0.122918 -0.184856
v -0.100165 0.121410 -0.251006
v -0.071578 0.145657 -0.256760
v -0.088235 0.144178 -0.325491
v -0.102601 0.104772 -0.329478
v -0.101913 0.087116 -0.401379
v -0.086557 0.137860 -0.106914
v -0.112084 0.101462 -0.098507
v -0.115144 0.092541 -0.075032
v -0.115144 0.120517 -0.081766
v -0.101704 0.168292 -0.085043
v -0.075924 0.176508 -0.099455
v -0.081340 0.231812 -0.081485
v 0.000000 0.137860 -0.106914
v -0.056754 0.240686 -0.089860
v 0.000000 0.176508 -0.099455
v 0.099662 0.602816 0.458866
v 0.061925 0.435098 0.527252
v 0.061925 0.434068 0.445660
v 0.099612 0.601712 0.386726
v 0.061925 0.427225 0.369410
v 0.106938 0.600408 0.332858
v 0.075883 0.820629 0.333536
v 0.060096 0.828891 0.409271
v 0.060096 0.848857 0.478121
v 0.060096 0.797042 0.538558
v 0.099553 0.603954 0.532527
v 0.094328 0.604595 0.552121
v -0.129535 0.690998 -0.116733
v -0.108076 0.728208 -0.094900
v -0.125546 0.733943 -0.121925
v -0.121617 0.765602 -0.089663
v -0.125189 0.772741 -0.129762
v -0.108076 0.692240 -0.102893
v -0.132395 0.663104 -0.110236
v -0.108076 0.664258 -0.098451
v 0.000000 0.664258 -0.098451
v 0.000000 0.692240 -0.102893
v 0.000000 0.728208 -0.094900
v -0.108076 0.728208 -0.094900
v -0.093076 0.810537 -0.095700
v -0.120990 0.846000 -0.181222
v -0.089434 0.882474 -0.154049
v -0.123507 0.901990 -0.225391
v -0.088362 0.936429 -0.187668
v -0.098966 0.785694 -0.059773
v -0.108750 0.975391 -0.278016
v 0.000000 0.975391 -0.278016
v -0.083885 1.024750 -0.368262
v 0.000000 1.024750 -0.368262
v 0.000000 0.936429 -0.187668
v 0.000000 0.882474 -0.154049
v -0.089434 0.882474 -0.154049
v 0.000000 0.810537 -0.095700
v -0.093076 0.810537 -0.095700
v 0.000000 0.785694 -0.059773
v 0.000000 0.758582 -0.020565
v -0.103917 0.758582 -0.020565
v -0.118803 0.764210 -0.063491
v -0.103917 0.748974 -0.066125
v -0.118803 0.764210 -0.063491
v 0.000000 0.728208 -0.094900
v -0.103917 0.758582 -0.020565
v 0.000000 0.748990 -0.066125
v 0.000000 0.758582 -0.020565
v -0.013538 0.075991 0.621456
v 0.000000 0.087087 0.653934
v -0.019336 0.090539 0.606099
v 0.000000 0.026661 0.657087
v 0.000000 0.075991 0.621456
v 0.000000 0.120934 0.652168
v 0.000000 0.090539 0.606099
v 0.000000 0.130772 0.563633
v -0.027472 0.125426 0.611739
v -0.039703 0.187659 0.625072
v 0.000000 0.178318 0.668564
v -0.047007 0.246431 0.652957
v 0.000000 0.226665 0.696921
v -0.053172 0.285288 0.675561
v 0.000000 0.263574 0.718569
v -0.059690 0.323656 0.706776
v 0.000000 0.314400 0.753820
v -0.061465 0.353054 0.734942
v 0.000000 0.352109 0.819401
v -0.067510 0.376798 0.747683
v 0.000000 0.380076 0.870940
v -0.067510 0.424248 0.764594
v 0.000000 0.414506 0.884056
v -0.083106 0.497576 0.660708
v -0.057012 0.366292 0.643814
v -0.061465 0.353054 0.734942
v -0.059690 0.323656 0.706776
v -0.067510 0.494822 0.779819
v -0.060391 0.417197 0.607807
v 0.000000 0.417197 0.607807
v 0.000000 0.366292 0.643814
v -0.037815 0.335019 0.649026
v 0.000000 0.335019 0.649026
v -0.053172 0.285288 0.675561
v 0.000000 0.307419 0.631727
v -0.047007 0.246431 0.652957
v 0.000000 0.265214 0.611180
v -0.039703 0.187659 0.625072
v 0.000000 0.205370 0.566093
v 0.000000 0.130772 0.563633
v -0.027472 0.125426 0.611739
v -0.019336 0.090539 0.606099
v 0.042188 0.441150 0.106925
v 0.000000 0.433541 0.126294
v 0.000000 0.446384 0.093602
v 0.042188 0.433541 0.126294
v 0.042188 0.446384 0.093602
v 0.121587 0.595994 0.107540
v 0.000000 0.440546 0.069084
v 0.085271 0.420789 0.263299
v 0.042188 0.440546 0.069084
v 0.000000 0.420698 0.045733
v 0.042188 0.420698 0.045733
v 0.031144 0.391509 0.038727
v 0.000000 0.391509 0.038727
v 0.121587 0.598192 0.250777
v 0.121587 0.595697 0.088192
v 0.061925 0.406696 0.332263
v 0.083106 0.828302 0.234870
v 0.121587 0.595312 0.063069
v 0.083106 0.840400 0.079326
v 0.042188 0.440546 0.069084
v 0.057438 0.853281 0.122069
v 0.083106 0.839939 0.053562
v 0.053982 0.828891 0.316323
v 0.083106 0.838742 0.237866
v 0.030956 0.848169 0.313569
v 0.030956 0.870496 0.162237
v 0.083106 0.858501 0.243538
v 0.083106 0.858501 0.243538
v 0.083106 0.904024 0.256604
v 0.030956 0.915805 0.191987
v 0.030956 0.893084 0.316606
v 0.083106 0.904024 0.256604
v 0.076959 0.968368 0.275073
v 0.030956 0.966409 0.208144
v 0.030956 0.941116 0.341798
v 0.076959 0.968368 0.275073
v 0.076959 0.990217 0.276095
v 0.030956 0.998380 0.201586
v 0.033763 0.961771 0.369338
v 0.076959 0.990217 0.276095
v 0.029462 1.023793 0.172075
v 0.074351 1.029245 0.278047
v 0.028935 1.042648 0.140923
v 0.074351 1.029245 0.278047
v 0.065539 1.094617 0.280486
v 0.000000 1.014413 0.417497
v 0.014737 0.966591 0.400320
v 0.000000 0.938362 0.450581
v 0.000000 1.083909 0.392015
v 0.065539 1.094617 0.280486
v 0.000000 1.169699 0.365895
v 0.053842 1.191212 0.283413
v 0.000000 1.289716 0.336955
v 0.036221 1.308966 0.285742
v 0.000000 1.363856 0.319077
v 0.025229 1.371323 0.291110
v 0.000000 1.531162 0.301864
v 0.000000 1.379868 0.259103
v 0.000000 1.328222 0.234510
v 0.036221 1.308966 0.285742
v 0.000000 1.223402 0.169672
v 0.053842 1.191212 0.283413
v 0.000000 1.115165 0.090727
v 0.000000 1.052485 0.045011
v 0.000000 -0.002011 -0.739056
v -0.083106 0.009221 -0.585261
v -0.083106 0.003652 -0.581703
v 0.000000 -0.081036 -0.688330
v -0.074972 -0.061791 -0.547666
v 0.000000 -0.155340 -0.633698
v -0.069696 -0.112754 -0.515814
v 0.000000 -0.243366 -0.568977
v -0.061507 -0.176767 -0.462718
v -0.048573 -0.271109 -0.373791
v 0.000000 -0.437453 -0.397937
v -0.044174 -0.308729 -0.337695
v 0.000000 -0.464827 -0.369195
v -0.038246 -0.345735 -0.302187
v 0.000000 -0.507506 -0.324381
v 0.000000 -0.144398 -0.304533
v 0.000000 -0.124549 -0.271842
v 0.000000 -0.147900 -0.355905
v -0.061507 -0.176767 -0.462718
v 0.000000 -0.115209 -0.396770
v -0.069696 -0.112754 -0.515814
v 0.000000 -0.072009 -0.411948
v 0.000000 -0.032069 -0.416778
v -0.074972 -0.061791 -0.547666
v -0.022546 0.009719 -0.413116
v -0.083106 0.003652 -0.581703
v 0.000000 0.009719 -0.413116
v -0.083106 0.009221 -0.585261
v 0.000000 0.062259 -0.374586
v -0.048074 0.062259 -0.374586
v 0.000000 0.093783 -0.290522
v -0.048074 0.093783 -0.290522
v 0.000000 0.097286 -0.176102
v -0.061996 0.097286 -0.176102
v -0.037450 0.079772 -0.100211
v 0.000000 0.079772 -0.100211
v -0.017995 0.043578 -0.041834
v 0.000000 0.043578 -0.041834
v -0.037450 0.101956 -0.061682
v -0.061996 0.097286 -0.176102
v -0.043147 0.258408 -0.075693
v -0.083106 0.265052 -0.303625
v -0.048074 0.093783 -0.290522
v -0.083106 0.370793 -0.266624
v -0.049773 0.324959 -0.069855
v -0.083106 0.148555 -0.344390
v -0.043814 0.389718 -0.063488
v -0.083106 0.429543 -0.246066
v -0.042188 0.403185 -0.023153
v -0.083106 0.326442 -0.477697
v -0.083106 0.265052 -0.303625
v 0.000000 0.385053 -0.643889
v -0.083106 0.412787 -0.462158
v -0.097309 0.540951 0.373749
v -0.093739 0.578232 0.415051
v -0.091002 0.547266 0.369636
v -0.084420 0.502512 0.336176
v -0.109389 0.570083 0.415495
v 0.000000 0.578232 0.415051
v 0.000000 0.547266 0.369636
v -0.084420 0.502512 0.336176
v 0.000000 0.502512 0.336176
v 0.000000 0.594744 0.462852
v -0.100910 0.594744 0.462852
v -0.116560 0.584816 0.465259
v -0.099695 0.608895 0.512752
v 0.000000 0.608895 0.512752
v -0.115345 0.597388 0.514488
v 0.000000 0.617692 0.552583
v -0.115345 0.602852 0.536978
v -0.099695 0.617692 0.552583
v 0.000000 0.446384 0.093602
v -0.042188 0.441150 0.106925
v -0.042188 0.446384 0.093602
v -0.042188 0.440546 0.069084
v 0.000000 0.433541 0.126294
v 0.000000 0.440546 0.069084
v -0.042188 0.420698 0.045733
v 0.000000 0.420698 0.045733
v -0.031144 0.391509 0.038727
v 0.000000 0.391509 0.038727
v -0.042188 0.433541 0.126294
v -0.121587 0.595994 0.107540
v -0.042188 0.446384 0.093602
v -0.085271 0.420789 0.263299
v -0.121587 0.595697 0.088192
v -0.121587 0.598192 0.250777
v -0.121587 0.595312 0.063069
v -0.042188 0.440546 0.069084
v -0.083106 0.840400 0.079326
v -0.083106 0.839939 0.053562
v -0.057438 0.853281 0.122069
v -0.121587 0.594967 0.040610
v -0.083106 0.839580 0.033419
v -0.042188 0.420698 0.045733
v -0.030956 0.870496 0.162237
v -0.083106 0.858501 0.243538
v -0.030956 0.915805 0.191987
v -0.083106 0.904024 0.256604
v -0.030956 0.966409 0.208144
v -0.076959 0.968368 0.275073
v -0.030956 0.998380 0.201586
v -0.076959 0.990217 0.276095
v -0.029462 1.023793 0.172075
v -0.074351 1.029245 0.278047
v -0.028935 1.042648 0.140923
v -0.065539 1.094617 0.280486
v 0.000000 1.115165 0.090727
v 0.000000 1.052485 0.045011
v 0.000000 1.223402 0.169672
v -0.053842 1.191212 0.283413
v -0.036221 1.308966 0.285742
v 0.000000 1.328222 0.234510
v -0.025229 1.371323 0.291110
v 0.000000 1.379868 0.259103
v 0.000000 1.531162 0.301864
v 0.083106 0.429543 -0.246066
v 0.083106 0.530064 -0.227476
v 0.042188 0.403185 -0.023153
v 0.043814 0.389718 -0.063488
v 0.083106 0.370793 -0.266624
v 0.049773 0.324959 -0.069855
v 0.043147 0.258408 -0.075693
v 0.083106 0.265052 -0.303625
v 0.121587 0.594153 -0.012451
v 0.042188 0.405520 0.003701
v 0.083106 0.839580 0.033419
v 0.061996 0.097286 -0.176102
v 0.037450 0.101956 -0.061682
v 0.037450 0.079772 -0.100211
v 0.017995 0.043578 -0.041834
v 0.048074 0.093783 -0.290522
v 0.083106 0.148555 -0.344390
v 0.048074 0.062259 -0.374586
v 0.121587 0.594599 0.016646
v 0.042188 0.420698 0.045733
v 0.031144 0.391509 0.038727
v 0.121587 0.594967 0.040610
v -0.121587 0.594599 0.016646
v -0.109840 0.594153 -0.012451
v -0.042188 0.405520 0.003701
v -0.031144 0.391509 0.038727
v 0.000000 0.405520 0.003701
v 0.000000 0.391509 0.038727
v 0.000000 0.403185 -0.023153
v -0.042188 0.403185 -0.023153
v 0.000077 0.389718 -0.063488
v -0.043814 0.389718 -0.063488
v 0.000000 -1.201461 0.257420
v -0.052080 -1.251567 0.255738
v 0.000000 -1.251567 0.255738
v -0.090732 -1.207814 0.210644
v -0.088365 -1.263181 0.210523
v 0.000000 -1.286884 0.274226
v -0.083589 -1.298373 0.210446
v -0.052080 -1.286884 0.274226
v 0.000000 -1.284870 0.313833
v -0.052080 -1.286884 0.274226
v -0.070341 -1.400377 0.210223
v -0.055965 -1.373227 0.284412
v -0.052080 -1.340594 0.324042
v 0.000000 -1.284870 0.313833
v -0.052080 -1.323948 0.345138
v 0.000000 -1.265664 0.343680
v -0.041996 -1.301624 0.373429
v 0.000000 -1.245758 0.361491
v -0.041996 -1.272739 0.402654
v -0.015236 -1.415478 0.377446
v 0.000000 -1.227399 0.377917
v 0.000000 -1.436849 0.358449
v 0.000000 -1.432150 0.402084
v 0.000000 -1.486164 0.299959
v -0.067846 -1.463830 0.179799
v -0.052080 -1.256147 0.419442
v -0.052080 -1.244599 0.425138
v -0.052080 -1.229566 0.424731
v -0.043563 -1.190560 0.420485
v 0.000000 -1.191820 0.383959
v 0.000000 -1.156273 0.382998
v -0.027857 -1.145523 0.400834
v 0.000000 -1.133415 0.376574
v -0.016636 -1.128461 0.385474
v 0.000000 -1.117743 0.367777
v 0.000000 -1.549428 0.275224
v -0.055907 -1.542896 0.164049
v -0.052080 -1.578717 0.172429
v -0.049410 -1.630849 0.228459
v 0.000000 -1.598558 0.278001
v 0.000000 -1.651264 0.288067
v -0.035524 -1.664624 0.270344
v 0.000000 -1.676857 0.309927
v -0.020004 -1.686554 0.302629
v 0.000000 -1.711157 0.348953
v 0.000000 -1.698597 0.293565
v -0.035524 -1.664624 0.270344
v 0.000000 -1.682422 0.246734
v -0.049410 -1.630849 0.228459
v 0.000000 -1.659540 0.184442
v -0.052080 -1.578717 0.172429
v 0.000000 -1.598898 0.101603
v -0.055907 -1.542896 0.164049
v 0.000000 -1.552758 0.054987
v 0.000000 -1.438745 0.044837
v -0.067846 -1.463830 0.179799
v -0.052080 -1.341666 0.084318
v 0.000000 -1.312543 0.002188
v -0.070341 -1.400377 0.210223
v -0.052080 -1.293349 0.037707
v 0.000000 -1.263549 -0.035390
v -0.041176 -1.238887 -0.015866
v 0.000000 -1.205512 -0.079142
v -0.022767 -1.198648 -0.070850
v 0.000000 -1.181345 -0.113379
v -0.052080 -1.312068 0.134425
v -0.083589 -1.298373 0.210446
v 0.000000 -1.194101 -0.065358
v -0.022767 -1.198648 -0.070850
v -0.041176 -1.238887 -0.015866
v 0.000000 -1.217884 0.000761
v -0.052080 -1.293349 0.037707
v 0.000000 -1.271160 0.078771
v -0.036561 -1.289342 0.108101
v 0.000000 -1.289342 0.108101
v -0.052080 -1.281371 0.139707
v -0.088365 -1.263181 0.210523
v -0.052080 -1.218267 0.145410
v -0.090732 -1.207814 0.210644
v -0.052080 -1.183359 0.129298
v -0.090732 -1.147668 0.210775
v -0.052080 -1.153229 0.147535
v -0.056709 -1.106158 0.210866
v -0.036561 -1.289342 0.108101
v -0.052080 -1.293349 0.037707
v 0.000000 -1.281371 0.139707
v -0.028686 -1.122381 0.161177
v 0.000000 -1.106158 0.210866
v 0.000000 -1.122381 0.147106
v 0.000000 -1.153229 0.135790
v 0.000000 -1.122381 0.147106
v -0.052080 -1.183359 0.129298
v 0.000000 -1.183359 0.117553
v 0.049111 0.792408 0.579676
v 0.083106 0.560918 0.664839
v 0.083106 0.497576 0.660708
v 0.073878 0.434050 0.651111
v 0.083106 0.652489 0.668281
v 0.063460 0.789429 0.676717
v 0.039929 0.805728 0.641064
v 0.031276 0.842793 0.668862
v 0.017889 0.903601 0.691448
v 0.060391 0.417197 0.607807
v 0.057012 0.366292 0.643814
v 0.000000 0.417197 0.607807
v 0.000000 0.366292 0.643814
v 0.037815 0.335019 0.649026
v 0.000000 0.335019 0.649026
v 0.067510 0.376798 0.747683
v 0.000000 0.380076 0.870940
v 0.000000 0.352109 0.819401
v 0.061465 0.353054 0.734942
v 0.000000 0.314400 0.753820
v 0.059690 0.323656 0.706776
v 0.037815 0.335019 0.649026
v 0.000000 0.263574 0.718569
v 0.053172 0.285288 0.675561
v 0.053172 0.285288 0.675561
v 0.000000 0.307419 0.631727
v 0.000000 0.226665 0.696921
v 0.047007 0.246431 0.652957
v 0.047007 0.246431 0.652957
v 0.000000 0.265214 0.611180
v 0.000000 0.178318 0.668564
v 0.039703 0.187659 0.625072
v 0.039703 0.187659 0.625072
v 0.000000 0.205370 0.566093
v 0.000000 0.120934 0.652168
v 0.000000 0.130772 0.563633
v 0.027472 0.125426 0.611739
v 0.019336 0.090539 0.606099
v 0.000000 0.087087 0.653934
v 0.013538 0.075991 0.621456
v 0.000000 0.026661 0.657087
v -0.078205 1.083769 0.259428
v -0.083451 1.098600 0.279164
v -0.081364 1.064973 0.285276
v -0.078205 1.060944 0.274197
v -0.081364 1.029267 0.284443
v -0.078205 1.029932 0.279946
v -0.078205 1.017980 0.280910
v -0.078205 1.087125 0.247344
v -0.084744 1.127106 0.232801
v -0.084669 1.107935 0.226176
v -0.082367 1.072707 0.212416
v -0.078205 1.063629 0.232575
v -0.080279 1.043144 0.196758
v -0.062863 1.035902 0.230459
v -0.079997 1.028585 0.188831
v -0.075469 1.018042 0.196933
v -0.061007 1.021454 0.231204
v -0.072204 0.997676 0.212103
v -0.061007 1.002138 0.234481
v -0.072486 0.985546 0.219157
v -0.061007 0.989875 0.238652
v -0.076571 0.964686 0.227253
v -0.065106 0.970291 0.250462
v -0.102970 0.523587 -0.094101
v -0.123994 0.510729 -0.065242
v -0.145572 0.548927 -0.059251
v -0.145572 0.580944 -0.069797
v -0.070154 0.457244 -0.087707
v -0.110917 0.606603 -0.111376
v -0.135782 0.628809 -0.094440
v -0.099737 0.661866 -0.122876
v -0.132395 0.663104 -0.110236
v 0.000000 0.606603 -0.111376
v 0.000000 0.661866 -0.122876
v 0.000000 0.523587 -0.094101
v 0.000000 0.457244 -0.087707
v -0.091178 0.444673 -0.076351
v -0.056680 0.336550 -0.094101
v 0.000000 0.336550 -0.094101
v 0.000000 0.432466 -0.065326
v 0.000000 0.336550 -0.094101
v -0.070154 0.432466 -0.065326
v 0.000000 0.498328 -0.037406
v -0.102970 0.498328 -0.037406
v -0.102970 0.498328 -0.037406
v -0.123994 0.510729 -0.065242
v 0.000000 0.550763 -0.014171
v -0.145572 0.548927 -0.059251
v -0.124547 0.550763 -0.014171
v 0.000000 0.602111 0.023649
v -0.124547 0.602111 0.023649
v -0.124547 0.550763 -0.014171
v -0.145572 0.589391 -0.015314
v -0.124547 0.602111 0.023649
v -0.145572 0.614151 0.017056
v -0.145572 0.580944 -0.069797
v -0.119404 0.617904 -0.054136
v -0.135782 0.628809 -0.094440
v -0.124547 0.612873 -0.016009
v -0.145572 0.614151 0.017056
v -0.124547 0.630306 0.008209
v -0.108076 0.638686 -0.086907
v -0.132395 0.663104 -0.110236
v -0.108076 0.664258 -0.098451
v 0.000000 0.612873 -0.016009
v -0.124547 0.612873 -0.016009
v 0.000000 0.630306 0.008209
v 0.000000 0.638686 -0.086907
v 0.000000 0.664258 -0.098451
v 0.000000 0.617904 -0.054136
v -0.119404 0.617904 -0.054136
v 0.000000 0.612873 -0.016009
v -0.124547 0.612873 -0.016009
v 0.000000 -0.646369 0.128579
v 0.042842 -0.884546 0.161329
v 0.000000 -0.890541 0.120807
v 0.044872 -1.029812 0.162934
v 0.000000 -1.051054 0.124071
v 0.061304 -1.017047 0.202160
v 0.068912 -1.106768 0.205192
v 0.056578 -0.879674 0.195191
v 0.054345 -1.128389 0.168953
v 0.000000 -1.131767 0.135895
v 0.000000 -1.141028 0.173778
v 0.000000 -1.129660 0.207316
v 0.068912 -1.106768 0.205192
v 0.054345 -1.089842 0.233562
v 0.000000 -1.107911 0.239675
v 0.000000 -1.053370 0.262517
v 0.044872 -1.006901 0.233340
v 0.000000 -0.997747 0.258942
v 0.061304 -1.017047 0.202160
v 0.068912 -1.106768 0.205192
v 0.056578 -0.879674 0.195191
v 0.037101 -0.874470 0.231370
v 0.000000 -0.872210 0.250874
v 0.051932 -0.634612 0.200372
v 0.032455 -0.631816 0.227762
v 0.000000 -0.628591 0.249736
v 0.000000 -0.377004 0.265673
v 0.045864 -0.370411 0.243273
v 0.059599 -0.363543 0.212709
v 0.000000 -0.208498 0.299311
v 0.055074 -0.192316 0.253840
v 0.068810 -0.185212 0.220825
v 0.000000 -0.076046 0.284762
v 0.037664 -0.080039 0.261103
v 0.058904 -0.061917 0.218343
v 0.000000 -0.045976 0.262522
v 0.000000 -0.031621 0.224276
v 0.058904 -0.061917 0.218343
v 0.051577 -0.061015 0.187813
v 0.000000 -0.018321 0.186539
v 0.000000 -0.042738 0.156443
v 0.000000 -0.177972 0.143200
v 0.055074 -0.169551 0.189870
v 0.058904 -0.061917 0.218343
v 0.000000 -0.338701 0.135534
v 0.068810 -0.185212 0.220825
v 0.045864 -0.354748 0.173564
v 0.059599 -0.363543 0.212709
v 0.038197 -0.637836 0.168799
v 0.051932 -0.634612 0.200372
v 0.040409 0.258944 0.001316
v 0.035983 0.218986 0.010743
v 0.000000 0.211566 -0.012667
v 0.034009 0.208999 0.012427
v 0.000000 0.260839 -0.029253
v 0.000000 0.308648 -0.032181
v 0.016936 0.167194 0.027728
v 0.000000 0.165220 0.012214
v 0.000000 0.133997 0.041973
v 0.000000 0.168635 0.039046
v 0.000000 0.207663 0.042461
v 0.034009 0.208999 0.012427
v 0.035983 0.218986 0.010743
v 0.000000 0.227665 0.059048
v 0.026786 0.255606 0.052924
v 0.027258 0.256066 0.089701
v 0.000000 0.287671 0.045876
v 0.000000 0.234007 0.092709
v 0.000000 0.227665 0.110760
v 0.034367 0.256448 0.120187
v 0.000000 0.319869 0.005384
v 0.024332 0.313095 -0.009913
v 0.000000 0.353530 -0.022911
v 0.010746 0.355258 -0.015714
v 0.000000 0.356458 -0.010715
v 0.000000 0.376947 -0.012179
v -0.068726 0.315121 -0.155242
v -0.094000 0.426694 -0.152972
v -0.080013 0.426712 -0.168929
v -0.107575 0.481683 -0.160753
v 0.000000 0.426712 -0.168929
v 0.000000 0.315121 -0.155242
v 0.000000 0.480891 -0.179952
v -0.087594 0.480891 -0.179952
v -0.087594 0.480891 -0.179952
v -0.125422 0.548990 -0.171683
v 0.000000 0.540682 -0.196192
v -0.098490 0.540682 -0.196192
v -0.098490 0.540682 -0.196192
v -0.125422 0.599291 -0.190597
v -0.098490 0.594387 -0.217002
v -0.098490 0.594387 -0.217002
v 0.000000 0.594387 -0.217002
v -0.098490 0.644796 -0.250011
v -0.098490 0.644796 -0.250011
v -0.125422 0.673195 -0.227646
v 0.000000 0.644796 -0.250011
v -0.098490 0.699569 -0.304784
v -0.098490 0.699569 -0.304784
v -0.125422 0.761141 -0.276070
v 0.000000 0.699569 -0.304784
v -0.098490 0.746437 -0.378756
v -0.098490 0.746437 -0.378756
v -0.125422 0.798005 -0.356368
v 0.000000 0.746437 -0.378756
v -0.125422 0.818108 -0.402522
v -0.098490 0.760553 -0.430706
v -0.098490 0.760553 -0.430706
v 0.000000 0.760553 -0.430706
v -0.125422 0.838949 -0.454420
v -0.090864 0.749824 -0.461198
v -0.090864 0.749824 -0.461198
v 0.000000 0.749824 -0.461198
v -0.125422 0.848858 -0.496722
v -0.088283 0.730626 -0.478703
v -0.106136 0.753778 -0.518520
v 0.000000 0.730626 -0.478703
v -0.088283 0.730626 -0.478703
v -0.079989 0.674159 -0.506372
v -0.100666 0.731296 -0.522028
v 0.000000 0.674159 -0.506372
v -0.079989 0.674159 -0.506372
v -0.089830 0.676204 -0.530622
v -0.059270 0.603010 -0.517665
v -0.069068 0.600312 -0.523962
v 0.000000 0.603010 -0.517665
v -0.054419 0.569130 -0.513712
v 0.000000 0.569130 -0.513712
v -0.009485 -0.062120 0.167408
v -0.030507 -0.007115 0.169724
v 0.000000 -0.018357 0.160879
v 0.000000 -0.062120 0.160899
v -0.061868 -0.016407 0.213508
v -0.049993 -0.064293 0.212502
v 0.052196 0.259447 0.143659
v 0.077573 0.301190 0.216912
v 0.069035 0.225486 0.217617
v 0.019472 0.189124 0.135622
v 0.034367 0.256448 0.120187
v 0.000000 0.227665 0.110760
v 0.000000 0.189124 0.135622
v 0.011631 0.140827 0.134646
v 0.000000 0.140827 0.134646
v 0.009942 0.100335 0.122450
v 0.000000 0.100335 0.122450
v 0.000000 0.070089 0.101979
v 0.075030 0.170672 0.232164
v 0.011631 0.140827 0.134646
v 0.083106 0.090090 0.221484
v 0.063692 0.050988 0.178943
v 0.009942 0.100335 0.122450
v 0.039700 0.029918 0.145737
v 0.000000 0.070089 0.101979
v 0.027247 0.020864 0.124747
v 0.000000 0.058868 0.090758
v 0.026085 0.011437 0.101897
v 0.000000 0.055219 0.066944
v 0.000000 -0.013145 0.137135
v 0.027247 0.020864 0.124747
v 0.000000 -0.018357 0.160879
v 0.000000 -0.017778 0.108758
v 0.026085 0.011437 0.101897
v 0.037206 0.002974 0.082709
v 0.000000 -0.039205 0.095438
v 0.052321 -0.007943 0.057957
v 0.037206 0.028018 0.046473
v 0.037206 -0.048234 0.070824
v 0.017203 -0.085469 0.083253
v 0.000000 -0.081482 0.090805
v 0.000000 -0.108701 0.093121
v 0.017203 0.061948 0.037073
v 0.000000 0.067650 0.049778
v 0.000000 0.089603 0.031728
v 0.000000 0.054613 0.020730
v 0.037206 0.028018 0.046473
v 0.000000 -0.003879 0.022468
v 0.052321 -0.007943 0.057957
v 0.000000 -0.020188 0.030193
v 0.037206 -0.048234 0.070824
v 0.000000 -0.058896 0.048528
v 0.017203 -0.085469 0.083253
v 0.000000 -0.089389 0.075831
v 0.000000 -0.108701 0.093121
v 0.098490 0.554108 -0.156584
v 0.107575 0.481683 -0.160753
v 0.125422 0.548990 -0.171683
v 0.000000 0.603114 -0.170011
v 0.000000 0.554108 -0.156584
v 0.125422 0.599291 -0.190597
v 0.098490 0.603114 -0.170011
v 0.000000 0.707168 -0.200891
v 0.125422 0.673195 -0.227646
v 0.098490 0.707168 -0.200891
v 0.098490 0.707168 -0.200891
v 0.000000 0.817263 -0.249897
v 0.125422 0.761141 -0.276070
v 0.098490 0.817263 -0.249897
v 0.098490 0.886475 -0.306478
v 0.000000 0.886475 -0.306478
v 0.098490 0.817263 -0.249897
v 0.125422 0.798005 -0.356368
v 0.098490 0.886475 -0.306478
v 0.098490 0.870664 -0.333583
v 0.098490 0.870099 -0.377062
v 0.125422 0.818108 -0.402522
v 0.125422 0.838949 -0.454420
v 0.098490 0.898333 -0.449905
v 0.098490 0.760553 -0.430706
v 0.098490 0.746437 -0.378756
v 0.125422 0.798005 -0.356368
v 0.090864 0.749824 -0.461198
v 0.125422 0.761141 -0.276070
v 0.098490 0.699569 -0.304784
v 0.125422 0.673195 -0.227646
v 0.098490 0.644796 -0.250011
v 0.125422 0.599291 -0.190597
v 0.098490 0.594387 -0.217002
v 0.098490 0.540682 -0.196192
v 0.125422 0.548990 -0.171683
v 0.087594 0.480891 -0.179952
v 0.107575 0.481683 -0.160753
v 0.080013 0.426712 -0.168929
v 0.094000 0.426694 -0.152972
v 0.068726 0.315121 -0.155242
v 0.125422 0.848858 -0.496722
v 0.106136 0.753778 -0.518520
v 0.125422 0.887393 -0.498352
v 0.088283 0.730626 -0.478703
v 0.098490 0.933342 -0.465715
v 0.100666 0.731296 -0.522028
v 0.120159 0.954631 -0.501197
v 0.079989 0.674159 -0.506372
v 0.098490 0.966658 -0.465715
v 0.089830 0.676204 -0.530622
v 0.116645 0.991246 -0.493331
v 0.059270 0.603010 -0.517665
v 0.098490 0.986986 -0.451034
v 0.115228 1.021704 -0.479904
v 0.069068 0.600312 -0.523962
v 0.054419 0.569130 -0.513712
v 0.059270 0.596234 -0.533476
v 0.063613 0.678111 -0.553239
v 0.089830 0.676204 -0.530622
v 0.068339 0.731845 -0.557491
v 0.100666 0.731296 -0.522028
v 0.071813 0.757255 -0.557808
v 0.106136 0.753778 -0.518520
v 0.125422 0.848858 -0.496722
v 0.087592 0.860541 -0.553853
v 0.125422 0.887393 -0.498352
v 0.088288 0.900389 -0.548592
v 0.120159 0.954631 -0.501197
v 0.091365 0.975692 -0.536299
v 0.116645 0.991246 -0.493331
v 0.091365 1.015656 -0.523891
v 0.115228 1.021704 -0.479904
v 0.091365 1.058574 -0.510566
v 0.113936 1.046150 -0.460436
v 0.091365 1.084279 -0.502585
v 0.089111 1.105917 -0.496161
v 0.104262 1.067877 -0.443134
v 0.087004 1.144453 -0.484721
v 0.092565 0.992633 -0.428447
v 0.087004 0.975985 -0.393231
v 0.000000 0.674159 -0.506372
v 0.000000 0.603010 -0.517665
v 0.000000 0.569130 -0.513712
v 0.079989 0.674159 -0.506372
v 0.000000 0.730626 -0.478703
v 0.088283 0.730626 -0.478703
v 0.000000 0.749824 -0.461198
v 0.090864 0.749824 -0.461198
v 0.000000 0.760553 -0.430706
v 0.098490 0.760553 -0.430706
v 0.098490 0.746437 -0.378756
v 0.000000 0.746437 -0.378756
v 0.098490 0.699569 -0.304784
v 0.000000 0.699569 -0.304784
v 0.098490 0.644796 -0.250011
v 0.000000 0.644796 -0.250011
v 0.098490 0.594387 -0.217002
v 0.000000 0.594387 -0.217002
v 0.098490 0.540682 -0.196192
v 0.000000 0.540682 -0.196192
v 0.087594 0.480891 -0.179952
v 0.000000 0.480891 -0.179952
v 0.080013 0.426712 -0.168929
v 0.000000 0.426712 -0.168929
v 0.068726 0.315121 -0.155242
v 0.000000 0.315121 -0.155242
v 0.087754 0.784076 0.644590
v 0.087754 0.754637 0.652171
v 0.072104 0.740710 0.618278
v 0.087754 0.769102 0.609812
v 0.072104 0.715852 0.634996
v 0.072104 0.746774 0.576658
v 0.090387 0.731315 0.660611
v 0.092662 0.702267 0.661523
v 0.075651 0.693247 0.640314
v 0.087754 0.771028 0.574679
v 0.072104 0.766976 0.523679
v 0.087754 0.785327 0.533884
v 0.072104 0.792175 0.487242
v 0.087754 0.810192 0.500942
v 0.072104 0.812921 0.457243
v 0.087754 0.832112 0.467561
v 0.072104 0.842882 0.440833
v 0.072104 0.833437 0.410032
v 0.072104 0.854820 0.479770
v 0.072104 0.825726 0.512754
v 0.087754 0.810192 0.500942
v 0.072104 0.804595 0.544598
v 0.087754 0.785327 0.533884
v 0.072104 0.798836 0.572410
v 0.087754 0.771028 0.574679
v 0.072104 0.800270 0.600518
v 0.087754 0.769102 0.609812
v 0.072104 0.807894 0.628979
v 0.087754 0.784076 0.644590
v 0.072104 0.815728 0.641760
v -0.083106 0.322800 0.227581
v -0.083106 0.357677 0.244799
v -0.042696 0.333131 0.164823
v 0.000000 0.333131 0.164823
v -0.042696 0.301607 0.148477
v 0.000000 0.301607 0.148477
v 0.000000 0.288775 0.130774
v -0.034367 0.256448 0.120187
v -0.027258 0.256066 0.089701
v 0.000000 0.276938 0.086855
v -0.052196 0.259447 0.143659
v -0.026786 0.255606 0.052924
v 0.000000 0.287671 0.045876
v -0.040409 0.258944 0.001316
v 0.000000 0.319869 0.005384
v -0.024332 0.313095 -0.009913
v -0.010746 0.355258 -0.015714
v 0.000000 0.356458 -0.010715
v 0.000000 0.376947 -0.012179
v -0.019472 0.189124 0.135622
v -0.034367 0.256448 0.120187
v 0.000000 0.227665 0.110760
v -0.027258 0.256066 0.089701
v 0.000000 0.234007 0.092709
v 0.000000 0.227665 0.059048
v 0.000000 0.189124 0.135622
v -0.026786 0.255606 0.052924
v -0.035983 0.218986 0.010743
v -0.040409 0.258944 0.001316
v 0.000000 0.207663 0.042461
v -0.034009 0.208999 0.012427
v -0.016936 0.167194 0.027728
v 0.000000 0.168635 0.039046
v 0.000000 0.133997 0.041973
v -0.011631 0.140827 0.134646
v 0.000000 0.140827 0.134646
v -0.009942 0.100335 0.122450
v 0.000000 0.100335 0.122450
v 0.000000 0.070089 0.101979
v -0.075030 0.170672 0.232164
v -0.011631 0.140827 0.134646
v -0.083106 0.129927 0.246569
v -0.083106 0.090090 0.221484
v -0.083106 0.058856 0.211813
v -0.063692 0.050988 0.178943
v -0.009942 0.100335 0.122450
v -0.039700 0.029918 0.145737
v 0.000000 0.070089 0.101979
v -0.027247 0.020864 0.124747
v 0.000000 0.058868 0.090758
v -0.026085 0.011437 0.101897
v 0.000000 0.055219 0.066944
v -0.037206 0.002974 0.082709
v -0.052321 -0.007943 0.057957
v -0.037206 0.028018 0.046473
v -0.017203 0.061948 0.037073
v 0.000000 0.067650 0.049778
v 0.000000 0.089603 0.031728
v 0.000000 -0.013145 0.137135
v -0.027247 0.020864 0.124747
v 0.000000 -0.018357 0.160879
v 0.000000 -0.017778 0.108758
v -0.026085 0.011437 0.101897
v -0.037206 0.002974 0.082709
v 0.000000 -0.039205 0.095438
v -0.052321 -0.007943 0.057957
v -0.037206 -0.048234 0.070824
v -0.017203 -0.085469 0.083253
v 0.000000 -0.081482 0.090805
v 0.000000 -0.108701 0.093121
v -0.105638 0.521343 0.486461
v -0.101479 0.518601 0.517782
v -0.085829 0.529352 0.522583
v -0.100660 0.527807 0.550275
v -0.085009 0.537628 0.550120
v 0.000000 0.529352 0.522583
v 0.000000 0.537628 0.550120
v 0.000000 0.564871 0.596570
v -0.091899 0.564871 0.596570
v -0.107550 0.554808 0.605443
v 0.101479 0.518601 0.517782
v 0.105638 0.521343 0.486461
v 0.085829 0.529352 0.522583
v 0.100660 0.527807 0.550275
v 0.085009 0.537628 0.550120
v 0.000000 0.529352 0.522583
v 0.000000 0.537628 0.550120
v 0.000000 0.564871 0.596570
v 0.091899 0.564871 0.596570
v 0.107550 0.554808 0.605443
v 0.108076 0.728208 -0.094900
v 0.129535 0.690998 -0.116733
v 0.125546 0.733943 -0.121925
v 0.121617 0.765602 -0.089663
v 0.108076 0.692240 -0.102893
v 0.125189 0.772741 -0.129762
v 0.108076 0.664258 -0.098451
v 0.132395 0.663104 -0.110236
v 0.000000 0.692240 -0.102893
v 0.000000 0.664258 -0.098451
v 0.108076 0.728208 -0.094900
v 0.000000 0.728208 -0.094900
v 0.103917 0.748974 -0.066125
v 0.093076 0.810537 -0.095700
v 0.120990 0.846000 -0.181222
v 0.118803 0.764210 -0.063491
v 0.103917 0.758582 -0.020565
v 0.098966 0.785694 -0.059773
v 0.103917 0.758582 -0.020565
v 0.089434 0.882474 -0.154049
v 0.123507 0.901990 -0.225391
v 0.088362 0.936429 -0.187668
v 0.108750 0.975391 -0.278016
v -0.089439 0.751218 -0.156612
v -0.125546 0.733943 -0.121925
v -0.125189 0.772741 -0.129762
v -0.089439 0.820672 -0.200091
v -0.120990 0.846000 -0.181222
v -0.089439 0.882474 -0.246768
v -0.123507 0.901990 -0.225391
v -0.089439 0.945215 -0.300344
v -0.108750 0.975391 -0.278016
v -0.083885 1.024750 -0.368262
v 0.000000 0.945215 -0.300344
v 0.000000 1.024750 -0.368262
v 0.000000 0.882474 -0.246768
v -0.089439 0.882474 -0.246768
v 0.000000 0.820672 -0.200091
v -0.089439 0.820672 -0.200091
v 0.000000 0.751218 -0.156612
v 0.000000 0.689511 -0.133313
v -0.095387 0.689511 -0.133313
v 0.000000 0.661866 -0.122876
v -0.099737 0.661866 -0.122876
v -0.129535 0.690998 -0.116733
v -0.132395 0.663104 -0.110236
v 0.104324 0.735402 0.009808
v 0.000000 0.697035 0.026594
v 0.000000 0.735402 0.009808
v 0.117329 0.697035 0.026594
v 0.000000 0.649877 0.027393
v 0.124547 0.649877 0.027393
v 0.129535 0.690998 -0.116733
v 0.099737 0.661866 -0.122876
v 0.095387 0.689511 -0.133313
v 0.132395 0.663104 -0.110236
v 0.000000 0.661866 -0.122876
v 0.000000 0.689511 -0.133313
v 0.000000 0.751218 -0.156612
v 0.000000 0.820672 -0.200091
v 0.089439 0.820672 -0.200091
v 0.000000 0.882474 -0.246768
v 0.089439 0.882474 -0.246768
v 0.000000 0.945215 -0.300344
v 0.089439 0.945215 -0.300344
v 0.083885 1.024750 -0.368262
v 0.000000 1.024750 -0.368262
v -0.070879 0.093577 -0.471166
v 0.000000 0.105752 -0.439615
v 0.000000 0.092997 -0.471166
v -0.077331 0.105902 -0.439615
v 0.070879 0.093577 -0.471166
v 0.000000 0.092997 -0.471166
v 0.000000 0.105752 -0.439615
v 0.077331 0.105902 -0.439615
v 0.042277 0.423945 0.132011
v 0.000000 0.378666 0.158985
v 0.000000 0.433541 0.126294
v 0.042188 0.433541 0.126294
v 0.042696 0.378666 0.158985
v 0.042696 0.333131 0.164823
v 0.000000 0.333131 0.164823
v 0.000000 0.301607 0.148477
v 0.042696 0.301607 0.148477
v 0.042696 0.378666 0.158985
v 0.000000 0.288775 0.130774
v 0.034367 0.256448 0.120187
v 0.027258 0.256066 0.089701
v 0.000000 0.276938 0.086855
v 0.042696 0.333131 0.164823
v 0.000000 -0.646369 0.128579
v -0.042842 -0.884546 0.161329
v -0.038197 -0.637836 0.168799
v 0.000000 -0.890541 0.120807
v -0.044872 -1.029812 0.162934
v 0.000000 -1.051054 0.124071
v -0.054345 -1.128389 0.168953
v 0.000000 -1.131767 0.135895
v -0.068912 -1.106768 0.205192
v -0.061304 -1.017047 0.202160
v -0.056578 -0.879674 0.195191
v -0.051932 -0.634612 0.200372
v -0.059599 -0.363543 0.212709
v -0.045864 -0.354748 0.173564
v -0.068810 -0.185212 0.220825
v 0.000000 -0.338701 0.135534
v -0.055074 -0.169551 0.189870
v -0.058904 -0.061917 0.218343
v 0.033581 1.448990 -0.294443
v 0.032997 1.552647 -0.329486
v 0.000000 1.448990 -0.294443
v 0.017444 1.394627 -0.276065
v 0.000000 1.552647 -0.329486
v 0.000000 1.711157 -0.383073
v 0.000000 1.394627 -0.276065
v 0.000000 1.345692 -0.259522
v 0.086708 0.636080 -0.419463
v 0.093633 0.630719 -0.423165
v 0.086708 0.646830 -0.452370
v 0.000000 0.646830 -0.452370
v 0.000000 0.636080 -0.419463
v 0.100300 0.614505 -0.402091
v 0.000000 0.621936 -0.392628
v 0.090489 0.621936 -0.392628
v 0.090489 0.621936 -0.392628
v 0.114904 0.560143 -0.347669
v 0.000000 0.577685 -0.316093
v 0.094164 0.577685 -0.316093
v 0.118435 0.500358 -0.308728
v 0.090815 0.521553 -0.259609
v 0.094164 0.577685 -0.316093
v 0.090815 0.521553 -0.259609
v 0.000000 0.521553 -0.259609
v -0.086708 0.646830 -0.452370
v 0.000000 0.636080 -0.419463
v 0.000000 0.646830 -0.452370
v -0.086708 0.636080 -0.419463
v 0.000000 0.621936 -0.392628
v -0.090489 0.621936 -0.392628
v 0.000000 0.577685 -0.316093
v -0.094164 0.577685 -0.316093
v -0.090815 0.521553 -0.259609
v 0.000000 0.521553 -0.259609
v 0.000000 0.433541 0.126294
v -0.042277 0.423945 0.132011
v -0.042188 0.433541 0.126294
v 0.000000 0.378666 0.158985
v -0.042696 0.378666 0.158985
v -0.085009 0.517019 0.550575
v -0.107550 0.554808 0.605443
v -0.100660 0.527807 0.550275
v -0.091899 0.542113 0.616597
v 0.000000 0.542195 0.616566
v 0.000000 0.517019 0.550575
v -0.101479 0.518601 0.517782
v 0.000000 0.509209 0.512059
v -0.085829 0.509209 0.512059
v -0.105638 0.521343 0.486461
v -0.083986 0.515298 0.442158
v 0.000000 0.515298 0.442158
v -0.093560 0.537545 0.480876
v -0.109210 0.533898 0.499443
v -0.085829 0.529352 0.522583
v -0.097658 0.562623 0.508987
v -0.113308 0.560386 0.520074
v -0.097658 0.558845 0.535543
v -0.113308 0.560386 0.520074
v -0.099695 0.583392 0.542651
v -0.115345 0.583901 0.529698
v -0.115345 0.602852 0.536978
v -0.099695 0.617692 0.552583
v 0.000000 0.617692 0.552583
v 0.000000 0.583392 0.542651
v -0.097658 0.558845 0.535543
v 0.000000 0.558845 0.535543
v -0.085829 0.529352 0.522583
v 0.000000 0.529352 0.522583
v -0.099695 0.584422 0.516444
v -0.115345 0.583901 0.529698
v -0.115345 0.602852 0.536978
v 0.000000 0.584422 0.516444
v 0.000000 0.562623 0.508987
v -0.093560 0.537545 0.480876
v 0.000000 0.537545 0.480876
v -0.083986 0.515298 0.442158
v 0.000000 0.515298 0.442158
v 0.000000 -1.326371 0.284140
v -0.070941 -1.311533 0.283955
v -0.050204 -1.294405 0.309376
v 0.000000 -1.294405 0.309376
v -0.058836 -1.298745 0.283795
v -0.067755 -1.292817 0.261469
v -0.086599 -1.319442 0.259219
v 0.000000 -1.298745 0.283795
v 0.000000 -1.294405 0.309376
v 0.000000 -1.292817 0.261469
v -0.067755 -1.292817 0.261469
v 0.000000 -1.282321 0.234188
v -0.081761 -1.282321 0.234188
v -0.081761 -1.282321 0.234188
v -0.111844 -1.320104 0.216525
v -0.103617 -1.290322 0.209947
v -0.103617 -1.261029 0.201864
v -0.093482 -1.246742 0.214720
v -0.105688 -1.226611 0.185229
v -0.093482 -1.208477 0.212035
v -0.111844 -1.210549 0.174330
v -0.111844 -1.197929 0.186376
v -0.107570 -1.169821 0.210756
v -0.089548 -1.175641 0.220939
v -0.075702 -1.134632 0.242916
v -0.096239 -1.128473 0.232866
v -0.088708 -1.111529 0.238444
v 0.000000 -1.111529 0.238444
v -0.071149 -1.093011 0.234860
v 0.000000 -1.093011 0.234860
v 0.000000 -1.134632 0.242916
v 0.000000 -1.175641 0.220939
v 0.000000 -1.208477 0.212035
v -0.093482 -1.208477 0.212035
v 0.000000 -1.246742 0.214720
v -0.093482 -1.246742 0.214720
v -0.081761 -1.282321 0.234188
v 0.000000 -1.282321 0.234188
v 0.000000 0.405520 0.003701
v 0.042188 0.405520 0.003701
v 0.031144 0.391509 0.038727
v 0.000000 0.391509 0.038727
v 0.042188 0.403185 -0.023153
v 0.000000 0.403185 -0.023153
v -0.000077 0.389718 -0.063488
v 0.043814 0.389718 -0.063488
v -0.099695 0.584422 0.516444
v -0.115345 0.602852 0.536978
v -0.115345 0.597388 0.514488
v -0.100910 0.575066 0.467623
v -0.116560 0.584816 0.465259
v -0.109389 0.570083 0.415495
v 0.000000 0.575066 0.467623
v 0.000000 0.584422 0.516444
v -0.093739 0.559755 0.416058
v 0.000000 0.559755 0.416058
v -0.089456 0.534933 0.377667
v -0.097309 0.540951 0.373749
v 0.000000 0.534933 0.377667
v -0.084420 0.502512 0.336176
v 0.000000 0.502512 0.336176
v 0.000000 0.427225 0.369410
v 0.061925 0.427225 0.369410
v 0.061925 0.434068 0.445660
v 0.000000 0.406696 0.332263
v 0.061925 0.406696 0.332263
v 0.000000 0.434068 0.445660
v 0.061925 0.435098 0.527252
v 0.000000 0.435098 0.527252
v 0.060391 0.417197 0.607807
v 0.000000 0.417197 0.607807
v -0.061925 0.434068 0.445660
v 0.000000 0.435098 0.527252
v -0.061925 0.435098 0.527252
v -0.060391 0.417197 0.607807
v 0.000000 0.417197 0.607807
v 0.000000 0.434068 0.445660
v -0.061925 0.427225 0.369410
v 0.000000 0.427225 0.369410
v 0.000000 0.406696 0.332263
v -0.125422 0.887393 -0.498352
v -0.125422 0.848858 -0.496722
v -0.098490 0.898333 -0.449905
v -0.125422 0.838949 -0.454420
v -0.098490 0.870099 -0.377062
v -0.125422 0.818108 -0.402522
v -0.125422 0.798005 -0.356368
v -0.098490 0.870664 -0.333583
v -0.098490 0.886475 -0.306478
v -0.098490 0.817263 -0.249897
v 0.000000 0.886475 -0.306478
v -0.125422 0.761141 -0.276070
v 0.000000 0.870664 -0.333583
v -0.098490 0.707168 -0.200891
v -0.098490 0.870099 -0.377062
v -0.125422 0.673195 -0.227646
v 0.000000 0.870099 -0.377062
v -0.098490 0.898333 -0.449905
v 0.000000 0.898333 -0.449905
v -0.098490 0.603114 -0.170011
v -0.125422 0.599291 -0.190597
v -0.098490 0.554108 -0.156584
v -0.125422 0.548990 -0.171683
v -0.107575 0.481683 -0.160753
v 0.000000 0.554108 -0.156584
v 0.000000 0.603114 -0.170011
v -0.098490 0.707168 -0.200891
v 0.000000 0.707168 -0.200891
v -0.098490 0.817263 -0.249897
v 0.000000 0.817263 -0.249897
v 0.000000 0.886475 -0.306478
v -0.098490 0.886475 -0.306478
v -0.087594 0.482366 -0.144194
v 0.000000 0.482366 -0.144194
v -0.094000 0.426694 -0.152972
v -0.080013 0.426682 -0.142591
v 0.000000 0.426682 -0.142591
v -0.068726 0.315121 -0.155242
v 0.000000 0.315121 -0.155242
v -0.034187 -1.115290 0.281693
v -0.056709 -1.106158 0.210866
v -0.090732 -1.147668 0.210775
v -0.052080 -1.201461 0.243768
v -0.027071 -1.086792 0.258060
v -0.028686 -1.064349 0.222880
v 0.000000 -1.064349 0.236533
v 0.000000 -1.086792 0.271713
v 0.000000 -1.115290 0.295345
v 0.000000 -1.115290 0.295345
v 0.102970 0.498328 -0.037406
v 0.091178 0.444673 -0.076351
v 0.124547 0.550763 -0.014171
v 0.070154 0.432466 -0.065326
v 0.056680 0.336550 -0.094101
v 0.000000 0.432466 -0.065326
v 0.000000 0.336550 -0.094101
v 0.000000 0.498328 -0.037406
v 0.102970 0.498328 -0.037406
v 0.000000 0.550763 -0.014171
v 0.124547 0.550763 -0.014171
v 0.124547 0.602111 0.023649
v 0.000000 0.602111 0.023649
v 0.145572 0.589391 -0.015314
v 0.124547 0.602111 0.023649
v 0.145572 0.614151 0.017056
v 0.145572 0.580944 -0.069797
v 0.119404 0.617904 -0.054136
v 0.135782 0.628809 -0.094440
v 0.124547 0.612873 -0.016009
v 0.145572 0.614151 0.017056
v 0.124547 0.630306 0.008209
v 0.108076 0.638686 -0.086907
v 0.132395 0.663104 -0.110236
v 0.108076 0.664258 -0.098451
v 0.000000 0.664258 -0.098451
v 0.000000 0.638686 -0.086907
v 0.000000 0.617904 -0.054136
v 0.119404 0.617904 -0.054136
v 0.000000 0.612873 -0.016009
v 0.124547 0.612873 -0.016009
v 0.124547 0.612873 -0.016009
v 0.000000 0.630306 0.008209
v 0.000000 0.612873 -0.016009
v 0.000000 0.893084 0.316606
v 0.030956 0.893084 0.316606
v 0.030956 0.941116 0.341798
v 0.000000 0.848169 0.313569
v 0.000000 0.941116 0.341798
v 0.030956 0.848169 0.313569
v 0.000000 0.828891 0.316323
v 0.053982 0.828891 0.316323
v 0.000000 0.961771 0.369338
v 0.033763 0.961771 0.369338
v 0.014737 0.966591 0.400320
v 0.000000 0.966591 0.400320
v 0.000000 0.938362 0.450581
v 0.085009 0.517019 0.550575
v 0.107550 0.554808 0.605443
v 0.091899 0.542113 0.616597
v 0.100660 0.527807 0.550275
v 0.000000 0.542195 0.616566
v 0.000000 0.517019 0.550575
v 0.101479 0.518601 0.517782
v 0.000000 0.509209 0.512059
v 0.085829 0.509209 0.512059
v 0.105638 0.521343 0.486461
v 0.083986 0.515298 0.442158
v 0.000000 0.515298 0.442158
v 0.087004 0.975985 -0.393231
v 0.000000 1.067877 -0.443134
v 0.000000 0.975985 -0.393231
v 0.104262 1.067877 -0.443134
v 0.087004 1.144453 -0.484721
v 0.000000 1.144453 -0.484721
v -0.104262 1.067877 -0.443134
v 0.000000 1.067877 -0.443134
v -0.087004 1.144453 -0.484721
v 0.000000 1.144453 -0.484721
v -0.087004 0.975985 -0.393231
v 0.000000 0.975985 -0.393231
v 0.064715 0.186814 -0.170299
v 0.000000 0.232451 -0.172066
v 0.000000 0.186309 -0.172432
v 0.000000 0.186309 -0.172432
v 0.000000 0.189014 -0.173203
v 0.000000 0.231304 -0.185260
v 0.074515 0.232451 -0.172066
v 0.000000 0.299343 -0.179209
v 0.075201 0.231304 -0.185260
v 0.000000 0.300950 -0.210532
v 0.084956 0.231893 -0.178488
v 0.080356 0.299343 -0.179209
v 0.000000 0.375660 -0.194382
v 0.107712 0.300031 -0.192618
v 0.116774 0.366777 -0.213301
v 0.090815 0.300950 -0.210532
v 0.107712 0.300031 -0.192618
v 0.000000 0.356061 -0.236126
v 0.116774 0.366777 -0.213301
v 0.090815 0.356061 -0.236126
v 0.090815 0.356061 -0.236126
v 0.000000 0.413380 -0.270356
v 0.090815 0.418584 -0.273129
v 0.000000 0.418584 -0.273129
v 0.119402 0.430182 -0.243304
v 0.090815 0.418584 -0.273129
v 0.118435 0.500358 -0.308728
v 0.082742 0.375660 -0.194382
v 0.119402 0.430182 -0.243304
v 0.000000 0.442080 -0.212711
v 0.090815 0.442080 -0.212711
v 0.090815 0.521553 -0.259609
v 0.118435 0.500358 -0.308728
v 0.090815 0.442080 -0.212711
v 0.000000 0.521553 -0.259609
v 0.090815 0.521553 -0.259609
v -0.081741 -1.269721 0.181192
v -0.105688 -1.226611 0.185229
v -0.081741 -1.236414 0.165141
v -0.103617 -1.261029 0.201864
v -0.103617 -1.290322 0.209947
v -0.061341 -1.207521 0.133840
v -0.111844 -1.210549 0.174330
v -0.080564 -1.299416 0.182396
v 0.000000 -1.236414 0.165141
v 0.000000 -1.207521 0.133840
v 0.000000 -1.269721 0.181192
v -0.081741 -1.269721 0.181192
v -0.080564 -1.299416 0.182396
v 0.080564 -1.299416 0.182396
v 0.000000 -1.299416 0.182396
v -0.111844 -1.320104 0.216525
v -0.100060 -1.315585 0.177924
v -0.080798 -1.309626 0.144285
v -0.065578 -1.299817 0.155409
v 0.000000 -1.299416 0.182396
v 0.000000 -1.299817 0.154707
v -0.049703 -1.294021 0.118139
v 0.000000 -1.294021 0.114197
v -0.061625 -1.322986 0.146129
v 0.000000 -1.322986 0.144620
v 0.000000 -1.294021 0.114197
v 0.000000 -1.337137 0.171963
v -0.070476 -1.337137 0.171963
v -0.100060 -1.315585 0.177924
v 0.000000 -1.366235 0.193910
v -0.073954 -1.366235 0.193910
v -0.111844 -1.320104 0.216525
v -0.105418 -1.346292 0.219232
v -0.073954 -1.366235 0.193910
v -0.097836 -1.373477 0.220958
v -0.069084 -1.389126 0.184422
v -0.091066 -1.407150 0.207323
v -0.069943 -1.405980 0.170779
v -0.088305 -1.425242 0.189238
v -0.069943 -1.431187 0.145142
v -0.088305 -1.449056 0.152923
v -0.088305 -1.460445 0.126971
v -0.033802 -1.452835 0.093884
v 0.000000 -1.431187 0.145142
v 0.000000 -1.452835 0.093884
v 0.000000 -1.405980 0.170779
v -0.069943 -1.405980 0.170779
v -0.069084 -1.389126 0.184422
v 0.000000 -1.389126 0.184422
v 0.000000 -1.366235 0.193910
v -0.073954 -1.366235 0.193910
v 0.000000 -1.123451 0.393939
v -0.027857 -1.145523 0.400834
v 0.000000 -1.134758 0.418196
v 0.000000 -1.189135 0.461831
v -0.016636 -1.128461 0.385474
v 0.000000 -1.117743 0.367777
v -0.043563 -1.190560 0.420485
v 0.000000 -1.231905 0.475279
v -0.052080 -1.229566 0.424731
v -0.052080 -1.244599 0.425138
v 0.000000 -1.264322 0.479285
v -0.052080 -1.256147 0.419442
v 0.000000 -1.293859 0.473915
v 0.043147 0.258408 -0.075693
v 0.000000 0.324959 -0.069855
v 0.000000 0.258408 -0.075693
v 0.049773 0.324959 -0.069855
v 0.043814 0.389718 -0.063488
v -0.000077 0.389718 -0.063488
v 0.037450 0.101956 -0.061682
v 0.000000 0.101956 -0.061682
v 0.017995 0.043578 -0.041834
v 0.000000 0.043578 -0.041834
v -0.043147 0.258408 -0.075693
v 0.000000 0.324959 -0.069855
v -0.049773 0.324959 -0.069855
v -0.043814 0.389718 -0.063488
v 0.000077 0.389718 -0.063488
v 0.000000 0.258408 -0.075693
v -0.037450 0.101956 -0.061682
v 0.000000 0.101956 -0.061682
v -0.017995 0.043578 -0.041834
v 0.000000 0.043578 -0.041834
v 0.000000 0.218885 -0.069282
v 0.059683 0.218885 -0.069282
v 0.050092 0.276937 -0.071735
v 0.000000 0.276937 -0.071735
v 0.000000 0.315873 -0.070392
v 0.052052 0.315873 -0.070392
v 0.064677 0.277159 -0.075501
v 0.081340 0.231812 -0.081485
v 0.000000 0.155828 -0.063180
v 0.101704 0.168292 -0.085043
v 0.075924 0.155828 -0.063180
v 0.000000 0.099710 -0.051595
v 0.115144 0.120517 -0.081766
v 0.086557 0.037278 -0.036155
v 0.000000 0.037278 -0.036155
v 0.086557 0.099710 -0.051595
v 0.115144 0.092541 -0.075032
v 0.086557 0.037278 -0.036155
v -0.075725 0.147013 -0.184549
v 0.000000 0.137860 -0.106914
v 0.000000 0.147013 -0.184549
v -0.086557 0.137860 -0.106914
v -0.071578 0.145657 -0.256760
v 0.000000 0.145657 -0.256760
v 0.000000 0.145359 -0.325491
v -0.088235 0.144178 -0.325491
v 0.000000 0.147013 -0.184549
v 0.000000 0.137860 -0.106914
v 0.075725 0.147013 -0.184549
v 0.086557 0.137860 -0.106914
v 0.071578 0.145657 -0.256760
v 0.000000 0.145657 -0.256760
v 0.000000 0.145359 -0.325491
v 0.088235 0.144178 -0.325491
v -0.052983 0.280449 -0.079565
v 0.000000 0.278993 -0.079942
v 0.000000 0.240686 -0.089860
v 0.000000 0.315873 -0.070392
v -0.052052 0.315873 -0.070392
v -0.064677 0.277159 -0.075501
v -0.050092 0.276937 -0.071735
v 0.000000 0.315873 -0.070392
v 0.000000 0.276937 -0.071735
v -0.081340 0.231812 -0.081485
v 0.000000 0.218885 -0.069282
v -0.059683 0.218885 -0.069282
v -0.101704 0.168292 -0.085043
v 0.000000 0.155828 -0.063180
v -0.075924 0.155828 -0.063180
v -0.115144 0.120517 -0.081766
v 0.000000 0.099710 -0.051595
v -0.086557 0.099710 -0.051595
v -0.115144 0.092541 -0.075032
v -0.086557 0.037278 -0.036155
v 0.000000 0.037278 -0.036155
v -0.086557 0.037278 -0.036155
v 0.116415 0.378914 -0.290460
v 0.090815 0.418584 -0.273129
v 0.090815 0.379648 -0.264402
v 0.115222 0.418193 -0.298300
v 0.118435 0.500358 -0.308728
v 0.117023 0.340907 -0.288137
v 0.090815 0.340485 -0.262156
v 0.114721 0.259713 -0.297826
v 0.090815 0.246237 -0.272502
v 0.111993 0.195503 -0.323590
v 0.084961 0.181385 -0.301888
v 0.088235 0.144178 -0.325491
v 0.110671 0.140341 -0.352360
v 0.101913 0.087116 -0.401379
v -0.116415 0.378914 -0.290460
v -0.090815 0.418584 -0.273129
v -0.115222 0.418193 -0.298300
v -0.118435 0.500358 -0.308728
v -0.090815 0.379648 -0.264402
v -0.117023 0.340907 -0.288137
v -0.090815 0.340485 -0.262156
v -0.114721 0.259713 -0.297826
v -0.090815 0.246237 -0.272502
v -0.111993 0.195503 -0.323590
v -0.084961 0.181385 -0.301888
v -0.088235 0.144178 -0.325491
v -0.110671 0.140341 -0.352360
v -0.101913 0.087116 -0.401379
v 0.097951 0.789062 0.141277
v 0.104691 0.754892 0.202794
v 0.126800 0.765382 0.262561
v 0.095148 0.801146 0.086229
v 0.113301 0.697764 0.254729
v 0.126800 0.709603 0.280619
v 0.111897 0.659313 0.277847
v 0.120288 0.656156 0.289770
v 0.111897 0.627947 0.291651
v 0.118473 0.824473 0.087399
v 0.118473 0.822930 0.071285
v 0.095148 0.801432 0.070322
v 0.095148 0.801440 0.069846
v 0.094923 0.797418 0.062065
v 0.115873 0.825487 0.048394
v 0.114318 0.826742 0.037160
v 0.114402 0.808842 0.033888
v 0.110915 0.835633 0.006460
v 0.097416 0.813251 -0.013166
v 0.104562 0.871413 -0.036254
v 0.091062 0.857536 -0.072872
v 0.104562 0.905912 -0.058849
v 0.091062 0.894059 -0.089716
v 0.104562 0.940268 -0.072573
v 0.091062 0.932052 -0.105095
v 0.090863 0.948356 -0.110155
v 0.104362 0.963286 -0.076925
v 0.090863 0.970988 -0.117179
v 0.104362 0.988086 -0.081614
v 0.104362 1.008857 -0.129714
v 0.090863 0.992470 -0.162828
v 0.094110 1.055988 -0.270092
v 0.081097 1.032078 -0.272924
v 0.078022 1.063851 -0.346515
v 0.091521 1.082732 -0.331685
v 0.089958 1.107272 -0.360488
v 0.076458 1.088468 -0.379695
v 0.067208 1.131432 -0.409233
v 0.000000 1.131432 -0.409233
v 0.000000 1.088468 -0.379695
v 0.076458 1.088468 -0.379695
v 0.000000 1.063851 -0.346515
v 0.078022 1.063851 -0.346515
v 0.000000 1.032078 -0.272924
v 0.081097 1.032078 -0.272924
v 0.000000 0.992470 -0.162828
v 0.090863 0.992470 -0.162828
v 0.000000 0.970988 -0.117179
v 0.090863 0.970988 -0.117179
v 0.000000 0.130772 0.563633
v 0.019336 0.090539 0.606099
v 0.000000 0.090539 0.606099
v 0.013538 0.075991 0.621456
v 0.000000 0.075991 0.621456
v 0.000000 0.026661 0.657087
v -0.138239 0.591113 0.180326
v -0.110368 0.520389 0.203240
v -0.123640 0.524920 0.214818
v -0.097838 0.462040 0.232015
v -0.124547 0.585932 0.161676
v -0.147168 0.634265 0.136846
v -0.124547 0.622362 0.118118
v -0.145572 0.668109 0.065951
v -0.124547 0.631493 0.064161
v -0.145572 0.641872 0.043402
v -0.124547 0.602111 0.023649
v -0.145572 0.614151 0.017056
v 0.000000 0.520389 0.203240
v 0.000000 0.462040 0.232015
v 0.000000 0.585932 0.161676
v -0.124547 0.585932 0.161676
v -0.124547 0.622362 0.118118
v 0.000000 0.622362 0.118118
v -0.124547 0.631493 0.064161
v 0.000000 0.631493 0.064161
v 0.000000 0.585932 0.161676
v 0.124547 0.585932 0.161676
v 0.110368 0.520389 0.203240
v 0.000000 0.622362 0.118118
v 0.000000 0.520389 0.203240
v 0.097838 0.462040 0.232015
v 0.000000 0.462040 0.232015
v 0.124547 0.622362 0.118118
v 0.000000 0.631493 0.064161
v 0.124547 0.631493 0.064161
v -0.076451 0.357558 0.655713
v 0.000000 0.374128 0.633835
v -0.089392 0.380301 0.657398
v -0.071545 0.374128 0.633835
v -0.071545 0.374128 0.633835
v 0.000000 0.391815 0.621375
v -0.094770 0.401777 0.650291
v -0.079119 0.391815 0.621375
v 0.000000 0.409817 0.595032
v -0.094770 0.413610 0.642232
v -0.094770 0.428794 0.619465
v -0.081707 0.409817 0.595032
v -0.074475 0.422001 0.551722
v 0.000000 0.422001 0.551722
v -0.074338 0.430035 0.499167
v 0.000000 0.430035 0.499167
v -0.072489 0.431431 0.429825
v 0.000000 0.431431 0.429825
v -0.068447 0.417952 0.373892
v -0.097357 0.435734 0.598001
v -0.074475 0.422001 0.551722
v -0.090125 0.447668 0.553764
v -0.090125 0.447668 0.553764
v -0.074338 0.430035 0.499167
v -0.074475 0.468927 0.555541
v -0.089988 0.452829 0.498725
v -0.089988 0.452829 0.498725
v -0.072489 0.431431 0.429825
v -0.074338 0.469981 0.498374
v -0.088140 0.448698 0.427247
v -0.088140 0.448698 0.427247
v -0.084098 0.429152 0.368844
v -0.061457 0.399926 0.327332
v 0.000000 0.417952 0.373892
v 0.000000 0.399926 0.327332
v -0.072489 0.463148 0.424920
v -0.084098 0.429152 0.368844
v -0.068447 0.439578 0.364143
v -0.061457 0.399926 0.327332
v 0.000000 0.439578 0.364143
v 0.000000 0.399926 0.327332
v 0.000000 0.463148 0.424920
v 0.000000 0.469981 0.498374
v -0.074338 0.469981 0.498374
v 0.000000 0.468927 0.555541
v -0.074475 0.468927 0.555541
v 0.000000 0.465392 0.601629
v -0.081707 0.465392 0.601629
v -0.072104 0.715852 0.634996
v -0.090387 0.731315 0.660611
v -0.092662 0.702267 0.661523
v -0.075651 0.693247 0.640314
v 0.068726 0.315121 -0.155242
v 0.000000 0.426682 -0.142591
v 0.000000 0.315121 -0.155242
v 0.080013 0.426682 -0.142591
v 0.094000 0.426694 -0.152972
v 0.000000 0.482366 -0.144194
v 0.087594 0.482366 -0.144194
v -0.099714 0.623704 0.726509
v -0.078777 0.613063 0.754447
v -0.077860 0.660163 0.768425
v -0.093304 0.673365 0.742848
v -0.073808 0.729617 0.772942
v -0.084334 0.731337 0.761920
v -0.069690 0.785249 0.769110
v -0.099714 0.623704 0.726509
v -0.081720 0.681509 0.727072
v -0.093304 0.673365 0.742848
v -0.077133 0.733087 0.750703
v 0.000000 0.733087 0.750703
v 0.000000 0.785249 0.769110
v 0.000000 0.681509 0.727072
v -0.081720 0.681509 0.727072
v 0.000000 0.634724 0.697577
v -0.082636 0.634724 0.697577
v 0.000000 0.622132 0.674873
v -0.090679 0.622132 0.674873
v -0.116774 0.366777 -0.213301
v -0.082742 0.375660 -0.194382
v -0.119402 0.430182 -0.243304
v -0.090815 0.521553 -0.259609
v -0.118435 0.500358 -0.308728
v -0.090815 0.442080 -0.212711
v -0.080356 0.299343 -0.179209
v -0.107712 0.300031 -0.192618
v -0.084956 0.231893 -0.178488
v 0.000000 0.375660 -0.194382
v 0.000000 0.442080 -0.212711
v -0.090815 0.442080 -0.212711
v -0.090815 0.521553 -0.259609
v 0.000000 0.521553 -0.259609
v 0.000000 0.299343 -0.179209
v -0.074515 0.232451 -0.172066
v -0.064715 0.186814 -0.170299
v 0.000000 0.232451 -0.172066
v 0.000000 0.186309 -0.172432
v 0.031276 0.842793 0.668862
v 0.000000 0.805728 0.641064
v 0.000000 0.842793 0.668862
v 0.039929 0.805728 0.641064
v 0.017889 0.903601 0.691448
v 0.000000 0.903601 0.691448
v 0.000000 0.941244 0.690869
v 0.098645 0.783020 0.029168
v 0.108887 0.785683 0.054650
v 0.094923 0.772951 0.076831
v 0.098645 0.779134 0.047565
v 0.000000 0.779134 0.047565
v 0.000000 0.772951 0.076831
v 0.000000 0.783020 0.029168
v 0.097416 0.813251 -0.013166
v 0.000000 0.813251 -0.013166
v 0.091062 0.857536 -0.072872
v 0.000000 0.857536 -0.072872
v 0.000000 0.894059 -0.089716
v 0.091062 0.894059 -0.089716
v 0.000000 0.932052 -0.105095
v 0.091062 0.932052 -0.105095
v 0.090863 0.948356 -0.110155
v 0.000000 0.948356 -0.110155
v 0.000000 0.970988 -0.117179
v 0.090863 0.970988 -0.117179
v 0.000000 0.631493 0.064161
v -0.124547 0.631493 0.064161
v 0.000000 0.602111 0.023649
v -0.124547 0.602111 0.023649
v 0.124547 0.602111 0.023649
v 0.000000 0.631493 0.064161
v 0.000000 0.602111 0.023649
v 0.124547 0.631493 0.064161
v -0.097416 0.813251 -0.013166
v -0.114402 0.808842 0.033888
v -0.110915 0.835633 0.006460
v -0.104562 0.871413 -0.036254
v -0.114318 0.826742 0.037160
v -0.098645 0.783020 0.029168
v -0.094923 0.797418 0.062065
v -0.108887 0.785683 0.054650
v -0.094923 0.772951 0.076831
v 0.000000 0.772951 0.076831
v 0.000000 0.797418 0.062065
v -0.108887 0.785683 0.054650
v -0.098645 0.779134 0.047565
v -0.094923 0.772951 0.076831
v 0.000000 0.783020 0.029168
v 0.000000 0.779134 0.047565
v 0.000000 0.772951 0.076831
v -0.097416 0.813251 -0.013166
v 0.000000 0.813251 -0.013166
v -0.091062 0.857536 -0.072872
v 0.000000 0.857536 -0.072872
v -0.091062 0.894059 -0.089716
v 0.000000 0.894059 -0.089716
v -0.091062 0.932052 -0.105095
v 0.000000 0.932052 -0.105095
v -0.090863 0.948356 -0.110155
v 0.000000 0.948356 -0.110155
v -0.090863 0.970988 -0.117179
v 0.000000 0.970988 -0.117179
v -0.091062 0.857536 -0.072872
v -0.104562 0.905912 -0.058849
v -0.091062 0.894059 -0.089716
v -0.104562 0.940268 -0.072573
v -0.091062 0.932052 -0.105095
v -0.090863 0.948356 -0.110155
v -0.104362 0.963286 -0.076925
v -0.090863 0.970988 -0.117179
v -0.104362 0.988086 -0.081614
v -0.104362 1.008857 -0.129714
v -0.090863 0.992470 -0.162828
v -0.094110 1.055988 -0.270092
v -0.081097 1.032078 -0.272924
v -0.078022 1.063851 -0.346515
v -0.091521 1.082732 -0.331685
v -0.089958 1.107272 -0.360488
v -0.076458 1.088468 -0.379695
v -0.080708 1.140754 -0.393360
v -0.067208 1.131432 -0.409233
v -0.052349 1.178066 -0.408452
v -0.039090 1.176842 -0.413576
v -0.009587 1.211260 -0.413863
v 0.000000 1.176842 -0.413576
v 0.000000 1.211260 -0.413863
v 0.000000 1.131432 -0.409233
v 0.000000 1.088468 -0.379695
v -0.076458 1.088468 -0.379695
v 0.000000 1.063851 -0.346515
v -0.078022 1.063851 -0.346515
v 0.000000 1.032078 -0.272924
v -0.081097 1.032078 -0.272924
v 0.000000 0.992470 -0.162828
v -0.090863 0.992470 -0.162828
v -0.090863 0.970988 -0.117179
v 0.000000 0.970988 -0.117179
v 0.000000 -0.507506 -0.324381
v 0.038246 -0.345735 -0.302187
v 0.000000 -0.345735 -0.302187
v 0.000000 -0.124549 -0.271842
v -0.038246 -0.345735 -0.302187
v 0.000000 -0.507506 -0.324381
v 0.000000 -0.345735 -0.302187
v 0.000000 -0.124549 -0.271842
v 0.083589 -1.298373 0.210446
v 0.052080 -1.251567 0.255738
v 0.088365 -1.263181 0.210523
v 0.090732 -1.207814 0.210644
v 0.052080 -1.201461 0.243768
v 0.090732 -1.147668 0.210775
v 0.034187 -1.115290 0.281693
v 0.000000 -1.251567 0.255738
v 0.052080 -1.286884 0.274226
v 0.000000 -1.286884 0.274226
v 0.000000 -1.201461 0.257420
v 0.000000 -1.115290 0.295345
v 0.000000 -1.284870 0.313833
v 0.052080 -1.286884 0.274226
v 0.052080 -1.312068 0.134425
v 0.052080 -1.281371 0.139707
v 0.088365 -1.263181 0.210523
v 0.052080 -1.218267 0.145410
v 0.090732 -1.207814 0.210644
v 0.052080 -1.183359 0.129298
v 0.090732 -1.147668 0.210775
v 0.052080 -1.153229 0.147535
v 0.000000 -1.183359 0.117553
v 0.052080 -1.183359 0.129298
v 0.000000 -1.153229 0.135790
v 0.056709 -1.106158 0.210866
v 0.028686 -1.122381 0.161177
v 0.000000 -1.122381 0.147106
v 0.034187 -1.115290 0.281693
v 0.000000 -1.106158 0.210866
v 0.000000 -1.122381 0.147106
v 0.027071 -1.086792 0.258060
v 0.028686 -1.064349 0.222880
v 0.000000 -1.115290 0.295345
v 0.000000 -1.086792 0.271713
v 0.000000 -1.064349 0.236533
v 0.028686 -1.064349 0.222880
v 0.069690 0.785249 0.769110
v 0.000000 0.733087 0.750703
v 0.000000 0.785249 0.769110
v 0.077133 0.733087 0.750703
v 0.000000 0.681509 0.727072
v 0.081720 0.681509 0.727072
v 0.000000 0.634724 0.697577
v 0.082636 0.634724 0.697577
v 0.000000 0.622132 0.674873
v 0.090679 0.622132 0.674873
v -0.095148 0.801440 0.069846
v -0.095148 0.801432 0.070322
v -0.118473 0.822930 0.071285
v -0.094923 0.797418 0.062065
v -0.095148 0.801146 0.086229
v -0.115873 0.825487 0.048394
v -0.114318 0.826742 0.037160
v -0.118473 0.824473 0.087399
v -0.118473 0.828663 0.131153
v -0.097951 0.789062 0.141277
v -0.126800 0.808930 0.239024
v -0.104691 0.754892 0.202794
v -0.126800 0.765382 0.262561
v -0.113301 0.697764 0.254729
v -0.126800 0.709603 0.280619
v -0.111897 0.659313 0.277847
v -0.120288 0.656156 0.289770
v -0.111897 0.627947 0.291651
v 0.000000 0.627947 0.291651
v 0.000000 0.659313 0.277847
v 0.000000 0.697764 0.254729
v -0.113301 0.697764 0.254729
v 0.000000 0.754892 0.202794
v 0.000000 0.789062 0.141277
v -0.095148 0.801146 0.086229
v 0.000000 0.801146 0.086229
v -0.095148 0.801432 0.070322
v 0.000000 0.801440 0.069846
v -0.095148 0.801440 0.069846
v -0.094923 0.797418 0.062065
v 0.000000 0.797418 0.062065
v -0.107550 0.554808 0.605443
v -0.108232 0.607162 0.658662
v -0.088157 0.613677 0.639827
v -0.091899 0.564871 0.596570
v -0.103807 0.619859 0.661710
v -0.079309 0.656128 0.643239
v -0.096267 0.661137 0.661579
v -0.075651 0.693247 0.640314
v -0.092662 0.702267 0.661523
v -0.088157 0.613677 0.639827
v 0.000000 0.564871 0.596570
v 0.000000 0.613677 0.639827
v -0.079309 0.656128 0.643239
v 0.000000 0.656128 0.643239
v -0.075651 0.693247 0.640314
v 0.000000 0.693247 0.640314
v 0.108232 0.607162 0.658662
v 0.107550 0.554808 0.605443
v 0.088157 0.613677 0.639827
v 0.091899 0.564871 0.596570
v 0.103807 0.619859 0.661710
v 0.079309 0.656128 0.643239
v 0.096267 0.661137 0.661579
v 0.075651 0.693247 0.640314
v 0.092662 0.702267 0.661523
v 0.000000 0.564871 0.596570
v 0.088157 0.613677 0.639827
v 0.000000 0.613677 0.639827
v 0.079309 0.656128 0.643239
v 0.000000 0.656128 0.643239
v 0.075651 0.693247 0.640314
v 0.000000 0.693247 0.640314
v 0.000000 0.418584 -0.273129
v -0.090815 0.418584 -0.273129
v 0.000000 0.379648 -0.264402
v -0.090815 0.379648 -0.264402
v 0.000000 0.340485 -0.262156
v -0.090815 0.340485 -0.262156
v -0.090815 0.246237 -0.272502
v 0.000000 0.246237 -0.272502
v -0.084961 0.181385 -0.301888
v 0.000000 0.181385 -0.301888
v 0.000000 0.145359 -0.325491
v -0.088235 0.144178 -0.325491
v 0.000000 0.145359 -0.325491
v 0.088235 0.144178 -0.325491
v 0.084961 0.181385 -0.301888
v 0.000000 0.181385 -0.301888
v 0.000000 0.246237 -0.272502
v 0.090815 0.246237 -0.272502
v 0.090815 0.340485 -0.262156
v 0.000000 0.340485 -0.262156
v 0.000000 0.379648 -0.264402
v 0.090815 0.379648 -0.264402
v 0.000000 0.418584 -0.273129
v 0.090815 0.418584 -0.273129
v 0.095148 0.801432 0.070322
v 0.000000 0.801440 0.069846
v 0.095148 0.801440 0.069846
v 0.094923 0.797418 0.062065
v 0.000000 0.797418 0.062065
v 0.000000 0.801146 0.086229
v 0.095148 0.801146 0.086229
v 0.000000 0.789062 0.141277
v 0.097951 0.789062 0.141277
v 0.000000 0.754892 0.202794
v 0.104691 0.754892 0.202794
v 0.000000 0.697764 0.254729
v 0.113301 0.697764 0.254729
v 0.111897 0.659313 0.277847
v 0.000000 0.659313 0.277847
v 0.111897 0.627947 0.291651
v 0.000000 0.627947 0.291651
v 0.000000 1.060944 0.274197
v -0.078205 1.083769 0.259428
v 0.000000 1.083769 0.259428
v -0.078205 1.060944 0.274197
v 0.000000 1.029932 0.279946
v -0.078205 1.029932 0.279946
v 0.000000 1.017980 0.280910
v -0.078205 1.017980 0.280910
v 0.000000 1.083769 0.259428
v 0.078205 1.083769 0.259428
v 0.078205 1.060944 0.274197
v 0.000000 1.060944 0.274197
v 0.078205 1.029932 0.279946
v 0.000000 1.029932 0.279946
v 0.078205 1.017980 0.280910
v 0.000000 1.017980 0.280910
v 0.000000 0.536857 0.664828
v -0.093768 0.536857 0.664828
v 0.000000 0.561336 0.669643
v -0.093768 0.561336 0.669643
v 0.000000 0.581558 0.664438
v -0.096575 0.581558 0.664438
v -0.093768 0.492574 0.634084
v 0.000000 0.492574 0.634084
v -0.081707 0.465392 0.601629
v 0.000000 0.465392 0.601629
v 0.093768 0.561336 0.669643
v 0.000000 0.536857 0.664828
v 0.000000 0.561336 0.669643
v 0.000000 0.581558 0.664438
v 0.096575 0.581558 0.664438
v 0.093768 0.536857 0.664828
v 0.000000 0.492574 0.634084
v 0.093768 0.492574 0.634084
v 0.081707 0.465392 0.601629
v 0.000000 0.465392 0.601629
v 0.000000 1.176890 0.638126
v 0.032781 1.091174 0.625736
v 0.000000 1.091174 0.625736
v 0.000000 1.000894 0.612687
v -0.032781 1.091174 0.625736
v 0.000000 1.176890 0.638126
v 0.000000 1.091174 0.625736
v 0.000000 1.000894 0.612687
v -0.041996 1.013559 0.171473
v -0.079997 1.028585 0.188831
v -0.028228 1.026345 0.149123
v -0.075469 1.018042 0.196933
v 0.000000 1.013559 0.171473
v 0.000000 1.026345 0.149123
v 0.000000 0.994141 0.194447
v -0.041996 0.994141 0.194447
v -0.072204 0.997676 0.212103
v 0.000000 0.981831 0.198583
v -0.072486 0.985546 0.219157
v -0.041996 0.981831 0.198583
v 0.000000 0.958427 0.200065
v -0.046095 0.958427 0.200065
v -0.076571 0.964686 0.227253
v -0.098490 0.933342 -0.465715
v -0.120159 0.954631 -0.501197
v 0.000000 0.933342 -0.465715
v 0.000000 0.898333 -0.449905
v -0.098490 0.966658 -0.465715
v -0.098490 0.966658 -0.465715
v -0.116645 0.991246 -0.493331
v 0.000000 0.966658 -0.465715
v 0.000000 0.986986 -0.451034
v -0.098490 0.986986 -0.451034
v -0.098490 0.986986 -0.451034
v -0.115228 1.021704 -0.479904
v -0.092565 0.992633 -0.428447
v -0.087004 0.975985 -0.393231
v 0.037815 0.335019 0.649026
v 0.000000 0.307419 0.631727
v 0.000000 0.335019 0.649026
v 0.000000 0.307419 0.631727
v -0.037815 0.335019 0.649026
v 0.000000 0.335019 0.649026
v 0.103917 0.748974 -0.066125
v 0.000000 0.758582 -0.020565
v 0.000000 0.748990 -0.066125
v 0.103917 0.758582 -0.020565
v 0.000000 0.728208 -0.094900
v 0.108076 0.728208 -0.094900
v 0.000000 0.966658 -0.465715
v 0.098490 0.966658 -0.465715
v 0.098490 0.986986 -0.451034
v 0.000000 0.986986 -0.451034
v 0.000000 0.933342 -0.465715
v 0.098490 0.933342 -0.465715
v 0.000000 0.898333 -0.449905
v 0.098490 0.898333 -0.449905
v 0.000000 0.986986 -0.451034
v 0.098490 0.986986 -0.451034
v 0.092565 0.992633 -0.428447
v 0.000000 0.992633 -0.428447
v 0.087004 0.975985 -0.393231
v 0.000000 0.975985 -0.393231
v 0.000000 0.975985 -0.393231
v -0.087004 0.975985 -0.393231
v 0.000000 0.992633 -0.428447
v -0.092565 0.992633 -0.428447
v 0.000000 0.986986 -0.451034
v -0.098490 0.986986 -0.451034
v -0.072104 0.766976 0.523679
v 0.000000 0.746774 0.576658
v -0.072104 0.746774 0.576658
v 0.000000 0.740710 0.618278
v -0.072104 0.740710 0.618278
v 0.000000 0.766976 0.523679
v -0.072104 0.792175 0.487242
v 0.000000 0.792175 0.487242
v -0.072104 0.812921 0.457243
v 0.000000 0.812921 0.457243
v -0.072104 0.833437 0.410032
v 0.000000 0.833437 0.410032
v 0.000000 0.766976 0.523679
v 0.072104 0.766976 0.523679
v 0.072104 0.746774 0.576658
v 0.000000 0.792175 0.487242
v 0.000000 0.746774 0.576658
v 0.072104 0.740710 0.618278
v 0.000000 0.740710 0.618278
v 0.072104 0.792175 0.487242
v 0.000000 0.812921 0.457243
v 0.072104 0.812921 0.457243
v 0.000000 0.833437 0.410032
v 0.072104 0.833437 0.410032
v 0.000000 -1.284870 0.313833
v 0.052080 -1.323948 0.345138
v 0.000000 -1.265664 0.343680
v 0.041996 -1.301624 0.373429
v 0.000000 -1.245758 0.361491
v 0.041996 -1.272739 0.402654
v 0.000000 -1.227399 0.377917
v 0.052080 -1.256147 0.419442
v 0.000000 -1.264322 0.479285
v 0.000000 -1.293859 0.473915
v 0.052080 -1.244599 0.425138
v 0.000000 -1.231905 0.475279
v 0.052080 -1.229566 0.424731
v 0.052080 -1.229566 0.424731
v 0.043563 -1.190560 0.420485
v 0.043563 -1.190560 0.420485
v 0.000000 -1.191820 0.383959
v 0.000000 -1.189135 0.461831
v 0.000000 -1.156273 0.382998
v 0.027857 -1.145523 0.400834
v 0.027857 -1.145523 0.400834
v 0.000000 -1.134758 0.418196
v 0.000000 -1.133415 0.376574
v 0.000000 -1.123451 0.393939
v 0.016636 -1.128461 0.385474
v 0.000000 -1.117743 0.367777
v 0.000000 -1.106158 0.210866
v -0.028686 -1.064349 0.222880
v 0.000000 -1.064349 0.236533
v -0.056709 -1.106158 0.210866
v 0.028686 -1.064349 0.222880
v 0.000000 -1.106158 0.210866
v 0.000000 -1.064349 0.236533
v 0.056709 -1.106158 0.210866
v 0.000000 0.693247 0.640314
v -0.072104 0.715852 0.634996
v 0.000000 0.715852 0.634996
v -0.075651 0.693247 0.640314
v -0.072104 0.740710 0.618278
v 0.000000 0.740710 0.618278
v 0.072104 0.715852 0.634996
v 0.000000 0.693247 0.640314
v 0.000000 0.715852 0.634996
v 0.075651 0.693247 0.640314
v 0.000000 0.740710 0.618278
v 0.072104 0.740710 0.618278
v 0.000000 1.083769 0.259428
v -0.078205 1.087125 0.247344
v 0.000000 1.087125 0.247344
v -0.078205 1.083769 0.259428
v 0.000000 1.087125 0.247344
v 0.078205 1.087125 0.247344
v 0.078205 1.083769 0.259428
v 0.000000 1.083769 0.259428
v -0.087523 -1.121877 0.222105
v -0.088708 -1.111529 0.238444
v -0.071149 -1.093011 0.234860
v -0.096239 -1.128473 0.232866
v -0.107570 -1.169821 0.210756
v -0.093482 -1.163781 0.195639
v -0.078151 -1.189864 0.168752
v -0.111844 -1.197929 0.186376
v -0.111844 -1.210549 0.174330
v -0.061341 -1.207521 0.133840
v 0.000000 -1.189864 0.168752
v 0.000000 -1.207521 0.133840
v 0.000000 -1.163781 0.195639
v -0.093482 -1.163781 0.195639
v -0.087523 -1.121877 0.222105
v 0.000000 -1.121877 0.222105
v -0.071149 -1.093011 0.234860
v 0.000000 -1.093011 0.234860
v 0.087523 -1.121877 0.222105
v 0.088708 -1.111529 0.238444
v 0.096239 -1.128473 0.232866
v 0.071149 -1.093011 0.234860
v 0.107570 -1.169821 0.210756
v 0.093482 -1.163781 0.195639
v 0.078151 -1.189864 0.168752
v 0.111844 -1.197929 0.186376
v 0.111844 -1.210549 0.174330
v 0.061341 -1.207521 0.133840
v 0.000000 -1.189864 0.168752
v 0.000000 -1.207521 0.133840
v 0.000000 -1.163781 0.195639
v 0.093482 -1.163781 0.195639
v 0.087523 -1.121877 0.222105
v 0.000000 -1.121877 0.222105
v 0.071149 -1.093011 0.234860
v 0.000000 -1.093011 0.234860
v 0.043660 -1.436052 0.261041
v 0.000000 -1.468275 0.234188
v 0.000000 -1.436052 0.261041
v 0.043227 -1.418598 0.268425
v 0.000000 -1.418598 0.268425
v 0.043804 -1.468275 0.234188
v 0.000000 -1.483715 0.200623
v 0.062096 -1.483715 0.200623
v 0.000000 -1.292817 0.261469
v 0.058836 -1.298745 0.283795
v 0.067755 -1.292817 0.261469
v 0.000000 -1.282321 0.234188
v 0.081761 -1.282321 0.234188
v 0.000000 -1.298745 0.283795
v 0.050204 -1.294405 0.309376
v 0.000000 -1.294405 0.309376
v 0.000000 -1.468275 0.161015
v -0.062096 -1.483715 0.200623
v 0.000000 -1.483715 0.200623
v -0.069943 -1.468275 0.161015
v 0.000000 -1.468275 0.161015
v 0.062096 -1.483715 0.200623
v 0.069943 -1.468275 0.161015
v 0.000000 -1.483715 0.200623
vn -0.6014 -0.5455 -0.5837
vn -0.8031 -0.3904 -0.4502
vn -0.8670 -0.2905 -0.4049
vn -0.8670 -0.2904 -0.4049
vn -0.3150 -0.6587 -0.6833
vn -0.4596 -0.5923 -0.6618
vn -0.2369 -0.6666 -0.7068
vn -0.0000 -0.7030 -0.7112
vn 0.0005 -0.7031 -0.7111
vn 0.0003 -0.6424 -0.7664
vn 0.0005 -0.6423 -0.7665
vn 0.0005 -0.5777 -0.8162
vn -0.5788 -0.3042 0.7566
vn -0.3073 -0.0247 0.9513
vn -0.5829 -0.0804 0.8086
vn -0.3198 0.1013 0.9421
vn 0.0003 0.1724 0.9850
vn 0.0005 0.0339 0.9994
vn -0.3064 -0.3326 0.8919
vn 0.0005 -0.3295 0.9441
vn -0.6236 -0.4457 0.6422
vn 0.0005 -0.6766 0.7364
vn -0.3337 -0.5945 0.7315
vn -0.6938 -0.4681 0.5473
vn 0.0005 -0.8760 0.4823
vn -0.6938 -0.4680 0.5473
vn -0.7333 -0.4674 0.4939
vn -0.7333 -0.4673 0.4939
vn 0.0004 -0.9374 0.3484
vn -0.7516 -0.3900 0.5319
vn -0.7820 -0.2885 0.5524
vn -0.7820 -0.2885 0.5525
vn -0.7235 0.0143 0.6902
vn -0.7516 -0.3901 0.5319
vn 0.0005 0.2292 0.9734
vn -0.5837 0.3611 0.7273
vn 0.4809 0.1608 0.8619
vn -0.7186 -0.6080 0.3376
vn -0.7186 -0.6080 0.3375
vn -0.6582 -0.7333 0.1706
vn -0.6582 -0.7333 0.1705
vn -0.3981 0.4891 -0.7761
vn -0.7392 0.5850 -0.3337
vn -0.7291 0.3776 -0.5708
vn -0.4246 0.3612 -0.8302
vn -0.8543 0.5135 -0.0806
vn 0.0004 0.5206 -0.8538
vn 0.0003 0.3896 -0.9210
vn 0.0003 0.7939 -0.6081
vn 0.0005 0.7939 -0.6081
vn 0.0005 0.9085 -0.4178
vn -0.8655 0.4639 0.1891
vn -0.9127 0.3913 0.1177
vn -0.8564 0.3924 0.3356
vn -0.8220 0.4148 0.3902
vn -0.8888 -0.0560 0.4549
vn -0.7471 0.4873 0.4520
vn -0.8839 -0.0522 0.4647
vn -0.7501 -0.5818 0.3143
vn -0.7578 -0.5396 0.3669
vn -0.7577 -0.5397 0.3669
vn -0.7659 -0.4294 0.4785
vn -0.7659 -0.4295 0.4785
vn -0.4741 -0.2894 0.8315
vn -0.7422 -0.2446 0.6240
vn -0.7046 -0.1117 0.7007
vn -0.5182 -0.3931 0.7596
vn -0.7409 -0.3012 0.6003
vn -0.7134 -0.4750 0.5152
vn 0.0003 -0.3805 0.9248
vn 0.0004 -0.6288 0.7775
vn 0.0005 -0.6288 0.7775
vn 0.0003 -0.5211 0.8535
vn 0.0005 -0.8062 0.5916
vn 0.0003 -0.8063 0.5915
vn 0.0004 -0.8401 0.5424
vn -0.3316 -0.5815 0.7429
vn 0.0003 0.2966 -0.9550
vn 0.0004 0.2907 -0.9568
vn 0.0003 0.2908 -0.9568
vn 0.0004 0.2848 -0.9586
vn 0.0005 0.2292 -0.9734
vn 0.0005 0.2849 -0.9586
vn 0.0003 0.1463 -0.9892
vn 0.0003 0.1462 -0.9893
vn 0.0005 0.0847 -0.9964
vn 0.0005 0.0134 -0.9999
vn 0.0004 0.0132 -0.9999
vn 0.0005 -0.0452 -0.9990
vn 0.0004 -0.0454 -0.9990
vn 0.0005 -0.1577 -0.9875
vn 0.0005 -0.1576 -0.9875
vn 0.0005 -0.4205 -0.9073
vn 0.0004 -0.4205 -0.9073
vn -0.0000 -0.5892 -0.8080
vn 0.0005 -0.5891 -0.8080
vn -0.0000 0.2906 -0.9569
vn 0.0004 0.0847 -0.9964
vn 0.0004 -0.4204 -0.9073
vn 0.0003 -0.5892 -0.8080
vn 0.0005 0.7562 0.6543
vn -0.0000 0.9216 0.3881
vn 0.0005 0.9216 0.3882
vn -0.0000 0.7562 0.6543
vn 0.0003 0.9216 0.3882
vn 0.0005 -0.9352 0.3541
vn 0.9793 -0.1625 0.1206
vn 0.9531 -0.2387 0.1861
vn 0.0005 -0.5650 0.8251
vn 0.8752 -0.1821 0.4481
vn 0.4809 0.1609 0.8619
vn 0.0004 0.2292 0.9734
vn 0.8855 0.1130 0.4508
vn 0.7820 -0.2885 0.5525
vn 0.7820 -0.2885 0.5524
vn 0.7516 -0.3900 0.5319
vn 0.7519 -0.3899 0.5317
vn 0.7186 -0.6080 0.3376
vn 0.7186 -0.6080 0.3375
vn 0.6582 -0.7333 0.1706
vn 0.6582 -0.7333 0.1705
vn 0.9304 0.1599 0.3297
vn 0.0005 -0.0404 -0.9992
vn -0.0000 -0.2427 -0.9701
vn 0.0005 -0.2427 -0.9701
vn 0.0005 -0.5953 -0.8035
vn 0.3465 -0.5233 -0.7786
vn 0.3113 -0.6249 -0.7160
vn 0.0005 -0.7348 -0.6783
vn 0.6463 -0.3882 -0.6570
vn 0.5889 -0.4461 -0.6740
vn 0.7276 -0.2241 -0.6484
vn 0.7544 -0.0267 -0.6558
vn 0.7548 0.0643 -0.6528
vn 0.0004 0.9987 -0.0503
vn 0.0004 0.9774 -0.2115
vn 0.0005 0.9987 -0.0503
vn 0.0005 0.9169 0.3990
vn 0.0004 0.7589 0.6512
vn 0.0003 0.7590 0.6511
vn 0.0005 0.9774 -0.2115
vn 0.0005 0.9169 0.3991
vn 0.4879 -0.1840 0.8533
vn 0.1578 0.1013 0.9823
vn 0.2594 -0.1733 0.9501
vn 0.6296 -0.2651 0.7303
vn 0.0005 0.1903 0.9817
vn 0.0004 0.1902 0.9817
vn 0.0005 -0.1499 0.9887
vn 0.0005 -0.3695 0.9292
vn 0.3336 -0.3364 0.8807
vn 0.0005 -0.0971 0.9953
vn 0.0005 0.2810 0.9597
vn 0.0004 0.2811 0.9597
vn 0.0005 0.4804 0.8770
vn 0.8563 -0.1547 0.4928
vn 0.7820 -0.3266 0.5309
vn 0.8708 -0.2270 0.4361
vn 0.8991 0.0221 0.4371
vn 0.8461 0.1032 0.5229
vn 0.7739 0.2956 0.5601
vn 0.7736 0.2264 0.5918
vn 0.9696 -0.0091 0.2447
vn 0.8417 0.0124 0.5398
vn 0.7198 -0.2876 0.6318
vn 0.7546 0.4979 0.4274
vn 0.3316 -0.5815 0.7429
vn 0.7371 0.6288 0.2476
vn 0.7371 0.6288 0.2477
vn 0.7197 0.6827 0.1265
vn 0.6247 -0.4252 0.6549
vn 0.2985 -0.5299 0.7938
vn 0.0004 -0.6694 0.7429
vn 0.0003 -0.6196 0.7849
vn 0.0005 -0.5211 0.8535
vn 0.0005 -0.3804 0.9248
vn 0.0005 -0.8063 0.5915
vn 0.0015 0.0857 -0.9963
vn 0.0005 0.0857 -0.9963
vn -0.0063 -0.0824 -0.9966
vn 0.0005 0.1746 -0.9846
vn 0.0034 0.1746 -0.9846
vn 0.0005 -0.0824 -0.9966
vn -0.0132 -0.1596 -0.9871
vn 0.0005 -0.1596 -0.9872
vn -0.0015 0.0857 -0.9963
vn 0.0063 -0.0824 -0.9966
vn -0.0034 0.1746 -0.9846
vn 0.0132 -0.1596 -0.9871
vn 0.8971 0.1228 0.4244
vn 0.8635 0.1267 0.4882
vn 0.8505 0.0944 0.5174
vn 0.9217 -0.0853 0.3785
vn 0.9401 -0.1234 0.3179
vn 0.9035 -0.2915 0.3142
vn 0.8534 -0.2094 0.4773
vn 0.7801 0.0495 0.6237
vn 0.7801 0.0495 0.6238
vn 0.6290 0.3437 0.6973
vn 0.3396 0.2440 0.9084
vn 0.4882 0.5509 0.6769
vn 0.2546 0.5373 0.8040
vn 0.2086 0.6897 0.6934
vn 0.0005 0.4843 0.8749
vn 0.0006 0.6692 0.7431
vn 0.0005 0.1091 0.9940
vn 0.0004 -0.1636 0.9865
vn 0.0005 -0.1635 0.9865
vn 0.0003 -0.3326 0.9431
vn 0.0004 -0.3325 0.9431
vn 0.0005 -0.1879 0.9822
vn 0.0003 -0.1879 0.9822
vn 0.0004 0.0260 0.9997
vn 0.0005 -0.0560 0.9984
vn -0.8635 0.1267 0.4882
vn -0.8971 0.1228 0.4244
vn -0.8505 0.0944 0.5174
vn -0.9217 -0.0853 0.3785
vn -0.9401 -0.1234 0.3179
vn -0.9035 -0.2915 0.3142
vn -0.8534 -0.2094 0.4773
vn -0.7801 0.0495 0.6238
vn -0.6290 0.3437 0.6973
vn -0.3396 0.2440 0.9084
vn -0.8542 0.5018 -0.1363
vn 0.0004 0.0259 0.9997
vn -0.2546 0.5373 0.8040
vn -0.6823 0.6444 -0.3453
vn -0.0259 0.4521 0.8916
vn 0.0005 0.2089 0.9779
vn 0.0005 0.4522 0.8919
vn 0.0005 0.7521 0.6591
vn -0.0435 0.7519 0.6579
vn 0.0005 0.8870 0.4617
vn -0.0181 0.8869 0.4617
vn -0.0000 0.9429 0.3329
vn 0.0005 0.9430 0.3328
vn 0.0006 0.9506 0.3103
vn 0.0003 0.9506 0.3103
vn 0.2935 -0.1498 0.9441
vn 0.9764 -0.1615 0.1431
vn 0.7655 0.1003 0.6356
vn 0.5605 -0.2026 0.8029
vn 0.4422 -0.3511 0.8253
vn 0.2290 -0.3197 0.9194
vn 0.2946 -0.6658 0.6855
vn 0.0005 -0.0834 0.9965
vn 0.0004 0.2694 0.9630
vn 0.0005 0.2694 0.9630
vn 0.0005 0.4869 0.8734
vn 0.0005 -0.2700 0.9629
vn 0.1548 -0.6479 0.7458
vn 0.0826 -0.8542 0.5134
vn 0.0005 -0.6158 0.7879
vn 0.0005 -0.8333 0.5529
vn -0.2769 0.5974 0.7526
vn -0.3963 0.6017 0.6934
vn -0.5203 0.6602 0.5417
vn -0.2017 0.5136 0.8340
vn 0.0005 0.4816 0.8764
vn 0.0003 0.3779 0.9258
vn -0.0000 0.6550 0.7556
vn -0.3023 0.7079 0.6384
vn -0.6972 0.6123 0.3728
vn 0.0006 0.8089 0.5879
vn -0.3767 0.7677 0.5184
vn -0.8252 0.5176 0.2262
vn -0.0000 0.9111 0.4121
vn 0.0005 0.9113 0.4118
vn 0.0005 0.9420 0.3357
vn 0.0006 0.9419 0.3358
vn -0.0000 0.9455 0.3256
vn -0.0000 0.9455 0.3255
vn 0.0004 0.9457 0.3249
vn 0.0005 0.9457 0.3250
vn -0.8457 0.3837 -0.3708
vn -0.8307 0.3171 -0.4576
vn -0.7727 -0.0336 -0.6339
vn -0.7727 -0.0335 -0.6339
vn -0.6854 -0.2290 -0.6912
vn -0.6854 -0.2289 -0.6913
vn -0.4901 -0.5612 -0.6669
vn -0.3709 -0.6502 -0.6631
vn -0.6026 -0.7617 0.2380
vn -0.1793 -0.8257 -0.5348
vn 0.0004 -0.7852 -0.6192
vn 0.0004 -0.8355 -0.5495
vn -0.4205 -0.7680 0.4831
vn 0.0005 -0.8804 -0.4742
vn 0.8457 0.3837 -0.3708
vn 0.8307 0.3171 -0.4576
vn 0.7727 -0.0336 -0.6339
vn 0.7727 -0.0335 -0.6339
vn 0.6854 -0.2290 -0.6912
vn 0.6854 -0.2289 -0.6913
vn 0.4901 -0.5612 -0.6669
vn 0.3709 -0.6502 -0.6631
vn 0.1743 -0.8306 -0.5289
vn 0.1793 -0.8257 -0.5348
vn 0.0005 -0.7852 -0.6192
vn 0.1539 -0.8679 -0.4724
vn 0.0005 -0.8355 -0.5495
vn 0.0006 -0.8804 -0.4743
vn 0.0004 -0.1205 0.9927
vn 0.0003 -0.1207 0.9927
vn 0.0005 -0.0561 0.9984
vn 0.0003 -0.1099 0.9939
vn -0.0000 -0.1101 0.9939
vn 0.0005 -0.1206 0.9927
vn 0.0005 -0.1098 0.9940
vn 0.0005 -0.2846 0.9587
vn -0.0005 -0.2846 0.9587
vn -0.0000 -0.2845 0.9587
vn 0.0005 -0.3764 0.9265
vn 0.0003 -0.2845 0.9587
vn -0.0005 -0.3764 0.9265
vn 0.0005 -0.1762 0.9844
vn -0.0005 -0.4655 0.8850
vn 0.0004 -0.1761 0.9844
vn 0.0003 -0.4656 0.8850
vn 0.0005 0.0016 1.0000
vn 0.0005 -0.4656 0.8850
vn 0.0004 0.0690 0.9976
vn 0.0005 0.0690 0.9976
vn -0.0000 -0.4656 0.8850
vn 0.0005 -0.5290 0.8486
vn 0.0004 -0.5289 0.8487
vn 0.0005 -0.5884 0.8085
vn 0.0005 -0.5885 0.8085
vn 0.0005 0.9879 -0.1548
vn 0.0005 0.9399 -0.3416
vn 0.0005 0.9998 -0.0181
vn 0.0004 0.9398 -0.3416
vn 0.0005 0.7665 -0.6423
vn 0.0005 0.9706 0.2408
vn 0.0006 0.4307 -0.9025
vn 0.0005 0.8162 0.5777
vn 0.0005 0.4307 -0.9025
vn -0.0000 0.8163 0.5776
vn 0.0005 0.0534 -0.9986
vn 0.0005 0.5938 0.8046
vn 0.0004 0.5937 0.8047
vn 0.0005 -0.5065 -0.8623
vn -0.0000 0.2946 0.9556
vn 0.0005 0.2946 0.9556
vn 0.0005 -0.8096 -0.5869
vn 0.0005 0.0417 0.9991
vn 0.0004 -0.8096 -0.5870
vn 0.0004 0.0417 0.9991
vn 0.0004 -0.0882 0.9961
vn 0.0003 -0.0881 0.9961
vn 0.0003 -0.9481 -0.3180
vn 0.0004 -0.9481 -0.3179
vn 0.0005 -0.9948 -0.1021
vn 0.0006 0.9879 -0.1548
vn 0.0003 0.9398 -0.3417
vn 0.0005 0.9880 -0.1548
vn 0.0005 -0.5064 -0.8623
vn 0.0005 -0.8096 -0.5870
vn 0.0005 -0.9481 -0.3180
vn 0.0005 0.9842 0.1773
vn 0.0003 0.9637 -0.2672
vn 0.0003 0.9842 0.1773
vn 0.0004 0.9326 0.3610
vn 0.0005 0.8638 -0.5039
vn 0.0003 0.8638 -0.5039
vn 0.7949 0.2420 -0.5565
vn 0.9781 -0.2064 -0.0259
vn 0.7949 0.2420 -0.5564
vn 0.7285 -0.1899 0.6582
vn 0.7659 -0.4294 0.4785
vn 0.7956 0.4324 -0.4244
vn 0.7659 -0.4295 0.4785
vn 0.7577 -0.5396 0.3669
vn 0.7577 -0.5397 0.3669
vn 0.3553 0.7581 -0.5468
vn 0.9946 -0.0023 -0.1041
vn 0.7501 -0.5819 0.3143
vn 0.9850 -0.0091 -0.1724
vn 0.2780 0.8302 -0.4832
vn 0.0004 0.8321 -0.5546
vn -0.0000 0.9212 -0.3891
vn 0.0004 0.6722 -0.7404
vn 0.0005 0.6722 -0.7404
vn 0.0005 0.5116 -0.8592
vn 0.0004 0.5116 -0.8593
vn 0.0004 0.3827 -0.9239
vn 0.7471 0.4873 0.4520
vn 0.9950 -0.0384 -0.0923
vn 0.9992 0.0173 -0.0356
vn 0.8655 0.4639 0.1891
vn 0.3150 -0.6587 -0.6833
vn 0.8031 -0.3904 -0.4502
vn 0.2369 -0.6666 -0.7068
vn 0.9747 0.0075 0.2233
vn 0.8670 -0.2904 -0.4049
vn -0.0000 -0.6425 -0.7663
vn 0.6938 -0.4680 0.5473
vn 0.7333 -0.4673 0.4939
vn 0.9219 -0.0482 0.3845
vn 0.3337 -0.5945 0.7315
vn 0.9328 0.0388 0.3582
vn 0.7392 0.5850 -0.3337
vn 0.7291 0.3776 -0.5708
vn 0.9601 0.2176 0.1754
vn 0.7312 0.2429 0.6374
vn 0.3073 -0.0247 0.9513
vn 0.5788 -0.3042 0.7566
vn 0.3064 -0.3326 0.8919
vn 0.0005 -0.9374 0.3483
vn 0.0005 0.9810 -0.1940
vn 0.0004 0.9603 -0.2789
vn 0.0005 0.9857 0.1686
vn 0.0005 0.9017 0.4324
vn 0.0006 0.9810 -0.1940
vn 0.0003 0.9857 0.1686
vn 0.0005 0.9857 0.1685
vn 0.0004 0.9016 0.4325
vn 0.0003 -0.7372 -0.6757
vn -0.0000 -0.7372 -0.6757
vn 0.0005 -0.6434 -0.7656
vn 0.0004 -0.6433 -0.7656
vn 0.0004 -0.5386 -0.8426
vn -0.0000 -0.5384 -0.8427
vn 0.0005 -0.4617 -0.8870
vn 0.0004 -0.3490 -0.9371
vn 0.0005 -0.3490 -0.9371
vn 0.0004 -0.2671 -0.9637
vn 0.0004 -0.1537 -0.9881
vn 0.0004 0.0084 -1.0000
vn 0.0005 0.2177 -0.9760
vn 0.0005 0.2176 -0.9760
vn 0.0024 0.4728 -0.8812
vn 0.0005 0.4728 -0.8812
vn 0.0005 0.6650 -0.7469
vn 0.0054 0.6650 -0.7469
vn 0.0005 0.8418 -0.5398
vn -0.0014 0.8418 -0.5398
vn 0.7023 0.6985 -0.1373
vn 0.2310 0.0934 -0.9685
vn 0.4849 0.8514 -0.1998
vn 0.0005 -0.0521 -0.9986
vn 0.0006 -0.0081 -1.0000
vn 0.2769 0.5974 0.7526
vn 0.3023 0.7079 0.6384
vn 0.8309 0.5497 0.0864
vn 0.0005 0.8089 0.5879
vn 0.6972 0.6123 0.3728
vn 0.3767 0.7677 0.5184
vn 0.0003 0.9112 0.4120
vn 0.8252 0.5176 0.2262
vn 0.0005 0.9419 0.3358
vn 0.8711 0.4755 0.1226
vn 0.0003 0.9420 0.3357
vn 0.0003 0.9455 0.3257
vn 0.8911 0.4352 0.1284
vn 0.0004 0.9454 0.3258
vn 0.9404 0.2117 0.2662
vn 0.9404 0.2116 0.2662
vn 0.9273 0.0456 0.3716
vn 0.9220 0.1110 0.3709
vn 0.9220 0.1111 0.3709
vn 0.9167 0.1794 0.3570
vn 0.9167 0.1795 0.3570
vn 0.8752 0.3427 0.3416
vn 0.7808 0.5749 0.2446
vn 0.7808 0.5749 0.2447
vn 0.7056 0.7048 0.0728
vn 0.4373 0.8889 0.1363
vn 0.6501 0.7588 0.0396
vn 0.3053 0.9522 -0.0034
vn 0.5808 0.8125 0.0503
vn 0.5332 0.8451 -0.0396
vn 0.0003 0.9795 0.2017
vn 0.0005 0.8322 0.5545
vn 0.0004 0.8323 0.5544
vn 0.0005 0.6104 0.7921
vn 0.0005 0.4295 0.9031
vn -0.0000 0.4296 0.9030
vn 0.0005 0.2762 0.9611
vn 0.0005 0.0456 0.9990
vn 0.0004 0.0455 0.9990
vn 0.0004 -0.0961 0.9954
vn 0.0003 -0.0959 0.9954
vn 0.0004 0.9983 -0.0580
vn 0.2789 0.9503 -0.1382
vn 0.0005 0.9743 -0.2251
vn 0.9365 0.3426 -0.0747
vn 0.3707 0.9043 -0.2115
vn -0.9706 0.1746 -0.1656
vn -0.6891 0.6814 0.2466
vn -0.8091 -0.2952 -0.5082
vn -0.7588 0.5918 0.2721
vn -0.7587 0.5918 0.2722
vn -0.8453 0.4197 0.3306
vn -0.8523 0.3250 0.4098
vn -0.4187 -0.5866 -0.6933
vn -0.7667 -0.3473 -0.5400
vn 0.0005 -0.6433 -0.7656
vn -0.7958 -0.2856 -0.5340
vn -0.7958 -0.2857 -0.5340
vn -0.8215 -0.1831 -0.5400
vn -0.7980 -0.1284 -0.5888
vn -0.7980 -0.1284 -0.5889
vn -0.7636 -0.0824 -0.6405
vn -0.7538 0.0094 -0.6571
vn -0.7538 0.0095 -0.6571
vn -0.7680 0.1334 -0.6264
vn -0.0000 0.2179 -0.9760
vn 0.0004 0.2177 -0.9760
vn -0.8134 0.2420 -0.5290
vn -0.0024 0.4728 -0.8812
vn -0.8133 0.2420 -0.5291
vn -0.8576 0.2577 -0.4451
vn -0.0054 0.6650 -0.7469
vn -0.0005 0.8418 -0.5398
vn -0.9524 0.2166 -0.2145
vn -0.9183 0.2049 -0.3387
vn -0.9962 0.0769 -0.0415
vn -0.8825 0.2067 -0.4224
vn -0.9927 0.0759 0.0933
vn -0.9653 0.2389 -0.1050
vn -0.8825 0.2068 -0.4224
vn -0.8348 0.1882 -0.5173
vn -0.8105 0.1169 -0.5740
vn -0.8104 0.1169 -0.5740
vn -0.8112 0.0358 -0.5836
vn -0.8224 -0.0424 -0.5673
vn -0.8007 -0.0287 -0.5984
vn -0.7732 -0.0668 -0.6306
vn -0.7480 -0.0482 -0.6620
vn -0.7216 -0.0834 -0.6873
vn -0.7215 -0.0834 -0.6873
vn -0.6804 -0.1488 -0.7176
vn -0.6893 -0.3667 -0.6248
vn -0.7020 -0.4977 -0.5095
vn -0.9250 0.3759 -0.0552
vn -0.8985 0.4150 -0.1432
vn -0.6456 0.6712 -0.3641
vn -0.7694 0.5927 -0.2379
vn -0.8837 0.4677 -0.0181
vn -0.8739 0.4745 0.1050
vn -0.8292 0.4590 0.3191
vn 0.0005 0.8356 -0.5493
vn 0.0005 0.7731 -0.6343
vn -0.5575 0.6554 -0.5096
vn -0.9075 0.4141 -0.0708
vn 0.0005 0.6525 -0.7578
vn -0.5916 0.5870 -0.5526
vn 0.0005 0.5994 -0.8005
vn 0.0004 0.9560 -0.2934
vn 0.0004 0.9560 -0.2935
vn 0.0005 0.9559 -0.2936
vn -0.9711 0.1258 0.2028
vn -0.4705 0.5557 0.6855
vn -0.9289 0.2968 0.2214
vn -0.3482 0.7558 0.5545
vn -0.0000 0.5216 0.8532
vn 0.0005 0.7018 0.7124
vn 0.0004 0.2284 0.9736
vn -0.3395 0.2263 0.9130
vn 0.0004 -0.0492 0.9988
vn -0.6395 0.1971 0.7431
vn -0.2917 -0.0179 0.9563
vn 0.0003 -0.4045 0.9145
vn -0.5545 0.0134 0.8321
vn -0.2105 -0.3227 0.9228
vn 0.0004 -0.5575 0.8302
vn -0.4091 -0.2252 0.8843
vn -0.1588 -0.4684 0.8692
vn -0.8711 0.4755 0.1226
vn -0.8911 0.4352 0.1284
vn -0.9404 0.2117 0.2662
vn -0.9404 0.2116 0.2662
vn -0.9273 0.0456 0.3716
vn -0.9220 0.1110 0.3709
vn -0.9220 0.1111 0.3709
vn -0.9167 0.1794 0.3570
vn -0.9167 0.1795 0.3570
vn -0.8752 0.3427 0.3416
vn -0.7808 0.5749 0.2446
vn -0.7808 0.5749 0.2447
vn -0.7056 0.7048 0.0728
vn -0.4373 0.8889 0.1364
vn -0.6501 0.7588 0.0396
vn -0.3053 0.9522 -0.0034
vn -0.5808 0.8125 0.0503
vn -0.5332 0.8451 -0.0396
vn 0.0005 0.6105 0.7920
vn 0.0003 0.2762 0.9611
vn 0.0004 0.0456 0.9990
vn -0.2789 0.9503 -0.1382
vn -0.6119 0.7907 -0.0190
vn -0.3707 0.9043 -0.2115
vn -0.0083 0.7731 -0.6343
vn -0.0083 0.8356 -0.5493
vn 0.0083 0.5994 -0.8004
vn -0.8742 0.1747 -0.4530
vn -0.9944 -0.0863 0.0611
vn -0.9117 0.0495 -0.4078
vn -0.8473 0.2448 -0.4713
vn -0.8372 0.2597 -0.4814
vn -0.9599 -0.0375 -0.2779
vn -0.9255 -0.3783 0.0151
vn -0.8705 0.4147 -0.2651
vn -0.9559 0.2908 0.0405
vn -0.8425 0.4929 -0.2173
vn -0.7673 0.5447 0.3385
vn -0.9268 0.1033 0.3610
vn -0.7677 -0.1860 0.6133
vn -0.7372 -0.2925 0.6092
vn -0.7868 -0.1400 0.6012
vn -0.7195 -0.3246 0.6139
vn -0.7314 -0.3355 0.5936
vn -0.7314 -0.3355 0.5937
vn -0.7658 -0.3883 0.5126
vn -0.8559 -0.0082 0.5171
vn -0.8337 -0.1586 0.5289
vn -0.8333 0.2020 0.5146
vn -0.7655 0.1003 0.6356
vn -0.2935 -0.1498 0.9441
vn -0.5605 -0.2026 0.8029
vn -0.4422 -0.3512 0.8253
vn -0.2290 -0.3197 0.9194
vn -0.6811 -0.7073 -0.1889
vn -0.1548 -0.6479 0.7458
vn -0.2993 -0.8461 -0.4410
vn 0.0005 0.2421 -0.9702
vn 0.0005 0.0661 -0.9978
vn -0.2515 -0.0502 -0.9666
vn 0.0005 -0.2984 -0.9544
vn -0.3318 -0.3424 -0.8790
vn 0.8133 0.2420 -0.5291
vn 0.8576 0.2577 -0.4451
vn 0.8134 0.2420 -0.5290
vn 0.7680 0.1334 -0.6264
vn 0.7538 0.0095 -0.6571
vn 0.7538 0.0094 -0.6571
vn 0.7636 -0.0824 -0.6405
vn 0.7980 -0.1284 -0.5889
vn 0.7980 -0.1284 -0.5888
vn 0.8215 -0.1831 -0.5400
vn 0.7958 -0.2856 -0.5340
vn 0.7667 -0.3473 -0.5400
vn 0.7595 -0.4223 -0.4948
vn 0.7498 -0.4879 -0.4470
vn 0.6033 -0.1566 -0.7820
vn 0.4058 -0.3402 -0.8483
vn 0.6747 -0.2690 -0.6873
vn 0.6797 -0.4254 -0.5976
vn 0.7206 -0.4029 -0.5643
vn 0.8264 -0.3092 -0.4706
vn 0.8121 0.5828 -0.0298
vn 0.8213 0.5644 0.0825
vn -0.0000 0.8988 0.4384
vn 0.0004 0.8772 0.4802
vn 0.0005 0.7580 0.6523
vn 0.0002 0.5803 0.8144
vn 0.0005 0.5802 0.8145
vn 0.0005 0.7335 0.6796
vn 0.0004 0.8223 0.5690
vn 0.0004 0.8223 0.5691
vn -0.9480 -0.0101 0.3180
vn -0.8688 -0.0356 0.4938
vn -0.8672 -0.0140 0.4978
vn -0.9482 -0.0219 0.3171
vn -0.8679 -0.0765 0.4908
vn -0.9521 0.0143 0.3053
vn -0.8629 -0.0042 0.5054
vn -0.8463 0.0036 0.5327
vn -0.9955 0.0319 0.0894
vn -0.9597 0.0055 0.2809
vn -0.7998 0.1071 0.5907
vn -0.9970 0.0055 0.0777
vn 0.3992 0.9095 -0.1158
vn 0.5105 0.8469 -0.1490
vn 0.2653 0.9632 -0.0425
vn 0.2573 0.9656 0.0366
vn 0.9026 0.0642 -0.4256
vn 0.0005 0.9999 -0.0152
vn 0.0005 0.9978 0.0669
vn 0.0005 0.9888 0.1491
vn 0.4785 -0.6485 -0.5920
vn 0.4411 -0.6452 -0.6238
vn 0.0006 -0.6020 -0.7985
vn 0.0005 -0.7605 -0.6493
vn 0.2359 -0.7436 -0.6256
vn 0.1861 -0.6519 -0.7351
vn 0.0005 -0.8034 -0.5955
vn 0.0005 -0.7065 -0.7077
vn 0.9625 -0.2669 0.0493
vn 0.7381 -0.1693 -0.6531
vn -0.0005 -0.4909 -0.8712
vn 0.0004 -0.4909 -0.8712
vn -0.0006 -0.4664 -0.8846
vn -0.0000 -0.9377 0.3475
vn 0.0005 -0.4664 -0.8846
vn 0.0005 -0.3812 -0.9245
vn -0.3532 -0.3833 -0.8534
vn -0.3120 -0.3666 -0.8765
vn 0.0005 -0.3199 -0.9475
vn -0.2046 -0.3295 -0.9217
vn 0.0005 -0.2866 -0.9580
vn 0.0005 -0.2739 -0.9618
vn -0.5866 -0.3755 -0.7176
vn -0.6610 -0.3364 -0.6707
vn -0.7077 -0.3188 -0.6305
vn -0.7245 -0.4029 -0.5593
vn -0.7225 -0.4663 -0.5105
vn 0.8564 0.2909 -0.4265
vn 0.8752 0.3720 -0.3093
vn 0.7634 0.3933 -0.5123
vn 0.7634 0.3933 -0.5124
vn 0.3318 0.3270 -0.8849
vn 0.6219 0.4042 -0.6707
vn 0.5279 0.0427 -0.8483
vn 0.2749 -0.0413 -0.9606
vn 0.2476 -0.2631 -0.9324
vn 0.0004 -0.1224 -0.9925
vn 0.0005 -0.3296 -0.9441
vn 0.0005 0.2068 -0.9784
vn 0.0004 0.4413 -0.8974
vn 0.0005 0.4413 -0.8974
vn 0.0004 0.6398 -0.7685
vn 0.0002 0.6399 -0.7684
vn 0.0003 0.7901 -0.6130
vn 0.0005 0.7900 -0.6131
vn 0.0004 0.9190 -0.3943
vn 0.0005 0.9878 -0.1559
vn 0.0003 0.9878 -0.1558
vn 0.0006 0.9971 0.0767
vn 0.0005 0.9971 0.0767
vn 0.0004 0.9231 0.3846
vn 0.0005 0.7935 0.6086
vn 0.0004 0.7498 0.6617
vn 0.7210 0.5012 0.4785
vn 0.7401 0.3875 0.5496
vn 0.7227 0.5929 0.3552
vn 0.6450 0.6968 0.3137
vn 0.3395 0.2264 0.9130
vn 0.6395 0.1971 0.7431
vn 0.2917 -0.0180 0.9563
vn 0.5545 0.0134 0.8321
vn 0.0005 0.5214 0.8533
vn -0.0000 0.7019 0.7123
vn -0.0000 -0.4044 0.9146
vn 0.2105 -0.3227 0.9228
vn 0.0005 -0.5574 0.8302
vn 0.6043 -0.5181 0.6053
vn 0.9373 -0.1908 0.2916
vn 0.8775 -0.0374 -0.4781
vn 0.9558 -0.0687 -0.2857
vn 0.9762 -0.1654 -0.1402
vn 0.9686 -0.1625 -0.1881
vn 0.9906 -0.1108 0.0806
vn 0.9485 0.0642 -0.3103
vn 0.9187 0.1511 -0.3649
vn 0.2292 0.2616 -0.9376
vn 0.2340 0.2273 -0.9453
vn 0.0004 0.2323 -0.9727
vn 0.0004 0.1667 -0.9860
vn 0.0006 0.3463 -0.9381
vn 0.2349 0.3338 -0.9129
vn 0.0005 0.5097 -0.8603
vn 0.9048 0.1277 -0.4062
vn 0.9480 -0.2377 0.2115
vn 0.2702 0.4638 -0.8437
vn 0.5184 0.3827 -0.7647
vn 0.9670 0.0710 -0.2448
vn 0.9064 -0.2300 0.3543
vn 0.3709 0.4717 -0.7999
vn 0.0005 0.5977 -0.8017
vn 0.8865 -0.2093 -0.4127
vn 0.9174 0.0075 0.3979
vn 0.8957 0.1600 0.4149
vn 0.8691 0.2840 0.4050
vn 0.8292 0.4589 0.3191
vn 0.8740 0.4745 0.1051
vn 0.3659 -0.2075 -0.9072
vn 0.0004 0.5780 -0.8161
vn 0.3161 -0.7224 -0.6151
vn 0.5017 -0.6374 -0.5848
vn 0.0005 -0.8194 -0.5732
vn 0.0004 -0.8679 -0.4968
vn 0.2712 -0.5467 -0.7922
vn 0.5165 -0.4929 -0.7002
vn 0.0003 -0.5620 -0.8271
vn 0.5820 -0.2036 -0.7873
vn 0.3052 -0.2083 -0.9292
vn 0.0004 -0.1927 -0.9813
vn -0.0000 0.1159 -0.9933
vn 0.3346 0.1051 -0.9365
vn 0.6997 -0.0062 -0.7144
vn -0.0000 0.9288 -0.3707
vn 0.0005 0.8126 -0.5828
vn 0.0005 0.8126 -0.5829
vn 0.0005 0.5784 -0.8158
vn 0.0006 0.5783 -0.8158
vn 0.0005 0.4471 -0.8945
vn 0.0006 0.4471 -0.8945
vn -0.5134 0.2107 -0.8319
vn 0.0004 0.3612 -0.9325
vn -0.0000 0.1160 -0.9933
vn -0.3346 0.1052 -0.9365
vn -0.6998 -0.0062 -0.7144
vn -0.8387 -0.0042 -0.5446
vn -0.8515 0.2038 -0.4832
vn -0.8515 0.2039 -0.4831
vn -0.8524 0.3318 -0.4040
vn -0.8524 0.3319 -0.4040
vn -0.8566 0.5137 0.0485
vn -0.7842 0.5685 -0.2487
vn -0.7136 0.6952 0.0864
vn -0.8388 0.4355 0.3268
vn -0.8464 0.4119 0.3375
vn -0.8938 0.1384 0.4266
vn -0.8204 0.4600 0.3396
vn -0.8938 0.1385 0.4266
vn -0.8483 0.1726 0.5006
vn -0.8652 -0.0746 0.4958
vn -0.8266 0.2008 0.5258
vn -0.8652 -0.0746 0.4959
vn -0.7697 0.0583 0.6358
vn -0.7884 -0.3508 0.5053
vn -0.7105 -0.3578 0.6060
vn -0.3345 -0.1380 0.9322
vn -0.3884 -0.0287 0.9210
vn -0.6313 -0.0628 0.7730
vn -0.2868 -0.1596 0.9446
vn 0.0005 -0.1967 0.9805
vn 0.0005 -0.1626 0.9867
vn 0.0005 -0.1625 0.9867
vn 0.0004 -0.1216 0.9926
vn -0.0000 -0.1216 0.9926
vn 0.0005 0.1579 0.9874
vn 0.0005 0.1580 0.9874
vn 0.0005 0.1833 0.9831
vn 0.0003 0.1832 0.9831
vn 0.0005 -0.1116 0.9937
vn 0.0005 -0.1117 0.9937
vn 0.0005 -0.3023 0.9532
vn -0.0161 -0.4839 0.8750
vn 0.0005 -0.4840 0.8751
vn 0.0005 -0.2328 0.9725
vn -0.0630 -0.2328 0.9705
vn 0.0005 0.0866 0.9962
vn 0.0005 0.1619 0.9868
vn -0.3289 0.0935 0.9397
vn 0.0005 0.2352 0.9719
vn -0.2869 0.1854 0.9399
vn -0.5907 0.0163 0.8067
vn -0.6588 -0.1410 0.7389
vn -0.5494 0.0993 0.8297
vn -0.5602 0.3308 0.7594
vn -0.5493 0.0993 0.8297
vn -0.5205 -0.2144 0.8265
vn -0.6002 0.5437 0.5866
vn -0.4879 -0.3862 0.7829
vn -0.6003 0.5437 0.5866
vn -0.4879 -0.3861 0.7829
vn -0.6131 0.7266 0.3102
vn -0.6163 0.7657 0.1838
vn -0.4597 -0.4331 0.7753
vn -0.3630 -0.4957 0.7890
vn 0.0005 -0.5320 0.8468
vn 0.0004 -0.5662 0.8243
vn 0.3630 -0.4957 0.7890
vn 0.0005 -0.5661 0.8243
vn 0.4597 -0.4331 0.7753
vn 0.4597 -0.4332 0.7753
vn 0.4879 -0.3861 0.7829
vn 0.4879 -0.3862 0.7829
vn 0.5205 -0.2144 0.8265
vn 0.5494 0.0993 0.8297
vn 0.5602 0.3308 0.7594
vn 0.6002 0.5437 0.5866
vn 0.6003 0.5437 0.5866
vn 0.6131 0.7266 0.3102
vn 0.8818 0.3191 -0.3473
vn 0.4305 -0.0043 -0.9026
vn 0.0005 -0.3600 -0.9329
vn 0.6003 -0.0980 -0.7937
vn 0.6257 0.0124 -0.7800
vn 0.7677 -0.1860 0.6133
vn 0.7194 -0.3247 0.6140
vn 0.7372 -0.2925 0.6092
vn 0.7314 -0.3355 0.5936
vn 0.7314 -0.3355 0.5937
vn 0.7658 -0.3883 0.5126
vn 0.8559 -0.0082 0.5171
vn 0.9299 -0.3082 0.2008
vn 0.9944 -0.0863 0.0611
vn 0.9898 -0.1390 0.0318
vn 0.8918 -0.4245 -0.1568
vn 0.8649 -0.4860 -0.1255
vn 0.8757 -0.3764 -0.3023
vn 0.8695 -0.4632 -0.1714
vn 0.7105 -0.3578 0.6060
vn 0.3884 -0.0287 0.9210
vn 0.6588 -0.1410 0.7389
vn 0.3289 0.0935 0.9397
vn 0.8699 0.2497 0.4254
vn 0.0005 0.0867 0.9962
vn 0.0630 -0.2328 0.9705
vn 0.6251 0.2919 0.7239
vn 0.9075 0.4141 -0.0709
vn 0.0161 -0.4839 0.8750
vn 0.8985 0.4150 -0.1432
vn 0.9048 0.4176 -0.0835
vn 0.9250 0.3759 -0.0552
vn 0.9061 0.4129 -0.0923
vn 0.8837 0.4677 -0.0181
vn 0.8740 0.4745 0.1050
vn 0.8292 0.4590 0.3191
vn 0.5821 0.4014 0.7072
vn 0.6998 -0.0062 -0.7144
vn 0.8387 -0.0042 -0.5446
vn 0.5134 0.2107 -0.8319
vn 0.3346 0.1052 -0.9365
vn 0.0005 0.1160 -0.9933
vn 0.8515 0.2038 -0.4832
vn 0.8515 0.2039 -0.4831
vn 0.8524 0.3318 -0.4040
vn 0.8524 0.3319 -0.4040
vn 0.0004 0.8125 -0.5829
vn 0.8566 0.5137 0.0485
vn 0.7842 0.5684 -0.2487
vn 0.7136 0.6952 0.0864
vn 0.8464 0.4119 0.3375
vn 0.8938 0.1384 0.4266
vn 0.8938 0.1385 0.4266
vn 0.8652 -0.0746 0.4958
vn 0.8652 -0.0746 0.4959
vn 0.7884 -0.3508 0.5053
vn 0.7029 -0.4468 -0.5535
vn 0.7223 -0.5053 -0.4722
vn 0.6708 -0.4393 -0.5976
vn 0.6786 -0.6228 -0.3894
vn 0.7539 -0.5886 -0.2917
vn 0.9086 -0.2418 -0.3406
vn 0.7808 -0.5326 0.3267
vn 0.9989 0.0026 -0.0464
vn 0.6645 -0.5394 0.5171
vn 0.6646 -0.5394 0.5171
vn 0.5748 0.5047 -0.6442
vn 0.6522 0.5683 -0.5017
vn 0.3484 0.7072 -0.6152
vn -0.0000 0.7589 -0.6513
vn 0.0004 0.7003 -0.7139
vn 0.7701 -0.0453 -0.6363
vn 0.8927 0.4081 -0.1910
vn 0.6296 0.7675 0.1207
vn 0.2975 0.8205 0.4881
vn 0.5886 0.7118 0.3834
vn 0.0003 0.8520 0.5235
vn -0.0000 0.8520 0.5236
vn -0.0000 0.8399 0.5427
vn 0.3102 0.8164 0.4870
vn 0.5868 0.6300 0.5087
vn 0.0004 0.7245 0.6892
vn 0.3083 0.7130 0.6298
vn -0.0000 0.5164 0.8563
vn 0.3385 0.4765 0.8114
vn 0.6383 0.3797 0.6696
vn 0.0005 0.2937 0.9559
vn 0.7330 0.0514 0.6783
vn 0.7555 -0.1341 0.6412
vn 0.0005 0.1570 0.9876
vn 0.0004 0.1570 0.9876
vn -0.2749 -0.0413 -0.9606
vn -0.3318 0.3270 -0.8849
vn -0.6219 0.4042 -0.6707
vn -0.0000 0.4412 -0.8974
vn -0.7634 0.3933 -0.5124
vn -0.7634 0.3933 -0.5123
vn -0.8564 0.2909 -0.4265
vn -0.8752 0.3720 -0.3093
vn -0.9819 0.0867 -0.1686
vn -0.8825 0.4226 -0.2065
vn -0.9999 -0.0130 -0.0054
vn -0.8881 0.4533 -0.0758
vn -0.9304 -0.3207 -0.1773
vn -0.9052 -0.1352 -0.4030
vn -0.8624 0.5000 0.0796
vn -0.8208 0.5124 0.2524
vn -0.8095 0.4726 0.3483
vn -0.8229 0.5623 0.0816
vn -0.7567 0.6249 -0.1920
vn -0.8331 -0.5378 -0.1295
vn -0.8122 -0.5151 -0.2740
vn -0.8144 -0.4762 -0.3317
vn -0.9005 -0.3170 -0.2976
vn -0.9539 -0.1439 -0.2633
vn -0.9539 -0.1439 -0.2632
vn 0.9917 0.1110 0.0650
vn 0.9597 0.0055 0.2809
vn 0.9830 0.1374 -0.1216
vn 0.9955 0.0319 0.0894
vn 0.8597 0.0329 -0.5098
vn 0.7998 0.1071 0.5906
vn 0.8463 0.0036 0.5327
vn 0.7568 0.2625 0.5985
vn 0.9521 0.0143 0.3053
vn 0.8629 -0.0042 0.5054
vn 0.8672 -0.0140 0.4978
vn 0.9932 0.0886 0.0757
vn 0.7658 0.3476 0.5410
vn 0.9481 -0.0101 0.3180
vn 0.9970 0.0055 0.0777
vn 0.8689 -0.0355 0.4938
vn 0.9876 0.1561 -0.0142
vn 0.7716 -0.1860 -0.6084
vn 0.8044 0.4197 0.4205
vn 0.8359 -0.3501 -0.4226
vn 0.8711 0.4286 0.2399
vn 0.8845 -0.3510 -0.3072
vn 0.9059 0.3982 0.1441
vn 0.9482 -0.0219 0.3171
vn 0.8679 -0.0765 0.4908
vn 0.9918 -0.0081 0.1275
vn 0.9498 -0.0638 0.3062
vn 0.8655 -0.1352 0.4823
vn 0.9929 -0.0482 0.1089
vn 0.9540 -0.0961 0.2839
vn -0.2975 0.8205 0.4881
vn -0.5886 0.7118 0.3834
vn -0.3102 0.8164 0.4870
vn -0.5681 0.7148 0.4079
vn -0.2799 0.8244 0.4920
vn -0.5868 0.6300 0.5086
vn 0.0003 0.8399 0.5427
vn 0.0005 0.7246 0.6892
vn -0.3083 0.7130 0.6298
vn -0.3385 0.4765 0.8114
vn -0.6383 0.3797 0.6696
vn -0.4002 0.1893 0.8967
vn -0.7330 0.0514 0.6783
vn -0.4206 0.0124 0.9072
vn -0.9255 -0.3784 0.0152
vn -0.9130 -0.3843 0.1373
vn -0.7685 -0.5524 0.3230
vn -0.3727 -0.8159 0.4420
vn -0.3726 -0.8159 0.4420
vn 0.0006 -0.7721 0.6355
vn 0.0005 -0.7721 0.6355
vn 0.0005 -0.8646 0.5025
vn -0.8310 0.3973 0.3894
vn -0.9463 0.3212 0.0357
vn -0.8272 0.0847 0.5555
vn -0.8505 0.0945 0.5174
vn 0.7685 -0.5524 0.3230
vn 0.9818 -0.1557 0.1090
vn 0.9255 -0.3784 0.0152
vn 0.3727 -0.8159 0.4420
vn 0.9559 0.2908 0.0406
vn 0.8310 0.3973 0.3894
vn 0.7673 0.5447 0.3385
vn 0.8272 0.0847 0.5555
vn 0.8505 0.0945 0.5174
vn 0.3726 -0.8160 0.4420
vn -0.0005 -0.7721 0.6355
vn 0.7429 -0.4868 -0.4596
vn 0.8417 -0.5123 -0.1705
vn 0.8417 -0.5123 -0.1704
vn 0.8145 -0.5788 -0.0386
vn 0.8146 -0.5787 -0.0386
vn 0.7409 -0.6675 0.0747
vn 0.3462 -0.9027 0.2554
vn 0.3318 -0.3424 -0.8790
vn 0.6249 -0.3472 -0.6992
vn 0.4822 -0.1596 -0.8614
vn 0.2515 -0.0502 -0.9665
vn 0.2145 0.0446 -0.9757
vn 0.0005 -0.5252 -0.8510
vn 0.0015 -0.5253 -0.8509
vn 0.0004 -0.7123 -0.7018
vn 0.0005 -0.7124 -0.7018
vn 0.0005 -0.9059 -0.4235
vn 0.0005 -0.9774 -0.2115
vn 0.0003 -0.9774 -0.2115
vn 0.0005 -0.9963 -0.0855
vn 0.0004 -0.9963 -0.0856
vn 0.0005 -0.9941 0.1080
vn 0.0005 -0.9942 0.1080
vn 0.0005 -0.9545 0.2983
vn 0.7669 -0.3308 -0.5499
vn 0.0003 -0.9325 0.3611
vn 0.9673 -0.0960 -0.2349
vn 0.0005 0.8275 -0.5615
vn 0.0005 0.6803 -0.7329
vn 0.3180 0.7684 -0.5553
vn 0.0003 0.9734 -0.2291
vn 0.3639 0.9043 -0.2232
vn 0.6777 0.7111 -0.1871
vn 0.0004 0.9993 -0.0367
vn 0.7454 0.6664 -0.0191
vn -0.0000 0.9993 -0.0367
vn 0.7454 0.6663 -0.0191
vn 0.0003 0.9989 0.0474
vn 0.8145 0.5802 -0.0064
vn 0.0005 0.9989 0.0474
vn 0.0003 0.9971 0.0766
vn 0.8145 0.5801 -0.0063
vn 0.8705 0.4147 -0.2651
vn 0.8531 0.5036 -0.1362
vn 0.8613 0.3475 -0.3708
vn 0.8372 0.2597 -0.4814
vn 0.8473 0.2448 -0.4713
vn 0.8742 0.1747 -0.4530
vn 0.9117 0.0495 -0.4078
vn 0.9255 -0.3784 0.0151
vn 0.9559 0.2908 0.0405
vn 0.9268 0.1033 0.3610
vn 0.7868 -0.1400 0.6012
vn 0.8142 -0.1156 0.5690
vn 0.8425 0.4929 -0.2173
vn 0.8272 -0.0844 0.5555
vn 0.8621 0.2967 -0.4108
vn 0.8323 -0.0619 0.5508
vn 0.8458 0.2802 -0.4539
vn 0.8291 0.2879 -0.4793
vn 0.8253 0.2889 -0.4851
vn 0.4245 0.0231 0.9052
vn 0.7694 0.0397 0.6375
vn 0.3855 0.0915 0.9182
vn 0.0004 -0.2846 0.9586
vn 0.0004 -0.4654 0.8851
vn -0.0000 -0.5287 0.8488
vn 0.0005 -0.4193 -0.9078
vn 0.2006 -0.4105 -0.8895
vn 0.1598 -0.2114 -0.9642
vn 0.0005 -0.2144 -0.9768
vn 0.1118 -0.0023 -0.9937
vn -0.0000 -0.0023 -1.0000
vn -0.5184 0.3827 -0.7647
vn -0.2702 0.4638 -0.8437
vn -0.3709 0.4717 -0.8000
vn -0.5858 0.4032 -0.7030
vn -0.6021 0.3005 -0.7398
vn -0.4576 0.3015 -0.8365
vn -0.3111 0.4304 -0.8473
vn 0.0005 0.3464 -0.9381
vn -0.2349 0.3338 -0.9129
vn -0.4448 0.2760 -0.8520
vn -0.2292 0.2616 -0.9376
vn -0.4537 0.2732 -0.8483
vn -0.2340 0.2273 -0.9453
vn -0.2006 -0.4105 -0.8895
vn -0.1598 -0.2115 -0.9642
vn 0.0004 -0.0023 -1.0000
vn -0.1118 -0.0023 -0.9937
vn 0.9836 -0.1792 0.0210
vn 0.8874 0.0202 0.4606
vn 0.9545 -0.0394 -0.2957
vn 0.8885 -0.0951 0.4489
vn 0.8780 0.1296 0.4607
vn 0.7740 0.2722 0.5718
vn 0.7739 0.2721 0.5718
vn 0.6114 0.4317 0.6632
vn 0.0005 0.7062 0.7080
vn 0.5213 0.6025 0.6043
vn -0.4702 0.4001 0.7867
vn 0.0005 -0.2739 -0.9617
vn 0.8703 -0.1909 -0.4540
vn 0.7871 -0.4381 -0.4343
vn 0.6873 -0.6286 -0.3639
vn 0.6873 -0.6286 -0.3640
vn 0.6026 -0.7462 -0.2830
vn 0.5702 -0.7908 -0.2224
vn 0.5702 -0.7909 -0.2223
vn 0.5664 -0.8037 -0.1822
vn 0.0005 -0.5720 -0.8203
vn 0.6013 -0.5240 -0.6033
vn 0.5740 -0.5162 -0.6356
vn 0.5741 -0.5162 -0.6356
vn 0.0005 -0.7409 -0.6716
vn 0.9161 0.2586 -0.3063
vn 0.0005 0.5739 -0.8189
vn 0.0005 0.9441 0.3297
vn 0.5270 0.7362 0.4245
vn 0.5271 0.7362 0.4244
vn 0.7228 0.6389 0.2634
vn 0.6853 0.7275 -0.0318
vn 0.0005 0.9882 0.1529
vn 0.0003 0.9696 -0.2446
vn 0.0006 0.9696 -0.2447
vn 0.0004 0.5165 0.8563
vn 0.0003 0.5166 0.8562
vn 0.0005 -0.3522 0.9359
vn 0.0005 -0.7967 0.6043
vn -0.4645 -0.1371 0.8749
vn -0.0000 -0.7967 0.6044
vn 0.0005 -0.9812 0.1930
vn 0.0005 -0.9812 0.1929
vn 0.0004 -0.9952 -0.0982
vn 0.0005 -0.9952 -0.0982
vn 0.0005 -0.9247 -0.3806
vn 0.0004 -0.9247 -0.3807
vn 0.0006 -0.8500 -0.5269
vn 0.0005 -0.8499 -0.5269
vn -0.2750 0.0251 0.9611
vn 0.0005 0.1384 0.9904
vn 0.0005 0.2595 0.9657
vn 0.0005 -0.0238 0.9997
vn -0.6540 -0.2367 0.7185
vn -0.0015 -0.0238 0.9997
vn 0.0005 -0.2925 0.9563
vn -0.7371 -0.2758 0.6169
vn -0.0161 -0.2916 0.9564
vn 0.0005 -0.6136 0.7896
vn -0.7452 -0.4469 0.4950
vn -0.0259 -0.6133 0.7894
vn -0.7452 -0.4470 0.4950
vn 0.0005 -0.7800 0.6258
vn -0.7977 -0.4341 0.4187
vn -0.0220 -0.7798 0.6256
vn -0.7977 -0.4341 0.4186
vn -0.0142 -0.9243 0.3814
vn -0.7757 -0.5506 0.3084
vn 0.0005 -0.9244 0.3814
vn -0.7491 -0.6112 0.2556
vn 0.0005 -0.9922 0.1246
vn -0.6638 -0.7300 0.1626
vn -0.0044 -0.9922 0.1246
vn -0.6925 -0.7187 0.0630
vn 0.0006 -0.9901 -0.1402
vn 0.0005 -0.9901 -0.1402
vn -0.7297 -0.6680 -0.1461
vn 0.0004 -0.9448 -0.3277
vn 0.0005 -0.9448 -0.3277
vn -0.7761 -0.5816 -0.2437
vn 0.0003 -0.9235 -0.3835
vn -0.7761 -0.5815 -0.2437
vn 0.0004 -0.9049 -0.4255
vn 0.0005 -0.9050 -0.4255
vn -0.7823 -0.5681 -0.2556
vn -0.7823 -0.5681 -0.2555
vn -0.7597 -0.5827 -0.2887
vn 0.6873 -0.2201 -0.6922
vn 0.9324 -0.3374 -0.1294
vn 0.4732 -0.2308 -0.8502
vn 0.3141 -0.2104 -0.9258
vn 0.5977 -0.1958 -0.7775
vn 0.2329 -0.2454 -0.9410
vn 0.4530 -0.1978 -0.8693
vn 0.0004 -0.2035 -0.9791
vn 0.0005 -0.2798 -0.9601
vn 0.0006 -0.1499 -0.9887
vn 0.2759 -0.0814 -0.9577
vn 0.8607 -0.4783 -0.1745
vn 0.5321 -0.1342 -0.8360
vn -0.0000 -0.0216 -0.9998
vn 0.2437 0.0241 -0.9695
vn 0.0005 0.0524 -0.9986
vn 0.2898 0.2059 -0.9347
vn 0.0005 0.1893 -0.9819
vn 0.0006 0.1688 -0.9857
vn 0.4352 0.0759 -0.8972
vn 0.6229 0.0114 -0.7822
vn 0.5805 -0.1910 -0.7916
vn 0.5544 0.2243 -0.8015
vn 0.4284 0.2478 -0.8690
vn 0.2193 0.2293 -0.9483
vn 0.0005 0.2001 -0.9798
vn 0.3846 0.2519 -0.8880
vn 0.1959 0.2567 -0.9464
vn 0.0004 0.2508 -0.9680
vn 0.1930 0.2509 -0.9486
vn 0.0003 0.2508 -0.9680
vn 0.5877 0.0632 0.8066
vn 0.3345 -0.1380 0.9322
vn 0.2868 -0.1596 0.9446
vn 0.6313 -0.0628 0.7730
vn 0.7697 0.0583 0.6358
vn 0.8266 0.2008 0.5258
vn 0.9876 0.1287 0.0904
vn 0.7674 0.3993 -0.5017
vn 0.7852 0.4326 -0.4431
vn 0.7318 0.4215 -0.5355
vn 0.7019 0.4139 -0.5798
vn 0.3435 0.4794 -0.8076
vn 0.6384 0.3504 -0.6853
vn 0.4333 0.2928 -0.8524
vn 0.9999 -0.0150 -0.0083
vn 0.0004 0.3239 -0.9461
vn 0.0005 0.5529 -0.8332
vn 0.0005 0.8110 -0.5850
vn 0.0004 0.8673 -0.4979
vn 0.9994 0.0310 0.0171
vn 0.3287 -0.2924 0.8981
vn 0.6514 -0.4127 0.6367
vn 0.6183 -0.5898 0.5195
vn 0.6183 -0.5898 0.5196
vn 0.5928 -0.6542 0.4697
vn 0.3091 -0.2767 0.9099
vn 0.0004 -0.2778 0.9606
vn 0.0005 -0.3412 0.9400
vn 0.0003 -0.3411 0.9400
vn 0.0004 -0.4019 0.9157
vn 0.0005 -0.4018 0.9157
vn 0.9994 0.0309 0.0172
vn 0.3036 0.9251 -0.2281
vn 0.3072 0.9285 -0.2085
vn 0.0004 0.9696 -0.2446
vn 0.0003 0.9765 -0.2155
vn 0.0005 0.9541 -0.2994
vn 0.9997 0.0241 -0.0044
vn 0.4325 -0.8801 0.1960
vn 0.5349 0.8018 -0.2663
vn 0.2780 0.9143 -0.2946
vn 0.5212 0.7324 -0.4382
vn 0.2712 0.8450 -0.4608
vn 0.0005 0.8936 -0.4489
vn 0.9802 -0.1400 -0.1402
vn 0.3426 0.6526 -0.6759
vn 0.0005 0.7226 -0.6912
vn 0.0005 0.5988 -0.8009
vn 0.9718 -0.1938 -0.1344
vn 0.3328 -0.7909 0.5135
vn 0.5635 -0.7803 0.2712
vn 0.2955 -0.8845 0.3610
vn 0.0006 -0.9085 0.4179
vn -0.0000 -0.8147 0.5799
vn 0.0003 -0.7879 0.6159
vn 0.0004 -0.7878 0.6159
vn 0.0006 -0.9715 0.2370
vn 0.2984 -0.9294 0.2174
vn 0.5692 -0.8026 0.1783
vn 0.0005 -0.9822 0.1881
vn 0.0005 -0.0756 -0.9971
vn -0.6478 -0.2083 -0.7328
vn -0.5508 -0.0629 -0.8323
vn 0.4419 0.3913 -0.8072
vn -0.7869 -0.2651 -0.5573
vn -0.9795 0.1462 -0.1383
vn -0.8799 -0.2280 -0.4168
vn -0.9915 0.0671 -0.1119
vn -0.9732 -0.1741 -0.1499
vn -0.9671 -0.2388 0.0875
vn -0.9894 0.0407 -0.1393
vn -0.8934 0.4412 -0.0845
vn -0.7588 0.5909 0.2741
vn -0.6622 0.5314 0.5283
vn -0.5710 0.4383 0.6941
vn -0.5114 0.3808 0.7704
vn -0.9368 0.2548 -0.2399
vn -0.9918 -0.0081 0.1275
vn -0.9917 0.1110 0.0650
vn -0.7568 0.2625 0.5985
vn -0.7569 0.2626 0.5985
vn -0.7658 0.3477 0.5410
vn -0.8044 0.4197 0.4205
vn -0.8711 0.4286 0.2399
vn -0.9059 0.3982 0.1441
vn -0.8454 0.1033 -0.5241
vn -0.8722 -0.1185 -0.4745
vn -0.8167 -0.1000 -0.5684
vn -0.7716 -0.1860 -0.6084
vn -0.8359 -0.3501 -0.4226
vn -0.8845 -0.3510 -0.3072
vn -0.4452 0.4992 -0.7434
vn -0.7010 0.5078 -0.5007
vn 0.0005 0.5999 -0.8001
vn -0.0000 0.4790 -0.8778
vn 0.0005 0.1697 -0.9855
vn 0.0004 -0.0151 -0.9999
vn -0.9765 0.2097 0.0503
vn -0.9743 0.2175 -0.0581
vn -0.9888 -0.0003 0.1490
vn -0.9954 -0.0726 -0.0621
vn -0.9694 0.1804 0.1665
vn -0.9794 -0.2016 -0.0083
vn -0.9882 -0.0199 0.1519
vn -0.9898 -0.0589 -0.1294
vn -0.9996 -0.0238 0.0142
vn -0.9853 0.1697 0.0200
vn -0.9852 0.1570 0.0689
vn -0.9791 -0.1956 -0.0562
vn -0.9761 -0.2171 0.0073
vn -0.9249 -0.3482 -0.1529
vn -0.9969 -0.0326 0.0718
vn -0.9064 0.3915 0.1588
vn -0.9729 -0.2202 0.0709
vn -0.9851 -0.0287 0.1695
vn -0.6848 -0.5820 0.4385
vn -0.9190 0.3856 0.0825
vn -0.6902 0.6337 0.3493
vn -0.8084 0.1609 0.5662
vn -0.7052 0.6966 0.1324
vn -0.6902 0.6337 0.3492
vn -0.8084 0.1608 0.5662
vn -0.7940 -0.1430 0.5908
vn -0.7941 -0.1430 0.5908
vn -0.8435 -0.2465 0.4772
vn -0.8964 -0.1098 0.4294
vn -0.6748 -0.4978 0.5448
vn -0.8701 0.1189 0.4783
vn -0.8811 0.1179 0.4579
vn -0.8476 0.1306 0.5144
vn -0.8475 0.1306 0.5144
vn -0.8211 0.1228 0.5574
vn -0.7851 0.1218 0.6073
vn -0.7484 0.0945 0.6565
vn -0.7312 0.0701 0.6785
vn -0.7205 -0.6588 0.2164
vn -0.4754 -0.8192 -0.3209
vn 0.0005 -0.9842 -0.1773
vn 0.0005 -0.9215 0.3883
vn 0.0005 -0.6481 0.7616
vn 0.0005 -0.2721 0.9623
vn 0.0004 -0.2720 0.9623
vn 0.0005 0.0368 0.9993
vn 0.0004 0.0369 0.9993
vn 0.0003 0.1413 0.9900
vn 0.0005 0.1413 0.9900
vn 0.6775 0.7353 -0.0151
vn 0.7638 0.6339 0.1217
vn 0.7442 0.6564 0.1236
vn 0.7450 0.6670 -0.0083
vn 0.9984 0.0143 -0.0542
vn 0.9358 -0.0130 0.3523
vn 0.9810 -0.1744 0.0855
vn 0.9941 0.0036 -0.1080
vn 0.8708 -0.3832 0.3082
vn 0.7823 -0.5681 -0.2555
vn 0.7597 -0.5827 -0.2887
vn 0.7761 -0.5815 -0.2437
vn 0.7761 -0.5816 -0.2437
vn 0.7297 -0.6680 -0.1461
vn 0.6925 -0.7187 0.0630
vn 0.7491 -0.6112 0.2556
vn 0.7977 -0.4341 0.4186
vn 0.7977 -0.4341 0.4187
vn 0.7452 -0.4470 0.4950
vn 0.7452 -0.4469 0.4950
vn 0.7371 -0.2758 0.6169
vn 0.6540 -0.2367 0.7185
vn 0.5603 -0.0922 0.8231
vn 0.2751 0.0251 0.9611
vn 0.2370 0.1815 0.9544
vn 0.0005 -0.0237 0.9997
vn 0.0015 -0.0238 0.9997
vn 0.0161 -0.2916 0.9564
vn 0.0259 -0.6133 0.7894
vn 0.0220 -0.7798 0.6256
vn 0.0142 -0.9243 0.3814
vn 0.0044 -0.9922 0.1246
vn 0.8507 -0.3385 0.4021
vn 0.8358 -0.1537 0.5271
vn 0.8807 -0.0823 0.4665
vn 0.9499 -0.1537 0.2720
vn 0.8483 0.1989 0.4908
vn 0.8456 0.2889 0.4489
vn 0.9095 0.3046 0.2829
vn 0.9758 -0.1909 0.1070
vn 0.9993 0.0212 0.0308
vn 0.9847 -0.0619 -0.1628
vn 0.9619 0.2322 0.1441
vn 0.9998 -0.0189 -0.0102
vn 0.9737 0.1863 0.1314
vn 0.9999 -0.0003 -0.0112
vn 0.9581 -0.2338 -0.1656
vn 0.9628 -0.2241 -0.1510
vn 0.9381 -0.2640 -0.2242
vn 0.8996 -0.3043 -0.3132
vn 0.8678 -0.3197 -0.3804
vn 0.8559 -0.3073 -0.4160
vn 0.8532 -0.2904 -0.4332
vn 0.8799 -0.2280 -0.4168
vn 0.9915 0.0671 -0.1119
vn 0.8806 -0.2836 -0.3795
vn 0.7869 -0.2651 -0.5573
vn 0.6478 -0.2083 -0.7328
vn 0.0005 -0.0755 -0.9971
vn 0.9419 0.3151 -0.1167
vn 0.5710 0.4383 0.6941
vn 0.6622 0.5314 0.5283
vn 0.7588 0.5909 0.2741
vn 0.8302 0.5401 0.1383
vn 0.8934 0.4412 -0.0845
vn 0.9894 0.0407 -0.1393
vn 0.9024 0.2058 -0.3786
vn 0.9832 -0.1654 -0.0777
vn 0.9754 0.1052 -0.1939
vn 1.0000 -0.0003 -0.0004
vn 0.8924 0.0993 -0.4401
vn 0.9727 0.0514 -0.2262
vn 0.9736 0.0222 -0.2272
vn 0.8954 0.0436 -0.4431
vn 0.9752 -0.0355 -0.2183
vn 1.0000 -0.0013 -0.0005
vn 0.9021 -0.1049 -0.4186
vn 0.9993 -0.0355 -0.0113
vn 0.9742 -0.0814 -0.2105
vn 0.9766 -0.1010 -0.1900
vn 0.9069 -0.1986 -0.3716
vn 1.0000 0.0007 -0.0005
vn -0.6846 -0.2828 0.6719
vn -0.7950 -0.2251 0.5633
vn -0.7639 -0.2095 0.6104
vn -0.7782 -0.4498 0.4382
vn -0.8330 -0.2661 0.4851
vn -0.8916 -0.3628 0.2711
vn -0.8641 -0.5015 -0.0425
vn 0.0005 -0.8912 0.4537
vn -0.5085 -0.3560 0.7840
vn 0.0005 -0.6070 -0.7947
vn -0.8029 -0.2134 -0.5566
vn -0.8788 -0.2143 -0.4264
vn -0.6616 -0.1712 -0.7300
vn -0.5370 -0.0336 -0.8429
vn 0.0005 0.0740 -0.9973
vn -0.3553 0.0691 -0.9322
vn 0.0004 0.0739 -0.9973
vn -0.6542 -0.1596 0.7393
vn -0.7672 -0.1955 0.6110
vn -0.5272 -0.1010 0.8437
vn -0.6786 -0.0951 0.7284
vn -0.5681 0.0085 0.8229
vn -0.9736 0.0222 -0.2272
vn -1.0000 -0.0003 -0.0004
vn -0.8924 0.0993 -0.4401
vn -0.8954 0.0436 -0.4431
vn -0.9742 -0.0452 -0.2212
vn -0.9958 -0.0208 0.0894
vn -0.9021 -0.1049 -0.4186
vn -0.9991 -0.0433 -0.0034
vn -0.9729 -0.0863 -0.2145
vn -0.9766 -0.0970 -0.1920
vn -0.9069 -0.1986 -0.3716
vn -0.9999 0.0095 -0.0064
vn -0.9799 -0.1098 -0.1666
vn -0.9275 -0.2758 -0.2525
vn -1.0000 -0.0000 -0.0000
vn -0.9974 0.0534 -0.0494
vn -0.9999 0.0094 -0.0083
vn -0.9868 0.1111 -0.1178
vn -0.9985 0.0515 -0.0171
vn -0.9941 0.1032 -0.0337
vn -0.9511 0.2732 0.1441
vn -0.9511 0.2733 0.1441
vn -0.8172 0.4774 0.3229
vn -0.4400 0.7019 0.5601
vn -0.2643 0.5733 0.7755
vn -0.9765 -0.2103 -0.0474
vn -0.9999 0.0143 -0.0044
vn -0.8327 -0.5092 0.2173
vn 0.0181 0.8869 0.4617
vn 0.0003 0.9430 0.3329
vn -0.9680 -0.2261 -0.1090
vn -0.7378 -0.3910 0.5503
vn -0.7378 -0.3909 0.5503
vn -0.7265 -0.3042 0.6161
vn -0.6974 -0.2212 0.6817
vn -0.5913 -0.1331 0.7954
vn 0.0005 -0.1654 0.9862
vn 0.4938 -0.3744 0.7849
vn -0.9575 0.0397 -0.2856
vn -0.8392 0.1287 -0.5284
vn -0.7746 0.0436 -0.6309
vn -0.7746 0.0437 -0.6309
vn -0.8940 0.1541 -0.4208
vn -0.7448 -0.0296 -0.6666
vn -0.7245 -0.1205 -0.6786
vn -0.7246 -0.1205 -0.6786
vn -0.6872 -0.2494 -0.6823
vn -0.6541 -0.3383 -0.6765
vn -0.9804 0.0583 -0.1881
vn -0.9085 0.1786 -0.3777
vn -0.9772 0.1921 0.0903
vn -0.9700 0.1912 -0.1500
vn -0.9049 0.2175 -0.3658
vn -0.9389 0.2136 0.2700
vn -0.9724 0.2272 -0.0523
vn -0.8998 0.2402 -0.3641
vn -0.9266 -0.0159 0.3756
vn -0.9266 -0.0160 0.3756
vn -0.8952 0.2732 -0.3521
vn -0.8963 -0.1488 0.4176
vn -0.8963 -0.1489 0.4176
vn -0.8982 0.3015 -0.3199
vn -0.8710 -0.2260 0.4362
vn -0.9163 0.2939 -0.2722
vn -0.8625 -0.3121 0.3983
vn -0.9163 0.2938 -0.2722
vn -0.9757 0.2078 -0.0699
vn -0.8742 -0.4480 0.1871
vn -0.8153 -0.5786 -0.0229
vn -0.9443 0.2713 -0.1861
vn -0.6220 -0.6659 -0.4119
vn -0.5213 -0.7087 -0.4754
vn -0.4920 -0.6511 -0.5779
vn -0.4478 -0.5825 -0.6784
vn -0.4167 -0.5559 -0.7193
vn -0.9711 0.1825 0.1539
vn -0.6255 0.3923 0.6744
vn -0.9726 -0.0248 0.2311
vn -0.5740 0.3153 0.7557
vn 0.0005 0.3202 0.9474
vn 0.0003 0.3202 0.9473
vn -0.9640 -0.1284 0.2331
vn -0.9511 -0.2426 0.1910
vn -0.6523 0.0397 0.7569
vn -0.9522 -0.2622 0.1568
vn -0.4165 0.1540 0.8960
vn -0.2056 0.9104 -0.3591
vn -0.8047 0.5527 0.2165
vn -0.7858 0.4588 -0.4147
vn -0.8980 0.4330 0.0776
vn -0.6003 -0.0980 -0.7937
vn 0.0005 -0.3600 -0.9330
vn -0.5622 -0.2983 -0.7713
vn 0.4304 -0.0042 -0.9026
vn 0.0005 0.7382 0.6746
vn -0.6854 0.4091 0.6024
vn -0.8696 0.3113 0.3832
vn -0.8760 0.2557 0.4089
vn -0.9957 -0.0882 -0.0288
vn 0.0004 0.5830 0.8125
vn -0.6471 0.1628 0.7448
vn -0.3697 0.2263 0.9012
vn -0.5929 -0.0981 0.7993
vn -0.3797 -0.0101 0.9250
vn -0.9999 -0.0160 0.0064
vn -0.3736 -0.1859 0.9088
vn -0.6785 -0.3266 0.6580
vn -0.5523 -0.2582 0.7926
vn 0.0004 -0.4848 0.8747
vn -0.6219 -0.2749 0.7333
vn -0.5507 -0.4108 0.7266
vn 0.0005 -0.7695 0.6387
vn -0.9684 -0.2494 0.0083
vn 0.0005 0.1666 -0.9860
vn -0.6023 0.1335 -0.7870
vn 0.4216 0.6671 -0.6142
vn -0.5673 -0.0580 -0.8214
vn -0.5399 -0.2739 -0.7959
vn -0.5399 -0.2740 -0.7959
vn -0.5187 -0.4715 -0.7132
vn -0.4692 -0.5736 -0.6714
vn 0.0005 -0.6491 -0.7607
vn 0.0005 -0.6668 -0.7452
vn 0.9799 -0.1098 -0.1666
vn 0.9275 -0.2758 -0.2525
vn 1.0000 -0.0000 -0.0000
vn 0.9957 0.0631 -0.0679
vn 1.0000 0.0006 -0.0005
vn 0.9895 0.1365 -0.0474
vn 0.9985 0.0515 -0.0171
vn 0.9941 0.1032 -0.0337
vn 0.9511 0.2732 0.1441
vn 0.9511 0.2733 0.1441
vn 0.8172 0.4774 0.3229
vn 0.7350 0.6141 0.2876
vn 0.9765 -0.2103 -0.0474
vn 0.9999 0.0143 -0.0044
vn 0.8327 -0.5092 0.2173
vn 0.9804 0.0583 -0.1881
vn 0.9772 0.1921 0.0903
vn 0.9680 -0.2261 -0.1090
vn 0.7378 -0.3910 0.5503
vn 0.7378 -0.3909 0.5503
vn 0.7265 -0.3042 0.6161
vn 0.6974 -0.2212 0.6817
vn 0.9547 -0.2855 0.0835
vn 0.0005 -0.1655 0.9862
vn 0.6872 -0.2494 -0.6823
vn 0.7245 -0.1205 -0.6786
vn 0.7246 -0.1205 -0.6786
vn 0.7448 -0.0296 -0.6666
vn 0.7746 0.0437 -0.6309
vn 0.7746 0.0436 -0.6309
vn 0.8392 0.1287 -0.5284
vn 0.9575 0.0397 -0.2856
vn 0.8940 0.1541 -0.4208
vn 0.9085 0.1786 -0.3777
vn 0.9700 0.1912 -0.1500
vn 0.9049 0.2175 -0.3658
vn 0.9389 0.2136 0.2700
vn 0.9724 0.2272 -0.0523
vn 0.8998 0.2402 -0.3641
vn 0.9266 -0.0159 0.3756
vn 0.9266 -0.0160 0.3756
vn 0.8952 0.2732 -0.3521
vn 0.8963 -0.1488 0.4176
vn 0.8963 -0.1489 0.4176
vn 0.8982 0.3015 -0.3199
vn 0.8710 -0.2260 0.4362
vn 0.9163 0.2939 -0.2722
vn 0.8625 -0.3121 0.3983
vn 0.9163 0.2938 -0.2722
vn 0.8742 -0.4480 0.1871
vn 0.9807 -0.1889 -0.0513
vn 0.9443 0.2713 -0.1861
vn 0.6220 -0.6659 -0.4119
vn 0.9711 0.1825 0.1539
vn 0.9590 0.2752 0.0678
vn 0.9393 0.1931 0.2838
vn 0.9327 -0.3550 -0.0640
vn 0.9640 -0.1284 0.2331
vn 0.8291 -0.5134 -0.2213
vn 0.9522 -0.2622 0.1568
vn 0.8162 -0.4917 -0.3033
vn 0.4478 -0.5825 -0.6784
vn 0.7997 -0.4958 -0.3386
vn 0.0004 -0.5320 0.8468
vn 0.0005 -0.3131 0.9497
vn 0.0005 -0.3132 0.9497
vn 0.0003 -0.5320 0.8467
vn 0.0005 -0.0121 0.9999
vn 0.0004 -0.0121 0.9999
vn 0.0006 0.1090 0.9940
vn 0.0003 0.2456 0.9694
vn -0.0000 0.2454 0.9694
vn 0.0005 0.4216 0.9068
vn -0.0000 0.7561 0.6544
vn 0.0005 0.7561 0.6544
vn 0.0003 -0.3132 0.9497
vn -0.0000 -0.3132 0.9497
vn 0.0005 -0.0120 0.9999
vn 0.9755 -0.1185 0.1851
vn 0.5507 -0.4108 0.7266
vn 0.5523 -0.2582 0.7926
vn 0.9684 -0.2494 0.0083
vn 0.9280 -0.3151 0.1989
vn 0.9907 -0.0815 0.1090
vn 0.0005 -0.7694 0.6387
vn 0.0620 -0.7680 0.6374
vn 0.0005 -0.4848 0.8746
vn 0.3736 -0.1859 0.9088
vn 0.3797 -0.0102 0.9250
vn 0.5930 -0.0981 0.7992
vn 0.7667 -0.1802 0.6162
vn 0.6471 0.1628 0.7448
vn 0.8558 0.0818 0.5108
vn 0.3697 0.2263 0.9011
vn 0.6854 0.4091 0.6024
vn 0.0005 0.5830 0.8125
vn 0.9887 0.0915 0.1187
vn -0.2057 0.9104 -0.3591
vn 0.7588 0.6310 -0.1617
vn 0.8980 0.4330 0.0776
vn 0.9979 0.0378 0.0523
vn 0.7782 -0.4498 0.4382
vn 0.8330 -0.2661 0.4851
vn 0.9707 -0.1420 -0.1939
vn 0.6846 -0.2828 0.6719
vn 0.5085 -0.3560 0.7840
vn 0.8029 -0.2134 -0.5566
vn 0.8788 -0.2143 -0.4264
vn 0.6616 -0.1712 -0.7300
vn 0.5370 -0.0336 -0.8429
vn 0.3553 0.0691 -0.9322
vn 0.0005 0.0739 -0.9973
vn 0.6542 -0.1596 0.7393
vn 0.5272 -0.1010 0.8437
vn 0.6786 -0.0951 0.7284
vn 0.5680 0.0085 0.8230
vn 0.7672 -0.1955 0.6110
vn 0.9512 -0.2690 0.1509
vn 0.7198 -0.4362 -0.5400
vn 0.5769 -0.1420 -0.8044
vn 0.7448 -0.2182 -0.6306
vn 0.3717 -0.0580 -0.9265
vn -0.5103 -0.1234 -0.8511
vn -0.7178 -0.1274 -0.6845
vn -0.3844 -0.2573 -0.8866
vn -0.7730 0.1530 -0.6157
vn 0.0005 -0.2132 -0.9770
vn 0.0005 -0.4010 -0.9161
vn 0.0003 -0.0169 -0.9999
vn -0.4831 0.4198 -0.7684
vn -0.6365 0.5194 -0.5701
vn -0.6522 0.5683 -0.5017
vn -0.3484 0.7072 -0.6152
vn 0.0005 0.7588 -0.6513
vn -0.6059 0.3678 -0.7055
vn -0.6186 0.0407 -0.7846
vn -0.7699 0.4572 -0.4453
vn -0.5835 0.7819 -0.2192
vn -0.5446 0.7920 0.2760
vn -0.6708 0.3788 0.6376
vn 0.0005 0.7419 0.6705
vn 0.0005 0.3612 0.9325
vn -0.7730 -0.0072 0.6343
vn -0.5838 -0.0267 0.8115
vn -0.9099 0.0133 0.4147
vn -0.8915 0.0944 0.4431
vn -0.8962 -0.0638 0.4391
vn -0.7427 -0.0814 0.6646
vn -0.5338 -0.0922 0.8406
vn -0.8613 -0.0228 0.5076
vn -0.7054 -0.0258 0.7084
vn -0.5038 -0.0267 0.8634
vn -0.4999 0.0309 0.8655
vn -0.7106 0.0348 0.7027
vn -0.8706 0.0358 0.4907
vn -0.4938 0.0534 0.8679
vn -0.7228 0.0690 0.6876
vn -0.8958 0.0837 0.4364
vn 0.0005 -0.1781 0.9840
vn -0.6065 -0.3248 0.7257
vn 0.0005 -0.6315 0.7753
vn -0.5799 -0.6022 0.5487
vn 0.0004 -0.8766 0.4811
vn -0.2584 -0.9517 0.1656
vn 0.0005 -0.9991 0.0425
vn 0.2477 -0.8123 -0.5281
vn 0.0005 0.3005 -0.9538
vn -0.6482 0.0866 -0.7566
vn -0.5562 0.2497 -0.7926
vn 0.3738 0.6985 -0.6103
vn -0.6082 -0.1293 -0.7831
vn 0.0005 -0.1928 -0.9812
vn -0.5674 -0.2975 -0.7678
vn -0.5637 -0.2466 -0.7883
vn -0.5642 -0.3393 -0.7527
vn -0.5805 -0.4944 -0.6469
vn -0.5967 -0.5537 -0.5809
vn -0.7442 0.6564 0.1236
vn -0.6775 0.7353 -0.0151
vn -0.7450 0.6670 -0.0083
vn -0.8880 0.4590 -0.0288
vn -0.9322 0.3494 -0.0944
vn -0.7586 0.4559 -0.4655
vn -0.7880 0.5918 0.1695
vn -0.8704 0.2509 -0.4237
vn -0.6229 0.0114 -0.7822
vn -0.5544 0.2243 -0.8015
vn -0.2898 0.2059 -0.9347
vn -0.4284 0.2478 -0.8690
vn -0.2193 0.2293 -0.9483
vn 0.9996 -0.0238 0.0142
vn 0.9794 -0.2016 -0.0083
vn 0.9761 -0.2171 0.0073
vn 0.9969 -0.0326 0.0718
vn 0.9729 -0.2202 0.0709
vn 0.9851 -0.0287 0.1695
vn 0.9064 0.3915 0.1588
vn 0.9852 0.1570 0.0689
vn 0.9853 0.1697 0.0200
vn 0.9694 0.1804 0.1665
vn 0.9882 -0.0199 0.1519
vn 0.9888 -0.0003 0.1490
vn -0.6142 0.1032 0.7824
vn -0.6767 -0.4303 0.5975
vn -0.8933 -0.1127 0.4352
vn -0.9641 -0.0521 0.2604
vn -0.9159 0.3240 0.2369
vn -0.3259 0.0387 0.9446
vn -0.4431 0.2977 0.8456
vn -0.2271 0.3005 0.9264
vn -0.0000 0.2869 0.9580
vn 0.0005 -0.0306 0.9995
vn 0.0004 -0.2171 0.9761
vn -0.8221 0.5018 0.2691
vn -0.8228 0.3464 0.4507
vn -0.8228 0.3463 0.4507
vn -0.8204 0.3808 0.4266
vn -0.4735 0.6388 0.6064
vn -0.4165 0.7828 0.4624
vn -0.3063 0.8303 0.4656
vn 0.0005 0.8988 0.4383
vn 0.0003 0.8772 0.4801
vn 0.0003 0.5803 0.8144
vn -0.3922 0.7792 0.4889
vn -0.7563 0.5963 0.2690
vn -0.5094 -0.8034 0.3083
vn -0.7040 -0.7039 0.0942
vn 0.0004 -0.8108 0.5854
vn -0.3747 -0.9072 0.1910
vn 0.0004 -0.9144 0.4047
vn 0.0005 -0.9784 0.2067
vn -0.7841 -0.5348 -0.3151
vn -0.9139 -0.0277 0.4049
vn -0.7393 -0.6356 -0.2224
vn -0.4794 -0.5966 -0.6436
vn 0.0005 -0.6586 -0.7525
vn -0.8335 -0.1781 0.5230
vn 0.0005 -0.7263 -0.6873
vn 0.0005 -0.7263 -0.6874
vn -0.7509 -0.2935 0.5916
vn -0.7051 -0.3834 0.5966
vn -0.6559 -0.4526 0.6041
vn -0.5984 -0.5894 0.5427
vn -0.6220 -0.6414 0.4491
vn -0.6220 -0.6414 0.4490
vn -0.9498 -0.2631 0.1695
vn -0.7901 -0.4020 0.4627
vn -0.9540 -0.0961 0.2839
vn -0.8655 -0.1352 0.4823
vn -0.9929 -0.0482 0.1089
vn -0.8200 -0.3412 -0.4596
vn -0.9919 -0.1097 -0.0640
vn -0.9014 -0.2201 -0.3727
vn -0.9498 -0.0638 0.3062
vn 0.0006 -0.5777 -0.8162
vn 0.0003 -0.3805 -0.9248
vn -0.5865 -0.2943 -0.7546
vn 0.0005 -0.1645 -0.9864
vn -0.7531 0.1111 -0.6485
vn -0.7530 0.1111 -0.6485
vn -0.7327 0.2988 -0.6115
vn -0.7327 0.2988 -0.6114
vn -0.8204 0.1433 -0.5536
vn -0.8525 -0.0668 -0.5184
vn -0.8563 -0.1185 -0.5027
vn 0.5135 -0.8094 -0.2849
vn -0.0000 -0.6842 -0.7293
vn -0.0000 -0.9849 -0.1733
vn 0.6356 -0.6022 -0.4831
vn 0.5302 -0.8467 -0.0435
vn 0.9833 -0.1625 -0.0816
vn 0.0004 -0.8921 0.4518
vn 0.0005 -0.5230 0.8524
vn -0.0000 -0.5230 0.8523
vn 0.0004 -0.2329 0.9725
vn 0.9960 -0.0121 0.0884
vn 0.9869 -0.1615 -0.0044
vn 0.9280 -0.3150 0.1989
vn 0.9190 0.3856 0.0825
vn 0.9865 -0.1508 0.0630
vn 0.9497 0.3132 0.0034
vn 0.8887 -0.4420 0.1217
vn 0.6852 0.7235 -0.0845
vn 0.9879 0.1550 -0.0024
vn 0.6902 0.6337 0.3493
vn 0.7051 0.6966 0.1324
vn 0.7052 0.6966 0.1324
vn 0.8084 0.1609 0.5662
vn 0.7803 0.5030 -0.3718
vn 0.8084 0.1608 0.5662
vn 0.7803 0.5029 -0.3718
vn 0.7940 -0.1430 0.5908
vn 0.7986 0.2342 -0.5544
vn 0.7941 -0.1430 0.5908
vn 0.7986 0.2341 -0.5544
vn 0.8435 -0.2465 0.4772
vn 0.8165 0.0505 -0.5751
vn 0.8291 0.0417 -0.5575
vn 0.8964 -0.1098 0.4294
vn 0.8147 -0.2115 -0.5400
vn 0.8868 -0.0463 0.4598
vn 0.8597 -0.1469 -0.4892
vn 0.8461 -0.3304 -0.4184
vn 0.9314 -0.0932 -0.3518
vn 0.9485 -0.0540 -0.3122
vn 0.8701 0.1189 0.4783
vn 0.9329 0.1687 -0.3181
vn 0.8811 0.1179 0.4579
vn 0.8916 0.1179 0.4373
vn 0.9211 0.1550 0.3572
vn 0.8476 0.1306 0.5144
vn 0.8475 0.1306 0.5144
vn 0.8211 0.1228 0.5574
vn 0.7851 0.1218 0.6073
vn 0.7484 0.0945 0.6565
vn 0.9816 0.1804 0.0621
vn 0.7577 0.4139 -0.5046
vn 0.0005 0.3251 -0.9457
vn 0.8535 0.2088 -0.4774
vn 0.9064 0.1912 -0.3767
vn 0.0005 0.5079 -0.8614
vn 0.0005 0.5891 -0.8080
vn -0.8532 -0.2904 -0.4332
vn -0.8526 -0.2817 -0.4402
vn -0.8559 -0.3073 -0.4160
vn -0.8678 -0.3197 -0.3804
vn -0.8996 -0.3043 -0.3132
vn -0.9993 0.0212 0.0308
vn -0.9381 -0.2640 -0.2241
vn -0.9999 -0.0003 -0.0112
vn -0.9581 -0.2338 -0.1656
vn -0.9998 -0.0189 -0.0102
vn -0.9628 -0.2241 -0.1510
vn -0.9619 0.2322 0.1441
vn -0.9737 0.1863 0.1314
vn -0.9095 0.3046 0.2829
vn -0.8456 0.2889 0.4489
vn -0.8483 0.1989 0.4908
vn -0.4646 -0.1371 0.8748
vn -0.8807 -0.0823 0.4665
vn -0.6334 -0.3403 0.6950
vn -0.9529 -0.1400 0.2691
vn -0.9236 -0.3325 0.1909
vn 0.0005 -0.7967 0.6044
vn 0.0004 -0.9812 0.1930
vn -0.6617 -0.7378 -0.1333
vn -0.6287 -0.7371 -0.2478
vn -0.9694 -0.1634 0.1831
vn -0.9852 -0.0834 0.1499
vn -0.9825 -0.0433 0.1812
vn -0.9872 -0.0892 0.1324
vn -0.9445 -0.3091 0.1109
vn -0.9839 -0.0355 0.1753
vn -0.9707 -0.2397 0.0171
vn -0.9750 -0.1479 0.1657
vn -0.9794 -0.1097 0.1695
vn -0.9768 -0.2085 0.0484
vn -0.9754 0.1052 -0.1939
vn -0.9024 0.2058 -0.3786
vn -0.9727 0.0514 -0.2262
vn -0.6444 0.5019 -0.5769
vn -0.2712 0.8450 -0.4608
vn -0.3426 0.6526 -0.6759
vn -0.7279 0.3387 -0.5962
vn -0.5212 0.7324 -0.4382
vn 0.0004 0.8936 -0.4489
vn 0.0004 0.7226 -0.6913
vn -0.2780 0.9143 -0.2946
vn -0.5349 0.8018 -0.2663
vn -0.3036 0.9251 -0.2281
vn 0.0005 0.9696 -0.2447
vn -0.5781 0.7933 -0.1911
vn 0.0004 0.9765 -0.2154
vn -0.5850 0.7905 -0.1813
vn -0.3072 0.9285 -0.2085
vn 0.0005 -0.9849 -0.1733
vn -0.5135 -0.8094 -0.2849
vn 0.0004 -0.9976 -0.0699
vn 0.0005 -0.6842 -0.7293
vn 0.0005 -0.5230 0.8523
vn -0.6356 -0.6022 -0.4831
vn -0.9833 -0.1625 -0.0816
vn -0.8866 -0.4624 -0.0064
vn -0.9869 -0.1615 -0.0044
vn -0.9960 -0.0121 0.0883
vn -0.9866 -0.1508 0.0630
vn -0.8887 -0.4420 0.1217
vn -0.9497 0.3132 0.0034
vn -0.9879 0.1550 -0.0024
vn -0.6852 0.7235 -0.0845
vn -0.9883 -0.1342 0.0718
vn -0.9874 0.1492 -0.0532
vn -0.9054 -0.4010 0.1393
vn -0.7803 0.5030 -0.3718
vn -0.7803 0.5029 -0.3718
vn -0.7986 0.2342 -0.5544
vn -0.7986 0.2341 -0.5544
vn -0.8165 0.0505 -0.5751
vn -0.8291 0.0417 -0.5575
vn -0.8147 -0.2115 -0.5400
vn -0.8597 -0.1469 -0.4892
vn -0.8461 -0.3304 -0.4184
vn -0.9309 -0.0931 -0.3533
vn -0.9485 -0.0540 -0.3122
vn -0.9329 0.1687 -0.3181
vn 0.0004 0.5079 -0.8614
vn 0.0004 0.5892 -0.8080
vn -0.9064 0.1912 -0.3767
vn -0.8535 0.2088 -0.4774
vn -0.8076 0.1922 -0.5575
vn 0.0005 0.3252 -0.9456
vn 0.9794 -0.1097 0.1695
vn 0.9798 0.0056 0.1999
vn 0.9729 -0.2154 0.0835
vn 0.9750 -0.1479 0.1657
vn 0.9839 -0.0355 0.1753
vn 0.9825 -0.0433 0.1812
vn 0.9872 -0.0892 0.1324
vn 0.9903 -0.1264 -0.0581
vn 0.9173 -0.3893 0.0836
vn 0.9881 0.1530 0.0122
vn 0.9852 -0.0834 0.1499
vn 0.9694 -0.1634 0.1831
vn 0.9694 -0.1635 0.1831
vn 0.9520 -0.2653 0.1528
vn 0.9445 -0.3091 0.1109
vn 0.8946 -0.4184 0.1568
vn 0.9912 -0.1264 0.0396
vn 0.9054 -0.4010 0.1393
vn 0.9150 -0.3793 0.1371
vn 0.9883 -0.1342 0.0718
vn -0.9910 -0.1185 -0.0620
vn -0.9848 -0.1157 -0.1296
vn -0.6685 -0.7416 -0.0561
vn -0.5673 -0.8106 -0.1452
vn 0.0003 -0.9893 -0.1462
vn 0.0004 -0.9284 -0.3716
vn 0.0005 -0.9792 0.2027
vn 0.0005 -0.9484 0.3172
vn 0.0005 -0.1381 0.9904
vn -0.4774 0.1961 0.8565
vn -0.0000 0.2889 0.9573
vn -0.7249 -0.0159 0.6887
vn -0.7954 0.0690 0.6021
vn -0.0000 0.8684 0.4959
vn -0.8725 -0.0199 0.4883
vn 0.0005 0.8683 0.4960
vn 0.0004 0.9987 -0.0504
vn -0.9304 0.1599 0.3297
vn -0.9121 -0.2192 0.3464
vn -0.9531 -0.2387 0.1861
vn -0.9498 0.1764 0.2583
vn -0.7234 0.6903 0.0151
vn -0.7336 0.5471 -0.4032
vn -0.7399 0.4070 -0.5357
vn -0.7399 0.4069 -0.5357
vn -0.8507 -0.5056 0.1441
vn -0.6955 0.1886 -0.6934
vn -0.7833 -0.6180 0.0670
vn 0.0004 -0.5650 0.8251
vn -0.8690 -0.2221 0.4421
vn -0.7099 0.3358 -0.6191
vn -0.6910 0.1521 -0.7066
vn -0.6623 0.0368 -0.7483
vn -0.6365 0.0056 -0.7713
vn -0.5910 -0.1753 -0.7874
vn -0.5909 -0.1753 -0.7874
vn 0.0005 -0.4097 -0.9122
vn -0.5450 -0.3434 -0.7649
vn 0.2780 0.0534 -0.9591
vn -0.8874 0.0202 0.4606
vn -0.8885 -0.0951 0.4489
vn -0.8780 0.1296 0.4607
vn -0.7740 0.2722 0.5718
vn -0.7739 0.2721 0.5718
vn -0.6114 0.4317 0.6632
vn -0.9315 -0.1616 0.3258
vn -0.4702 0.4001 0.7866
vn -0.5702 -0.7908 -0.2224
vn -0.6026 -0.7462 -0.2830
vn -0.6873 -0.6286 -0.3640
vn -0.6874 -0.6286 -0.3639
vn -0.7871 -0.4381 -0.4343
vn -0.8703 -0.1909 -0.4540
vn -0.9083 -0.1010 -0.4060
vn -0.9545 -0.0394 -0.2957
vn -0.9616 -0.0482 -0.2701
vn -0.6013 -0.5240 -0.6033
vn -0.5740 -0.5162 -0.6356
vn 0.0005 -0.7409 -0.6717
vn -0.4842 -0.6482 -0.5878
vn -0.9456 0.0877 -0.3132
vn -0.9185 -0.0755 -0.3882
vn 0.0005 0.5740 -0.8189
vn -0.3522 0.8837 0.3082
vn -0.5270 0.7362 0.4245
vn -0.5270 0.7363 0.4245
vn -0.5260 0.8065 0.2701
vn -0.2214 0.9281 0.2995
vn -0.0000 0.9882 0.1529
vn -0.8155 0.3124 -0.4872
vn -0.8935 -0.0130 -0.4489
vn -0.8844 -0.0345 -0.4654
vn -0.8477 0.2078 -0.4881
vn -0.4556 0.5427 -0.7056
vn -0.4773 0.7452 -0.4656
vn -0.8425 0.4920 -0.2193
vn -0.9603 0.1936 0.2007
vn -0.3133 0.7387 -0.5968
vn 0.0005 0.9583 -0.2858
vn 0.0004 0.4919 -0.8707
vn 0.0005 0.4658 -0.8849
vn -0.1891 0.5087 -0.8399
vn 0.0004 0.5176 -0.8556
vn 0.9765 0.2097 0.0503
vn 0.9954 -0.0726 -0.0621
vn 0.9898 -0.0589 -0.1294
vn 0.9791 -0.1956 -0.0562
vn 0.9743 0.2175 -0.0581
vn 0.8634 0.3632 -0.3503
vn 0.9046 0.3516 -0.2409
vn 0.7929 0.4120 -0.4490
vn 0.7477 0.3699 -0.5514
vn 0.7350 -0.5082 -0.4488
vn 0.8200 -0.3412 -0.4596
vn -0.0000 -0.3805 -0.9248
vn 0.9498 -0.2630 0.1695
vn 0.7901 -0.4020 0.4627
vn 0.6220 -0.6414 0.4490
vn 0.8859 -0.4128 0.2116
vn 0.5984 -0.5894 0.5427
vn 0.9013 -0.4331 0.0064
vn 0.7965 -0.3148 -0.5162
vn 0.6559 -0.4526 0.6041
vn 0.7531 0.1111 -0.6485
vn 0.7530 0.1111 -0.6485
vn 0.7051 -0.3834 0.5966
vn 0.7327 0.2988 -0.6115
vn 0.7327 0.2988 -0.6114
vn 0.7509 -0.2935 0.5916
vn 0.8204 0.1433 -0.5536
vn 0.8335 -0.1781 0.5230
vn 0.8525 -0.0668 -0.5184
vn 0.9896 -0.1440 0.0015
vn 0.9891 -0.0814 0.1226
vn 0.9139 -0.0277 0.4049
vn 0.9257 0.0241 0.3776
vn 0.9253 0.0203 0.3788
vn -0.9762 -0.1654 -0.1402
vn -0.9558 -0.0687 -0.2857
vn -0.9559 -0.0687 -0.2857
vn -0.8775 -0.0374 -0.4781
vn -0.8142 -0.0461 -0.5788
vn -0.9906 -0.1108 0.0806
vn -0.9529 -0.0472 0.2994
vn -0.9764 -0.0990 0.1920
vn -0.9480 -0.2377 0.2115
vn -0.8959 -0.2965 0.3309
vn -0.9064 -0.2300 0.3543
vn -0.9009 -0.1663 0.4009
vn -0.9174 0.0075 0.3979
vn -0.8957 0.1600 0.4149
vn -0.8691 0.2840 0.4050
vn -0.8292 0.4589 0.3191
vn -0.8740 0.4745 0.1051
vn -0.4732 -0.2308 -0.8502
vn -0.6453 -0.2798 -0.7108
vn -0.6994 -0.2613 -0.6652
vn -0.6873 -0.2201 -0.6922
vn -0.2759 -0.0814 -0.9577
vn -0.3141 -0.2104 -0.9258
vn -0.5977 -0.1958 -0.7775
vn -0.2329 -0.2454 -0.9410
vn -0.4530 -0.1978 -0.8693
vn 0.0005 -0.2035 -0.9791
vn -0.0000 -0.2798 -0.9601
vn -0.8976 -0.4098 -0.1627
vn -0.8774 -0.4593 -0.1382
vn 0.0005 -0.3394 0.9406
vn 0.0005 -0.2875 0.9578
vn -0.3541 -0.4038 0.8436
vn 0.0003 -0.3978 0.9175
vn -0.7554 -0.4984 0.4253
vn 0.0005 -0.3978 0.9175
vn 0.0005 -0.5022 0.8647
vn -0.9069 -0.3227 0.2710
vn 0.0005 -0.5023 0.8647
vn 0.0005 -0.7094 0.7048
vn -0.0000 -0.7094 0.7048
vn -0.7643 -0.4740 0.4371
vn -0.9917 0.0759 0.1041
vn -0.6645 -0.5394 0.5171
vn -0.8913 0.4333 0.1333
vn -0.7593 0.6218 0.1919
vn -0.5604 0.5068 0.6551
vn -0.7363 0.6241 -0.2614
vn -0.2947 0.6077 0.7375
vn -0.3484 0.7073 -0.6152
vn 0.0005 0.8118 -0.5839
vn -0.0000 0.7589 -0.6512
vn 0.0005 0.6556 0.7551
vn 0.0005 0.2869 0.9579
vn 0.0005 0.9398 0.3416
vn 0.0005 0.9399 0.3416
vn 0.0004 0.9914 0.1305
vn 0.0005 0.9915 0.1305
vn 0.6922 0.0173 -0.7215
vn 0.8226 0.0153 -0.5684
vn 0.6877 0.0104 -0.7259
vn 0.7997 0.0046 -0.6004
vn 0.6346 -0.0277 -0.7724
vn 0.9184 0.0367 -0.3940
vn 0.9127 0.0631 -0.4038
vn 0.9221 0.0192 -0.3865
vn 0.6240 -0.7547 -0.2028
vn 0.2477 -0.8122 -0.5281
vn 0.0006 -0.9991 0.0425
vn 0.0005 -0.8767 0.4811
vn 0.2878 -0.8182 0.4978
vn 0.6065 -0.3248 0.7257
vn 0.0006 -0.6316 0.7753
vn 0.0005 -0.1780 0.9840
vn 0.7228 0.0691 0.6876
vn 0.4938 0.0534 0.8679
vn 0.8958 0.0837 0.4364
vn 0.9069 0.0908 0.4115
vn 0.8706 0.0358 0.4907
vn 0.7106 0.0348 0.7027
vn 0.4999 0.0309 0.8655
vn 0.8613 -0.0228 0.5076
vn 0.7054 -0.0257 0.7084
vn 0.5038 -0.0267 0.8634
vn 0.5338 -0.0922 0.8406
vn 0.7427 -0.0814 0.6646
vn 0.8962 -0.0638 0.4391
vn 0.5838 -0.0267 0.8115
vn 0.7730 -0.0072 0.6343
vn 0.9099 0.0133 0.4147
vn 0.0004 0.3611 0.9325
vn 0.6708 0.3788 0.6376
vn 0.8915 0.0944 0.4431
vn 0.5446 0.7920 0.2760
vn 0.7699 0.4572 -0.4453
vn 0.5835 0.7819 -0.2192
vn 0.6059 0.3678 -0.7055
vn 0.6186 0.0407 -0.7846
vn 0.8102 0.0280 -0.5855
vn 0.9488 0.0485 -0.3120
vn 0.6631 0.0212 -0.7482
vn 0.9394 0.0134 -0.3425
vn 0.8190 0.0016 -0.5738
vn 0.9300 -0.0179 -0.3670
vn 0.8277 0.0124 -0.5611
vn 0.9264 0.0065 -0.3765
vn 0.9649 0.1208 -0.2331
vn 0.5637 -0.2466 -0.7883
vn 0.5674 -0.2975 -0.7678
vn 0.5642 -0.3393 -0.7527
vn 0.0004 -0.1928 -0.9812
vn 0.0004 0.0534 -0.9986
vn 0.9221 -0.3668 0.1236
vn 0.5805 -0.4944 -0.6469
vn 0.4606 -0.3197 0.8280
vn 0.0005 0.0319 0.9995
vn 0.6658 -0.1938 0.7205
vn 0.6658 -0.1937 0.7205
vn 0.7717 -0.3297 0.5439
vn 0.7772 -0.4849 0.4010
vn 0.9564 0.1150 0.2683
vn 0.6657 -0.7438 -0.0601
vn 0.7392 0.6289 0.2409
vn 0.6365 -0.7487 -0.1852
vn 0.6365 -0.7487 -0.1851
vn 0.6416 0.3857 0.6631
vn 0.9470 0.3210 0.0141
vn 0.9194 0.3893 0.0552
vn 0.4821 0.1892 0.8554
vn 0.3738 0.6984 -0.6104
vn -0.4071 -0.1519 -0.9007
vn -0.7215 -0.2035 -0.6619
vn -0.3931 -0.1976 -0.8980
vn -0.6903 -0.2739 -0.6697
vn 0.0004 -0.1605 -0.9870
vn 0.0004 -0.1216 -0.9926
vn 0.0003 -0.2309 -0.9730
vn -0.6902 -0.2739 -0.6697
vn 0.0005 -0.2310 -0.9730
vn -0.6892 -0.2768 -0.6696
vn 0.0006 -0.3119 -0.9501
vn 0.0005 -0.3120 -0.9501
vn -0.7183 -0.2943 -0.6304
vn 0.0003 -0.4568 -0.8896
vn -0.8083 -0.3129 -0.4987
vn 0.0004 -0.6305 -0.7762
vn -0.8982 -0.3227 -0.2984
vn 0.0004 -0.7808 -0.6247
vn -0.9148 -0.3696 -0.1626
vn 0.0004 -0.9151 -0.4032
vn -0.9148 -0.3696 -0.1627
vn -0.9170 -0.3735 -0.1402
vn 0.0005 -0.9993 0.0366
vn -0.9212 -0.3669 -0.1295
vn 0.0004 -0.9993 0.0366
vn -0.9278 -0.3560 -0.1119
vn 0.0005 -0.8336 0.5524
vn -0.9454 -0.3179 0.0718
vn 0.0004 -0.8336 0.5524
vn -0.9495 -0.3043 0.0767
vn 0.0005 -0.5621 0.8270
vn -0.9327 -0.2720 0.2370
vn 0.0003 -0.5622 0.8270
vn -0.9232 -0.2770 0.2663
vn 0.0005 -0.3014 0.9535
vn -0.9232 -0.2769 0.2664
vn -0.8750 -0.2514 0.4137
vn -0.8750 -0.2514 0.4138
vn -0.3748 -0.0736 0.9242
vn -0.6998 -0.1166 0.7047
vn 0.0005 -0.0208 0.9998
vn -0.2839 0.0710 0.9562
vn 0.0006 0.1160 0.9933
vn -0.5768 -0.1419 -0.8044
vn -0.7198 -0.4362 -0.5400
vn -0.3717 -0.0580 -0.9265
vn -0.3717 -0.0579 -0.9265
vn -0.7563 -0.2239 -0.6147
vn -0.7449 -0.2182 -0.6306
vn 0.8491 -0.0228 -0.5278
vn 0.9099 0.0983 -0.4030
vn 0.9041 -0.1869 -0.3844
vn 0.5614 -0.2944 -0.7734
vn 0.6398 -0.3033 -0.7062
vn -0.1470 -0.5602 -0.8152
vn 0.0003 -0.2729 -0.9620
vn 0.0005 0.1559 -0.9878
vn 0.0003 0.1559 -0.9878
vn 0.0005 0.4295 -0.9031
vn 0.0005 0.5605 -0.8281
vn 0.9910 0.1159 -0.0669
vn 0.8271 0.1218 -0.5487
vn 0.8138 0.2421 -0.5284
vn 0.8589 -0.1292 -0.4956
vn 0.7866 0.1452 -0.6001
vn 0.8336 -0.1888 -0.5191
vn 0.8572 0.2800 -0.4323
vn 0.8572 0.2800 -0.4322
vn 0.8724 0.4776 -0.1041
vn 0.8724 0.4777 -0.1041
vn 0.7501 0.5626 0.3475
vn 0.6609 -0.7331 -0.1607
vn 0.7754 -0.6170 -0.1343
vn 0.3883 -0.9001 -0.1978
vn 0.7470 -0.5338 0.3962
vn 0.7470 -0.5339 0.3962
vn 0.8899 0.0945 0.4462
vn 0.6231 -0.2144 0.7522
vn 0.7547 0.2000 0.6248
vn 0.6582 0.5186 0.5458
vn 0.5314 0.0065 0.8471
vn 0.4598 0.0182 0.8878
vn 0.0005 0.0201 0.9998
vn 0.0005 0.0847 0.9964
vn 0.8678 0.4705 -0.1597
vn 0.6343 0.5359 0.5572
vn 0.4217 0.6671 -0.6142
vn 0.5673 -0.0580 -0.8214
vn 0.5399 -0.2739 -0.7959
vn 0.5399 -0.2740 -0.7959
vn 0.5187 -0.4715 -0.7132
vn 0.4693 -0.5736 -0.6714
vn 0.0005 -0.6492 -0.7607
vn 0.2956 0.1873 0.9368
vn 0.5914 -0.0150 0.8062
vn 0.5661 0.1404 0.8123
vn -0.0000 0.2744 0.9616
vn -0.0000 0.2175 0.9761
vn 0.6515 0.2509 0.7160
vn 0.3463 0.2800 0.8953
vn 0.0006 0.3464 0.9381
vn 0.7950 0.2391 0.5575
vn 0.0005 0.3464 0.9381
vn 0.0007 0.5243 0.8515
vn 0.9094 0.2440 0.3367
vn 0.0005 0.5243 0.8515
vn 0.0006 0.6328 0.7743
vn 0.0005 0.6328 0.7743
vn 0.9376 0.3475 0.0142
vn 0.9421 0.3347 -0.0200
vn 0.9173 0.3906 -0.0777
vn 0.9163 0.3828 0.1178
vn 0.9999 0.0046 -0.0122
vn 0.9981 -0.0580 -0.0190
vn 0.9167 0.2624 0.3013
vn 0.9212 -0.3669 -0.1295
vn 0.9148 -0.3696 -0.1626
vn 0.9148 -0.3696 -0.1627
vn 0.9454 -0.3179 0.0718
vn 0.8982 -0.3227 -0.2984
vn 0.8083 -0.3129 -0.4987
vn 0.7183 -0.2943 -0.6304
vn 0.6892 -0.2768 -0.6696
vn 0.6892 -0.2767 -0.6697
vn 0.6902 -0.2739 -0.6697
vn 0.6903 -0.2739 -0.6697
vn 0.7215 -0.2035 -0.6619
vn 0.7430 -0.1547 -0.6512
vn 0.9797 -0.0463 0.1950
vn 0.9327 -0.2720 0.2370
vn 0.8622 0.1032 0.4959
vn 0.9232 -0.2770 0.2663
vn 0.8552 0.0905 0.5104
vn 0.9232 -0.2769 0.2664
vn 0.8398 0.0358 0.5418
vn 0.8750 -0.2514 0.4137
vn 0.8866 -0.0990 0.4518
vn 0.8750 -0.2514 0.4138
vn 0.3748 -0.0736 0.9242
vn 0.9226 -0.1888 0.3365
vn 0.9430 -0.3295 0.0474
vn 0.6727 -0.1947 0.7138
vn 0.6893 -0.3667 -0.6248
vn 0.6804 -0.1488 -0.7176
vn 0.7215 -0.0834 -0.6873
vn 0.7216 -0.0834 -0.6873
vn 0.7732 -0.0668 -0.6306
vn 0.7480 -0.0482 -0.6620
vn 0.8007 -0.0287 -0.5984
vn 0.8224 -0.0424 -0.5673
vn 0.8112 0.0358 -0.5836
vn 0.8104 0.1169 -0.5740
vn 0.8105 0.1169 -0.5740
vn 0.8348 0.1882 -0.5173
vn 0.8825 0.2068 -0.4224
vn 0.8825 0.2067 -0.4224
vn 0.9962 0.0769 -0.0415
vn 0.9183 0.2049 -0.3387
vn 0.9524 0.2166 -0.2145
vn 0.9927 0.0759 0.0933
vn 0.9653 0.2389 -0.1050
vn 0.9451 -0.1439 0.2935
vn 0.9539 -0.0921 0.2857
vn 0.0005 -0.9993 0.0367
vn 0.0004 -0.3120 -0.9501
vn 0.0005 -0.2310 -0.9729
vn 0.0005 -0.1605 -0.9870
vn 0.0005 -0.1215 -0.9926
vn 0.9540 -0.2807 -0.1051
vn 0.9052 -0.1352 -0.4030
vn 0.9304 -0.3207 -0.1773
vn 0.8754 -0.4788 0.0659
vn 0.8504 -0.0785 -0.5202
vn 0.8331 -0.5378 -0.1295
vn 0.7728 0.0300 -0.6340
vn 0.8122 -0.5151 -0.2740
vn 0.8144 -0.4761 -0.3317
vn 0.8144 -0.4762 -0.3317
vn 0.9005 -0.3170 -0.2976
vn 0.9831 0.1335 -0.1255
vn 0.9326 0.2625 -0.2477
vn 0.9539 -0.1439 -0.2632
vn 0.8229 0.5623 0.0816
vn 0.8095 0.4726 0.3483
vn 0.8208 0.5124 0.2524
vn 0.8624 0.5000 0.0796
vn 0.8881 0.4533 -0.0758
vn 0.8825 0.4226 -0.2065
vn 0.8825 0.4226 -0.2066
vn -0.8485 0.1999 -0.4900
vn -0.8881 0.0935 -0.4501
vn -0.6105 0.1600 -0.7757
vn 0.0003 0.1746 -0.9846
vn -0.4928 0.4763 -0.7282
vn 0.0004 0.7845 -0.6201
vn -0.5699 0.6306 -0.5269
vn -0.6656 0.7448 -0.0474
vn -0.8491 -0.0228 -0.5278
vn -0.7068 0.6884 0.1627
vn -0.7392 0.6289 0.2409
vn -0.7158 0.5088 0.4783
vn -0.6416 0.3857 0.6631
vn -0.5475 0.3181 0.7740
vn -0.4819 0.1891 0.8556
vn -0.4821 0.1892 0.8554
vn -0.4266 0.0642 0.9022
vn -0.5614 -0.2945 -0.7734
vn -0.6753 -0.4798 -0.5601
vn -0.1470 -0.5601 -0.8153
vn -0.6657 -0.7438 -0.0601
vn -0.7772 -0.4849 0.4010
vn -0.0000 -0.2729 -0.9621
vn -0.8040 -0.5331 0.2635
vn -0.7717 -0.3297 0.5439
vn -0.8506 -0.2905 0.4382
vn -0.6658 -0.1938 0.7205
vn -0.6658 -0.1937 0.7205
vn -0.5957 0.0251 0.8028
vn 0.4606 -0.3198 0.8280
vn -0.8498 -0.0531 -0.5244
vn -0.8271 0.1218 -0.5486
vn -0.8406 0.1442 -0.5221
vn -0.8138 0.2421 -0.5284
vn -0.8375 -0.0658 -0.5425
vn -0.8589 -0.1292 -0.4956
vn -0.7866 0.1452 -0.6001
vn -0.8336 -0.1888 -0.5191
vn -0.8572 0.2800 -0.4323
vn -0.8572 0.2800 -0.4322
vn -0.8724 0.4776 -0.1041
vn -0.8724 0.4777 -0.1041
vn -0.7501 0.5626 0.3475
vn -0.8045 0.5790 0.1324
vn -0.7320 0.5495 0.4028
vn -0.6582 0.5186 0.5458
vn -0.6343 0.5359 0.5572
vn -0.6150 0.5008 0.6091
vn -0.6609 -0.7331 -0.1607
vn -0.7754 -0.6170 -0.1343
vn -0.3883 -0.9001 -0.1978
vn -0.7470 -0.5338 0.3962
vn -0.6735 -0.4203 0.6081
vn -0.6231 -0.2144 0.7522
vn -0.6442 -0.1899 0.7409
vn -0.5314 0.0065 0.8471
vn -0.4598 0.0182 0.8878
vn 0.0005 0.0202 0.9998
vn -0.5907 0.7932 0.1480
vn -0.5615 0.8265 -0.0406
vn -0.3892 0.9120 -0.1294
vn -0.5448 0.7668 -0.3396
vn -0.2838 0.8780 -0.3854
vn 0.0004 0.9577 -0.2876
vn 0.0005 0.9166 -0.3999
vn -0.0000 0.7727 -0.6347
vn -0.3278 0.7326 -0.5966
vn -0.6171 0.6134 -0.4929
vn 0.5615 0.8265 -0.0406
vn 0.5908 0.7931 0.1481
vn 0.3892 0.9120 -0.1294
vn 0.5448 0.7668 -0.3396
vn 0.2838 0.8780 -0.3854
vn 0.0005 0.7727 -0.6347
vn 0.3278 0.7326 -0.5966
vn 0.6171 0.6133 -0.4929
vn 0.8175 -0.2427 0.5223
vn 0.6142 0.1032 0.7824
vn 0.8933 -0.1126 0.4351
vn 0.9641 -0.0521 0.2604
vn 0.3259 0.0387 0.9446
vn 0.9159 0.3240 0.2369
vn 0.2271 0.3004 0.9264
vn 0.4431 0.2977 0.8456
vn 0.0004 -0.0306 0.9995
vn 0.0005 0.2869 0.9580
vn 0.7719 -0.6048 0.1958
vn 0.8221 0.5018 0.2691
vn 0.8228 0.3464 0.4507
vn 0.9679 -0.0717 0.2409
vn 0.6944 -0.7041 0.1485
vn 0.7563 0.5963 0.2690
vn 0.7213 0.6091 0.3297
vn 0.8228 0.3463 0.4507
vn 0.8204 0.3808 0.4266
vn 0.8220 0.4314 0.3717
vn -0.4058 -0.3402 -0.8483
vn -0.6033 -0.1566 -0.7820
vn -0.6747 -0.2690 -0.6874
vn -0.6797 -0.4254 -0.5976
vn -0.7206 -0.4029 -0.5643
vn -0.4664 -0.5434 -0.6979
vn -0.8264 -0.3091 -0.4706
vn -0.5116 -0.5369 -0.6709
vn 0.0006 -0.6491 -0.7607
vn 0.0004 -0.6492 -0.7606
vn 0.0005 -0.6267 -0.7793
vn 0.0005 -0.5673 -0.8235
vn 0.0003 -0.5672 -0.8235
vn 0.0005 -0.4437 -0.8962
vn 0.0005 -0.3531 -0.9356
vn -0.2476 -0.2836 -0.9264
vn -0.2329 -0.2455 -0.9410
vn -0.4794 -0.1948 -0.8557
vn 0.0005 -0.0169 -0.9999
vn 0.4794 -0.1948 -0.8557
vn 0.2329 -0.2455 -0.9410
vn 0.2476 -0.2836 -0.9264
vn 0.4530 -0.1977 -0.8693
vn 0.0044 0.9295 -0.3687
vn 0.0005 0.8418 -0.5397
vn 0.0005 0.9295 -0.3687
vn -0.0005 0.8418 -0.5397
vn -0.0044 0.9295 -0.3687
vn 0.5672 -0.4176 -0.7099
vn 0.0004 -0.3266 -0.9452
vn 0.0005 -0.6841 -0.7293
vn 0.6356 -0.6022 -0.4832
vn 0.0005 -0.3266 -0.9452
vn 0.0006 0.6524 -0.7578
vn 0.4928 0.4763 -0.7282
vn 0.9207 -0.0482 -0.3873
vn 0.0005 0.7845 -0.6201
vn 0.5699 0.6306 -0.5269
vn 0.6656 0.7448 -0.0474
vn 0.8721 0.1159 -0.4754
vn -0.6922 0.0173 -0.7215
vn -0.8226 0.0153 -0.5684
vn -0.8277 0.0124 -0.5611
vn -0.6877 0.0104 -0.7259
vn -0.7997 0.0046 -0.6004
vn -0.6346 -0.0277 -0.7724
vn -0.7805 0.0075 -0.6251
vn -0.5945 -0.0482 -0.8026
vn -0.9125 0.0632 -0.4041
vn -0.9184 0.0367 -0.3940
vn -0.9221 0.0192 -0.3865
vn -0.9264 0.0065 -0.3765
vn -0.9300 -0.0179 -0.3670
vn -0.8190 0.0016 -0.5738
vn -0.9394 0.0134 -0.3424
vn -0.6631 0.0212 -0.7482
vn -0.8102 0.0280 -0.5855
vn -0.9488 0.0485 -0.3120
vn -0.0000 0.3203 0.9473
vn -0.6256 0.3923 0.6744
vn 0.3716 0.8630 0.3423
vn 0.6891 0.6814 0.2466
vn 0.3591 0.8872 0.2897
vn 0.0004 0.9506 0.3103
vn 0.0005 0.9211 0.3894
vn 0.7588 0.5918 0.2721
vn 0.0005 0.8754 0.4833
vn 0.7587 0.5918 0.2722
vn 0.0005 0.8754 0.4834
vn 0.8453 0.4197 0.3306
vn 0.0005 0.7938 0.6081
vn 0.8523 0.3250 0.4098
vn 0.0005 0.6133 0.7899
vn 0.0004 0.9210 0.3895
vn 0.0005 0.9506 0.3103
vn 0.0004 0.7939 0.6080
vn 0.0005 0.7939 0.6081
vn -0.0000 -0.6841 -0.7293
vn -0.5672 -0.4176 -0.7099
vn -0.6619 -0.1889 -0.7254
vn -0.2994 -0.9165 0.2652
vn -0.7685 -0.5524 0.3229
vn -0.5721 -0.7878 0.2282
vn -0.3726 -0.8160 0.4420
vn 0.0005 -0.8646 0.5024
vn 0.0005 -0.9606 0.2779
vn -0.5125 -0.8524 0.1041
vn 0.0005 -0.9984 0.0562
vn -0.3024 -0.9520 0.0474
vn -0.8719 -0.4565 -0.1773
vn -0.6092 -0.7303 -0.3092
vn 0.0004 -0.9962 -0.0865
vn -0.7318 0.4215 -0.5355
vn -0.9903 -0.1313 -0.0454
vn -0.6183 -0.5898 0.5195
vn -0.3435 0.4794 -0.8076
vn -0.6514 -0.4127 0.6367
vn -0.6384 0.3504 -0.6853
vn -0.3287 -0.2924 0.8980
vn -0.6210 -0.2739 0.7344
vn -0.5884 -0.2485 0.7694
vn -0.3091 -0.2767 0.9099
vn -0.4333 0.2928 -0.8524
vn -0.6182 0.2557 -0.7433
vn -0.6258 0.2792 -0.7283
vn 0.0005 0.3240 -0.9461
vn -0.0000 -0.6692 0.7431
vn -0.8271 0.1218 0.5487
vn -0.6239 0.3202 0.7129
vn -0.4098 0.8975 0.1627
vn -0.7546 0.4979 0.4274
vn -0.0000 0.9990 0.0457
vn 0.0005 0.9859 -0.1676
vn 0.0005 0.9513 0.3083
vn -0.0000 0.9333 0.3591
vn 0.0005 0.9334 0.3589
vn -0.7739 0.2956 0.5601
vn -0.7582 0.3815 0.5287
vn -0.7736 0.2264 0.5918
vn -0.8461 0.1032 0.5229
vn -0.8991 0.0221 0.4371
vn -0.8563 -0.1547 0.4928
vn -0.8708 -0.2270 0.4361
vn -0.7820 -0.3266 0.5309
vn -0.6296 -0.2651 0.7303
vn -0.3336 -0.3364 0.8807
vn -0.2594 -0.1733 0.9501
vn -0.4879 -0.1840 0.8533
vn -0.1578 0.1013 0.9823
vn 0.0004 -0.3695 0.9292
vn 0.0003 -0.0971 0.9953
vn 0.0006 0.4806 0.8770
vn 0.0005 -0.9893 -0.1461
vn 0.0005 -0.9792 0.2028
vn 0.0005 -0.9484 0.3171
vn -0.4325 -0.8801 0.1960
vn -0.6407 -0.7461 0.1813
vn -0.6178 -0.7642 0.1851
vn -0.2984 -0.9294 0.2174
vn -0.5692 -0.8026 0.1783
vn -0.5635 -0.7803 0.2712
vn 0.0004 -0.9715 0.2369
vn -0.2955 -0.8845 0.3610
vn 0.0005 -0.9085 0.4179
vn -0.3328 -0.7909 0.5135
vn -0.6274 -0.6751 0.3881
vn 0.0003 -0.8148 0.5798
vn -0.3618 -0.7553 0.5465
vn 0.0003 -0.9562 0.2928
vn 0.0005 -0.9562 0.2927
vn 0.0004 -0.9987 0.0513
vn 0.0005 -0.7695 0.6386
vn 0.0620 -0.7681 0.6373
vn 0.0005 -0.9947 -0.1031
vn -0.0000 -0.9947 -0.1028
vn 0.0004 -0.9763 -0.2164
vn 0.0004 -0.9763 -0.2165
vn 0.0005 -0.9947 -0.1030
vn -0.6849 -0.5820 0.4384
vn -0.0000 -0.7695 0.6386
vn -0.8622 0.1032 0.4959
vn -0.9277 0.2215 0.3004
vn -0.8153 0.3279 0.4773
vn -0.9077 0.4005 0.1256
vn -0.9163 0.3828 0.1178
vn -0.9376 0.3475 0.0142
vn -0.5543 0.8065 -0.2056
vn -0.7512 0.6214 -0.2224
vn -0.9094 0.2440 0.3367
vn -0.7950 0.2391 0.5575
vn -0.3463 0.2801 0.8954
vn -0.6515 0.2509 0.7160
vn -0.2956 0.1873 0.9368
vn -0.5661 0.1403 0.8123
vn -0.5914 -0.0150 0.8062
vn 0.0005 0.2174 0.9761
vn -0.3121 0.0446 0.9490
vn 0.0004 0.0994 0.9950
vn -0.6051 -0.1009 0.7897
vn -0.3200 -0.0756 0.9444
vn 0.0003 -0.0422 0.9991
vn -0.3102 -0.1381 0.9406
vn 0.0006 -0.1128 0.9936
vn -0.6704 0.2917 0.6822
vn -0.7959 0.5127 0.3220
vn -0.7907 0.2780 0.5455
vn -0.4950 -0.0775 0.8654
vn -0.5908 0.6310 0.5028
vn -0.5770 0.6778 0.4558
vn 0.0005 0.8404 0.5420
vn 0.0005 0.7598 0.6502
vn 0.0005 0.6629 0.7487
vn 0.0005 -0.3776 0.9260
vn 0.7554 -0.4984 0.4253
vn 0.6637 -0.4116 0.6246
vn 0.7643 -0.4740 0.4371
vn 0.3541 -0.4038 0.8436
vn 0.3023 -0.3130 0.9003
vn -0.0000 -0.3977 0.9175
vn 0.9917 0.0759 0.1041
vn 0.8913 0.4333 0.1333
vn 0.7593 0.6218 0.1919
vn 0.5604 0.5068 0.6551
vn 0.7363 0.6241 -0.2614
vn 0.2947 0.6077 0.7375
vn 0.2271 0.3005 0.9264
vn -0.0000 0.2869 0.9579
vn 0.0003 0.6556 0.7552
vn 0.0003 0.9914 0.1306
vn 0.0005 0.7589 -0.6512
vn 0.3483 0.7072 -0.6152
vn -0.4754 -0.8191 -0.3210
vn 0.2994 -0.9165 0.2652
vn 0.7685 -0.5524 0.3229
vn 0.5721 -0.7878 0.2282
vn 0.5125 -0.8524 0.1041
vn 0.3024 -0.9520 0.0474
vn 0.4752 -0.8785 -0.0484
vn 0.2223 -0.9708 -0.0904
vn 0.0005 0.4774 0.8787
vn 0.0006 0.4774 0.8787
vn 0.0003 0.4773 0.8787
vn 0.6445 -0.5964 -0.4784
vn 0.0005 0.0612 0.9981
vn 0.0005 0.0173 0.9999
vn 0.2507 0.0222 0.9678
vn 0.0005 0.1512 0.9885
vn 0.3120 -0.3666 -0.8765
vn 0.0004 -0.3813 -0.9245
vn 0.9311 -0.3402 0.1313
vn 0.2427 0.1345 0.9607
vn 0.0004 0.2304 0.9731
vn 0.4715 0.1091 0.8751
vn 0.5663 0.1990 0.7998
vn 0.3532 -0.3833 -0.8534
vn 0.6610 -0.3364 -0.6707
vn 0.7077 -0.3188 -0.6305
vn 0.0009 -0.4665 -0.8845
vn 0.0005 -0.4910 -0.8712
vn 0.0027 -0.7055 -0.7087
vn 0.0005 -0.9377 0.3475
vn 0.7245 -0.4028 -0.5593
vn 0.9757 -0.1997 0.0905
vn 0.9551 -0.2700 0.1217
vn 0.2955 0.2253 0.9284
vn 0.7510 0.2831 0.5966
vn -0.0000 0.3905 0.9206
vn 0.7510 0.2830 0.5966
vn 0.0005 0.3904 0.9206
vn 0.0005 0.6132 0.7899
vn -0.7276 -0.2241 -0.6484
vn -0.6463 -0.3882 -0.6570
vn -0.3465 -0.5233 -0.7786
vn -0.7544 -0.0267 -0.6558
vn -0.3113 -0.6249 -0.7160
vn -0.5889 -0.4461 -0.6739
vn -0.6579 0.6337 -0.4069
vn 0.0006 -0.5953 -0.8035
vn 0.0005 -0.2428 -0.9701
vn 0.0006 -0.0404 -0.9992
vn -0.7734 0.4725 -0.4226
vn -0.5731 0.8039 -0.1588
vn -0.7663 0.1696 -0.6197
vn -0.2653 0.9632 -0.0425
vn 0.0006 0.9999 -0.0152
vn -0.4997 0.3280 -0.8017
vn 0.0005 0.9888 0.1490
vn -0.2359 -0.7436 -0.6256
vn -0.4785 -0.6485 -0.5920
vn -0.5724 -0.7257 -0.3817
vn 0.0004 -0.6020 -0.7985
vn -0.7145 -0.5258 -0.4615
vn -0.7236 -0.2847 -0.6288
vn -0.7381 -0.1693 -0.6531
vn -0.7389 -0.0668 -0.6705
vn -0.7949 0.2420 -0.5565
vn -0.7956 0.4324 -0.4244
vn -0.3553 0.7581 -0.5468
vn -0.6628 0.5858 -0.4664
vn -0.5290 0.6620 -0.5309
vn -0.2780 0.8302 -0.4832
vn 0.0005 0.8322 -0.5545
vn 0.0006 0.6721 -0.7404
vn 0.0005 0.3827 -0.9239
vn -0.4434 0.8434 0.3036
vn -0.5623 0.6396 0.5242
vn -0.6443 0.3621 0.6736
vn -0.3735 0.9063 0.1977
vn -0.6894 0.1443 0.7099
vn -0.7334 -0.0531 0.6777
vn -0.7547 -0.1703 0.6336
vn 0.0005 0.0006 1.0000
vn 0.0004 -0.0922 0.9957
vn 0.0003 0.0007 1.0000
vn 0.0004 -0.0980 0.9952
vn 0.0003 -0.0980 0.9952
vn 0.0005 0.2068 0.9784
vn 0.0004 0.2068 0.9784
vn 0.0005 0.3219 0.9468
vn 0.0007 0.3219 0.9468
vn 0.2312 0.0955 0.9682
vn 0.1607 0.0065 0.9870
vn 0.0004 0.0036 1.0000
vn 0.0006 -0.0345 0.9994
vn 0.1265 -0.0404 0.9911
vn 0.3179 0.0094 0.9481
vn 0.4510 0.1160 0.8849
vn 0.0006 0.1490 0.9888
vn 0.5525 0.2068 0.8075
vn 0.2886 0.1862 0.9392
vn 0.0006 0.2214 0.9752
vn 0.6196 0.2135 0.7553
vn 0.0005 0.2400 0.9708
vn 0.0006 0.2400 0.9708
vn 0.3279 0.2303 0.9162
vn 0.6500 0.1813 0.7379
vn 0.6500 0.1813 0.7380
vn 0.0005 0.9988 0.0493
vn 0.0004 0.9932 0.1168
vn 0.0003 0.9988 0.0493
vn 0.0005 0.9932 0.1168
vn -0.0034 0.9999 -0.0151
vn 0.0005 0.9999 -0.0122
vn -0.0073 0.9999 -0.0122
vn 0.0034 0.9999 -0.0151
vn 0.0073 0.9999 -0.0122
vn -0.1959 0.2567 -0.9464
vn -0.8290 0.5419 0.1382
vn -0.9344 0.3484 0.0747
vn -0.1607 0.0065 0.9870
vn 0.0003 -0.0345 0.9994
vn -0.4510 0.1160 0.8849
vn -0.2312 0.0955 0.9682
vn -0.5525 0.2068 0.8075
vn -0.2886 0.1862 0.9392
vn -0.6196 0.2135 0.7553
vn -0.3279 0.2303 0.9162
vn -0.6500 0.1813 0.7379
vn -0.6500 0.1813 0.7380
vn 0.7097 0.1023 0.6970
vn 0.9757 -0.1997 0.0904
vn 0.7097 0.1022 0.6970
vn 0.7136 0.1081 0.6921
vn 0.9551 -0.2701 0.1216
vn 0.7176 -0.0199 0.6961
vn 0.7176 -0.0199 0.6962
vn 0.7322 -0.1996 0.6511
vn 0.7117 -0.3267 0.6219
vn 0.6367 -0.4812 0.6025
vn 0.8707 -0.3832 0.3082
vn -0.7097 0.1023 0.6970
vn -0.7136 0.1081 0.6921
vn -0.7171 0.0601 0.6944
vn -0.7097 0.1022 0.6970
vn -0.7176 -0.0199 0.6961
vn -0.7176 -0.0199 0.6962
vn -0.7322 -0.1996 0.6511
vn -0.7117 -0.3267 0.6219
vn -0.6367 -0.4812 0.6025
vn -0.5650 -0.6073 0.5585
vn 0.8861 -0.4372 -0.1540
vn 0.9368 -0.1821 -0.2986
vn 0.9302 -0.1575 -0.3316
vn 0.7569 -0.6532 -0.0210
vn 0.8976 -0.1889 -0.3982
vn 0.8976 -0.1889 -0.3983
vn 0.8131 -0.2494 -0.5260
vn 0.7548 -0.2642 -0.6004
vn 0.7042 -0.7099 -0.0073
vn 0.6854 -0.7282 0.0073
vn 0.7099 -0.7039 -0.0249
vn 0.9057 -0.1536 0.3950
vn 0.7454 -0.6582 -0.1061
vn 0.9593 -0.2652 0.0972
vn 0.9874 -0.1577 0.0161
vn 0.9556 -0.1517 -0.2525
vn 0.8924 -0.3071 -0.3307
vn 0.9316 -0.2016 -0.3024
vn 0.9309 -0.1565 -0.3300
vn 0.9311 -0.1566 -0.3296
vn 0.9294 -0.1077 -0.3531
vn 0.9294 -0.1078 -0.3531
vn 0.9358 -0.0785 -0.3436
vn 0.9358 -0.0785 -0.3435
vn 0.9382 -0.2348 -0.2544
vn 0.9382 -0.2347 -0.2544
vn 0.9006 -0.3903 -0.1911
vn 0.9007 -0.3903 -0.1911
vn 0.8799 -0.4215 -0.2194
vn 0.8768 -0.3950 -0.2740
vn 0.8709 -0.2729 -0.4088
vn 0.4032 -0.1919 -0.8948
vn 0.0004 -0.3415 -0.9399
vn -0.0000 -0.6943 -0.7197
vn 0.0005 -0.6942 -0.7198
vn 0.0004 -0.8661 -0.4998
vn 0.0005 -0.8661 -0.4998
vn 0.0003 -0.9300 -0.3676
vn 0.0005 -0.9300 -0.3676
vn 0.0003 -0.9239 -0.3826
vn 0.0005 -0.9239 -0.3827
vn 0.0005 -0.9050 -0.4254
vn 0.0006 -0.7264 -0.6873
vn -0.7223 -0.5053 -0.4722
vn -0.3808 -0.5077 -0.7728
vn -0.7029 -0.4468 -0.5535
vn -0.3610 -0.4732 -0.8036
vn -0.6786 -0.6228 -0.3894
vn -0.7539 -0.5886 -0.2917
vn -0.8093 -0.5864 0.0337
vn -0.7808 -0.5326 0.3267
vn -0.6866 -0.5174 0.5107
vn -0.6646 -0.5394 0.5171
vn -0.0000 -0.4896 -0.8719
vn 0.0003 -0.4422 -0.8969
vn 0.0005 -0.6591 -0.7521
vn 0.0005 -0.9081 -0.4187
vn 0.0003 -0.9860 -0.1667
vn 0.0004 -0.9860 -0.1666
vn 0.0005 -0.4898 -0.8719
vn -0.6249 -0.3472 -0.6992
vn 0.0004 -0.5252 -0.8510
vn -0.7429 -0.4868 -0.4596
vn -0.0015 -0.5253 -0.8509
vn -0.8500 -0.3610 -0.3837
vn -0.6677 -0.5562 -0.4948
vn 0.0004 -0.9059 -0.4234
vn -0.8931 -0.3382 -0.2964
vn -0.8918 -0.4245 -0.1568
vn -0.6015 -0.7353 -0.3123
vn 0.0006 -0.9774 -0.2116
vn 0.0005 -0.9963 -0.0856
vn -0.3462 -0.9027 0.2554
vn -0.9836 -0.1029 -0.1481
vn -0.8417 -0.5123 -0.1705
vn -0.8145 0.5801 -0.0064
vn -0.8145 -0.5788 -0.0386
vn -0.8145 0.5802 -0.0064
vn -0.7454 0.6663 -0.0191
vn -0.7409 -0.6675 0.0747
vn -0.7454 0.6664 -0.0191
vn -0.6777 0.7111 -0.1872
vn -0.6492 -0.7389 0.1803
vn -0.3240 -0.8977 0.2986
vn 0.0003 -0.9545 0.2983
vn -0.3639 0.9043 -0.2232
vn -0.6023 0.6288 -0.4919
vn -0.3180 0.7684 -0.5553
vn -0.2838 0.6249 -0.7273
vn 0.0004 0.8275 -0.5615
vn 0.0003 0.9993 -0.0366
vn -0.8504 -0.0785 -0.5202
vn -0.7728 0.0300 -0.6340
vn 0.3102 -0.1381 0.9406
vn 0.3200 -0.0756 0.9444
vn 0.6051 -0.1009 0.7897
vn 0.3121 0.0446 0.9490
vn -0.8272 -0.0844 0.5555
vn -0.8142 -0.1156 0.5690
vn -0.8323 -0.0619 0.5508
vn -0.7694 0.0397 0.6375
vn -0.9753 0.1999 0.0943
vn -0.8310 0.3905 -0.3961
vn -0.8621 0.2967 -0.4108
vn -0.8458 0.2802 -0.4539
vn -0.4705 0.3769 -0.7979
vn 0.0005 0.3750 -0.9270
vn 0.0003 0.3327 -0.9430
vn 0.0004 0.4756 -0.8797
vn 0.0005 0.4755 -0.8797
vn 0.0004 0.7265 -0.6872
vn 0.0005 0.7265 -0.6872
vn 0.0006 0.8744 -0.4853
vn 0.0004 0.8744 -0.4852
vn -0.5663 0.1990 0.7998
vn -0.2955 0.2253 0.9284
vn -0.7510 0.2831 0.5966
vn -0.7510 0.2830 0.5966
vn -0.2427 0.1345 0.9607
vn -0.4715 0.1091 0.8751
vn -0.4928 -0.0189 0.8699
vn 0.0004 0.1510 0.9885
vn -0.2507 0.0222 0.9678
vn -0.2622 -0.0316 0.9645
vn 0.0005 0.4793 -0.8776
vn 0.0004 0.4793 -0.8777
vn 0.5126 -0.7812 -0.3563
vn 0.9191 -0.3423 0.1950
vn 0.6549 -0.7349 0.1763
vn 0.3142 -0.9326 -0.1774
vn -0.0000 -0.9784 -0.2067
vn 0.0005 -0.9784 -0.2067
vn 0.0004 -0.9156 -0.4020
vn 0.0004 -0.8084 -0.5886
vn 0.0004 -0.8084 -0.5887
vn 0.0005 -0.6305 -0.7762
vn 0.0005 -0.3970 -0.9178
vn 0.0004 -0.3364 -0.9417
vn -0.0000 -0.3362 -0.9418
vn 0.0005 -0.2964 -0.9551
vn 0.0003 -0.2964 -0.9551
vn 0.0006 -0.2964 -0.9551
vn 0.0004 -0.8096 0.5870
vn -0.0000 -0.7095 0.7047
vn 0.0005 -0.7095 0.7047
vn -0.8924 -0.3071 -0.3307
vn -0.9874 -0.1577 0.0161
vn -0.9556 -0.1517 -0.2525
vn -0.9316 -0.2016 -0.3024
vn -0.9720 -0.0375 0.2321
vn -0.5126 -0.7812 -0.3563
vn -0.5962 0.3317 0.7310
vn -0.6669 0.3935 0.6327
vn -0.3550 0.4831 0.8004
vn -0.6932 -0.6960 -0.1871
vn -0.3142 -0.9326 -0.1774
vn -0.3063 -0.9384 -0.1598
vn 0.0003 -0.9784 -0.2067
vn 0.0004 -0.8085 -0.5886
vn 0.0003 -0.3364 -0.9417
vn 0.0002 -0.3363 -0.9417
vn -0.0000 -0.2964 -0.9551
vn -0.9309 -0.1565 -0.3300
vn -0.9311 -0.1566 -0.3296
vn -0.9294 -0.1077 -0.3531
vn -0.9294 -0.1078 -0.3531
vn -0.9358 -0.0785 -0.3435
vn -0.9382 -0.2348 -0.2544
vn -0.9382 -0.2347 -0.2544
vn -0.9006 -0.3903 -0.1911
vn -0.8799 -0.4215 -0.2194
vn -0.8768 -0.3950 -0.2740
vn -0.8709 -0.2729 -0.4088
vn -0.7339 -0.0033 -0.6792
vn -0.4032 -0.1919 -0.8948
vn -0.4452 0.2332 -0.8645
vn -0.2310 0.0934 -0.9685
vn -0.1666 0.1345 -0.9768
vn -0.0000 -0.9300 -0.3676
vn 0.0005 -0.9300 -0.3677
vn 0.0005 -0.9239 -0.3826
vn 0.0005 -0.1361 0.9907
vn 0.0003 -0.1360 0.9907
vn 0.0006 -0.1361 0.9907
vn 0.9971 -0.0531 0.0552
vn 0.4774 0.1961 0.8565
vn 0.7954 0.0690 0.6021
vn 0.7249 -0.0159 0.6887
vn 0.4950 -0.0775 0.8654
vn 0.7177 -0.0922 0.6903
vn 0.5194 -0.2358 0.8214
vn 0.0005 0.2890 0.9573
vn 0.0005 0.4639 0.8859
vn 0.0005 0.8684 0.4959
vn 0.0006 -0.1381 0.9904
vn 0.9456 0.0877 -0.3132
vn 0.8924 0.0172 -0.4509
vn 0.8935 -0.0130 -0.4489
vn 0.8844 -0.0345 -0.4654
vn 0.8477 0.2078 -0.4881
vn 0.8946 0.3788 -0.2370
vn 0.4556 0.5427 -0.7056
vn 0.0005 0.5176 -0.8556
vn 0.1894 0.5084 -0.8400
vn 0.0005 0.4919 -0.8707
vn 0.7153 0.6959 -0.0640
vn 0.3133 0.7387 -0.5968
vn 0.6536 0.5941 0.4688
vn 0.5908 0.6310 0.5028
vn 0.8255 0.4580 0.3297
vn 0.0005 0.8403 0.5421
vn 0.2564 0.8122 0.5240
vn 0.0005 0.3327 -0.9430
vn 0.0004 0.4755 -0.8797
vn 0.0005 0.7264 -0.6872
vn -0.7099 -0.7039 -0.0249
vn -0.6854 -0.7282 0.0073
vn -0.7042 -0.7099 -0.0073
vn -0.7453 -0.6582 -0.1060
vn -0.7569 -0.6532 -0.0210
vn -0.7453 -0.6582 -0.1061
vn -0.7461 -0.6423 -0.1754
vn -0.8387 -0.5328 -0.1128
vn -0.6161 -0.7391 -0.2722
vn -0.9242 -0.2994 -0.2370
vn -0.6854 -0.5114 -0.5184
vn -0.9302 -0.1575 -0.3316
vn -0.8976 -0.1889 -0.3982
vn -0.8976 -0.1889 -0.3983
vn -0.4565 -0.3987 -0.7954
vn -0.8131 -0.2494 -0.5260
vn -0.4147 -0.3667 -0.8328
vn 0.0005 -0.4030 -0.9152
vn 0.0004 -0.4598 -0.8880
vn 0.0005 -0.5970 -0.8022
vn -0.0000 -0.7838 -0.6210
vn 0.0004 -0.9352 -0.3540
vn 0.0005 -0.9932 -0.1168
vn 0.0003 -0.9932 -0.1168
vn 0.0003 -0.9998 -0.0181
vn 0.0005 -0.9894 0.1452
vn 0.0005 -0.9738 0.2272
vn 0.0004 -0.8885 0.4589
vn -0.6171 0.6133 -0.4930
vn -0.6794 0.4597 -0.5719
vn -0.7075 0.3669 -0.6040
vn -0.3279 0.7325 -0.5966
vn -0.7225 0.2810 -0.6316
vn -0.7469 0.1081 -0.6561
vn 0.0005 0.3916 -0.9201
vn 0.0005 0.7727 -0.6348
vn 0.0005 0.0007 -1.0000
vn 0.0005 0.0006 -1.0000
vn 0.0005 -0.1537 -0.9881
vn -0.0000 -0.1537 -0.9881
vn 0.6794 0.4597 -0.5719
vn 0.6171 0.6133 -0.4930
vn 0.7075 0.3669 -0.6040
vn 0.3279 0.7325 -0.5966
vn 0.7225 0.2810 -0.6316
vn 0.7469 0.1081 -0.6561
vn -0.0000 0.7727 -0.6348
vn 0.0004 -0.9377 0.3475
vn 0.0005 0.2186 0.9758
vn 0.0004 -0.0258 0.9997
vn 0.0005 -0.2640 0.9645
vn -0.0000 -0.2642 0.9645
vn 0.0015 -0.4783 0.8782
vn 0.0005 -0.4783 0.8782
vn 0.0005 -0.5415 0.8407
vn 0.0034 -0.5415 0.8407
vn -0.0034 -0.5415 0.8407
vn -0.0015 -0.4783 0.8782
vn 0.0005 -0.2641 0.9645
vn 0.0015 -0.7056 -0.7086
vn -0.0000 -0.9894 0.1452
vn 0.0005 -0.9738 0.2273
vn 0.0004 -0.8885 0.4588
vn 0.0005 -0.9352 -0.3541
vn 0.0005 -0.7839 -0.6209
vn 0.0005 -0.4597 -0.8881
vn -0.0000 -0.3698 -0.9291
vn 0.0005 -0.5434 -0.8395
vn 0.0005 -0.1312 -0.9914
vn 0.0004 -0.1313 -0.9913
vn 0.0003 -0.0804 -0.9968
vn -0.0000 -0.0804 -0.9968
vn 0.0003 0.3897 -0.9209
vn 0.0004 0.3896 -0.9210
vn 0.0004 -0.0287 -0.9996
vn 0.0005 -0.0287 -0.9996
vn 0.0003 -0.2494 -0.9684
vn 0.0005 -0.2494 -0.9684
vn 0.0005 0.6747 -0.7381
vn 0.0004 0.6747 -0.7381
vn 0.0006 0.7664 -0.6423
vn 0.0003 -0.0287 -0.9996
vn 0.0006 -0.2494 -0.9684
vn 0.0004 0.1433 -0.9897
vn 0.0005 0.1434 -0.9897
vn -0.3161 -0.7224 -0.6150
vn -0.5163 -0.6089 -0.6022
vn -0.2721 -0.7536 -0.5984
vn -0.5017 -0.6374 -0.5848
vn 0.0004 -0.5621 -0.8271
vn -0.2712 -0.5467 -0.7922
vn -0.5165 -0.4929 -0.7002
vn -0.5820 -0.2036 -0.7873
vn -0.3052 -0.2083 -0.9292
vn 0.0005 0.1159 -0.9933
vn -0.3346 0.1051 -0.9365
vn -0.6997 -0.0062 -0.7144
vn -0.5886 0.1579 0.7928
vn -0.8398 0.0358 0.5418
vn 0.0005 0.2107 0.9775
vn 0.0005 0.4120 0.9112
vn -0.8866 -0.0990 0.4518
vn 0.0005 -0.3081 0.9513
vn 0.0004 -0.3081 0.9514
vn 0.0004 -0.5856 0.8106
vn -0.9226 -0.1888 0.3365
vn -0.9451 -0.1439 0.2935
vn -0.9539 -0.0922 0.2857
vn 0.0005 0.5310 -0.8473
vn -0.0005 -0.9144 0.4048
vn 0.0003 -0.9144 0.4047
vn -0.0005 -0.9784 0.2067
vn 0.0005 -0.8108 0.5854
vn -0.0004 -0.8108 0.5854
vn -0.0000 0.2105 0.9776
vn 0.0005 -0.9701 0.2427
vn 0.0003 -0.9701 0.2426
vn 0.0003 -0.9952 -0.0982
vn 0.0003 -0.9041 -0.4274
vn 0.0006 -0.9040 -0.4274
vn 0.0005 -0.9040 -0.4274
vn -0.0000 -0.9701 0.2425
vn 0.0005 -0.8849 -0.4658
vn -0.0000 -0.9678 -0.2518
vn 0.0005 -0.9678 -0.2516
vn 0.0005 -0.9896 -0.1442
vn -0.0000 -0.9896 -0.1442
vn 0.0003 -0.8223 -0.5691
vn 0.0005 -0.8222 -0.5692
vn 0.0003 -0.8739 -0.4861
vn 0.0005 -0.8739 -0.4861
vn 0.0004 -0.9172 -0.3984
vn 0.0003 -0.9172 -0.3984
vn 0.7234 0.6903 0.0151
vn 0.7336 0.5471 -0.4032
vn 0.7399 0.4070 -0.5357
vn 0.7398 0.4069 -0.5357
vn 0.6959 0.1882 -0.6930
vn 0.9406 0.2166 -0.2614
vn 0.7334 -0.0531 0.6777
vn 0.7547 -0.1703 0.6336
vn 0.9975 0.0690 -0.0171
vn 0.6894 0.1443 0.7099
vn 0.6623 0.0368 -0.7483
vn 0.6365 0.0056 -0.7713
vn 0.6443 0.3621 0.6736
vn 0.5910 -0.1753 -0.7874
vn 0.5623 0.6396 0.5242
vn 0.5909 -0.1753 -0.7874
vn 0.0005 -0.4098 -0.9122
vn 0.4434 0.8434 0.3036
vn 0.8242 0.4130 -0.3874
vn 0.0005 0.3689 -0.9295
vn 0.1471 0.3652 -0.9192
vn -0.1471 0.3652 -0.9192
vn 0.0004 0.3689 -0.9295
vn 0.0005 -0.3998 -0.9166
vn 0.0004 -0.3998 -0.9166
vn 0.0005 -0.5581 -0.8298
vn 0.0006 -0.5581 -0.8298
vn 0.0004 -0.9636 -0.2673
vn 0.0006 -0.9637 -0.2671
vn 0.0005 -0.9636 -0.2672
vn -0.7557 0.4902 -0.4343
vn -0.7380 0.5448 -0.3981
vn -0.7558 0.4901 -0.4343
vn -0.6843 0.4656 -0.5612
vn -0.2848 0.7236 -0.6287
vn -0.5408 0.5684 -0.6200
vn -0.4909 0.6415 -0.5896
vn -0.2564 0.7998 -0.5427
vn 0.0003 0.8142 -0.5805
vn 0.0004 0.8926 -0.4509
vn 0.0005 0.6301 -0.7765
vn 0.0005 0.4704 -0.8824
vn 0.0003 0.4704 -0.8824
vn 0.0003 0.4041 -0.9147
vn 0.0005 0.4041 -0.9147
vn 0.7557 0.4901 -0.4343
vn 0.7380 0.5448 -0.3981
vn 0.7558 0.4901 -0.4343
vn 0.6843 0.4656 -0.5612
vn 0.2848 0.7236 -0.6287
vn 0.5408 0.5684 -0.6200
vn 0.4909 0.6415 -0.5896
vn 0.2564 0.7998 -0.5427
vn -0.0000 0.4704 -0.8825
vn 0.0006 0.4040 -0.9147
vn 0.0005 0.5207 -0.8538
vn -0.0000 0.7939 -0.6081
vn -0.0000 0.3896 -0.9210
vn 0.0006 0.9086 -0.4178
vn 0.0003 0.9513 0.3083
vn 0.0005 0.9990 0.0454
vn 0.0005 0.9318 0.3630
vn 0.0004 0.9318 0.3630
vn -0.0000 0.9317 0.3632
vt 0.134792 0.202659
vt 0.150479 0.203521
vt 0.139976 0.212393
vt 0.146572 0.219228
vt 0.160572 0.214572
vt 0.149358 0.194903
vt 0.134030 0.191561
vt 0.151446 0.175197
vt 0.170568 0.184418
vt 0.160765 0.167365
vt 0.174774 0.192410
vt 0.182989 0.210651
vt 0.147380 0.245038
vt 0.152581 0.265223
vt 0.148274 0.263361
vt 0.148538 0.271703
vt 0.165445 0.277960
vt 0.168027 0.270600
vt 0.162198 0.250657
vt 0.174181 0.254533
vt 0.146668 0.231482
vt 0.179477 0.239650
vt 0.164930 0.236487
vt 0.147777 0.224376
vt 0.183408 0.223443
vt 0.163705 0.222440
vt 0.471333 0.432215
vt 0.444500 0.442844
vt 0.473637 0.445798
vt 0.442041 0.451495
vt 0.449059 0.428443
vt 0.479111 0.453975
vt 0.476525 0.459896
vt 0.488287 0.458880
vt 0.451205 0.412334
vt 0.473623 0.413329
vt 0.452144 0.403557
vt 0.481123 0.403622
vt 0.145667 0.263901
vt 0.137724 0.246769
vt 0.129873 0.271631
vt 0.133259 0.278794
vt 0.122175 0.255598
vt 0.114355 0.241841
vt 0.134337 0.227021
vt 0.124992 0.205410
vt 0.124977 0.190958
vt 0.103698 0.193048
vt 0.108881 0.183166
vt 0.099714 0.175652
vt 0.093144 0.185199
vt 0.077613 0.172373
vt 0.089292 0.162538
vt 0.083264 0.150451
vt 0.066570 0.165160
vt 0.077372 0.137457
vt 0.060131 0.147342
vt 0.060507 0.195499
vt 0.076853 0.208529
vt 0.051931 0.188793
vt 0.087952 0.216031
vt 0.103900 0.228201
vt 0.050681 0.159377
vt 0.982739 0.352006
vt 0.950756 0.356939
vt 0.984572 0.361905
vt 0.979558 0.336497
vt 0.952783 0.366452
vt 0.947034 0.341550
vt 0.954700 0.374735
vt 0.944560 0.327302
vt 0.985819 0.370424
vt 0.956594 0.389500
vt 0.987691 0.385101
vt 0.977014 0.322730
vt 0.941932 0.300756
vt 0.973723 0.297811
vt 0.941473 0.286868
vt 0.972871 0.284766
vt 0.946227 0.250779
vt 0.972117 0.249649
vt 0.947696 0.241958
vt 0.972166 0.240766
vt 0.949429 0.223205
vt 0.971837 0.221025
vt 0.948320 0.193931
vt 0.968286 0.189752
vt 0.946600 0.182311
vt 0.965470 0.177638
vt 0.244594 0.809389
vt 0.237437 0.831313
vt 0.244779 0.831488
vt 0.238589 0.803951
vt 0.478982 0.470579
vt 0.425963 0.498615
vt 0.438994 0.471002
vt 0.477901 0.496088
vt 0.414045 0.450578
vt 0.106639 0.103248
vt 0.089096 0.119239
vt 0.108949 0.102743
vt 0.082524 0.106798
vt 0.113727 0.092674
vt 0.082414 0.093205
vt 0.093935 0.080480
vt 0.114830 0.075196
vt 0.069687 0.092753
vt 0.071166 0.086033
vt 0.069342 0.109015
vt 0.072641 0.122490
vt 0.733470 0.452048
vt 0.751038 0.438972
vt 0.746297 0.460090
vt 0.738726 0.437859
vt 0.725946 0.459133
vt 0.739113 0.473024
vt 0.707737 0.474063
vt 0.720098 0.485207
vt 0.055917 0.054567
vt 0.054920 0.048147
vt 0.047559 0.054463
vt 0.060762 0.071569
vt 0.025046 0.033222
vt 0.055820 0.038548
vt 0.029510 0.025089
vt 0.020253 0.045621
vt 0.017460 0.070662
vt 0.052653 0.073268
vt 0.018876 0.088525
vt 0.056060 0.088035
vt 0.060299 0.105499
vt 0.021696 0.106351
vt 0.057597 0.125687
vt 0.023188 0.122244
vt 0.067682 0.082537
vt 0.049023 0.138925
vt 0.048718 0.151992
vt 0.042418 0.147895
vt 0.034240 0.156139
vt 0.039184 0.181328
vt 0.024771 0.174054
vt 0.343256 0.936754
vt 0.367026 0.936731
vt 0.346940 0.951585
vt 0.363352 0.915426
vt 0.337877 0.922672
vt 0.365698 0.956402
vt 0.348002 0.964234
vt 0.360815 0.972097
vt 0.098658 0.768722
vt 0.104135 0.754652
vt 0.108046 0.766708
vt 0.116404 0.757144
vt 0.118947 0.766234
vt 0.095842 0.753540
vt 0.085524 0.769839
vt 0.082353 0.761541
vt 0.086319 0.747455
vt 0.077780 0.754690
vt 0.074211 0.740217
vt 0.070103 0.747171
vt 0.055572 0.733214
vt 0.057969 0.725563
vt 0.043775 0.722065
vt 0.045484 0.715692
vt 0.030669 0.710021
vt 0.047378 0.706246
vt 0.031639 0.703899
vt 0.062370 0.709185
vt 0.083419 0.715938
vt 0.097046 0.722510
vt 0.105616 0.726630
vt 0.111795 0.728306
vt 0.123231 0.730758
vt 0.474546 0.674272
vt 0.455486 0.668374
vt 0.473227 0.667709
vt 0.487726 0.662888
vt 0.492359 0.673676
vt 0.505369 0.652664
vt 0.513946 0.665760
vt 0.536828 0.624382
vt 0.552003 0.645499
vt 0.575346 0.601925
vt 0.579867 0.624801
vt 0.499817 0.175251
vt 0.484373 0.174402
vt 0.490022 0.183542
vt 0.491734 0.169941
vt 0.498674 0.163438
vt 0.504946 0.167644
vt 0.504028 0.158304
vt 0.525488 0.182203
vt 0.519342 0.195323
vt 0.516162 0.201250
vt 0.484562 0.188643
vt 0.528673 0.170317
vt 0.508982 0.159599
vt 0.511917 0.149320
vt 0.529348 0.158539
vt 0.528422 0.148216
vt 0.481792 0.952698
vt 0.484285 0.948691
vt 0.475305 0.936430
vt 0.494792 0.963046
vt 0.479926 0.965379
vt 0.494133 0.966590
vt 0.466497 0.962467
vt 0.471725 0.943935
vt 0.464730 0.926397
vt 0.449175 0.955192
vt 0.459527 0.932433
vt 0.456723 0.917490
vt 0.449340 0.924322
vt 0.436411 0.947968
vt 0.420067 0.937938
vt 0.435157 0.913347
vt 0.365905 0.901526
vt 0.386396 0.876765
vt 0.349249 0.885396
vt 0.372008 0.868441
vt 0.329547 0.915464
vt 0.317338 0.929996
vt 0.310081 0.921838
vt 0.326346 0.943704
vt 0.330304 0.955135
vt 0.333036 0.966482
vt 0.332735 0.979683
vt 0.343357 0.981914
vt 0.348874 0.988590
vt 0.331539 0.993962
vt 0.336199 1.000019
vt 0.203376 0.512822
vt 0.237633 0.501731
vt 0.200765 0.491352
vt 0.231204 0.481575
vt 0.242604 0.517178
vt 0.207095 0.528237
vt 0.501153 0.279387
vt 0.471146 0.266146
vt 0.502495 0.273041
vt 0.504658 0.261927
vt 0.469724 0.272160
vt 0.472651 0.255619
vt 0.466266 0.291120
vt 0.474371 0.242341
vt 0.496339 0.299577
vt 0.506783 0.248123
vt 0.459407 0.317784
vt 0.476388 0.227581
vt 0.487364 0.327700
vt 0.452167 0.339064
vt 0.479022 0.349336
vt 0.508740 0.233829
vt 0.480638 0.206151
vt 0.512040 0.214504
vt 0.628617 0.583882
vt 0.650095 0.579509
vt 0.650337 0.596536
vt 0.645475 0.604483
vt 0.633511 0.574551
vt 0.625270 0.589000
vt 0.644772 0.564174
vt 0.622563 0.592495
vt 0.635201 0.564891
vt 0.640852 0.610811
vt 0.637062 0.547990
vt 0.616712 0.597299
vt 0.629580 0.552767
vt 0.629580 0.619454
vt 0.623948 0.535378
vt 0.608695 0.600425
vt 0.618900 0.543250
vt 0.615761 0.625557
vt 0.610738 0.540057
vt 0.596718 0.601370
vt 0.613066 0.530735
vt 0.598434 0.627494
vt 0.599365 0.530348
vt 0.584592 0.600897
vt 0.599789 0.539464
vt 0.585565 0.626267
vt 0.587177 0.532421
vt 0.589186 0.541415
vt 0.561189 0.551494
vt 0.856636 0.325638
vt 0.852484 0.290813
vt 0.868643 0.292935
vt 0.874696 0.332450
vt 0.898011 0.306898
vt 0.843454 0.323888
vt 0.843952 0.291912
vt 0.831692 0.320956
vt 0.109925 0.165373
vt 0.116338 0.172391
vt 0.127447 0.179803
vt 0.144028 0.156404
vt 0.135136 0.151979
vt 0.131987 0.149877
vt 0.130665 0.147070
vt 0.102718 0.155447
vt 0.695405 0.491533
vt 0.710726 0.502786
vt 0.683301 0.507581
vt 0.697770 0.525146
vt 0.688181 0.524538
vt 0.680838 0.510091
vt 0.126064 0.073506
vt 0.146279 0.045770
vt 0.157465 0.053527
vt 0.136722 0.081388
vt 0.144269 0.087098
vt 0.164980 0.059553
vt 0.188419 0.076943
vt 0.167560 0.104650
vt 0.190726 0.121979
vt 0.212405 0.093355
vt 0.232705 0.108000
vt 0.210720 0.136796
vt 0.247112 0.118970
vt 0.224674 0.147391
vt 0.259285 0.128799
vt 0.236162 0.156567
vt 0.256532 0.174133
vt 0.281033 0.147443
vt 0.301551 0.166924
vt 0.275467 0.192464
vt 0.294430 0.213162
vt 0.320996 0.189601
vt 0.335489 0.213475
vt 0.312806 0.233801
vt 0.488671 0.949068
vt 0.501512 0.950634
vt 0.498514 0.963518
vt 0.439566 0.902942
vt 0.399086 0.872092
vt 0.384163 0.862255
vt 0.370705 0.860348
vt 0.381565 0.853954
vt 0.366940 0.850836
vt 0.378464 0.846403
vt 0.372090 0.834914
vt 0.361175 0.839584
vt 0.364020 0.822279
vt 0.353262 0.825455
vt 0.351971 0.805691
vt 0.344265 0.812340
vt 0.343434 0.796689
vt 0.337656 0.804502
vt 0.340135 0.793493
vt 0.325653 0.798559
vt 0.333741 0.787757
vt 0.328399 0.784532
vt 0.315824 0.829021
vt 0.320463 0.833986
vt 0.327220 0.843513
vt 0.333678 0.855173
vt 0.338554 0.865405
vt 0.342942 0.874986
vt 0.308672 0.823030
vt 0.320001 0.797125
vt 0.305790 0.820982
vt 0.313462 0.776923
vt 0.304933 0.795265
vt 0.159272 0.049520
vt 0.159800 0.045657
vt 0.169549 0.052788
vt 0.171597 0.047033
vt 0.198147 0.063233
vt 0.205491 0.049336
vt 0.222800 0.075013
vt 0.235908 0.054049
vt 0.245348 0.097813
vt 0.257885 0.107434
vt 0.269342 0.117007
vt 0.293427 0.138391
vt 0.312689 0.157887
vt 0.330172 0.174929
vt 0.347042 0.197925
vt 0.932885 0.361623
vt 0.932751 0.371703
vt 0.932309 0.350906
vt 0.929826 0.338989
vt 0.926643 0.325190
vt 0.918601 0.300437
vt 0.916002 0.285297
vt 0.927554 0.249398
vt 0.930310 0.241226
vt 0.937584 0.222022
vt 0.943985 0.194761
vt 0.227173 0.796643
vt 0.221832 0.800650
vt 0.225008 0.807915
vt 0.246407 0.792365
vt 0.251182 0.808867
vt 0.225287 0.831076
vt 0.218834 0.809456
vt 0.216501 0.803621
vt 0.219471 0.831142
vt 0.208843 0.812079
vt 0.209521 0.831522
vt 0.061738 0.852143
vt 0.033399 0.837837
vt 0.034543 0.855615
vt 0.057884 0.838917
vt 0.064416 0.863494
vt 0.036868 0.868215
vt 0.058089 0.940604
vt 0.043816 0.946882
vt 0.055945 0.953969
vt 0.036536 0.976035
vt 0.019618 0.947732
vt 0.022674 0.977488
vt 0.020316 0.927799
vt 0.046767 0.929935
vt 0.021878 0.913656
vt 0.057569 0.930321
vt 0.048016 0.917198
vt 0.024316 0.896499
vt 0.057347 0.916565
vt 0.052445 0.901551
vt 0.025262 0.891236
vt 0.056595 0.902089
vt 0.056485 0.897295
vt 0.458443 0.237755
vt 0.457162 0.248493
vt 0.444653 0.235030
vt 0.448536 0.224127
vt 0.459870 0.225326
vt 0.462833 0.201457
vt 0.451678 0.199738
vt 0.465346 0.181139
vt 0.440949 0.243012
vt 0.446547 0.179641
vt 0.442616 0.253551
vt 0.439187 0.270642
vt 0.436094 0.259605
vt 0.455431 0.260764
vt 0.478982 0.176503
vt 0.513967 0.133016
vt 0.506909 0.132113
vt 0.503286 0.153063
vt 0.499457 0.131293
vt 0.495905 0.155508
vt 0.227230 0.298516
vt 0.241364 0.316322
vt 0.244810 0.296701
vt 0.275106 0.318787
vt 0.280317 0.301961
vt 0.306150 0.321121
vt 0.307453 0.305298
vt 0.338576 0.320779
vt 0.341764 0.305917
vt 0.379516 0.316992
vt 0.359386 0.268070
vt 0.395312 0.286889
vt 0.312711 0.284472
vt 0.322828 0.253173
vt 0.299087 0.247152
vt 0.289689 0.281439
vt 0.266709 0.238094
vt 0.256059 0.274471
vt 0.250338 0.232770
vt 0.242582 0.268674
vt 0.227360 0.231948
vt 0.232607 0.264051
vt 0.831297 0.433422
vt 0.865052 0.403985
vt 0.851646 0.395797
vt 0.843254 0.441323
vt 0.882254 0.416502
vt 0.821436 0.426599
vt 0.842674 0.390020
vt 0.810476 0.369563
vt 0.799447 0.458658
vt 0.785842 0.402701
vt 0.789751 0.357781
vt 0.812553 0.467559
vt 0.104232 0.125207
vt 0.102652 0.119512
vt 0.117823 0.117165
vt 0.090629 0.130804
vt 0.111891 0.100098
vt 0.126212 0.101936
vt 0.103627 0.139451
vt 0.131925 0.139904
vt 0.110552 0.129949
vt 0.134637 0.130831
vt 0.136083 0.115024
vt 0.278860 0.435637
vt 0.264931 0.469379
vt 0.251199 0.427603
vt 0.267160 0.470100
vt 0.239104 0.461185
vt 0.215058 0.452414
vt 0.228672 0.420095
vt 0.200096 0.413007
vt 0.186786 0.438983
vt 0.182327 0.406719
vt 0.171045 0.430165
vt 0.170068 0.429617
vt 0.201394 0.408739
vt 0.228956 0.411207
vt 0.255012 0.414108
vt 0.281317 0.418544
vt 0.316682 0.430929
vt 0.067269 0.759870
vt 0.063371 0.752332
vt 0.048933 0.738433
vt 0.037769 0.724919
vt 0.028498 0.727108
vt 0.024967 0.711497
vt 0.032486 0.742883
vt 0.038102 0.760101
vt 0.041294 0.767886
vt 0.043878 0.774144
vt 0.070780 0.767345
vt 0.045149 0.778401
vt 0.072673 0.773736
vt 0.045837 0.786907
vt 0.073419 0.786593
vt 0.044703 0.795500
vt 0.072036 0.798862
vt 0.042040 0.804840
vt 0.069078 0.810708
vt 0.037205 0.818928
vt 0.063476 0.824754
vt 0.058387 0.901969
vt 0.062149 0.915122
vt 0.068043 0.927802
vt 0.073505 0.934364
vt 0.063390 0.950658
vt 0.053670 0.970978
vt 0.053774 0.988061
vt 0.037036 0.988796
vt 0.064441 0.987544
vt 0.064345 0.969858
vt 0.086016 0.987673
vt 0.070875 0.948785
vt 0.086665 0.948829
vt 0.087993 0.939943
vt 0.086386 0.969491
vt 0.100599 0.952279
vt 0.103620 0.937138
vt 0.101926 0.972262
vt 0.102603 0.988710
vt 0.107082 0.954089
vt 0.112076 0.951487
vt 0.111399 0.936600
vt 0.122171 0.946330
vt 0.120590 0.935639
vt 0.127927 0.943663
vt 0.126150 0.933977
vt 0.136885 0.940327
vt 0.135389 0.930887
vt 0.112210 0.977139
vt 0.115068 0.987438
vt 0.117375 0.967757
vt 0.125243 0.982771
vt 0.127219 0.960825
vt 0.135250 0.976686
vt 0.132335 0.958700
vt 0.139449 0.974678
vt 0.147898 0.971463
vt 0.141291 0.954719
vt 0.297951 0.816651
vt 0.291323 0.796403
vt 0.291280 0.814940
vt 0.281235 0.800131
vt 0.286033 0.815802
vt 0.273946 0.804103
vt 0.281594 0.818425
vt 0.268021 0.809216
vt 0.276574 0.822341
vt 0.270278 0.827340
vt 0.261374 0.814833
vt 0.253334 0.785745
vt 0.260389 0.779796
vt 0.268705 0.773648
vt 0.274876 0.768983
vt 0.280925 0.753405
vt 0.243744 0.754215
vt 0.248278 0.748057
vt 0.235533 0.762878
vt 0.255604 0.732221
vt 0.277885 0.736190
vt 0.228758 0.770004
vt 0.262402 0.717905
vt 0.276854 0.715962
vt 0.219007 0.778462
vt 0.214631 0.784744
vt 0.273151 0.695501
vt 0.213427 0.789504
vt 0.277189 0.697266
vt 0.277519 0.687200
vt 0.240743 0.673871
vt 0.237478 0.682835
vt 0.229234 0.707552
vt 0.224694 0.723947
vt 0.220914 0.743102
vt 0.220001 0.748855
vt 0.217734 0.756248
vt 0.214304 0.762320
vt 0.207708 0.770855
vt 0.201931 0.778113
vt 0.199093 0.783038
vt 0.196029 0.789850
vt 0.212364 0.796226
vt 0.190392 0.805801
vt 0.587003 0.180213
vt 0.610974 0.194664
vt 0.591008 0.202290
vt 0.568404 0.205300
vt 0.607743 0.182666
vt 0.562861 0.183738
vt 0.619670 0.192783
vt 0.556446 0.206912
vt 0.622559 0.185428
vt 0.549905 0.190064
vt 0.630324 0.190201
vt 0.627856 0.192902
vt 0.633565 0.193658
vt 0.545226 0.208872
vt 0.539688 0.195851
vt 0.530428 0.211112
vt 0.526038 0.205243
vt 0.519823 0.212458
vt 0.627624 0.196815
vt 0.621236 0.200811
vt 0.619592 0.202603
vt 0.467191 0.174049
vt 0.457865 0.169740
vt 0.479252 0.161986
vt 0.465525 0.159858
vt 0.177140 0.630208
vt 0.177228 0.658234
vt 0.182479 0.632153
vt 0.186929 0.608236
vt 0.169111 0.657944
vt 0.171384 0.679151
vt 0.160164 0.677941
vt 0.163341 0.706492
vt 0.148601 0.697083
vt 0.150858 0.709605
vt 0.133390 0.708170
vt 0.137939 0.714014
vt 0.151440 0.720636
vt 0.141358 0.721750
vt 0.134913 0.764529
vt 0.143705 0.765844
vt 0.168466 0.727620
vt 0.171911 0.723348
vt 0.181252 0.737807
vt 0.181127 0.721791
vt 0.219893 0.725874
vt 0.218315 0.741753
vt 0.221805 0.710408
vt 0.180867 0.705986
vt 0.225796 0.681179
vt 0.182522 0.678000
vt 0.227516 0.657789
vt 0.183152 0.657273
vt 0.185207 0.632136
vt 0.226550 0.629037
vt 0.223476 0.603987
vt 0.087769 0.785213
vt 0.102676 0.784798
vt 0.084493 0.798872
vt 0.078636 0.814737
vt 0.071866 0.828558
vt 0.066226 0.841814
vt 0.095123 0.800106
vt 0.087126 0.819300
vt 0.080402 0.833934
vt 0.073844 0.846312
vt 0.761456 0.384957
vt 0.763606 0.432138
vt 0.732592 0.406729
vt 0.761017 0.347036
vt 0.748057 0.377674
vt 0.742290 0.342094
vt 0.738515 0.375083
vt 0.721034 0.401254
vt 0.722531 0.371297
vt 0.717333 0.340079
vt 0.707948 0.398622
vt 0.698808 0.370284
vt 0.689479 0.401049
vt 0.678120 0.373757
vt 0.682698 0.344382
vt 0.658625 0.353306
vt 0.824694 0.475311
vt 0.860413 0.453231
vt 0.900259 0.429893
vt 0.842352 0.486550
vt 0.877819 0.467015
vt 0.209864 0.548117
vt 0.210300 0.536745
vt 0.202129 0.539044
vt 0.194355 0.569260
vt 0.203673 0.572433
vt 0.247943 0.559485
vt 0.240431 0.584094
vt 0.200925 0.533147
vt 0.195257 0.516206
vt 0.191005 0.499358
vt 0.488679 0.159225
vt 0.450411 0.147441
vt 0.442253 0.156329
vt 0.434520 0.131641
vt 0.426912 0.138328
vt 0.416243 0.109434
vt 0.409670 0.115015
vt 0.402289 0.090191
vt 0.492954 0.130910
vt 0.486062 0.130472
vt 0.477501 0.128596
vt 0.466911 0.122265
vt 0.454488 0.109794
vt 0.437330 0.089477
vt 0.421482 0.071535
vt 0.386160 0.072513
vt 0.404374 0.054459
vt 0.397139 0.094300
vt 0.366198 0.104152
vt 0.360603 0.077878
vt 0.391318 0.096655
vt 0.377029 0.131004
vt 0.402826 0.119142
vt 0.393691 0.157592
vt 0.419534 0.143180
vt 0.406449 0.175368
vt 0.433449 0.162482
vt 0.413213 0.187892
vt 0.454551 0.270119
vt 0.444987 0.293363
vt 0.453315 0.291552
vt 0.448674 0.316521
vt 0.453754 0.316500
vt 0.333740 0.477821
vt 0.347657 0.467685
vt 0.358750 0.473640
vt 0.344843 0.485837
vt 0.374239 0.491897
vt 0.356971 0.497723
vt 0.437025 0.522576
vt 0.488568 0.517784
vt 0.381509 0.523603
vt 0.454789 0.546149
vt 0.465754 0.552961
vt 0.491613 0.554419
vt 0.501639 0.530002
vt 0.516867 0.542693
vt 0.510042 0.555439
vt 0.527690 0.548567
vt 0.524530 0.556297
vt 0.544347 0.556653
vt 0.398549 0.559840
vt 0.429933 0.581606
vt 0.452124 0.581871
vt 0.487794 0.579124
vt 0.510036 0.571658
vt 0.526246 0.565121
vt 0.355377 0.552491
vt 0.358249 0.530280
vt 0.332500 0.552960
vt 0.331556 0.535560
vt 0.306086 0.548534
vt 0.308042 0.540375
vt 0.291057 0.544990
vt 0.304468 0.533255
vt 0.325195 0.520185
vt 0.354225 0.510125
vt 0.369961 0.505841
vt 0.357924 0.504409
vt 0.351410 0.777956
vt 0.359444 0.750647
vt 0.369034 0.755067
vt 0.344079 0.780228
vt 0.806386 0.879244
vt 0.810016 0.859102
vt 0.813240 0.877032
vt 0.818622 0.887241
vt 0.795031 0.859240
vt 0.800114 0.829852
vt 0.814695 0.834799
vt 0.831010 0.805537
vt 0.814217 0.796456
vt 0.832648 0.779527
vt 0.844006 0.785300
vt 0.846055 0.766632
vt 0.850060 0.765476
vt 0.324160 0.986410
vt 0.320893 0.994956
vt 0.328766 1.000617
vt 0.310148 0.986587
vt 0.318591 0.973111
vt 0.300033 0.976886
vt 0.312092 0.960975
vt 0.293167 0.970406
vt 0.305946 0.952566
vt 0.281640 0.961435
vt 0.294194 0.940263
vt 0.281752 0.930739
vt 0.270857 0.955034
vt 0.241960 0.944986
vt 0.282065 0.912799
vt 0.247235 0.918034
vt 0.251744 0.902598
vt 0.223348 0.943547
vt 0.224157 0.913389
vt 0.225349 0.897407
vt 0.203198 0.946368
vt 0.201407 0.912874
vt 0.198520 0.896317
vt 0.186836 0.948645
vt 0.188112 0.916355
vt 0.172968 0.922664
vt 0.160075 0.942350
vt 0.191869 0.898106
vt 0.184015 0.901681
vt 0.097627 0.389024
vt 0.097927 0.402695
vt 0.119761 0.411261
vt 0.118489 0.377359
vt 0.105756 0.368471
vt 0.125312 0.355955
vt 0.112831 0.354804
vt 0.162948 0.380191
vt 0.164499 0.358085
vt 0.160787 0.412910
vt 0.131598 0.439208
vt 0.106765 0.418442
vt 0.121424 0.445192
vt 0.160545 0.438177
vt 0.143414 0.486728
vt 0.165058 0.484950
vt 0.180935 0.866253
vt 0.206818 0.846622
vt 0.193244 0.840096
vt 0.194260 0.879617
vt 0.184042 0.892046
vt 0.175881 0.876619
vt 0.158710 0.857484
vt 0.160878 0.847509
vt 0.170031 0.827974
vt 0.145294 0.844210
vt 0.146704 0.839485
vt 0.155631 0.821136
vt 0.133813 0.833068
vt 0.141973 0.815044
vt 0.062101 0.558264
vt 0.047227 0.558178
vt 0.057257 0.565708
vt 0.066696 0.563251
vt 0.066008 0.577936
vt 0.073733 0.574802
vt 0.070559 0.588894
vt 0.078501 0.583687
vt 0.028075 0.595265
vt 0.026657 0.588429
vt 0.021894 0.575481
vt 0.019620 0.555116
vt 0.084231 0.588474
vt 0.085935 0.580034
vt 0.082108 0.571311
vt 0.079827 0.554006
vt 0.093196 0.588192
vt 0.123561 0.570055
vt 0.127533 0.586855
vt 0.119340 0.561586
vt 0.116541 0.554788
vt 0.086470 0.598344
vt 0.125751 0.606803
vt 0.119532 0.627986
vt 0.078869 0.594584
vt 0.072923 0.613146
vt 0.080060 0.615538
vt 0.070266 0.633616
vt 0.076912 0.634786
vt 0.112505 0.647803
vt 0.066487 0.654020
vt 0.070041 0.655084
vt 0.103810 0.669106
vt 0.062072 0.675712
vt 0.094331 0.690180
vt 0.062315 0.654069
vt 0.063356 0.635117
vt 0.026073 0.635842
vt 0.026382 0.655516
vt 0.027658 0.677498
vt 0.027287 0.613126
vt 0.066420 0.612211
vt 0.613660 0.961662
vt 0.631895 0.952643
vt 0.614470 0.953798
vt 0.597428 0.953404
vt 0.632282 0.966523
vt 0.662917 0.944459
vt 0.672013 0.972829
vt 0.690387 0.930424
vt 0.726845 0.975576
vt 0.722379 0.912043
vt 0.754121 0.925737
vt 0.716688 0.874117
vt 0.659961 0.900787
vt 0.649875 0.923250
vt 0.626002 0.938966
vt 0.611561 0.946983
vt 0.745830 0.423741
vt 0.736739 0.426246
vt 0.727928 0.409704
vt 0.794857 0.499206
vt 0.838648 0.533983
vt 0.792100 0.505126
vt 0.780067 0.527049
vt 0.860074 0.499075
vt 0.823167 0.557969
vt 0.860119 0.515417
vt 0.766714 0.547992
vt 0.811962 0.581842
vt 0.756491 0.562784
vt 0.809008 0.595414
vt 0.675331 0.550231
vt 0.679533 0.519855
vt 0.673074 0.548073
vt 0.667257 0.543333
vt 0.653631 0.531153
vt 0.666203 0.513172
vt 0.636986 0.514212
vt 0.657305 0.497742
vt 0.631005 0.509877
vt 0.655150 0.486449
vt 0.620751 0.501632
vt 0.651220 0.462674
vt 0.630189 0.456165
vt 0.604508 0.487503
vt 0.604482 0.445976
vt 0.581229 0.467103
vt 0.569217 0.429957
vt 0.553038 0.442619
vt 0.547341 0.420199
vt 0.538748 0.428705
vt 0.501624 0.393732
vt 0.661636 0.475836
vt 0.674409 0.461542
vt 0.666383 0.476890
vt 0.665366 0.485781
vt 0.666186 0.494939
vt 0.671616 0.507110
vt 0.678645 0.511597
vt 0.227871 0.883098
vt 0.256459 0.888366
vt 0.282443 0.897526
vt 0.798698 0.929958
vt 0.775783 0.926022
vt 0.817936 0.931973
vt 0.829454 0.892710
vt 0.843167 0.896815
vt 0.844239 0.931077
vt 0.859572 0.894062
vt 0.884815 0.927658
vt 0.870497 0.881640
vt 0.915964 0.926306
vt 0.873772 0.869833
vt 0.900698 0.926743
vt 0.934676 0.965996
vt 0.954159 0.961854
vt 0.922393 0.967991
vt 0.842166 0.974880
vt 0.808104 0.975641
vt 0.779452 0.976392
vt 0.750604 0.975871
vt 0.655559 0.879875
vt 0.774097 0.835187
vt 0.703234 0.841339
vt 0.748476 0.805120
vt 0.642845 0.863093
vt 0.724918 0.775921
vt 0.681841 0.821646
vt 0.667140 0.808350
vt 0.629055 0.850723
vt 0.712526 0.759444
vt 0.644496 0.788471
vt 0.687438 0.736955
vt 0.603437 0.840228
vt 0.668202 0.729371
vt 0.634790 0.786194
vt 0.607632 0.780805
vt 0.571415 0.838640
vt 0.641445 0.728495
vt 0.578751 0.259481
vt 0.603128 0.264161
vt 0.580941 0.272815
vt 0.589106 0.245393
vt 0.610818 0.257946
vt 0.620410 0.246893
vt 0.599162 0.220752
vt 0.572849 0.241116
vt 0.569393 0.248112
vt 0.569463 0.235232
vt 0.554311 0.228143
vt 0.542842 0.223086
vt 0.528833 0.218162
vt 0.573609 0.261557
vt 0.566852 0.278954
vt 0.565827 0.251914
vt 0.557540 0.266495
vt 0.552787 0.260514
vt 0.577845 0.774930
vt 0.544756 0.845513
vt 0.607310 0.714194
vt 0.561233 0.700273
vt 0.536915 0.696140
vt 0.498222 0.693262
vt 0.521873 0.777389
vt 0.536163 0.853330
vt 0.506668 0.854815
vt 0.535748 0.865721
vt 0.516052 0.875613
vt 0.538610 0.880670
vt 0.523290 0.888398
vt 0.542681 0.893857
vt 0.532945 0.901199
vt 0.546046 0.915703
vt 0.549930 0.913026
vt 0.554683 0.923831
vt 0.496582 0.833590
vt 0.475607 0.869597
vt 0.500003 0.891217
vt 0.434513 0.826142
vt 0.510552 0.900198
vt 0.525719 0.910810
vt 0.543321 0.920502
vt 0.474240 0.778590
vt 0.402784 0.786591
vt 0.445692 0.744153
vt 0.386511 0.755730
vt 0.424580 0.721232
vt 0.364821 0.716881
vt 0.407527 0.695513
vt 0.396323 0.677937
vt 0.439400 0.658580
vt 0.356460 0.697175
vt 0.346781 0.673324
vt 0.424222 0.643928
vt 0.388413 0.659496
vt 0.382879 0.644299
vt 0.416303 0.631984
vt 0.340773 0.657806
vt 0.379137 0.624587
vt 0.413989 0.623671
vt 0.329207 0.629257
vt 0.418013 0.613918
vt 0.401172 0.608267
vt 0.410670 0.604207
vt 0.426803 0.598682
vt 0.430010 0.603778
vt 0.443050 0.593584
vt 0.373717 0.604033
vt 0.321413 0.589498
vt 0.374000 0.596548
vt 0.374122 0.586315
vt 0.408897 0.587763
vt 0.407795 0.597987
vt 0.426122 0.595900
vt 0.427002 0.590464
vt 0.621971 0.206663
vt 0.636627 0.224489
vt 0.635749 0.247242
vt 0.655201 0.245332
vt 0.635898 0.211620
vt 0.656611 0.224719
vt 0.653021 0.212026
vt 0.670667 0.219331
vt 0.664687 0.207570
vt 0.679829 0.236541
vt 0.667951 0.205394
vt 0.685883 0.231236
vt 0.674735 0.216698
vt 0.674937 0.198646
vt 0.694366 0.222654
vt 0.682966 0.209073
vt 0.687091 0.180209
vt 0.710090 0.210195
vt 0.702682 0.190201
vt 0.628282 0.331326
vt 0.625992 0.323654
vt 0.636243 0.322629
vt 0.614059 0.324669
vt 0.612241 0.341602
vt 0.603612 0.325262
vt 0.606138 0.342832
vt 0.592601 0.328895
vt 0.591391 0.342775
vt 0.580054 0.332524
vt 0.578639 0.338394
vt 0.570938 0.334959
vt 0.093912 0.909603
vt 0.098993 0.911758
vt 0.106094 0.912633
vt 0.109909 0.912388
vt 0.115402 0.911296
vt 0.119163 0.910021
vt 0.126978 0.906980
vt 0.587908 0.289341
vt 0.570447 0.296398
vt 0.583703 0.299053
vt 0.570554 0.299736
vt 0.157886 0.769120
vt 0.171422 0.773220
vt 0.448399 0.036063
vt 0.514944 0.021300
vt 0.464596 0.057536
vt 0.435119 0.053102
vt 0.437868 0.074241
vt 0.466330 0.068481
vt 0.469261 0.088336
vt 0.446294 0.094199
vt 0.461793 0.106669
vt 0.522759 0.088002
vt 0.526145 0.121513
vt 0.521188 0.071249
vt 0.603774 0.071853
vt 0.606132 0.088794
vt 0.609017 0.113303
vt 0.731657 0.072065
vt 0.729720 0.089193
vt 0.727728 0.108275
vt 0.842080 0.114587
vt 0.843996 0.094508
vt 0.847065 0.074069
vt 0.902150 0.120490
vt 0.906246 0.095837
vt 0.909961 0.079071
vt 0.930791 0.121398
vt 0.943887 0.093568
vt 0.961255 0.110595
vt 0.948675 0.083627
vt 0.977231 0.095388
vt 0.959086 0.073390
vt 0.980417 0.074298
vt 0.972839 0.052664
vt 0.721679 0.317745
vt 0.706811 0.314148
vt 0.720637 0.313889
vt 0.728122 0.312717
vt 0.708941 0.324507
vt 0.689352 0.313839
vt 0.694324 0.328600
vt 0.677869 0.329754
vt 0.677924 0.315993
vt 0.675219 0.316875
vt 0.660950 0.319482
vt 0.661288 0.326711
vt 0.648655 0.321281
vt 0.210044 0.302547
vt 0.220271 0.285816
vt 0.236711 0.283595
vt 0.207034 0.292786
vt 0.198907 0.305218
vt 0.196102 0.295960
vt 0.178775 0.258576
vt 0.187705 0.254593
vt 0.197401 0.248713
vt 0.234342 0.275236
vt 0.227203 0.274637
vt 0.207425 0.240996
vt 0.974621 0.539184
vt 0.975818 0.527350
vt 0.968189 0.541271
vt 0.993568 0.533787
vt 0.976821 0.542975
vt 0.965813 0.523382
vt 0.971011 0.546336
vt 0.953984 0.553988
vt 0.958385 0.536849
vt 0.940430 0.528071
vt 0.950393 0.512355
vt 0.924018 0.515725
vt 0.937782 0.499956
vt 0.912292 0.506421
vt 0.928535 0.490741
vt 0.901431 0.494828
vt 0.917408 0.476394
vt 0.894908 0.483377
vt 0.911288 0.454967
vt 0.888822 0.477411
vt 0.907873 0.437722
vt 0.881190 0.508982
vt 0.869933 0.531973
vt 0.885583 0.525869
vt 0.893504 0.512897
vt 0.893924 0.524704
vt 0.902070 0.525461
vt 0.913719 0.533214
vt 0.930927 0.548837
vt 0.768548 0.651684
vt 0.783300 0.651927
vt 0.778136 0.661108
vt 0.772013 0.646268
vt 0.765592 0.655866
vt 0.719686 0.627853
vt 0.775967 0.667308
vt 0.792112 0.610211
vt 0.762739 0.664827
vt 0.775421 0.675474
vt 0.762054 0.675231
vt 0.766006 0.682745
vt 0.774882 0.684446
vt 0.742011 0.586128
vt 0.717069 0.633711
vt 0.713331 0.640828
vt 0.527638 0.435693
vt 0.534870 0.452145
vt 0.547094 0.488813
vt 0.557434 0.528973
vt 0.773753 0.925995
vt 0.830505 0.763273
vt 0.787401 0.743803
vt 0.769575 0.732801
vt 0.756117 0.715369
vt 0.755601 0.699454
vt 0.709667 0.647247
vt 0.701027 0.662776
vt 0.758494 0.690407
vt 0.705634 0.654331
vt 0.770883 0.694943
vt 0.768388 0.701172
vt 0.768829 0.710428
vt 0.390757 0.418963
vt 0.398871 0.445567
vt 0.405051 0.428200
vt 0.374356 0.452188
vt 0.388627 0.464643
vt 0.415727 0.432100
vt 0.397875 0.472949
vt 0.424662 0.432147
vt 0.428177 0.422732
vt 0.428199 0.414794
vt 0.427443 0.406576
vt 0.451556 0.399845
vt 0.449162 0.396217
vt 0.441728 0.386031
vt 0.423151 0.393652
vt 0.418868 0.381078
vt 0.429164 0.374560
vt 0.415865 0.372745
vt 0.421975 0.370046
vt 0.413736 0.366328
vt 0.382806 0.500766
vt 0.358959 0.440163
vt 0.343710 0.457722
vt 0.344186 0.432112
vt 0.333219 0.448979
vt 0.324892 0.428851
vt 0.323098 0.453838
vt 0.327316 0.465713
vt 0.100274 0.479939
vt 0.130282 0.503919
vt 0.116811 0.456059
vt 0.077758 0.466098
vt 0.098095 0.430305
vt 0.058534 0.456385
vt 0.081405 0.412057
vt 0.036229 0.445460
vt 0.058434 0.402071
vt 0.075678 0.394610
vt 0.059521 0.393472
vt 0.086063 0.373203
vt 0.070664 0.382234
vt 0.058203 0.384041
vt 0.097205 0.359368
vt 0.104667 0.350445
vt 0.050808 0.336358
vt 0.040852 0.340010
vt 0.071422 0.324433
vt 0.079042 0.318042
vt 0.061592 0.331383
vt 0.739104 0.027289
vt 0.850429 0.055664
vt 0.855376 0.027234
vt 0.917939 0.059692
vt 0.933951 0.034813
vt 0.513814 0.055276
vt 0.593370 0.021576
vt 0.600358 0.050751
vt 0.733966 0.054358
vt 0.657227 0.314274
vt 0.666657 0.305890
vt 0.670851 0.298805
vt 0.683053 0.298114
vt 0.679930 0.285907
vt 0.696532 0.295758
vt 0.669633 0.288802
vt 0.666639 0.284544
vt 0.677036 0.274868
vt 0.710172 0.305476
vt 0.721926 0.310487
vt 0.713703 0.134055
vt 0.740400 0.164551
vt 0.745685 0.158902
vt 0.754400 0.178985
vt 0.761280 0.134842
vt 0.726993 0.113315
vt 0.778454 0.145784
vt 0.761146 0.171653
vt 0.770603 0.196731
vt 0.797686 0.158955
vt 0.777832 0.187051
vt 0.783728 0.209268
vt 0.794143 0.200349
vt 0.814703 0.171884
vt 0.811910 0.213888
vt 0.805271 0.228663
vt 0.831551 0.184773
vt 0.836979 0.229612
vt 0.830805 0.253543
vt 0.852895 0.199295
vt 0.868459 0.244188
vt 0.862374 0.264347
vt 0.876653 0.211498
vt 0.879729 0.272554
vt 0.890636 0.249064
vt 0.889285 0.214819
vt 0.899551 0.280755
vt 0.905512 0.244148
vt 0.894762 0.214161
vt 0.914854 0.237288
vt 0.898698 0.211444
vt 0.929980 0.218394
vt 0.910496 0.198981
vt 0.940753 0.193308
vt 0.924387 0.180442
vt 0.931170 0.170860
vt 0.674457 0.265028
vt 0.653509 0.278307
vt 0.654181 0.284468
vt 0.639040 0.284784
vt 0.640456 0.288129
vt 0.627748 0.292323
vt 0.629599 0.294791
vt 0.621551 0.301765
vt 0.604525 0.276019
vt 0.602565 0.290737
vt 0.602559 0.300017
vt 0.620193 0.305652
vt 0.602979 0.309487
vt 0.623394 0.312289
vt 0.588880 0.302847
vt 0.590206 0.310289
vt 0.603360 0.317288
vt 0.585229 0.316676
vt 0.576317 0.327780
vt 0.628794 0.317115
vt 0.762743 0.203062
vt 0.745636 0.237988
vt 0.734353 0.222670
vt 0.773800 0.216669
vt 0.770656 0.268902
vt 0.797608 0.245482
vt 0.801577 0.301796
vt 0.824232 0.275548
vt 0.909232 0.322418
vt 0.914693 0.337034
vt 0.915094 0.348433
vt 0.911014 0.357235
vt 0.903842 0.363863
vt 0.114255 0.778165
vt 0.122574 0.773977
vt 0.697048 0.252292
vt 0.703524 0.264128
vt 0.687112 0.259571
vt 0.695600 0.269369
vt 0.691495 0.272890
vt 0.690368 0.285025
vt 0.070892 0.548982
vt 0.079066 0.537510
vt 0.086123 0.540350
vt 0.118620 0.549052
vt 0.127345 0.532432
vt 0.096832 0.519821
vt 0.092643 0.515462
vt 0.340643 0.354562
vt 0.382672 0.350023
vt 0.306213 0.355295
vt 0.274547 0.353566
vt 0.242901 0.352330
vt 0.218313 0.353994
vt 0.214576 0.316891
vt 0.207148 0.355294
vt 0.202868 0.317372
vt 0.357629 0.901882
vt 0.730479 0.245921
vt 0.715713 0.260305
vt 0.734932 0.258582
vt 0.734130 0.245839
vt 0.712736 0.247342
vt 0.146552 0.010969
vt 0.160395 0.011032
vt 0.172715 0.011104
vt 0.209084 0.013088
vt 0.241265 0.017540
vt 0.071647 0.533379
vt 0.087242 0.509715
vt 0.056491 0.490142
vt 0.041779 0.513543
vt 0.032693 0.526122
vt 0.063154 0.545077
vt 0.019576 0.139925
vt 0.015784 0.148985
vt 0.022014 0.132320
vt 0.830853 0.587927
vt 0.827476 0.600341
vt 0.839759 0.566952
vt 0.852823 0.547018
vt 0.746355 0.183570
vt 0.719769 0.199555
vt 0.734933 0.167704
vt 0.709919 0.181522
vt 0.691499 0.145564
vt 0.359089 0.411093
vt 0.382293 0.435882
vt 0.347241 0.411845
vt 0.338112 0.419023
vt 0.332709 0.411296
vt 0.346212 0.401375
vt 0.360753 0.399433
vt 0.911282 0.402417
vt 0.881747 0.371960
vt 0.940099 0.418061
vt 0.193313 0.376104
vt 0.175177 0.381361
vt 0.200289 0.404255
vt 0.221092 0.369852
vt 0.226093 0.400448
vt 0.253875 0.366404
vt 0.255980 0.398757
vt 0.282746 0.366407
vt 0.282149 0.401746
vt 0.317403 0.406043
vt 0.320047 0.369177
vt 0.423291 0.363551
vt 0.433144 0.363126
vt 0.457294 0.371580
vt 0.470248 0.382545
vt 0.477600 0.392709
vt 0.779421 0.722112
vt 0.794831 0.732207
vt 0.836844 0.752795
vt 0.129739 0.874024
vt 0.151660 0.865698
vt 0.139796 0.846609
vt 0.122012 0.854729
vt 0.115631 0.841758
vt 0.135927 0.896163
vt 0.164343 0.886160
vt 0.142148 0.918366
vt 0.171190 0.904419
vt 0.234856 0.855176
vt 0.261702 0.860808
vt 0.287538 0.864900
vt 0.255440 0.087612
vt 0.267543 0.096643
vt 0.278828 0.105967
vt 0.305290 0.129957
vt 0.324789 0.148538
vt 0.335110 0.162167
vt 0.318186 0.760853
vt 0.300691 0.738911
vt 0.335113 0.775149
vt 0.287100 0.713691
vt 0.281905 0.698510
vt 0.340651 0.778887
vt 0.340839 0.779009
vt 0.347709 0.793110
vt 0.362732 0.800957
vt 0.377768 0.818970
vt 0.383501 0.830056
vt 0.390222 0.841952
vt 0.393212 0.847339
vt 0.397786 0.855819
vt 0.412106 0.868926
vt 0.444372 0.894279
vt 0.464326 0.911613
vt 0.472703 0.920748
vt 0.481253 0.933878
vt 0.502329 0.931393
vt 0.495582 0.909902
vt 0.485964 0.895807
vt 0.465007 0.874532
vt 0.434832 0.847371
vt 0.423912 0.836187
vt 0.143757 0.610548
vt 0.156250 0.589763
vt 0.130316 0.636203
vt 0.121516 0.653703
vt 0.112116 0.667840
vt 0.418862 0.324782
vt 0.424714 0.346550
vt 0.413188 0.302841
vt 0.406985 0.282870
vt 0.403229 0.273753
vt 0.356023 0.788019
vt 0.349089 0.784081
vt 0.353533 0.784125
vt 0.378746 0.762814
vt 0.383052 0.768129
vt 0.392346 0.782727
vt 0.404770 0.803265
vt 0.411148 0.814590
vt 0.417439 0.826028
vt 0.420019 0.830562
vt 0.101281 0.680103
vt 0.924386 0.919220
vt 0.313740 0.673345
vt 0.317819 0.684408
vt 0.322909 0.698466
vt 0.332230 0.720866
vt 0.343101 0.737855
vt 0.354083 0.747950
vt 0.357427 0.749870
vt 0.189986 0.538823
vt 0.186719 0.566981
vt 0.185142 0.520157
vt 0.181137 0.504723
vt 0.150244 0.564013
vt 0.152300 0.538259
vt 0.151939 0.522029
vt 0.150582 0.507211
vt 0.277602 0.058755
vt 0.290198 0.068591
vt 0.302399 0.078674
vt 0.330446 0.104707
vt 0.349942 0.125642
vt 0.361304 0.138451
vt 0.089949 0.900554
vt 0.092700 0.907823
vt 0.086382 0.889359
vt 0.084620 0.884819
vt 0.411628 0.215316
vt 0.408851 0.222585
vt 0.405901 0.229572
vt 0.414524 0.199340
vt 0.670451 0.378664
vt 0.879220 0.337906
vt 0.880679 0.344074
vt 0.880352 0.349743
vt 0.879559 0.356554
vt 0.118203 0.813821
vt 0.124036 0.804135
vt 0.110923 0.831378
vt 0.104263 0.846235
vt 0.098063 0.858612
vt 0.089128 0.876054
vt 0.137040 0.795684
vt 0.130366 0.799594
vt 0.060550 0.051300
vt 0.068594 0.067698
vt 0.081177 0.074574
vt 0.108587 0.059091
vt 0.100237 0.046282
vt 0.087923 0.029893
vt 0.079631 0.019638
s 1
f 1/1/1 2/2/2 3/3/2
f 2/2/2 4/4/3 3/3/2
f 2/2/2 5/5/4 4/4/3
f 2/2/2 1/1/1 6/6/5
f 7/7/6 6/6/5 1/1/1
f 6/6/5 7/7/6 8/8/7
f 8/8/7 9/9/8 6/6/5
f 9/9/8 8/8/7 10/10/9
f 11/11/10 6/6/5 9/9/8
f 6/6/5 11/11/10 12/2/11
f 13/12/12 12/2/11 11/11/10
f 12/2/11 13/12/12 14/5/12
f 15/13/13 16/14/14 17/15/15
f 16/14/14 18/16/16 17/15/15
f 16/14/14 19/17/17 18/16/16
f 19/17/17 16/14/14 20/18/18
f 16/14/14 15/13/13 21/19/19
f 21/19/19 20/18/18 16/14/14
f 20/18/18 21/19/19 22/20/20
f 23/21/21 21/19/19 15/13/13
f 24/22/22 22/20/20 21/19/19
f 21/19/19 23/21/21 25/23/23
f 25/23/23 24/22/22 21/19/19
f 26/24/24 25/23/23 23/21/21
f 27/25/25 24/22/22 25/23/23
f 25/23/23 26/24/24 28/26/26
f 29/4/27 28/26/26 26/24/24
f 28/26/26 29/4/27 30/5/28
f 31/26/25 27/25/25 25/23/23
f 32/12/29 27/25/25 31/26/25
f 33/5/29 32/12/29 31/26/25
f 34/27/30 35/28/31 36/29/32
f 36/29/32 35/28/31 37/30/33
f 35/28/31 34/27/30 38/31/34
f 37/30/33 39/32/35 36/29/32
f 39/32/35 37/30/33 40/33/36
f 39/32/35 40/33/36 41/34/37
f 34/27/30 42/35/38 38/31/34
f 42/35/38 34/27/30 43/36/39
f 43/36/39 44/37/40 42/35/38
f 45/38/41 44/37/40 43/36/39
f 46/39/42 47/13/43 48/15/44
f 46/39/42 48/15/44 49/16/45
f 47/13/43 46/39/42 50/40/43
f 50/40/43 51/21/46 47/13/43
f 49/16/45 52/41/47 46/39/42
f 52/41/47 49/16/45 53/42/48
f 54/43/49 46/39/42 52/41/47
f 46/39/42 54/43/49 55/40/50
f 56/44/51 55/40/50 54/43/49
f 55/40/50 56/44/51 57/45/51
f 51/21/46 50/40/43 58/45/52
f 58/45/52 59/24/53 51/21/46
f 58/45/52 60/4/54 59/24/53
f 58/45/52 61/3/55 60/4/54
f 62/46/56 61/3/55 58/45/52
f 61/3/55 62/46/56 63/1/57
f 62/46/56 64/7/58 63/1/57
f 62/46/56 65/47/59 64/7/58
f 62/46/56 66/48/60 65/47/59
f 67/49/61 65/47/59 66/48/60
f 66/48/60 68/50/62 67/49/61
f 68/50/62 66/48/60 69/51/63
f 70/52/64 68/50/62 69/51/63
f 68/50/62 70/52/64 71/53/65
f 71/53/65 70/52/64 72/54/66
f 73/55/67 72/54/66 70/52/64
f 73/55/67 74/56/68 72/54/66
f 73/55/67 75/57/69 74/56/68
f 70/52/64 76/58/70 73/55/67
f 77/59/71 76/58/70 70/52/64
f 78/51/72 77/59/71 70/52/64
f 79/60/73 73/55/67 76/58/70
f 80/48/74 77/59/71 78/51/72
f 77/59/71 80/48/74 81/61/75
f 82/46/76 81/61/75 80/48/74
f 81/61/75 82/46/76 83/62/76
f 73/55/67 79/60/73 84/63/77
f 84/63/77 75/57/69 73/55/67
f 85/64/78 86/65/78 87/66/79
f 88/67/78 86/65/78 85/64/78
f 89/68/80 87/66/79 86/65/78
f 86/65/78 88/67/78 90/69/78
f 91/70/81 87/66/79 89/68/80
f 90/69/78 88/67/78 92/71/82
f 87/66/79 91/70/81 93/72/83
f 94/73/81 93/72/83 91/70/81
f 93/72/83 94/73/81 95/74/81
f 96/75/82 92/71/82 88/67/78
f 92/71/82 96/75/82 97/76/84
f 96/75/82 98/77/85 97/76/84
f 97/76/84 98/77/85 99/78/86
f 100/79/86 99/78/86 98/77/85
f 99/78/86 100/79/86 101/80/87
f 100/79/86 102/81/88 101/80/87
f 101/80/87 102/81/88 103/82/89
f 104/83/90 103/82/89 102/81/88
f 103/82/89 104/83/90 105/84/91
f 104/83/90 106/85/92 105/84/91
f 105/84/91 106/85/92 107/86/93
f 106/85/92 108/87/94 107/86/93
f 107/86/93 108/87/94 109/88/95
f 110/89/96 109/88/95 108/87/94
f 111/70/81 112/66/97 113/72/83
f 113/72/83 114/73/81 111/70/81
f 114/73/81 113/72/83 115/74/81
f 112/66/97 111/70/81 116/68/80
f 116/68/80 117/64/78 112/66/97
f 117/64/78 116/68/80 118/65/78
f 117/64/78 118/65/78 119/69/78
f 117/64/78 119/69/78 120/67/78
f 119/69/78 121/75/82 120/67/78
f 121/75/82 119/69/78 122/71/82
f 121/75/82 122/71/82 123/76/84
f 121/75/82 123/76/84 124/77/85
f 124/77/85 123/76/84 125/78/86
f 124/77/85 125/78/86 126/79/98
f 126/79/98 125/78/86 127/80/87
f 126/79/98 127/80/87 128/81/88
f 128/81/88 127/80/87 129/82/89
f 128/81/88 129/82/89 130/83/90
f 130/83/90 129/82/89 131/84/91
f 130/83/90 131/84/91 132/85/92
f 132/85/92 131/84/91 133/86/93
f 132/85/92 133/86/93 134/87/99
f 134/87/99 133/86/93 135/88/100
f 134/87/99 135/88/100 136/89/96
f 137/90/101 138/91/102 139/92/101
f 138/91/102 137/90/101 140/93/103
f 141/90/101 142/92/104 143/91/105
f 141/90/101 143/91/105 144/93/103
f 145/94/106 146/95/107 147/96/108
f 146/95/107 145/94/106 148/97/109
f 149/33/110 145/94/106 147/96/108
f 150/34/111 145/94/106 149/33/110
f 149/33/110 151/32/112 150/34/111
f 152/30/113 151/32/112 149/33/110
f 149/33/110 147/96/108 152/30/113
f 151/32/112 152/30/113 153/29/114
f 153/29/114 152/30/113 154/28/115
f 154/28/115 155/27/116 153/29/114
f 155/27/116 154/28/115 156/31/117
f 157/35/118 155/27/116 156/31/117
f 155/27/116 157/35/118 158/36/119
f 159/37/120 158/36/119 157/35/118
f 158/36/119 159/37/120 160/38/121
f 152/30/113 147/96/108 161/98/122
f 147/96/108 146/95/107 161/98/122
f 162/99/123 163/100/123 164/101/124
f 164/101/124 165/102/125 166/100/123
f 167/103/126 165/102/125 164/101/124
f 167/103/126 168/104/127 165/102/125
f 167/103/126 169/105/128 168/104/127
f 169/105/128 167/103/126 170/106/129
f 169/105/128 171/107/130 168/104/127
f 169/105/128 172/108/131 171/107/130
f 171/107/130 173/102/132 168/104/127
f 173/102/132 171/107/130 174/109/132
f 175/110/133 173/102/132 174/109/132
f 173/102/132 175/110/133 176/100/133
f 177/56/134 176/100/133 175/110/133
f 178/111/135 179/112/136 180/113/137
f 179/112/136 178/111/135 181/114/136
f 180/113/137 182/115/138 178/111/135
f 182/115/138 180/113/137 183/116/138
f 183/116/138 184/117/139 182/115/138
f 184/117/139 183/116/138 185/118/140
f 186/111/135 187/112/141 188/114/136
f 187/112/141 186/111/135 189/113/137
f 190/115/138 189/113/137 186/111/135
f 189/113/137 190/115/138 191/116/142
f 190/115/138 192/118/139 191/116/142
f 192/118/139 190/115/138 193/117/140
f 194/119/143 195/120/144 196/121/145
f 196/121/145 197/122/146 194/119/143
f 198/123/147 196/121/145 195/120/144
f 198/123/147 195/120/144 199/124/148
f 198/123/147 199/124/148 200/125/148
f 196/121/145 198/123/147 201/126/149
f 202/127/150 196/121/145 201/126/149
f 202/127/150 203/128/151 196/121/145
f 197/122/146 196/121/145 203/128/151
f 204/129/152 203/128/151 202/127/150
f 204/129/152 205/130/152 203/128/151
f 204/129/152 206/131/153 205/130/152
f 206/131/153 204/129/152 207/132/154
f 207/132/154 208/133/155 206/131/153
f 208/133/155 207/132/154 209/134/155
f 210/130/156 197/122/146 203/128/151
f 197/122/146 210/130/156 211/135/157
f 212/108/158 211/135/157 210/130/156
f 213/107/159 212/108/158 210/130/156
f 213/107/159 210/130/156 214/131/160
f 215/109/160 213/107/159 214/131/160
f 216/133/161 215/109/160 214/131/160
f 217/110/162 215/109/160 216/133/161
f 218/56/163 217/110/162 216/133/161
f 216/133/161 219/57/164 218/56/163
f 219/57/164 220/55/165 218/56/163
f 219/57/164 216/133/161 221/136/166
f 219/57/164 222/63/167 220/55/165
f 221/136/166 223/137/168 219/57/164
f 223/137/168 221/136/166 224/138/169
f 223/137/168 224/138/169 225/139/170
f 222/63/167 219/57/164 226/137/171
f 222/63/167 226/137/171 227/139/172
f 228/140/173 222/63/167 227/139/172
f 228/140/173 227/139/172 229/141/174
f 230/60/73 222/63/167 228/140/173
f 230/60/73 231/55/175 222/63/167
f 232/58/70 231/55/175 230/60/73
f 232/58/70 233/52/176 231/55/175
f 234/59/71 233/52/176 232/58/70
f 234/59/71 235/51/72 233/52/176
f 234/59/71 236/48/74 235/51/72
f 236/48/74 234/59/71 237/61/177
f 238/62/76 236/48/74 237/61/177
f 238/62/76 239/46/76 236/48/74
f 240/142/178 241/143/179 242/144/180
f 243/145/181 241/143/179 240/142/178
f 244/146/182 243/145/181 240/142/178
f 241/143/179 245/147/183 242/144/180
f 242/144/180 245/147/183 246/148/184
f 245/147/183 247/149/185 246/148/184
f 248/143/179 249/142/186 250/144/187
f 251/145/181 249/142/186 248/143/179
f 251/145/181 252/146/188 249/142/186
f 248/143/179 250/144/187 253/147/183
f 253/147/183 250/144/187 254/148/189
f 253/147/183 254/148/189 255/149/185
f 256/150/190 257/151/191 258/152/191
f 259/153/192 258/152/191 257/151/191
f 258/152/191 259/153/192 260/154/192
f 257/151/191 256/150/190 261/155/193
f 262/156/194 261/155/193 256/150/190
f 263/157/195 261/155/193 262/156/194
f 263/157/195 264/158/196 261/155/193
f 264/158/196 263/157/195 265/159/196
f 265/159/196 266/160/197 264/158/196
f 266/160/197 265/159/196 267/161/198
f 268/162/199 266/160/197 267/161/198
f 266/160/197 268/162/199 269/163/200
f 268/162/199 270/164/201 269/163/200
f 271/165/202 269/163/200 270/164/201
f 271/165/202 270/164/201 272/166/203
f 271/165/202 272/166/203 273/167/204
f 273/167/204 272/166/203 274/168/205
f 275/169/206 271/165/202 273/167/204
f 275/169/206 269/163/200 271/165/202
f 276/170/207 269/163/200 275/169/206
f 276/170/207 277/160/208 269/163/200
f 278/171/209 277/160/208 276/170/207
f 278/171/209 279/158/210 277/160/208
f 280/172/211 279/158/210 278/171/209
f 280/172/211 281/155/212 279/158/210
f 280/172/211 282/151/213 281/155/212
f 282/151/213 280/172/211 283/173/213
f 284/174/214 282/151/213 283/173/213
f 284/174/214 285/153/214 282/151/213
f 286/151/215 287/150/216 288/152/215
f 288/152/215 289/153/217 286/151/215
f 289/153/217 288/152/215 290/154/217
f 287/150/216 286/151/215 291/155/218
f 291/155/218 292/156/219 287/150/216
f 291/155/218 293/157/220 292/156/219
f 294/158/221 293/157/220 291/155/218
f 293/157/220 294/158/221 295/159/221
f 296/160/222 295/159/221 294/158/221
f 295/159/221 296/160/222 297/161/222
f 296/160/222 298/162/223 297/161/222
f 298/162/223 296/160/222 299/163/224
f 300/164/225 298/162/223 299/163/224
f 301/160/208 302/170/207 299/163/224
f 303/158/209 302/170/207 301/160/208
f 302/170/207 303/158/209 304/171/210
f 305/155/211 304/171/210 303/158/209
f 304/171/210 305/155/211 306/172/212
f 306/172/212 305/155/211 307/173/213
f 308/151/226 307/173/213 305/155/211
f 307/173/213 308/151/226 309/174/214
f 310/153/214 309/174/214 308/151/226
f 302/170/207 311/169/206 299/163/224
f 299/163/224 311/169/206 312/165/227
f 299/163/224 312/165/227 300/164/225
f 311/169/206 313/167/204 312/165/227
f 314/166/228 312/165/227 313/167/204
f 300/164/225 312/165/227 314/166/228
f 315/175/229 316/176/230 317/177/231
f 318/178/232 315/175/229 317/177/231
f 319/179/233 315/175/229 318/178/232
f 318/178/232 320/180/234 319/179/233
f 319/179/233 320/180/234 321/181/235
f 320/180/234 322/182/236 321/181/235
f 321/181/235 322/182/236 323/183/237
f 322/182/236 324/184/238 323/183/237
f 323/183/237 324/184/238 325/185/239
f 326/186/240 327/187/241 328/188/242
f 327/187/241 326/186/240 329/189/243
f 326/186/240 330/190/244 329/189/243
f 330/190/244 326/186/240 331/191/245
f 331/191/245 332/192/246 330/190/244
f 333/193/247 331/191/245 326/186/240
f 326/186/240 334/194/248 333/193/247
f 334/194/248 326/186/240 335/188/249
f 335/188/249 336/195/250 334/194/248
f 336/195/250 335/188/249 337/196/250
f 331/191/245 333/193/247 338/197/251
f 332/192/246 331/191/245 339/198/252
f 338/197/251 339/198/252 331/191/245
f 332/192/246 339/198/252 340/199/253
f 339/198/252 338/197/251 341/200/254
f 341/200/254 340/199/253 339/198/252
f 340/199/253 341/200/254 342/201/255
f 343/202/256 344/203/257 345/204/258
f 343/202/256 346/205/259 344/203/257
f 346/205/259 343/202/256 347/206/260
f 347/206/260 348/207/261 346/205/259
f 349/208/262 347/206/260 343/202/256
f 350/209/263 343/202/256 345/204/258
f 350/209/263 349/208/262 343/202/256
f 345/204/258 351/210/264 350/209/263
f 350/209/263 352/211/265 349/208/262
f 353/212/266 350/209/263 351/210/264
f 352/211/265 350/209/263 353/212/266
f 353/212/266 351/210/264 354/213/267
f 355/214/267 353/212/266 354/213/267
f 353/212/266 356/215/268 352/211/265
f 356/215/268 353/212/266 357/214/269
f 357/214/269 358/216/270 356/215/268
f 358/216/270 357/214/269 359/217/271
f 359/217/271 360/218/272 358/216/270
f 360/218/272 359/217/271 361/219/273
f 361/219/273 362/220/274 360/218/272
f 362/220/274 361/219/273 363/221/275
f 364/222/276 365/223/277 366/224/276
f 365/223/277 364/222/276 367/146/277
f 368/142/278 365/223/277 367/146/277
f 365/223/277 368/142/278 369/225/279
f 368/142/278 370/144/280 369/225/279
f 370/144/280 371/226/281 369/225/279
f 372/227/282 371/226/281 370/144/280
f 370/144/280 373/148/283 372/227/282
f 373/148/283 374/228/284 372/227/282
f 374/228/284 373/148/283 375/229/285
f 373/148/283 376/149/286 375/229/285
f 376/149/286 377/230/287 375/229/285
f 378/231/288 375/229/285 377/230/287
f 374/228/284 375/229/285 378/231/288
f 377/230/287 379/232/289 378/231/288
f 380/224/290 381/223/291 382/222/290
f 382/222/290 381/223/291 383/146/291
f 381/223/291 384/142/292 383/146/291
f 384/142/292 381/223/291 385/225/293
f 386/144/294 384/142/292 385/225/293
f 385/225/293 387/226/295 386/144/294
f 387/226/295 388/227/296 386/144/294
f 388/227/296 389/148/297 386/144/294
f 390/228/298 389/148/297 388/227/296
f 390/228/298 391/229/299 389/148/297
f 392/149/300 389/148/297 391/229/299
f 391/229/299 390/228/298 393/231/301
f 392/149/300 391/229/299 394/230/302
f 391/229/299 393/231/301 394/230/302
f 394/230/302 393/231/301 395/232/303
f 396/233/304 397/234/305 398/235/306
f 397/234/305 399/236/306 398/235/306
f 397/234/305 396/233/304 400/237/307
f 401/238/308 400/237/307 396/233/304
f 402/234/309 403/233/304 404/235/306
f 402/234/309 404/235/306 405/236/306
f 406/237/310 403/233/304 402/234/309
f 406/237/310 407/238/307 403/233/304
f 408/239/311 409/240/312 410/241/313
f 410/241/313 409/240/312 411/242/314
f 409/240/312 408/239/311 412/243/315
f 413/244/316 411/242/314 409/240/312
f 412/243/315 408/239/311 414/245/317
f 415/246/318 411/242/314 413/244/316
f 408/239/311 416/247/319 414/245/317
f 411/242/314 415/246/318 417/248/320
f 414/245/317 416/247/319 418/249/321
f 419/250/322 417/248/320 415/246/318
f 416/247/319 420/251/321 418/249/321
f 418/249/321 420/251/321 421/252/323
f 420/251/321 422/253/324 421/252/323
f 417/248/320 419/250/322 423/254/325
f 424/255/326 423/254/325 419/250/322
f 423/254/325 424/255/326 425/256/327
f 426/196/328 425/256/327 424/255/326
f 425/256/327 426/196/328 427/195/329
f 428/257/330 429/258/331 430/259/330
f 431/260/332 428/257/330 430/259/330
f 429/258/331 428/257/330 432/261/333
f 431/260/332 433/262/332 428/257/330
f 432/261/333 434/263/334 429/258/331
f 431/260/332 435/264/335 433/262/332
f 434/263/334 432/261/333 436/265/334
f 435/264/335 431/260/332 437/266/335
f 436/265/334 438/267/336 434/263/334
f 437/266/335 439/268/337 435/264/335
f 438/267/336 436/265/334 440/269/338
f 439/268/337 437/266/335 441/270/339
f 440/269/338 442/271/340 438/267/336
f 441/270/339 443/272/341 439/268/337
f 442/271/340 440/269/338 444/273/340
f 443/272/341 441/270/339 445/274/342
f 446/275/343 442/271/340 444/273/340
f 445/274/342 447/276/344 443/272/341
f 446/275/343 448/277/343 442/271/340
f 447/276/344 445/274/342 449/278/345
f 446/275/343 450/279/346 448/277/343
f 449/278/345 451/280/347 447/276/344
f 450/279/346 446/275/343 452/281/348
f 451/280/347 449/278/345 453/282/349
f 451/280/347 453/282/349 454/185/350
f 451/280/347 454/185/350 455/184/351
f 452/281/348 456/283/352 450/279/346
f 456/283/352 452/281/348 457/284/353
f 458/285/354 456/283/352 457/284/353
f 459/257/355 460/258/331 461/261/356
f 460/258/331 459/257/355 462/259/357
f 463/263/334 461/261/356 460/258/331
f 464/262/332 462/259/357 459/257/355
f 461/261/356 463/263/334 465/265/334
f 462/259/357 464/262/332 466/260/332
f 467/269/336 465/265/334 463/263/334
f 464/262/332 468/266/335 466/260/332
f 469/267/338 467/269/336 463/263/334
f 468/266/335 464/262/332 470/264/335
f 471/273/340 467/269/336 469/267/338
f 470/264/335 472/270/337 468/266/335
f 473/271/340 471/273/340 469/267/338
f 472/270/337 470/264/335 474/268/339
f 475/277/358 471/273/340 473/271/340
f 474/268/339 476/274/341 472/270/337
f 471/273/340 475/277/358 477/275/343
f 476/274/341 474/268/339 478/272/342
f 479/279/359 477/275/343 475/277/358
f 476/274/341 478/272/342 480/278/344
f 477/275/343 479/279/359 481/281/348
f 482/276/345 480/278/344 478/272/342
f 483/283/360 481/281/348 479/279/359
f 481/281/348 483/283/360 484/284/353
f 483/283/360 485/285/354 484/284/353
f 480/278/344 482/276/345 486/282/347
f 487/280/349 486/282/347 482/276/345
f 488/184/350 486/282/347 487/280/349
f 486/282/347 488/184/350 489/185/351
f 490/286/361 491/287/362 492/288/363
f 492/288/363 493/289/364 490/286/361
f 493/289/364 492/288/363 494/290/364
f 491/287/362 490/286/361 495/291/362
f 495/291/362 496/292/365 491/287/362
f 496/292/365 495/291/362 497/293/366
f 498/294/367 499/53/368 500/50/369
f 501/52/370 502/50/371 499/53/368
f 500/50/369 503/295/372 498/294/367
f 502/50/371 501/52/370 504/51/373
f 503/295/372 500/50/369 505/49/372
f 506/48/374 502/50/371 504/51/373
f 502/50/371 506/48/374 507/49/375
f 505/49/372 508/296/376 503/295/372
f 506/48/374 509/47/377 507/49/375
f 508/296/376 505/49/372 509/47/377
f 506/48/374 510/46/378 509/47/377
f 509/47/377 510/46/378 511/7/379
f 511/7/379 508/296/376 509/47/377
f 512/8/380 508/296/376 511/7/379
f 512/8/380 513/297/381 508/296/376
f 514/10/382 513/297/381 512/8/380
f 513/297/381 515/295/383 508/296/376
f 515/295/383 513/297/381 516/298/384
f 516/298/384 517/294/385 515/295/383
f 517/294/385 516/298/384 518/299/386
f 519/300/387 517/294/385 518/299/386
f 519/300/387 520/301/387 517/294/385
f 511/7/379 521/46/388 522/1/389
f 521/46/388 523/3/390 522/1/389
f 523/3/390 521/46/388 524/45/391
f 525/6/392 511/7/379 522/1/389
f 526/2/393 522/1/389 523/3/390
f 522/1/389 526/2/393 525/6/392
f 511/7/379 525/6/392 527/8/394
f 528/4/395 526/2/393 523/3/390
f 523/3/390 524/45/391 528/4/395
f 529/5/396 526/2/393 528/4/395
f 530/9/8 527/8/394 525/6/392
f 527/8/394 530/9/8 531/10/9
f 525/6/392 532/11/397 530/9/8
f 532/11/397 525/6/392 533/2/11
f 533/2/11 534/12/12 532/11/397
f 534/12/12 533/2/11 535/5/12
f 528/4/395 536/26/398 537/5/399
f 536/26/398 528/4/395 538/24/400
f 528/4/395 524/45/391 538/24/400
f 538/24/400 539/23/401 536/26/398
f 538/24/400 524/45/391 540/21/402
f 539/23/401 538/24/400 540/21/402
f 541/40/403 540/21/402 524/45/391
f 540/21/402 541/40/403 542/13/403
f 543/39/404 542/13/403 541/40/403
f 542/13/403 543/39/404 544/15/405
f 544/15/405 543/39/404 545/16/406
f 545/16/406 546/14/407 544/15/405
f 547/17/17 546/14/407 545/16/406
f 546/14/407 548/13/408 544/15/405
f 546/14/407 547/17/17 549/18/18
f 550/19/409 540/21/402 548/13/408
f 548/13/408 546/14/407 550/19/409
f 549/18/18 550/19/409 546/14/407
f 540/21/402 550/19/409 539/23/401
f 550/19/409 549/18/18 551/20/20
f 552/22/22 550/19/409 551/20/20
f 552/22/22 539/23/401 550/19/409
f 553/25/25 539/23/401 552/22/22
f 553/25/25 554/26/25 539/23/401
f 555/12/410 554/26/25 553/25/25
f 555/12/410 556/5/410 554/26/25
f 557/302/411 558/118/412 559/303/411
f 558/118/412 557/302/411 560/117/412
f 559/303/411 561/304/413 557/302/411
f 561/304/413 559/303/411 562/305/413
f 563/306/414 561/304/413 562/305/413
f 563/306/414 564/307/414 561/304/413
f 565/303/411 566/117/412 567/302/415
f 566/117/412 565/303/411 568/118/412
f 569/304/416 565/303/411 567/302/415
f 565/303/411 569/304/416 570/305/417
f 569/304/416 571/306/418 570/305/417
f 571/306/418 569/304/416 572/307/414
f 573/308/419 574/309/420 575/310/421
f 573/308/419 575/310/421 576/311/422
f 575/310/421 577/312/423 576/311/422
f 577/312/423 575/310/421 578/313/424
f 577/312/423 578/313/424 579/314/425
f 577/312/423 579/314/425 580/315/425
f 579/314/425 581/316/426 580/315/425
f 581/316/426 579/314/425 582/317/427
f 581/316/426 582/317/427 583/318/428
f 581/316/426 583/318/428 584/319/428
f 584/319/428 583/318/428 585/320/429
f 584/319/428 585/320/429 586/321/429
f 586/321/429 585/320/429 587/322/430
f 586/321/429 587/322/430 588/323/430
f 587/322/430 589/324/431 588/323/430
f 589/324/431 587/322/430 590/325/432
f 589/324/431 590/325/432 591/326/433
f 589/324/431 591/326/433 592/327/434
f 591/326/433 593/328/435 592/327/434
f 593/328/435 591/326/433 594/329/436
f 595/330/437 593/328/435 594/329/436
f 596/331/438 593/328/435 595/330/437
f 597/203/439 598/332/440 599/205/441
f 599/205/441 600/333/442 601/334/443
f 599/205/441 602/202/444 597/203/439
f 602/202/444 599/205/441 603/206/260
f 603/206/260 599/205/441 604/207/261
f 605/208/262 602/202/444 603/206/260
f 605/208/262 606/209/445 602/202/444
f 602/202/444 606/209/445 607/204/446
f 606/209/445 605/208/262 608/211/447
f 606/209/445 609/210/448 607/204/446
f 606/209/445 608/211/447 610/212/449
f 606/209/445 610/212/449 609/210/448
f 610/212/449 608/211/447 611/215/450
f 612/213/451 609/210/448 610/212/449
f 610/212/449 611/215/450 613/214/269
f 610/212/449 614/214/451 612/213/451
f 611/215/450 615/216/452 613/214/269
f 616/335/453 612/213/451 614/214/451
f 613/214/269 615/216/452 617/217/454
f 616/335/453 614/214/451 618/217/453
f 615/216/452 619/218/455 617/217/454
f 618/217/453 620/336/456 616/335/453
f 617/217/454 619/218/455 621/219/457
f 619/218/455 622/221/274 621/219/457
f 622/221/274 619/218/455 623/220/275
f 618/217/453 624/219/456 620/336/456
f 625/337/458 620/336/456 624/219/456
f 624/219/456 626/221/459 625/337/458
f 627/338/460 625/337/458 626/221/459
f 625/337/458 627/338/460 628/339/460
f 628/339/460 627/338/460 629/340/461
f 629/340/461 630/341/462 628/339/460
f 629/340/461 631/342/463 630/341/462
f 631/342/463 629/340/461 632/343/464
f 632/343/464 633/344/465 631/342/463
f 633/344/465 632/343/464 634/345/465
f 634/345/465 635/346/466 633/344/465
f 635/346/466 634/345/465 636/347/467
f 636/347/467 637/348/468 635/346/466
f 637/348/468 636/347/467 638/349/469
f 639/350/470 637/348/468 638/349/469
f 638/349/469 640/351/471 639/350/470
f 639/350/470 640/351/471 641/352/472
f 640/351/471 642/353/473 641/352/472
f 643/354/474 640/351/471 638/349/469
f 644/347/475 643/354/474 638/349/469
f 644/347/475 645/355/476 643/354/474
f 646/345/477 645/355/476 644/347/475
f 646/345/477 647/356/477 645/355/476
f 646/345/477 648/357/478 647/356/477
f 648/357/478 646/345/477 649/343/479
f 649/343/479 650/358/480 648/357/478
f 650/358/480 649/343/479 651/340/480
f 650/358/480 651/340/480 652/338/481
f 650/358/480 652/338/481 653/359/482
f 653/359/482 652/338/481 654/221/483
f 653/359/482 654/221/483 655/220/484
f 640/351/471 643/354/474 656/360/485
f 656/360/485 657/361/486 640/351/471
f 642/353/473 640/351/471 657/361/486
f 657/361/486 656/360/485 658/362/487
f 657/361/486 659/363/488 642/353/473
f 658/362/487 660/364/489 657/361/486
f 659/363/488 657/361/486 660/364/489
f 661/365/490 662/366/491 663/309/492
f 664/367/493 662/366/491 661/365/490
f 662/366/491 664/367/493 665/368/494
f 664/367/493 666/369/495 665/368/494
f 667/370/495 665/368/494 666/369/495
f 668/371/496 667/370/495 666/369/495
f 667/370/495 668/371/496 669/372/496
f 670/310/497 661/365/490 663/309/492
f 671/367/498 661/365/490 670/310/497
f 663/309/492 672/311/499 670/310/497
f 672/311/499 663/309/492 673/308/420
f 674/312/423 670/310/497 672/311/499
f 671/367/498 670/310/497 675/313/498
f 670/310/497 674/312/423 676/313/423
f 677/314/500 671/367/498 675/313/498
f 678/315/425 676/313/423 674/312/423
f 671/367/498 677/314/500 679/369/501
f 676/313/423 678/315/425 680/314/425
f 677/314/500 681/371/502 679/369/501
f 682/316/426 680/314/425 678/315/425
f 681/371/502 677/314/500 683/317/502
f 680/314/425 682/316/426 684/317/427
f 685/318/503 681/371/502 683/317/502
f 686/319/428 684/317/427 682/316/426
f 681/371/502 685/318/503 687/373/504
f 684/317/427 686/319/428 688/318/428
f 689/320/505 687/373/504 685/318/503
f 690/321/429 688/318/428 686/319/428
f 687/373/504 689/320/505 691/374/505
f 688/318/428 690/321/429 692/320/429
f 693/322/506 691/374/505 689/320/505
f 694/323/430 692/320/429 690/321/429
f 691/374/505 693/322/506 695/375/507
f 692/320/429 694/323/430 696/322/430
f 697/325/508 695/375/507 693/322/506
f 696/322/430 694/323/430 698/325/509
f 695/375/507 697/325/508 699/376/508
f 694/323/430 700/324/510 698/325/509
f 701/326/511 699/376/508 697/325/508
f 698/325/509 700/324/510 702/326/512
f 699/376/508 701/326/511 703/377/513
f 700/324/510 704/327/434 702/326/512
f 705/378/514 703/377/513 701/326/511
f 706/328/435 702/326/512 704/327/434
f 701/326/511 707/329/514 705/378/514
f 708/379/276 705/378/514 707/329/514
f 707/329/514 709/330/276 708/379/276
f 702/326/512 706/328/435 710/329/515
f 706/328/435 711/330/516 710/329/515
f 711/330/516 706/328/435 712/331/437
f 713/70/517 714/68/518 715/380/519
f 716/65/520 715/380/519 714/68/518
f 713/70/517 717/381/521 718/73/522
f 717/381/521 713/70/517 715/380/519
f 715/380/519 716/65/520 719/382/523
f 720/69/524 719/382/523 716/65/520
f 719/382/523 720/69/524 721/383/524
f 722/71/525 721/383/524 720/69/524
f 721/383/524 722/71/525 723/384/526
f 724/76/527 723/384/526 722/71/525
f 723/384/526 724/76/527 725/385/527
f 726/78/528 725/385/527 724/76/527
f 725/385/527 726/78/528 727/386/529
f 726/78/528 728/80/530 727/386/529
f 729/387/531 727/386/529 728/80/530
f 728/80/530 730/388/532 729/387/531
f 730/388/532 728/80/530 731/82/533
f 732/389/534 730/388/532 731/82/533
f 731/82/533 733/84/534 732/389/534
f 734/390/535 732/389/534 733/84/534
f 733/84/534 735/86/535 734/390/535
f 735/86/535 736/88/536 734/390/535
f 737/391/537 738/392/538 739/393/539
f 740/93/540 737/391/537 739/393/539
f 737/391/537 740/93/540 741/394/541
f 740/93/540 742/90/542 741/394/541
f 743/395/543 741/394/541 742/90/542
f 739/393/539 744/91/544 740/93/540
f 744/91/544 739/393/539 745/396/545
f 746/397/546 739/393/539 738/392/538
f 746/397/546 745/396/545 739/393/539
f 747/398/547 746/397/546 738/392/538
f 745/396/545 746/397/546 748/399/548
f 746/397/546 747/398/547 749/400/549
f 749/400/549 748/399/548 746/397/546
f 748/399/548 749/400/549 750/401/550
f 751/402/551 752/403/552 753/404/551
f 752/403/552 751/402/551 754/405/553
f 753/404/551 755/406/552 751/402/551
f 755/406/552 753/404/551 756/407/551
f 757/404/551 758/405/552 759/402/551
f 758/405/552 757/404/551 760/403/553
f 759/402/551 761/407/552 757/404/551
f 761/407/552 759/402/551 762/406/551
f 763/408/554 764/409/555 765/410/556
f 766/411/557 765/410/556 764/409/555
f 764/409/555 767/412/558 766/411/557
f 767/412/558 768/413/559 766/411/557
f 769/414/560 767/412/558 764/409/555
f 770/415/561 769/414/560 764/409/555
f 763/408/554 770/415/561 764/409/555
f 769/414/560 770/415/561 771/416/562
f 770/415/561 763/408/554 772/417/563
f 773/418/564 771/416/562 770/415/561
f 772/417/563 773/418/564 770/415/561
f 774/419/565 771/416/562 773/418/564
f 773/418/564 772/417/563 775/420/566
f 776/421/567 774/419/565 773/418/564
f 775/420/566 776/421/567 773/418/564
f 774/419/565 776/421/567 777/422/568
f 776/421/567 775/420/566 778/423/569
f 779/424/570 777/422/568 776/421/567
f 776/421/567 778/423/569 779/424/570
f 780/335/571 781/336/572 782/217/571
f 783/219/572 782/217/571 781/336/572
f 355/214/267 780/335/571 782/217/571
f 783/219/572 781/336/572 784/337/573
f 354/213/267 780/335/571 355/214/267
f 785/221/574 783/219/572 784/337/573
f 784/337/573 786/338/575 785/221/574
f 786/338/575 784/337/573 787/339/575
f 788/340/576 786/338/575 787/339/575
f 789/341/577 788/340/576 787/339/575
f 790/342/578 788/340/576 789/341/577
f 788/340/576 790/342/578 791/343/579
f 792/344/580 791/343/579 790/342/578
f 791/343/579 792/344/580 793/345/580
f 794/346/581 793/345/580 792/344/580
f 793/345/580 794/346/581 795/347/582
f 796/348/583 795/347/582 794/346/581
f 795/347/582 796/348/583 797/349/584
f 796/348/583 798/350/585 797/349/584
f 798/350/585 799/351/586 797/349/584
f 799/351/586 798/350/585 800/352/587
f 801/353/588 799/351/586 800/352/587
f 799/351/586 802/354/474 797/349/584
f 802/354/474 803/347/475 797/349/584
f 803/347/475 802/354/474 804/355/476
f 804/355/476 805/345/589 803/347/475
f 805/345/589 804/355/476 806/356/477
f 805/345/589 806/356/477 807/343/478
f 808/357/479 807/343/478 806/356/477
f 807/343/478 808/357/479 809/340/590
f 810/358/480 809/340/590 808/357/479
f 809/340/590 810/358/480 811/338/591
f 812/359/482 811/338/591 810/358/480
f 813/220/483 811/338/591 812/359/482
f 811/338/591 813/220/483 814/221/484
f 802/354/474 799/351/586 815/360/485
f 816/361/592 815/360/485 799/351/586
f 799/351/586 801/353/588 816/361/592
f 815/360/485 816/361/592 817/362/487
f 818/363/593 816/361/592 801/353/588
f 819/364/594 817/362/487 816/361/592
f 816/361/592 818/363/593 819/364/594
f 820/91/544 821/393/595 822/93/596
f 821/393/595 820/91/544 823/396/545
f 823/396/545 824/397/548 821/393/595
f 824/397/548 823/396/545 825/399/548
f 825/399/548 826/400/597 824/397/548
f 826/400/597 825/399/548 827/401/550
f 828/425/598 829/426/599 830/427/600
f 831/428/601 828/425/598 830/427/600
f 828/425/598 831/428/601 832/429/601
f 833/430/602 832/429/601 831/428/601
f 831/428/601 834/431/602 833/430/602
f 835/432/603 833/430/602 834/431/602
f 836/433/604 830/427/600 829/426/599
f 834/431/602 837/434/605 835/432/603
f 836/433/604 829/426/599 838/435/606
f 839/436/607 840/437/608 838/435/606
f 829/426/599 841/438/609 838/435/606
f 838/435/606 841/438/609 839/436/607
f 829/426/599 842/244/610 841/438/609
f 842/244/610 829/426/599 843/425/611
f 842/244/610 844/240/612 841/438/609
f 845/246/613 842/244/610 843/425/611
f 843/425/611 846/250/614 845/246/613
f 846/250/614 843/425/611 847/429/615
f 847/429/615 848/255/616 846/250/614
f 848/255/616 847/429/615 849/430/616
f 849/430/616 850/196/617 848/255/616
f 850/196/617 849/430/616 851/432/618
f 851/432/618 852/439/619 850/196/617
f 850/196/617 852/439/619 853/188/620
f 854/187/620 853/188/620 852/439/619
f 855/186/621 853/188/620 854/187/620
f 855/186/621 854/187/620 856/189/622
f 857/190/623 855/186/621 856/189/622
f 855/186/621 857/190/623 858/191/624
f 859/192/625 858/191/624 857/190/623
f 858/191/624 860/193/247 855/186/621
f 861/194/248 855/186/621 860/193/247
f 855/186/621 861/194/248 862/188/249
f 862/188/249 861/194/248 863/196/250
f 864/195/250 863/196/250 861/194/248
f 860/193/247 858/191/624 865/197/251
f 866/198/626 865/197/251 858/191/624
f 858/191/624 859/192/625 866/198/626
f 865/197/251 866/198/626 867/200/254
f 868/199/627 867/200/254 866/198/626
f 866/198/626 859/192/625 868/199/627
f 867/200/254 868/199/627 869/201/255
f 870/440/628 868/199/627 871/441/629
f 872/442/630 871/441/629 868/199/627
f 859/192/625 872/442/630 868/199/627
f 871/441/629 872/442/630 873/443/631
f 874/444/632 872/442/630 859/192/625
f 874/444/632 873/443/631 872/442/630
f 875/377/633 876/378/634 877/326/635
f 877/326/635 878/376/636 875/377/633
f 876/378/634 879/329/634 877/326/635
f 876/378/634 880/379/290 879/329/634
f 880/379/290 881/330/290 879/329/634
f 878/376/636 877/326/635 882/325/636
f 882/325/636 883/375/637 878/376/636
f 883/375/637 882/325/636 884/322/638
f 884/322/638 885/374/639 883/375/637
f 885/374/639 884/322/638 886/320/639
f 886/320/639 887/373/640 885/374/639
f 887/373/640 886/320/639 888/318/641
f 888/318/641 889/371/642 887/373/640
f 889/371/642 888/318/641 890/317/642
f 891/314/643 889/371/642 890/317/642
f 889/371/642 891/314/643 892/369/643
f 891/314/643 893/367/644 892/369/643
f 893/367/644 891/314/643 894/313/644
f 894/313/644 895/310/645 893/367/644
f 896/365/645 893/367/644 895/310/645
f 896/365/645 895/310/645 897/309/646
f 898/445/647 899/446/648 900/447/649
f 899/446/648 901/448/650 900/447/649
f 902/449/650 900/447/649 901/448/650
f 901/448/650 903/450/651 902/449/650
f 902/449/650 903/450/651 904/451/651
f 903/450/651 905/452/652 904/451/651
f 906/453/653 904/451/651 905/452/652
f 906/453/653 905/452/652 907/454/654
f 907/454/654 908/455/655 906/453/653
f 909/456/656 908/455/655 907/454/654
f 908/455/655 910/457/657 906/453/653
f 910/457/657 908/455/655 911/458/657
f 912/459/658 910/457/657 911/458/657
f 912/459/658 913/460/659 910/457/657
f 914/461/660 913/460/659 912/459/658
f 914/461/660 915/462/660 913/460/659
f 915/462/660 914/461/660 916/463/661
f 915/462/660 916/463/661 917/464/661
f 917/464/661 916/463/661 918/465/661
f 917/464/661 918/465/661 919/466/662
f 920/467/663 921/468/664 922/469/665
f 921/468/664 920/467/663 923/470/666
f 923/470/666 924/471/667 921/468/664
f 922/469/665 925/472/668 920/467/663
f 925/472/668 922/469/665 926/473/669
f 927/474/670 925/472/668 926/473/669
f 928/475/671 920/467/663 925/472/668
f 925/472/668 927/474/670 929/476/672
f 929/476/672 928/475/671 925/472/668
f 930/477/673 929/476/672 927/474/670
f 931/478/674 920/467/663 928/475/671
f 931/478/674 923/470/666 920/467/663
f 932/100/675 933/479/676 934/480/677
f 934/480/677 933/479/676 935/481/678
f 933/479/676 932/100/675 936/482/679
f 934/480/677 937/99/680 932/100/675
f 934/480/677 938/483/681 937/99/680
f 935/481/678 938/483/681 934/480/677
f 939/484/682 938/483/681 935/481/678
f 936/482/679 932/100/675 218/56/163
f 218/56/163 940/485/683 936/482/679
f 940/485/683 941/479/684 936/482/679
f 942/300/685 940/485/683 943/301/685
f 940/485/683 942/300/685 944/486/686
f 941/479/684 940/485/683 945/487/687
f 944/486/686 945/487/687 940/485/683
f 941/479/684 945/487/687 946/481/688
f 945/487/687 944/486/686 947/488/689
f 947/488/689 946/481/688 945/487/687
f 946/481/688 947/488/689 948/489/690
f 949/54/691 940/485/683 218/56/163
f 950/301/692 940/485/683 949/54/691
f 218/56/163 220/55/165 949/54/691
f 499/53/368 950/301/692 949/54/691
f 499/53/368 498/294/367 950/301/692
f 949/54/691 220/55/165 501/52/370
f 501/52/370 499/53/368 949/54/691
f 951/490/693 952/491/694 953/492/695
f 952/491/694 951/490/693 954/493/696
f 952/491/694 955/494/697 953/492/695
f 956/495/698 953/492/695 955/494/697
f 953/492/695 956/495/698 957/496/699
f 957/496/699 956/495/698 958/497/700
f 956/495/698 959/498/701 958/497/700
f 958/497/700 959/498/701 960/499/702
f 959/498/701 961/500/703 960/499/702
f 962/501/704 960/499/702 961/500/703
f 958/497/700 960/499/702 963/502/705
f 957/496/699 958/497/700 963/502/705
f 963/502/705 964/503/706 957/496/699
f 964/503/706 965/504/707 957/496/699
f 957/496/699 965/504/707 966/492/707
f 965/504/707 967/505/708 966/492/707
f 966/492/707 967/505/708 968/490/708
f 967/505/708 969/506/709 968/490/708
f 970/507/710 971/159/710 972/157/711
f 973/508/712 971/159/710 970/507/710
f 971/159/710 973/508/712 974/161/713
f 975/509/714 974/161/713 973/508/712
f 974/161/713 975/509/714 976/162/715
f 975/509/714 977/164/716 976/162/715
f 977/164/716 975/509/714 978/510/717
f 977/164/716 978/510/717 979/166/718
f 980/511/719 979/166/718 978/510/717
f 979/166/718 980/511/719 981/512/720
f 978/510/717 982/513/721 980/511/719
f 982/513/721 978/510/717 975/509/714
f 975/509/714 983/514/722 982/513/721
f 983/514/722 975/509/714 984/508/723
f 984/508/723 985/515/724 983/514/722
f 985/515/724 984/508/723 986/507/725
f 986/507/725 987/516/726 985/515/724
f 987/516/726 986/507/725 988/517/727
f 988/517/727 989/518/728 987/516/726
f 989/518/728 988/517/727 990/519/728
f 990/519/728 991/520/729 989/518/728
f 991/520/729 990/519/728 992/521/730
f 992/521/730 993/522/731 991/520/729
f 993/522/731 992/521/730 994/523/732
f 994/523/732 995/524/733 993/522/731
f 995/524/733 994/523/732 996/525/733
f 996/525/733 997/526/734 995/524/733
f 997/526/734 996/525/733 998/527/734
f 998/527/734 999/403/735 997/526/734
f 999/403/735 998/527/734 1000/405/735
f 1001/409/736 1002/408/737 1003/410/738
f 1003/410/738 1004/411/739 1001/409/736
f 1005/415/740 1002/408/737 1001/409/736
f 1002/408/737 1005/415/740 1006/417/741
f 1007/418/742 1006/417/741 1005/415/740
f 1006/417/741 1007/418/742 1008/420/743
f 1009/414/560 1007/418/742 1005/415/740
f 1009/414/560 1005/415/740 1010/409/744
f 1007/418/742 1009/414/560 1011/416/562
f 1009/414/560 1010/409/744 1012/412/558
f 1012/412/558 1010/409/744 1013/411/745
f 1012/412/558 1013/411/745 1014/413/559
f 1015/419/746 1007/418/742 1011/416/562
f 1016/421/747 1008/420/743 1007/418/742
f 1015/419/746 1016/421/747 1007/418/742
f 1017/422/748 1016/421/747 1015/419/746
f 1017/422/748 1018/424/749 1016/421/747
f 1008/420/743 1016/421/747 1019/423/750
f 1019/423/750 1016/421/747 1018/424/749
f 1018/424/749 1020/528/751 1019/423/750
f 1021/529/752 1019/423/750 1020/528/751
f 1019/423/750 1021/529/752 1022/420/752
f 1023/530/753 1022/420/752 1021/529/752
f 1022/420/752 1023/530/753 1024/417/753
f 1023/530/753 1025/408/754 1024/417/753
f 1025/408/754 1023/530/753 1026/531/755
f 1025/408/754 1026/531/755 1027/410/756
f 1027/410/756 1026/531/755 1028/532/757
f 1029/533/758 1027/410/756 1028/532/757
f 1027/410/756 1029/533/758 1030/411/759
f 1031/534/760 1030/411/759 1029/533/758
f 1030/411/759 1031/534/760 1032/535/761
f 1029/533/758 1033/536/762 1031/534/760
f 1033/536/762 1029/533/758 1034/537/763
f 1028/532/757 1034/537/763 1029/533/758
f 1034/537/763 1035/538/764 1033/536/762
f 1028/532/757 1026/531/755 1036/539/765
f 1034/537/763 1028/532/757 1036/539/765
f 1026/531/755 1037/540/766 1036/539/765
f 1037/540/766 1026/531/755 1038/541/766
f 1034/537/763 1036/539/765 1039/542/767
f 1035/538/764 1034/537/763 1039/542/767
f 1036/539/765 1040/540/768 1039/542/767
f 1038/541/766 1041/543/769 1037/540/766
f 1041/543/769 1038/541/766 1042/544/770
f 1035/538/764 1039/542/767 1043/545/771
f 1039/542/767 1040/540/768 1043/545/771
f 1041/543/769 1043/545/771 1040/540/768
f 1035/538/764 1043/545/771 1044/546/772
f 1041/543/769 1042/544/770 1045/547/773
f 1045/547/773 1043/545/771 1041/543/769
f 1042/544/770 1046/548/774 1045/547/773
f 1046/548/774 1042/544/770 1047/549/774
f 1047/549/774 1048/550/775 1046/548/774
f 1048/550/775 1047/549/774 1049/551/775
f 1048/550/775 1049/551/775 1050/552/776
f 1050/552/776 1049/551/775 1051/553/776
f 1051/553/776 1052/554/777 1050/552/776
f 1052/554/777 1051/553/776 1053/555/778
f 1045/547/773 1054/556/779 1043/545/771
f 1044/546/772 1043/545/771 1054/556/779
f 1044/546/772 1054/556/779 1055/557/780
f 1045/547/773 1056/558/781 1054/556/779
f 1045/547/773 1057/548/782 1056/558/781
f 1058/559/783 1054/556/779 1056/558/781
f 1054/556/779 1058/559/783 1059/557/784
f 1056/558/781 1057/548/782 1060/560/785
f 1058/559/783 1056/558/781 1060/560/785
f 1061/550/786 1060/560/785 1057/548/782
f 1058/559/783 1060/560/785 1062/561/787
f 1063/552/788 1060/560/785 1061/550/786
f 1062/561/787 1060/560/785 1064/562/789
f 1060/560/785 1063/552/788 1064/562/789
f 1062/561/787 1064/562/789 1065/563/790
f 1064/562/789 1066/564/791 1065/563/790
f 1066/564/791 1064/562/789 1067/565/792
f 1064/562/789 1063/552/788 1067/565/792
f 1063/552/788 1068/554/793 1067/565/792
f 817/362/487 819/364/594 1069/566/794
f 1070/567/795 1069/566/794 819/364/594
f 1069/566/794 1070/567/795 1071/568/796
f 1072/569/797 1071/568/796 1070/567/795
f 1071/568/796 1072/569/797 1073/570/798
f 1074/571/799 1073/570/798 1072/569/797
f 1073/570/798 1074/571/799 1075/572/800
f 1076/573/801 1075/572/800 1074/571/799
f 1075/572/800 1076/573/801 1077/574/802
f 1077/574/802 1076/573/801 1078/575/803
f 1079/576/804 1078/575/803 1076/573/801
f 1079/576/804 1076/573/801 1080/395/805
f 1081/394/806 1080/395/805 1076/573/801
f 1081/394/806 1076/573/801 1082/577/807
f 1083/571/808 1082/577/807 1076/573/801
f 1082/577/807 1083/571/808 1084/578/809
f 1085/569/810 1084/578/809 1083/571/808
f 1084/578/809 1085/569/810 1086/579/811
f 1087/567/812 1086/579/811 1085/569/810
f 1086/579/811 1087/567/812 1088/580/813
f 819/364/594 1088/580/813 1087/567/812
f 819/364/594 818/363/593 1088/580/813
f 1088/580/813 818/363/593 1089/581/814
f 1088/580/813 1090/582/815 1086/579/811
f 1086/579/811 1090/582/815 1091/578/816
f 1090/582/815 1088/580/813 1092/583/817
f 1089/581/814 1092/583/817 1088/580/813
f 1091/578/816 1090/582/815 1093/584/818
f 1089/581/814 1094/585/819 1092/583/817
f 1091/578/816 1093/584/818 1095/577/820
f 1094/585/819 1089/581/814 1096/586/821
f 1095/577/820 1093/584/818 1097/587/822
f 1096/586/821 1098/588/823 1094/585/819
f 1097/587/822 1099/394/824 1095/577/820
f 1096/586/821 1100/589/823 1098/588/823
f 1099/394/824 1097/587/822 1101/590/824
f 1101/590/824 1102/391/825 1099/394/824
f 1102/391/825 1101/590/824 1103/591/825
f 1104/592/826 1098/588/823 1100/589/823
f 1105/593/827 1102/391/825 1103/591/825
f 1100/589/823 1106/594/828 1104/592/826
f 1104/592/826 1106/594/828 1107/595/829
f 1107/595/829 1108/596/830 1104/592/826
f 1109/597/830 1104/592/826 1108/596/830
f 1104/592/826 1109/597/830 1110/588/831
f 1109/597/830 1111/598/832 1110/588/831
f 1110/588/831 1111/598/832 1112/585/833
f 1113/599/834 1112/585/833 1111/598/832
f 1112/585/833 1113/599/834 1114/583/835
f 1113/599/834 1115/600/836 1114/583/835
f 1114/583/835 1115/600/836 1116/582/837
f 1117/601/838 1116/582/837 1115/600/836
f 1116/582/837 1117/601/838 1118/584/839
f 1119/602/840 1118/584/839 1117/601/838
f 1118/584/839 1119/602/840 1120/587/841
f 1121/603/841 1120/587/841 1119/602/840
f 1120/587/841 1121/603/841 1122/590/842
f 1121/603/841 1123/604/843 1122/590/842
f 1124/605/844 1122/590/842 1123/604/843
f 1122/590/842 1124/605/844 1125/591/845
f 1126/606/846 1125/591/845 1124/605/844
f 1125/591/845 1126/606/846 1105/593/827
f 1127/607/847 1105/593/827 1126/606/846
f 1105/593/827 1127/607/847 1128/608/848
f 1129/609/849 1128/608/848 1127/607/847
f 1128/608/848 1129/609/849 1130/400/850
f 1128/608/848 1130/400/850 1131/398/851
f 1132/392/852 1128/608/848 1131/398/851
f 1128/608/848 1132/392/852 1105/593/827
f 1102/391/825 1105/593/827 1132/392/852
f 1133/610/853 1134/611/854 1135/612/855
f 1136/613/856 1133/610/853 1135/612/855
f 1134/611/854 1133/610/853 1137/614/854
f 1133/610/853 1136/613/856 1138/615/856
f 1134/611/854 1137/614/854 1139/616/857
f 1140/617/858 1138/615/856 1136/613/856
f 1137/614/854 1141/618/859 1139/616/857
f 1138/615/856 1140/617/858 1142/619/860
f 1143/620/861 1139/616/857 1141/618/859
f 1139/616/857 1143/620/861 1144/621/861
f 1143/620/861 1145/622/862 1144/621/861
f 1146/623/863 1142/619/860 1140/617/858
f 1142/619/860 1146/623/863 1147/624/863
f 1148/625/864 1147/624/863 1146/623/863
f 1147/624/863 1148/625/864 1149/626/865
f 1149/626/865 1148/625/864 1150/627/866
f 1151/625/867 1152/626/865 1153/627/868
f 1151/625/867 1154/624/869 1152/626/865
f 1154/624/869 1151/625/867 1155/623/870
f 1155/623/870 1156/619/871 1154/624/869
f 1156/619/871 1155/623/870 1157/617/872
f 1157/617/872 1158/615/873 1156/619/871
f 1158/615/873 1157/617/872 1159/613/873
f 1159/613/873 1160/610/874 1158/615/873
f 1160/610/874 1159/613/873 1161/612/874
f 1162/611/875 1160/610/874 1161/612/874
f 1160/610/874 1162/611/875 1163/614/875
f 1163/614/875 1162/611/875 1164/616/876
f 1163/614/875 1164/616/876 1165/618/877
f 1164/616/876 1166/620/878 1165/618/877
f 1166/620/878 1164/616/876 1167/621/879
f 1168/622/880 1166/620/878 1167/621/879
f 1167/621/879 1169/628/881 1168/622/880
f 1170/616/882 1169/628/881 1167/621/879
f 1169/628/881 1170/616/882 1171/629/882
f 1170/616/882 1172/611/883 1171/629/882
f 1171/629/882 1172/611/883 1173/630/883
f 1174/244/884 1175/246/885 1176/425/886
f 1175/246/885 1177/250/887 1176/425/886
f 1176/425/886 1177/250/887 1178/429/888
f 1179/255/889 1178/429/888 1177/250/887
f 1178/429/888 1179/255/889 1180/430/889
f 1179/255/889 1181/196/890 1180/430/889
f 1180/430/889 1181/196/890 1182/432/891
f 1183/426/892 1174/244/884 1176/425/886
f 1184/439/893 1182/432/891 1181/196/890
f 328/188/242 1184/439/893 1181/196/890
f 1184/439/893 1185/631/894 1182/432/891
f 1182/432/891 1185/631/894 1186/632/895
f 328/188/242 327/187/241 1184/439/893
f 1185/631/894 1184/439/893 1187/633/896
f 327/187/241 1187/633/896 1184/439/893
f 1185/631/894 1187/633/896 1188/634/897
f 1185/631/894 1188/634/897 1186/632/895
f 1189/391/898 1190/593/899 1191/591/898
f 1190/593/899 1189/391/898 1192/392/900
f 1192/392/900 1193/608/901 1190/593/899
f 1193/608/901 1192/392/900 1194/398/902
f 1195/607/847 1190/593/899 1193/608/901
f 1190/593/899 1195/607/847 1196/606/903
f 1193/608/901 1197/609/849 1195/607/847
f 1196/606/903 1198/591/904 1190/593/899
f 1197/609/849 1193/608/901 1199/400/905
f 1199/400/905 1193/608/901 1194/398/902
f 1198/591/904 1196/606/903 1200/605/844
f 1194/398/902 1201/397/906 1199/400/905
f 1200/605/844 1202/590/907 1198/591/904
f 1201/397/906 1194/398/902 1203/392/908
f 1202/590/907 1200/605/844 1204/604/843
f 1203/392/908 1205/393/909 1201/397/906
f 1206/603/841 1202/590/907 1204/604/843
f 1203/392/908 1207/391/910 1205/393/909
f 1206/603/841 1208/587/841 1202/590/907
f 1207/391/910 1209/93/911 1205/393/909
f 1210/602/840 1208/587/841 1206/603/841
f 1209/93/911 1207/391/910 1211/394/912
f 1212/90/913 1209/93/911 1211/394/912
f 1211/394/912 1213/395/914 1212/90/913
f 1210/602/840 1214/584/839 1208/587/841
f 1215/601/838 1214/584/839 1210/602/840
f 1215/601/838 1216/582/837 1214/584/839
f 1217/600/836 1216/582/837 1215/601/838
f 1217/600/836 1218/583/915 1216/582/837
f 1219/599/834 1218/583/915 1217/600/836
f 1220/395/916 1221/394/917 1222/573/918
f 1222/573/918 1223/576/919 1220/395/916
f 1224/575/920 1223/576/919 1222/573/918
f 1224/575/920 1222/573/918 1225/574/802
f 1222/573/918 1221/394/917 1226/577/921
f 1222/573/918 1227/572/800 1225/574/802
f 1222/573/918 1226/577/921 1228/571/922
f 1227/572/800 1222/573/918 1229/571/800
f 1228/571/922 1226/577/921 1230/578/923
f 1229/571/800 1231/570/797 1227/572/800
f 1228/571/922 1230/578/923 1232/569/924
f 1231/570/797 1229/571/800 1233/569/797
f 1233/569/797 1234/568/925 1231/570/797
f 1234/568/925 1233/569/797 1235/567/795
f 1235/567/795 1236/566/794 1234/568/925
f 1232/569/924 1230/578/923 1237/579/926
f 1236/566/794 1235/567/795 660/364/489
f 1237/579/926 1238/567/927 1232/569/924
f 660/364/489 658/362/487 1236/566/794
f 1238/567/927 1237/579/926 1239/580/928
f 1239/580/928 660/364/489 1238/567/927
f 1240/582/929 1239/580/928 1237/579/926
f 1240/582/929 1237/579/926 1241/578/930
f 1241/578/930 1242/584/931 1240/582/929
f 1242/584/931 1241/578/930 1243/577/932
f 1243/577/932 1244/587/933 1242/584/931
f 1245/394/934 1244/587/933 1243/577/932
f 1245/394/934 1246/590/934 1244/587/933
f 1189/391/898 1246/590/934 1245/394/934
f 1189/391/898 1191/591/898 1246/590/934
f 1247/635/935 1248/636/936 1249/637/935
f 1249/637/935 1250/638/937 1247/635/935
f 1248/636/936 1247/635/935 1251/639/936
f 1251/639/936 1252/640/938 1248/636/936
f 1252/640/938 1251/639/936 1253/641/939
f 1254/642/940 1252/640/938 1253/641/939
f 1253/641/939 1255/643/941 1254/642/940
f 1254/642/940 1255/643/941 1256/644/942
f 1255/643/941 1257/645/943 1256/644/942
f 1256/644/942 1257/645/943 1258/646/944
f 1256/644/942 1259/647/945 1254/642/940
f 1256/644/942 1260/646/946 1259/647/945
f 1260/646/946 1261/648/947 1259/647/945
f 1262/649/948 1259/647/945 1261/648/947
f 1259/647/945 1262/649/948 1263/650/949
f 1254/642/940 1259/647/945 1264/651/950
f 1264/651/950 1265/652/951 1254/642/940
f 1265/652/951 1264/651/950 1266/653/952
f 1266/653/952 1267/654/953 1265/652/951
f 1267/654/953 1268/642/954 1265/652/951
f 1266/653/952 1269/655/955 1267/654/953
f 1266/653/952 1270/656/956 1269/655/955
f 1267/654/953 1269/655/955 1271/657/957
f 1268/642/954 1267/654/953 1272/658/958
f 1267/654/953 1271/657/957 1272/658/958
f 1272/658/958 1273/640/959 1268/642/954
f 1271/657/957 1274/659/960 1272/658/958
f 1272/658/958 1274/659/960 1275/660/961
f 1273/640/959 1272/658/958 1275/660/961
f 1276/661/962 1275/660/961 1274/659/960
f 1277/662/963 1273/640/959 1275/660/961
f 1276/661/962 1277/662/963 1275/660/961
f 1273/640/959 1277/662/963 1278/636/964
f 1276/661/962 1279/663/965 1277/662/963
f 1280/663/966 1278/636/964 1277/662/963
f 1281/637/966 1278/636/964 1280/663/966
f 1281/637/966 1280/663/966 1282/638/967
f 1279/663/965 1276/661/962 1283/664/965
f 1283/664/965 1284/638/968 1279/663/965
f 1284/638/968 1283/664/965 1285/665/969
f 313/167/204 1286/168/205 314/166/228
f 1287/510/970 300/164/225 314/166/228
f 314/166/228 1288/511/719 1287/510/970
f 1288/511/719 314/166/228 1289/512/720
f 1290/513/721 1287/510/970 1288/511/719
f 1291/509/971 300/164/225 1287/510/970
f 1287/510/970 1290/513/721 1291/509/971
f 300/164/225 1291/509/971 1292/162/972
f 1293/514/973 1291/509/971 1290/513/721
f 1291/509/971 1294/161/974 1292/162/972
f 1291/509/971 1293/514/973 1295/508/723
f 1291/509/971 1296/508/975 1294/161/974
f 1295/508/723 1293/514/973 1297/507/724
f 1296/508/975 1298/159/976 1294/161/974
f 1299/515/725 1297/507/724 1293/514/973
f 1296/508/975 1300/507/976 1298/159/976
f 1299/515/725 1301/517/726 1297/507/724
f 1298/159/976 1300/507/976 1302/157/977
f 1301/517/726 1299/515/725 1303/516/727
f 1300/507/976 1304/517/977 1302/157/977
f 1303/516/727 1305/519/728 1301/517/726
f 1305/519/728 1303/516/727 1306/518/728
f 1306/518/728 1307/521/729 1305/519/728
f 1307/521/729 1306/518/728 1308/520/730
f 1308/520/730 1309/523/731 1307/521/729
f 1309/523/731 1308/520/730 1310/522/732
f 1310/522/732 1311/525/733 1309/523/731
f 1311/525/733 1310/522/732 1312/524/733
f 1312/524/733 1313/527/734 1311/525/733
f 1313/527/734 1312/524/733 1314/526/734
f 1314/526/734 1315/405/735 1313/527/734
f 1315/405/735 1314/526/734 1316/403/735
f 1302/157/977 1304/517/977 1317/156/978
f 1317/156/978 1304/517/977 1318/519/979
f 1318/519/979 1319/666/980 1317/156/978
f 1319/666/980 1318/519/979 1320/521/981
f 1319/666/980 1321/667/982 1317/156/978
f 1322/150/983 1317/156/978 1321/667/982
f 1320/521/981 1323/668/984 1319/666/980
f 1323/668/984 1320/521/981 1324/523/984
f 1324/523/984 1325/669/985 1323/668/984
f 1325/669/985 1324/523/984 1326/525/985
f 1326/525/985 1327/670/986 1325/669/985
f 1327/670/986 1326/525/985 1328/527/986
f 1328/527/986 1329/671/987 1327/670/986
f 1328/527/986 1330/405/987 1329/671/987
f 1330/405/987 1331/402/988 1329/671/987
f 1332/672/989 1321/667/982 1319/666/980
f 1333/668/989 1332/672/989 1319/666/980
f 1334/673/990 1332/672/989 1333/668/989
f 1333/668/989 1335/669/990 1334/673/990
f 1335/669/990 1336/674/991 1334/673/990
f 1335/669/990 1337/670/991 1336/674/991
f 1337/670/991 1338/675/992 1336/674/991
f 1337/670/991 1339/671/992 1338/675/992
f 1340/402/993 1338/675/992 1339/671/992
f 1338/675/992 1340/402/993 1341/406/994
f 1342/676/995 1343/476/996 1344/677/997
f 1343/476/996 1345/475/998 1344/677/997
f 1342/676/995 1344/677/997 1346/678/999
f 1347/477/1000 1343/476/996 1342/676/995
f 1343/476/996 1347/477/1000 1348/474/1001
f 1342/676/995 1349/679/1002 1347/477/1000
f 1348/474/1001 1350/472/1003 1343/476/996
f 1345/475/998 1343/476/996 1350/472/1003
f 1350/472/1003 1348/474/1001 1351/473/1004
f 1352/469/1005 1350/472/1003 1351/473/1004
f 1349/679/1002 1342/676/995 1353/680/1006
f 1342/676/995 1346/678/999 1353/680/1006
f 1353/680/1006 1354/681/1007 1349/679/1002
f 1355/467/1008 1345/475/998 1350/472/1003
f 1350/472/1003 1352/469/1005 1355/467/1008
f 1345/475/998 1355/467/1008 1356/478/1009
f 1357/468/1010 1355/467/1008 1352/469/1005
f 1353/680/1006 1346/678/999 1358/682/1011
f 1354/681/1007 1353/680/1006 1358/682/1011
f 1359/683/1012 1358/682/1011 1346/678/999
f 1354/681/1007 1358/682/1011 1360/684/1013
f 1358/682/1011 1359/683/1012 1361/684/1012
f 1354/681/1007 1360/684/1013 1362/685/1013
f 1363/686/1014 1361/684/1012 1359/683/1012
f 1364/687/1015 1362/685/1013 1360/684/1013
f 1361/684/1012 1363/686/1014 1365/687/1014
f 1365/687/1014 1363/686/1014 1366/688/1016
f 1366/688/1016 1367/689/1016 1365/687/1014
f 1362/685/1013 1364/687/1015 1368/690/1015
f 1369/689/1017 1368/690/1015 1364/687/1015
f 1368/690/1015 1369/689/1017 1370/691/1017
f 1355/467/1008 1357/468/1010 1371/470/1018
f 1371/470/1018 1356/478/1009 1355/467/1008
f 1371/470/1018 1357/468/1010 1372/471/1019
f 1356/478/1009 1371/470/1018 1373/692/1020
f 1374/693/1021 1371/470/1018 1372/471/1019
f 1374/693/1021 1373/692/1020 1371/470/1018
f 1374/693/1021 1372/471/1019 1375/694/1022
f 1373/692/1020 1374/693/1021 1376/695/1023
f 1377/696/1024 1374/693/1021 1375/694/1022
f 1377/696/1024 1376/695/1023 1374/693/1021
f 1378/654/1025 1379/642/1026 1380/658/1027
f 1379/642/1026 1378/654/1025 1381/652/1028
f 1378/654/1025 1382/653/1029 1381/652/1028
f 1383/640/1030 1380/658/1027 1379/642/1026
f 1384/655/955 1382/653/1029 1378/654/1025
f 1382/653/1029 1384/655/955 1385/656/956
f 1378/654/1025 1386/657/1031 1384/655/955
f 1386/657/1031 1378/654/1025 1380/658/1027
f 1380/658/1027 1387/659/1032 1386/657/1031
f 1387/659/1032 1380/658/1027 1388/660/1033
f 1380/658/1027 1383/640/1030 1388/660/1033
f 1387/659/1032 1388/660/1033 1389/661/962
f 1390/662/1034 1388/660/1033 1383/640/1030
f 1390/662/1034 1389/661/962 1388/660/1033
f 1390/662/1034 1383/640/1030 1391/636/1035
f 1392/663/1036 1389/661/962 1390/662/1034
f 1392/663/1036 1390/662/1034 1391/636/1035
f 1391/636/1035 1393/637/1037 1392/663/1036
f 1389/661/962 1392/663/1036 1394/664/965
f 1392/663/1036 1393/637/1037 1395/638/1038
f 1395/638/1038 1394/664/965 1392/663/1036
f 1394/664/965 1395/638/1038 1396/665/969
f 1397/697/1039 1398/698/606 1399/699/1040
f 1399/699/1040 1400/700/1041 1397/697/1039
f 1401/701/1042 1397/697/1039 1400/700/1041
f 1401/701/1043 1402/702/1044 1403/697/1045
f 1402/702/1044 1401/701/1043 1404/703/1046
f 1405/704/1047 1406/699/1048 1398/698/606
f 1407/238/608 1405/704/1047 1398/698/606
f 1407/238/608 1408/705/1049 1405/704/1047
f 1408/705/1049 1407/238/608 1409/233/1049
f 1410/706/217 1408/705/1049 1409/233/1049
f 1409/233/1049 1411/235/1050 1410/706/217
f 1412/700/1051 1413/699/1052 1414/697/1053
f 1414/697/1053 1415/701/1054 1412/700/1051
f 1416/698/1055 1414/697/1053 1413/699/1052
f 1413/699/1052 1417/704/1056 1416/698/1055
f 1417/704/1056 1418/238/1057 1416/698/1055
f 1419/705/1058 1418/238/1057 1417/704/1056
f 1418/238/1057 1419/705/1058 1420/233/1058
f 1419/705/1058 1421/706/192 1420/233/1058
f 1422/235/1059 1420/233/1058 1421/706/192
f 1423/702/1045 1415/701/1060 1424/697/1061
f 1415/701/1060 1423/702/1045 1425/703/1046
f 327/187/241 1426/707/1062 1187/633/896
f 1186/632/895 1188/634/897 1427/708/1063
f 1428/709/1064 1186/632/895 1427/708/1063
f 1428/709/1064 1427/708/1063 1429/710/1065
f 1430/711/1066 1428/709/1064 1429/710/1065
f 1431/712/1067 1430/711/1066 1429/710/1065
f 1432/713/1067 1430/711/1066 1431/712/1067
f 1426/707/1062 327/187/241 1433/189/1062
f 1434/714/1068 1432/713/1067 1431/712/1067
f 1433/189/1062 1435/444/1069 1426/707/1062
f 1435/444/1069 1433/189/1062 1436/190/1070
f 1436/190/1070 1437/192/1071 1435/444/1069
f 1437/192/1071 1438/442/1072 1435/444/1069
f 1438/442/1072 1437/192/1071 1439/199/1073
f 1440/441/629 1438/442/1072 1439/199/1073
f 1440/441/629 1439/199/1073 1441/440/628
f 1442/443/631 1438/442/1072 1440/441/629
f 1442/443/631 1435/444/1069 1438/442/1072
f 1443/715/1074 1435/444/1069 1442/443/631
f 1443/715/1074 1444/707/1075 1435/444/1069
f 1445/716/1076 1444/707/1075 1443/715/1074
f 1445/716/1076 1446/633/1077 1444/707/1075
f 1447/717/1078 1446/633/1077 1445/716/1076
f 1447/717/1078 1448/634/1078 1446/633/1077
f 1447/717/1078 1449/708/1079 1448/634/1078
f 1449/708/1079 1447/717/1078 1450/718/1080
f 1450/718/1080 1451/710/1081 1449/708/1079
f 1451/710/1081 1450/718/1080 1452/719/1082
f 1452/719/1082 1453/712/1083 1451/710/1081
f 1453/712/1083 1452/719/1082 1454/720/1084
f 1454/720/1084 1434/714/1068 1453/712/1083
f 1434/714/1068 1454/720/1084 1455/721/1085
f 1455/721/1085 1456/722/1086 1434/714/1068
f 1456/722/1086 1455/721/1085 1457/723/1087
f 1458/724/1088 1434/714/1068 1456/722/1086
f 1432/713/1067 1434/714/1068 1458/724/1088
f 1459/725/1089 1456/722/1086 1460/726/1090
f 1459/725/1089 1461/727/1091 1456/722/1086
f 1456/722/1086 1461/727/1091 1458/724/1088
f 1459/725/1089 1462/728/1092 1461/727/1091
f 1461/727/1091 1463/729/1093 1458/724/1088
f 1461/727/1091 1462/728/1092 1463/729/1093
f 1458/724/1088 1463/729/1093 1464/713/1094
f 1462/728/1092 1465/730/1095 1463/729/1093
f 1463/729/1093 1466/731/1096 1464/713/1094
f 1463/729/1093 1465/730/1095 1467/731/1097
f 1464/713/1094 1466/731/1096 1468/711/1098
f 1465/730/1095 1469/732/1099 1467/731/1097
f 1466/731/1096 1470/733/1100 1468/711/1098
f 1467/731/1097 1469/732/1099 1471/733/1101
f 1469/732/1099 1472/734/1102 1471/733/1101
f 1471/733/1101 1472/734/1102 1473/434/732
f 1468/711/1098 1470/733/1100 1474/709/1103
f 1475/434/1104 1474/709/1103 1470/733/1100
f 1474/709/1103 1475/434/1104 1476/632/1105
f 1475/434/1104 1477/432/1106 1476/632/1105
f 1477/432/1106 1475/434/1104 1478/431/1107
f 1479/430/1107 1477/432/1106 1478/431/1107
f 1479/430/1107 1478/431/1107 1480/428/1108
f 1481/429/1108 1479/430/1107 1480/428/1108
f 1480/428/1108 1482/425/1109 1481/429/1108
f 1482/425/1109 1480/428/1108 1483/427/1110
f 1183/426/892 1482/425/1109 1483/427/1110
f 1483/427/1110 1484/433/1111 1183/426/892
f 1183/426/892 1484/433/1111 1485/435/1112
f 1486/438/1113 1183/426/892 1485/435/1112
f 1174/244/884 1183/426/892 1486/438/1113
f 1487/240/1114 1174/244/884 1486/438/1113
f 1488/243/1115 1487/240/1114 1486/438/1113
f 1486/438/1113 1485/435/1112 1489/436/1116
f 1490/437/1057 1489/436/1116 1485/435/1112
f 1486/438/1113 1491/735/1117 1488/243/1115
f 1489/436/1116 1492/735/1118 1486/438/1113
f 1491/735/1117 1493/245/1119 1488/243/1115
f 1494/736/1120 1492/735/1118 1489/436/1116
f 1493/245/1119 1491/735/1117 1495/737/1119
f 1496/737/1120 1492/735/1118 1494/736/1120
f 1497/738/1121 1496/737/1120 1494/736/1120
f 1498/739/1121 1496/737/1120 1497/738/1121
f 1498/739/1121 1497/738/1121 1499/252/1122
f 1495/737/1119 1500/249/1123 1493/245/1119
f 1500/249/1123 1495/737/1119 1501/739/1124
f 1500/249/1123 1501/739/1124 1502/252/1125
f 1503/251/321 1500/249/1123 1502/252/1125
f 1503/251/321 1502/252/1125 1504/253/324
f 1505/247/319 1500/249/1123 1503/251/321
f 1505/247/319 1506/245/317 1500/249/1123
f 1507/239/315 1506/245/317 1505/247/319
f 1507/239/315 1508/243/315 1506/245/317
f 1509/241/313 1508/243/315 1507/239/315
f 1509/241/313 1510/240/1126 1508/243/315
f 1511/242/314 1510/240/1126 1509/241/313
f 1511/242/314 1512/244/314 1510/240/1126
f 1511/242/314 1513/246/1127 1512/244/314
f 1513/246/1127 1511/242/314 1514/248/322
f 1515/254/320 1513/246/1127 1514/248/322
f 1515/254/320 1516/250/320 1513/246/1127
f 1515/254/320 1517/255/326 1516/250/320
f 1517/255/326 1515/254/320 1518/256/1128
f 1518/256/1128 1519/196/328 1517/255/326
f 1519/196/328 1518/256/1128 1520/195/329
f 1521/740/1129 1522/741/1130 1523/742/1131
f 1521/740/1129 1523/742/1131 1524/743/1132
f 1524/743/1132 1523/742/1131 1525/744/1133
f 1524/743/1132 1525/744/1133 1526/745/1134
f 1527/540/1135 1528/542/1136 1529/545/1137
f 1527/540/1135 1529/545/1137 1530/543/1138
f 1529/545/1137 1531/547/1139 1530/543/1138
f 1532/539/1140 1528/542/1136 1527/540/1135
f 1533/556/1141 1531/547/1139 1529/545/1137
f 1529/545/1137 1534/546/772 1533/556/1141
f 1534/546/772 1535/557/780 1533/556/1141
f 1536/538/764 1534/546/772 1529/545/1137
f 1528/542/1136 1536/538/764 1529/545/1137
f 1537/536/1142 1536/538/764 1528/542/1136
f 1532/539/1140 1538/537/1143 1528/542/1136
f 1538/537/1143 1537/536/1142 1528/542/1136
f 1539/532/1144 1538/537/1143 1532/539/1140
f 1540/534/760 1537/536/1142 1538/537/1143
f 1538/537/1143 1539/532/1144 1541/533/1145
f 1541/533/1145 1540/534/760 1538/537/1143
f 1542/410/1146 1541/533/1145 1539/532/1144
f 1541/533/1145 1542/410/1146 1543/411/1147
f 1543/411/1147 1540/534/760 1541/533/1145
f 1540/534/760 1543/411/1147 1544/535/761
f 1545/741/1148 1546/743/1132 1547/742/1149
f 1546/743/1132 1545/741/1148 1548/740/1129
f 1549/745/1150 1547/742/1149 1546/743/1132
f 1547/742/1149 1549/745/1150 1550/744/1151
f 146/95/107 148/97/109 1551/746/1152
f 1552/747/1153 1551/746/1152 148/97/109
f 1551/746/1152 1553/748/1154 146/95/107
f 1551/746/1152 1552/747/1153 1554/749/1155
f 1555/750/1156 1554/749/1155 1552/747/1153
f 1552/747/1153 1556/751/1157 1555/750/1156
f 1556/751/1157 1552/747/1153 1557/752/1158
f 1556/751/1157 1557/752/1158 1558/753/1159
f 1556/751/1157 1558/753/1159 1559/754/1159
f 1560/755/1160 1559/754/1159 1558/753/1159
f 1559/754/1159 1560/755/1160 1561/756/1161
f 1561/756/1161 1560/755/1160 1562/757/1162
f 1553/748/1154 1551/746/1152 1563/758/1163
f 1564/749/1164 1563/758/1163 1551/746/1152
f 1563/758/1163 1564/749/1164 1565/759/1164
f 1564/749/1164 1566/760/1165 1565/759/1164
f 1566/760/1165 1564/749/1164 1567/750/1165
f 1567/750/1165 1568/761/1166 1566/760/1165
f 1568/761/1166 1567/750/1165 1569/751/1167
f 1569/751/1167 1570/762/1168 1568/761/1166
f 1570/762/1168 1569/751/1167 1571/754/1168
f 1571/754/1168 1572/763/1169 1570/762/1168
f 1572/763/1169 1571/754/1168 1573/756/1170
f 1572/763/1169 1573/756/1170 1574/757/1171
f 1553/748/1154 1563/758/1163 1575/764/1172
f 1576/765/1173 1553/748/1154 1575/764/1172
f 1577/766/1174 1576/765/1173 1575/764/1172
f 1576/765/1173 1577/766/1174 1578/767/1175
f 1579/768/1176 1578/767/1175 1577/766/1174
f 1578/767/1175 1579/768/1176 1580/769/1177
f 1580/769/1177 1579/768/1176 1581/770/1178
f 1581/770/1178 1582/771/1179 1580/769/1177
f 1582/771/1179 1583/767/1180 1580/769/1177
f 1583/767/1180 1582/771/1179 1584/772/1181
f 1584/772/1181 1585/765/1182 1583/767/1180
f 1585/765/1182 1584/772/1181 1586/773/138
f 1587/774/1183 1553/748/1154 1585/765/1182
f 1585/765/1182 1586/773/138 1587/774/1183
f 1587/774/1183 1586/773/138 1588/775/1184
f 1588/775/1184 1589/745/1185 1587/774/1183
f 1587/774/1183 1589/745/1185 1590/744/1186
f 1591/776/1187 1592/777/1188 1593/778/1187
f 1592/777/1188 1591/776/1187 1594/779/1187
f 1595/780/1189 1596/781/1190 1597/782/1189
f 1598/783/1191 1595/780/1189 1597/782/1189
f 1596/781/1190 1595/780/1189 1599/784/1192
f 1599/784/1192 1600/785/1193 1596/781/1190
f 1596/781/1190 1600/785/1193 1601/786/1194
f 1600/785/1193 1602/787/1195 1601/786/1194
f 1602/787/1195 1600/785/1193 1603/788/1196
f 1603/788/1196 1604/789/1197 1602/787/1195
f 1602/787/1195 1604/789/1197 1605/790/1198
f 1604/789/1197 1606/791/1199 1605/790/1198
f 1605/790/1198 1606/791/1199 1607/792/1200
f 1608/793/1201 374/228/284 378/231/288
f 378/231/288 1609/794/1202 1608/793/1201
f 1609/794/1202 378/231/288 1610/795/1203
f 1611/796/1204 1608/793/1201 1609/794/1202
f 1612/797/1205 374/228/284 1608/793/1201
f 1608/793/1201 1611/796/1204 1613/797/1206
f 374/228/284 1612/797/1205 1614/227/1205
f 1615/798/1207 1613/797/1206 1611/796/1204
f 1616/226/1208 1614/227/1205 1612/797/1205
f 1613/797/1206 1615/798/1207 1617/799/1209
f 1612/797/1205 1618/799/1208 1616/226/1208
f 1619/800/1210 1617/799/1209 1615/798/1207
f 1620/225/1211 1616/226/1208 1618/799/1208
f 1617/799/1209 1619/800/1210 1621/801/1212
f 1620/225/1211 1618/799/1208 1622/801/1213
f 1623/802/1214 1621/801/1212 1619/800/1210
f 1624/223/1215 1620/225/1211 1622/801/1213
f 1621/801/1212 1623/802/1214 1625/803/1216
f 1624/223/1215 1622/801/1213 1626/803/1217
f 1625/803/1216 1623/802/1214 1627/804/1218
f 1626/803/1217 1628/224/1219 1624/223/1215
f 1629/805/1220 1627/804/1218 1623/802/1214
f 1630/804/1221 1628/224/1219 1626/803/1217
f 1631/806/1222 1627/804/1218 1629/805/1220
f 1630/804/1221 1632/807/1223 1628/224/1219
f 1627/804/1218 1631/806/1222 1633/808/1224
f 1634/809/1225 1632/807/1223 1630/804/1221
f 1635/810/1226 1633/808/1224 1631/806/1222
f 1630/804/1221 1636/808/1225 1634/809/1225
f 1633/808/1224 1635/810/1226 1637/811/1227
f 1638/812/1228 1634/809/1225 1636/808/1225
f 1639/813/1229 1637/811/1227 1635/810/1226
f 1636/808/1225 1640/811/1228 1638/812/1228
f 1637/811/1227 1639/813/1229 1641/814/1230
f 1642/815/1231 1638/812/1228 1640/811/1228
f 1643/816/1232 1641/814/1230 1639/813/1229
f 1640/811/1228 1644/814/1233 1642/815/1231
f 1641/814/1230 1643/816/1232 1645/817/1232
f 1645/817/1232 1643/816/1232 1646/818/1234
f 1643/816/1232 1647/819/1235 1646/818/1234
f 1642/815/1231 1644/814/1233 1648/820/1236
f 1644/814/1233 1649/817/1237 1648/820/1236
f 1648/820/1236 1649/817/1237 1650/821/1238
f 1651/818/1238 1650/821/1238 1649/817/1237
f 1652/822/1239 1653/823/1240 1654/824/1241
f 1652/822/1239 1654/824/1241 1655/825/1242
f 1652/822/1239 1655/825/1242 1656/826/1243
f 1657/827/1244 1656/826/1243 1655/825/1242
f 1657/827/1244 1658/828/1245 1656/826/1243
f 1659/829/1246 1657/827/1244 1655/825/1242
f 1659/829/1246 1655/825/1242 1654/824/1241
f 1657/827/1244 1659/829/1246 1660/830/1247
f 1659/829/1246 1654/824/1241 1661/831/1248
f 1661/831/1248 1654/824/1241 1662/832/1249
f 1663/833/1250 1662/832/1249 1654/824/1241
f 1662/832/1249 1663/833/1250 1664/834/1251
f 1661/831/1248 1662/832/1249 1665/835/1252
f 1666/836/1253 1662/832/1249 1664/834/1251
f 1662/832/1249 1666/836/1253 1665/835/1252
f 1665/835/1252 1666/836/1253 1667/837/1254
f 1668/838/1255 1669/839/1256 1670/840/1257
f 1669/839/1256 1668/838/1255 1671/841/1258
f 1672/842/1259 1673/821/1260 1671/841/1258
f 1671/841/1258 1674/843/1261 1672/842/1259
f 1674/843/1261 1671/841/1258 1668/838/1255
f 1675/844/1262 1674/843/1261 1668/838/1255
f 1670/840/1257 1676/845/1263 1668/838/1255
f 1668/838/1255 1676/845/1263 1675/844/1262
f 1676/845/1263 1670/840/1257 1677/846/1264
f 1678/847/1265 1675/844/1262 1676/845/1263
f 1679/848/1266 1676/845/1263 1677/846/1264
f 1676/845/1263 1679/848/1266 1678/847/1265
f 1680/849/1267 1679/848/1266 1677/846/1264
f 1679/848/1266 1681/850/1268 1678/847/1265
f 1682/851/1269 1679/848/1266 1680/849/1267
f 1682/851/1269 1681/850/1268 1679/848/1266
f 1219/599/834 1683/585/1270 1218/583/915
f 1684/598/831 1683/585/1270 1219/599/834
f 1684/598/831 1685/588/831 1683/585/1270
f 1686/597/830 1685/588/831 1684/598/831
f 1686/597/830 1687/592/1271 1685/588/831
f 1688/596/830 1687/592/1271 1686/597/830
f 1688/596/830 1689/595/1272 1687/592/1271
f 1690/594/1273 1687/592/1271 1689/595/1272
f 1690/594/1273 1691/589/1274 1687/592/1271
f 1691/589/1274 1692/588/1274 1687/592/1271
f 1691/589/1274 1693/586/1275 1692/588/1274
f 1693/586/1275 1683/585/1270 1692/588/1274
f 1694/581/1276 1683/585/1270 1693/586/1275
f 1683/585/1270 1694/581/1276 1218/583/915
f 1695/852/1277 1696/853/1278 1697/854/1279
f 1695/852/1277 1697/854/1279 1698/855/1280
f 1698/855/1280 1697/854/1279 1699/856/1281
f 1700/857/1282 1698/855/1280 1699/856/1281
f 1701/858/1283 1700/857/1282 1699/856/1281
f 1700/857/1282 1701/858/1283 1702/859/1284
f 1703/860/1285 1701/858/1283 1699/856/1281
f 1703/860/1285 1699/856/1281 1704/861/1286
f 1705/854/1287 1704/861/1286 1699/856/1281
f 1705/854/1287 1706/862/1287 1704/861/1286
f 1707/853/1288 1706/862/1287 1705/854/1287
f 1707/853/1288 1708/863/1288 1706/862/1287
f 1702/859/1284 1701/858/1283 1709/864/1289
f 1710/865/1290 1702/859/1284 1709/864/1289
f 1710/865/1290 1711/857/1291 1702/859/1284
f 1711/857/1291 1710/865/1290 1712/866/1291
f 1712/866/1291 1713/867/1292 1711/857/1291
f 1711/857/1291 1713/867/1292 1714/855/1293
f 1713/867/1292 1715/852/1294 1714/855/1293
f 1710/865/1290 1709/864/1289 1716/868/1295
f 1717/869/1296 1710/865/1290 1716/868/1295
f 1717/869/1296 1716/868/1295 1718/870/1296
f 1717/869/1296 1719/866/1297 1710/865/1290
f 1719/866/1297 1717/869/1296 1720/871/1298
f 1720/871/1298 1721/867/1299 1719/866/1297
f 1721/867/1299 1720/871/1298 1722/872/1300
f 1709/864/1301 1723/873/1302 1724/868/1303
f 1724/868/1303 1725/874/1304 1726/870/1305
f 1725/874/1304 1724/868/1303 1723/873/1302
f 1723/873/1302 1727/875/1306 1725/874/1304
f 1723/873/1302 1709/864/1301 1728/876/1307
f 1709/864/1301 1729/858/1308 1728/876/1307
f 1730/877/1309 1723/873/1302 1728/876/1307
f 1731/878/1310 1723/873/1302 1730/877/1309
f 1727/875/1306 1723/873/1302 1731/878/1310
f 1732/879/1311 1731/878/1310 1730/877/1309
f 1733/880/1312 1727/875/1306 1731/878/1310
f 1731/878/1310 1732/879/1311 1733/880/1312
f 1733/880/1312 1734/881/1313 1727/875/1306
f 1735/882/1314 1733/880/1312 1732/879/1311
f 1736/883/1315 1734/881/1313 1733/880/1312
f 1736/883/1315 1733/880/1312 1735/882/1314
f 1736/883/1315 1737/884/1316 1734/881/1313
f 1737/884/1316 1736/883/1315 1738/885/1317
f 1737/884/1316 1738/885/1317 1739/886/1317
f 1740/885/1318 1736/883/1315 1735/882/1314
f 1735/882/1314 1741/887/1319 1740/885/1318
f 1742/879/1320 1741/887/1319 1735/882/1314
f 1741/887/1319 1742/879/1320 1743/888/1321
f 1744/889/1322 1741/887/1319 1743/888/1321
f 1741/887/1319 1744/889/1322 1745/890/1323
f 1745/890/1323 1746/885/1324 1741/887/1319
f 1746/885/1324 1745/890/1323 1747/891/1325
f 1743/888/1321 1748/892/1326 1744/889/1322
f 1742/879/1320 1749/893/1327 1743/888/1321
f 1748/892/1326 1743/888/1321 1749/893/1327
f 1749/893/1327 1742/879/1320 1750/877/1328
f 1728/876/1307 1749/893/1327 1750/877/1328
f 1749/893/1327 1728/876/1307 1729/858/1308
f 1748/892/1326 1749/893/1327 1729/858/1308
f 1748/892/1326 1729/858/1308 1751/860/1329
f 1752/894/1330 1753/895/1331 1754/896/1332
f 1752/894/1330 1754/896/1332 1755/897/1333
f 1753/895/1331 1752/894/1330 1756/898/1331
f 1756/898/1331 1757/899/1334 1753/895/1331
f 1757/899/1334 1756/898/1331 1758/900/1334
f 1758/900/1334 1759/901/1335 1757/899/1334
f 1759/901/1335 1758/900/1334 1760/902/1336
f 1759/901/1335 1760/902/1336 1761/903/1337
f 1762/904/1338 1761/903/1337 1760/902/1336
f 1763/784/1339 1761/903/1337 1762/904/1338
f 1764/905/1340 1761/903/1337 1763/784/1339
f 1761/903/1337 1764/905/1340 1765/906/1341
f 1759/901/1335 1761/903/1337 1765/906/1341
f 1766/907/1342 1759/901/1335 1765/906/1341
f 1759/901/1335 1766/907/1342 1767/899/1342
f 1768/908/1343 1767/899/1342 1766/907/1342
f 1767/899/1342 1768/908/1343 1769/895/1343
f 1770/909/1344 1769/895/1343 1768/908/1343
f 1769/895/1343 1770/909/1344 1771/896/1344
f 1770/909/1344 1772/897/1345 1771/896/1344
f 928/475/671 929/476/672 1773/677/1346
f 923/470/666 931/478/674 1774/692/1347
f 929/476/672 930/477/673 1775/676/1348
f 929/476/672 1775/676/1348 1773/677/1346
f 1776/679/1349 1775/676/1348 930/477/673
f 1775/676/1348 1776/679/1349 1777/680/1350
f 1778/681/1351 1777/680/1350 1776/679/1349
f 1777/680/1350 1778/681/1351 1779/682/1351
f 1779/682/1351 1778/681/1351 1780/684/1352
f 1781/685/1352 1780/684/1352 1778/681/1351
f 1781/685/1352 1782/687/1353 1780/684/1352
f 1783/690/1353 1782/687/1353 1781/685/1352
f 1783/690/1353 1784/689/1354 1782/687/1353
f 1785/691/1354 1784/689/1354 1783/690/1353
f 1786/678/1355 1775/676/1348 1787/680/1356
f 1773/677/1346 1775/676/1348 1786/678/1355
f 1786/678/1355 1787/680/1356 1788/682/1357
f 1788/682/1357 1789/683/1358 1786/678/1355
f 1789/683/1358 1788/682/1357 1790/684/1358
f 1790/684/1358 1791/686/1359 1789/683/1358
f 1791/686/1359 1790/684/1358 1792/687/1359
f 1793/688/1360 1791/686/1359 1792/687/1359
f 1794/689/1360 1793/688/1360 1792/687/1359
f 1786/678/1355 1795/910/1361 1773/677/1346
f 1796/112/1362 1773/677/1346 1795/910/1361
f 1795/910/1361 1797/114/1363 1796/112/1362
f 1797/114/1363 1795/910/1361 1798/911/1364
f 1799/678/1365 1798/911/1364 1795/910/1361
f 1798/911/1364 1799/678/1365 1800/912/1365
f 1799/678/1365 1801/683/1366 1800/912/1365
f 1802/113/1367 1773/677/1346 1796/112/1362
f 1773/677/1346 1802/113/1367 1803/475/1368
f 931/478/674 1803/475/1368 1802/113/1367
f 1804/913/1369 931/478/674 1802/113/1367
f 1804/913/1369 1805/692/1370 931/478/674
f 1806/116/1371 1804/913/1369 1802/113/1367
f 1805/692/1370 1804/913/1369 1807/914/1372
f 1804/913/1369 1806/116/1371 1808/915/1373
f 1807/914/1372 1804/913/1369 1808/915/1373
f 1809/695/1374 1805/692/1370 1807/914/1372
f 1806/116/1371 1810/916/1375 1808/915/1373
f 1810/916/1375 1807/914/1372 1808/915/1373
f 1810/916/1375 1806/116/1371 1811/118/1376
f 1812/303/1377 1810/916/1375 1811/118/1376
f 1813/917/1378 1809/695/1374 1807/914/1372
f 1807/914/1372 1810/916/1375 1814/918/1379
f 1815/919/1380 1813/917/1378 1807/914/1372
f 1810/916/1375 1812/303/1377 1816/920/1381
f 1816/920/1381 1814/918/1379 1810/916/1375
f 1817/305/1382 1816/920/1381 1812/303/1377
f 1814/918/1379 1816/920/1381 1818/921/1383
f 1819/922/1384 1818/921/1383 1816/920/1381
f 1817/305/1382 1819/922/1384 1816/920/1381
f 1818/921/1383 1819/922/1384 1820/923/1385
f 1817/305/1382 1821/924/1386 1819/922/1384
f 1821/924/1386 1817/305/1382 1822/306/1387
f 1823/925/1388 1824/926/1389 1822/306/1390
f 1824/926/1389 1823/925/1388 1825/927/1391
f 1823/925/1388 1826/928/1392 1825/927/1391
f 1826/928/1392 1823/925/1388 1827/929/1393
f 1827/929/1393 1828/930/1394 1826/928/1392
f 1828/930/1394 1827/929/1393 1829/931/1394
f 1829/931/1394 1830/932/1395 1828/930/1394
f 1830/932/1395 1829/931/1394 1831/933/1396
f 1831/933/1396 1832/934/1397 1830/932/1395
f 1832/934/1397 1831/933/1396 1833/935/1398
f 1834/936/1399 1832/934/1397 1833/935/1398
f 1832/934/1397 1834/936/1399 1835/937/1400
f 1836/938/1401 1835/937/1400 1834/936/1399
f 1835/937/1400 1836/938/1401 1837/939/1401
f 1838/940/1402 1837/939/1401 1836/938/1401
f 1837/939/1401 1838/940/1402 1839/941/1402
f 1840/942/1403 1839/941/1402 1838/940/1402
f 1839/941/1402 1840/942/1403 1841/943/1403
f 1840/942/1403 1842/944/1404 1841/943/1403
f 1843/945/1405 1833/935/1398 1831/933/1396
f 1844/946/1406 1833/935/1398 1843/945/1405
f 1844/946/1406 1843/945/1405 1845/947/1407
f 1846/948/1408 1845/947/1407 1843/945/1405
f 1843/945/1405 1831/933/1396 1846/948/1408
f 1847/931/1409 1846/948/1408 1831/933/1396
f 1846/948/1408 1847/931/1409 1848/949/1409
f 1849/929/1410 1848/949/1409 1847/931/1409
f 1848/949/1409 1849/929/1410 1850/950/1411
f 1851/925/1412 1850/950/1411 1849/929/1410
f 1850/950/1411 1851/925/1412 1852/951/1413
f 1853/307/1414 1852/951/1413 1851/925/1412
f 1854/306/1415 1853/307/1414 1851/925/1412
f 1855/952/1416 1856/841/1417 1857/815/1418
f 1855/952/1416 1857/815/1418 1858/812/1416
f 1859/809/1419 1855/952/1416 1858/812/1416
f 1860/820/1420 1857/815/1418 1856/841/1417
f 1855/952/1416 1859/809/1419 1861/953/1419
f 1859/809/1419 1862/954/1421 1861/953/1419
f 1862/954/1421 1859/809/1419 1863/807/1422
f 1860/820/1420 1856/841/1417 1864/821/1423
f 1862/954/1421 1863/807/1422 1865/224/1424
f 1866/817/1425 1860/820/1420 1864/821/1423
f 1864/821/1423 1867/818/1426 1866/817/1425
f 1860/820/1420 1866/817/1425 1868/814/1427
f 1868/814/1427 1869/815/1428 1860/820/1420
f 1869/815/1428 1868/814/1427 1870/811/1429
f 1871/812/1429 1869/815/1428 1870/811/1429
f 1872/808/1430 1871/812/1429 1870/811/1429
f 1873/809/1430 1871/812/1429 1872/808/1430
f 1874/804/1431 1873/809/1430 1872/808/1430
f 1863/807/1422 1873/809/1430 1874/804/1431
f 1863/807/1422 1874/804/1431 1865/224/1424
f 1865/224/1424 1874/804/1431 1875/803/1432
f 1865/224/1424 1875/803/1432 1876/223/1433
f 1876/223/1433 1875/803/1432 1877/801/1434
f 1878/225/1435 1876/223/1433 1877/801/1434
f 1878/225/1435 1877/801/1434 1879/799/1436
f 1880/226/1436 1878/225/1435 1879/799/1436
f 1880/226/1436 1879/799/1436 1881/797/1437
f 1882/227/1437 1880/226/1436 1881/797/1437
f 1881/797/1437 1883/228/1438 1882/227/1437
f 1883/228/1438 1881/797/1437 1884/793/1439
f 1883/228/1438 1884/793/1439 1885/231/1440
f 1886/794/1202 1885/231/1440 1884/793/1439
f 1885/231/1440 1886/794/1202 1887/795/1203
f 1884/793/1439 1888/796/1441 1886/794/1202
f 1888/796/1441 1884/793/1439 1889/797/1442
f 1889/797/1442 1890/798/1207 1888/796/1441
f 1890/798/1207 1889/797/1442 1891/799/1443
f 1891/799/1443 1892/800/1210 1890/798/1207
f 1892/800/1210 1891/799/1443 1893/801/1444
f 1893/801/1444 1894/802/1214 1892/800/1210
f 1894/802/1214 1893/801/1444 1895/803/1445
f 1894/802/1214 1895/803/1445 1896/804/1446
f 1894/802/1214 1896/804/1446 1897/805/1220
f 1896/804/1446 1898/806/1222 1897/805/1220
f 1898/806/1222 1896/804/1446 1899/808/1447
f 1899/808/1447 1900/810/1226 1898/806/1222
f 1900/810/1226 1899/808/1447 1901/811/1227
f 1901/811/1227 1902/813/1229 1900/810/1226
f 1902/813/1229 1901/811/1227 1903/814/1230
f 1902/813/1229 1903/814/1230 1904/817/1232
f 1902/813/1229 1904/817/1232 1905/816/1232
f 1904/817/1232 1906/819/1234 1905/816/1232
f 1906/819/1234 1904/817/1232 1907/818/1235
f 1908/780/1448 1909/783/1449 1910/955/1450
f 1910/955/1450 1911/956/1451 1908/780/1448
f 1910/955/1450 1909/783/1449 1912/957/1452
f 1912/957/1452 1909/783/1449 1913/958/1452
f 1914/959/1453 1912/957/1452 1913/958/1452
f 1912/957/1452 1914/959/1453 1915/960/1453
f 1916/961/1454 1915/960/1453 1914/959/1453
f 1917/784/1455 1908/780/1448 1911/956/1451
f 1915/960/1453 1916/961/1454 1918/962/1456
f 1911/956/1451 1919/904/1457 1917/784/1455
f 1920/963/1458 1918/962/1456 1916/961/1454
f 1921/964/1459 1920/963/1458 1922/965/1460
f 1918/962/1456 1920/963/1458 1923/966/1461
f 1920/963/1458 1921/964/1459 1923/966/1461
f 1924/967/1462 1923/966/1461 1921/964/1459
f 1921/964/1459 1925/968/1463 1924/967/1462
f 1923/966/1461 1924/967/1462 1926/969/1464
f 1926/969/1464 1918/962/1456 1923/966/1461
f 1926/969/1464 1927/970/1465 1918/962/1456
f 1918/962/1456 1927/970/1465 1928/960/1465
f 1927/970/1465 1929/957/1466 1928/960/1465
f 1929/957/1466 1927/970/1465 1930/971/1466
f 1930/971/1466 1931/955/1467 1929/957/1466
f 1931/955/1467 1930/971/1466 1932/972/1467
f 1932/972/1467 1933/956/1468 1931/955/1467
f 1933/956/1468 1932/972/1467 1934/973/1468
f 1934/973/1468 1919/904/1457 1933/956/1468
f 1919/904/1457 1934/973/1468 1935/902/1469
f 1936/903/1470 1919/904/1457 1935/902/1469
f 1936/903/1470 1917/784/1455 1919/904/1457
f 1935/902/1469 1937/901/1471 1936/903/1470
f 1938/900/1472 1937/901/1471 1935/902/1469
f 1937/901/1471 1938/900/1472 1939/899/1472
f 1940/898/1473 1939/899/1472 1938/900/1472
f 1939/899/1472 1940/898/1473 1941/895/1473
f 1942/894/1474 1941/895/1473 1940/898/1473
f 1941/895/1473 1942/894/1474 1943/896/1475
f 1943/896/1475 1942/894/1474 1944/897/1333
f 1944/897/1333 1945/909/1476 1943/896/1475
f 1945/909/1476 1946/895/1477 1943/896/1475
f 1946/895/1477 1945/909/1476 1947/908/1477
f 1947/908/1477 1948/899/1478 1946/895/1477
f 1948/899/1478 1947/908/1477 1949/907/1478
f 1949/907/1478 1950/901/1479 1948/899/1478
f 1950/901/1479 1949/907/1478 1951/906/1480
f 1936/903/1470 1950/901/1479 1951/906/1480
f 1952/905/1481 1936/903/1470 1951/906/1480
f 1936/903/1470 1952/905/1481 1917/784/1455
f 1952/905/1481 1951/906/1480 1953/974/1482
f 1952/905/1481 1954/975/1483 1917/784/1455
f 1953/974/1482 1955/976/1484 1952/905/1481
f 1955/976/1484 1954/975/1483 1952/905/1481
f 1954/975/1483 1955/976/1484 1956/977/1485
f 1957/978/1486 1955/976/1484 1953/974/1482
f 1955/976/1484 1958/979/1485 1956/977/1485
f 1955/976/1484 1957/978/1486 1959/980/1487
f 1958/979/1485 1955/976/1484 1959/980/1487
f 1957/978/1486 1960/981/1488 1959/980/1487
f 1960/981/1488 1958/979/1485 1959/980/1487
f 1960/981/1488 1957/978/1486 1961/982/1489
f 1958/979/1485 1960/981/1488 1962/983/1485
f 1961/982/1489 1963/984/1490 1960/981/1488
f 1963/984/1490 1962/983/1485 1960/981/1488
f 1962/983/1485 1963/984/1490 1964/985/1491
f 1963/984/1490 1961/982/1489 1965/986/1492
f 1963/984/1490 1966/987/1493 1964/985/1491
f 1963/984/1490 1965/986/1492 1967/988/1494
f 1966/987/1493 1963/984/1490 1967/988/1494
f 1965/986/1492 1968/989/1495 1967/988/1494
f 1968/989/1495 1965/986/1492 1969/990/1496
f 1968/989/1495 1970/991/1497 1967/988/1494
f 1966/987/1493 1967/988/1494 1970/991/1497
f 1971/992/1498 1972/993/1499 1973/994/1500
f 1974/995/1501 1972/993/1499 1971/992/1498
f 1972/993/1499 1974/995/1501 1975/996/1502
f 1974/995/1501 1976/997/1503 1975/996/1502
f 1976/997/1503 1974/995/1501 1977/998/1504
f 1971/992/1498 1978/999/1505 1974/995/1501
f 1974/995/1501 1978/999/1505 1977/998/1504
f 1978/999/1505 1971/992/1498 1979/1000/1506
f 1980/1001/1507 1977/998/1504 1978/999/1505
f 1980/1001/1507 1981/613/1508 1977/998/1504
f 1977/998/1504 1981/613/1508 1982/612/1509
f 1983/1002/1510 1981/613/1508 1980/1001/1507
f 1981/613/1508 1983/1002/1510 1984/617/1510
f 1984/617/1510 1983/1002/1510 1985/623/1511
f 1983/1002/1510 1986/1003/1511 1985/623/1511
f 1987/1004/1512 1985/623/1511 1986/1003/1511
f 1985/623/1511 1987/1004/1512 1988/625/1513
f 1989/627/1514 1988/625/1513 1987/1004/1512
f 1990/1005/1515 1979/1000/1506 1971/992/1498
f 1971/992/1498 1973/994/1500 1990/1005/1515
f 1991/1006/1516 1990/1005/1515 1973/994/1500
f 1979/1000/1506 1990/1005/1515 1992/1007/1517
f 1990/1005/1515 1991/1006/1516 1993/1008/1518
f 1993/1008/1518 1992/1007/1517 1990/1005/1515
f 1992/1007/1517 1993/1008/1518 1994/1009/1519
f 1995/981/1520 1996/979/1521 1997/983/1521
f 1998/978/1522 1995/981/1520 1999/982/1523
f 1997/983/1521 2000/984/1524 1995/981/1520
f 2000/984/1524 1999/982/1523 1995/981/1520
f 2000/984/1524 1997/983/1521 2001/985/1525
f 1999/982/1523 2000/984/1524 2002/986/1526
f 2003/987/1527 2000/984/1524 2001/985/1525
f 2002/986/1526 2000/984/1524 2004/988/1528
f 2000/984/1524 2003/987/1527 2004/988/1528
f 2005/989/1529 2002/986/1526 2004/988/1528
f 2002/986/1526 2005/989/1529 2006/990/1530
f 2004/988/1528 2007/991/1531 2005/989/1529
f 2004/988/1528 2003/987/1527 2007/991/1531
f 2008/1010/1532 2006/990/1530 2005/989/1529
f 2006/990/1530 2008/1010/1532 2009/1011/1533
f 2010/1012/1534 2005/989/1529 2007/991/1531
f 2005/989/1529 2010/1012/1534 2008/1010/1532
f 2011/274/1535 2007/991/1531 2003/987/1527
f 2007/991/1531 2011/274/1535 2012/278/1536
f 2012/278/1536 2010/1012/1534 2007/991/1531
f 2011/274/1535 2003/987/1527 2013/270/1537
f 2010/1012/1534 2012/278/1536 2014/282/1521
f 2014/282/1521 2015/185/1521 2010/1012/1534
f 2015/185/1521 2016/1013/1538 2010/1012/1534
f 2016/1013/1538 2008/1010/1532 2010/1012/1534
f 2016/1013/1538 2015/185/1521 2017/183/1539
f 2017/183/1539 2018/1014/1540 2016/1013/1538
f 2018/1014/1540 2017/183/1539 2019/181/1541
f 2019/181/1541 2020/1015/1542 2018/1014/1540
f 2020/1015/1542 2019/181/1541 2021/179/1543
f 2022/175/1544 2020/1015/1542 2021/179/1543
f 2008/1010/1532 2016/1013/1538 2023/1016/1545
f 2008/1010/1532 2023/1016/1545 2009/1011/1533
f 2024/1014/1546 2023/1016/1545 2016/1013/1538
f 2025/1017/1547 2009/1011/1533 2023/1016/1545
f 2022/175/1544 2021/179/1543 2026/178/232
f 2026/178/232 2027/177/231 2022/175/1544
f 2028/176/230 2022/175/1544 2027/177/231
f 2021/179/1543 2029/180/234 2026/178/232
f 2029/180/234 2021/179/1543 2030/181/1548
f 2030/181/1548 2031/182/1549 2029/180/234
f 2031/182/1549 2030/181/1548 2032/183/237
f 2033/185/238 2031/182/1549 2032/183/237
f 2031/182/1549 2033/185/238 2034/184/239
f 2035/1018/1550 2025/1017/1547 2023/1016/1545
f 2035/1018/1550 2036/1019/1551 2025/1017/1547
f 2036/1019/1551 2035/1018/1550 2037/1020/1552
f 2037/1020/1552 2038/1021/1553 2036/1019/1551
f 2038/1021/1553 2037/1020/1552 2039/1022/1553
f 2039/1022/1553 2040/1023/1554 2038/1021/1553
f 2039/1022/1553 2041/1024/1554 2040/1023/1554
f 2040/1023/1554 2041/1024/1554 2042/1025/1555
f 2043/1026/1556 2040/1023/1554 2042/1025/1555
f 2043/1026/1556 2042/1025/1555 2044/1027/1557
f 2045/1028/1558 2035/1018/1550 2023/1016/1545
f 2046/1029/1559 2035/1018/1550 2045/1028/1558
f 2047/1030/1560 2035/1018/1550 2046/1029/1559
f 2035/1018/1550 2047/1030/1560 2048/1020/1561
f 2049/1031/1562 2046/1029/1559 2045/1028/1558
f 2050/1032/1563 2048/1020/1561 2047/1030/1560
f 2048/1020/1561 2050/1032/1563 2051/1022/1563
f 2052/1033/1564 2051/1022/1563 2050/1032/1563
f 2051/1022/1563 2052/1033/1564 2053/1024/1565
f 2054/1034/1566 2053/1024/1565 2052/1033/1564
f 2053/1024/1565 2054/1034/1566 2055/1025/1566
f 2054/1034/1566 2056/1027/1567 2055/1025/1566
f 2057/1035/1568 2049/1031/1562 2045/1028/1558
f 2023/1016/1545 2057/1035/1568 2045/1028/1558
f 2023/1016/1545 2024/1014/1546 2057/1035/1568
f 2049/1031/1562 2057/1035/1568 2058/1036/1569
f 2057/1035/1568 2024/1014/1546 2059/1015/1570
f 2058/1036/1569 2057/1035/1568 2060/1037/1571
f 2057/1035/1568 2059/1015/1570 2060/1037/1571
f 2058/1036/1569 2060/1037/1571 2061/1038/1572
f 2062/175/1573 2060/1037/1571 2059/1015/1570
f 2061/1038/1572 2060/1037/1571 2063/1039/1574
f 2060/1037/1571 2062/175/1573 2063/1039/1574
f 2064/1040/1575 2061/1038/1572 2063/1039/1574
f 2065/176/1576 2063/1039/1574 2062/175/1573
f 2066/1041/1575 2064/1040/1575 2063/1039/1574
f 2065/176/1576 2067/1041/1577 2063/1039/1574
f 2068/1042/1578 2064/1040/1575 2066/1041/1575
f 2069/1043/1579 2067/1041/1577 2065/176/1576
f 2064/1040/1575 2068/1042/1578 2070/1044/1578
f 2069/1043/1579 2071/1042/1580 2067/1041/1577
f 2072/1045/1581 2070/1044/1578 2068/1042/1578
f 2073/1046/1582 2071/1042/1580 2069/1043/1579
f 2074/1047/1581 2072/1045/1581 2068/1042/1578
f 2073/1046/1582 2075/1047/1582 2071/1042/1580
f 2076/1048/1583 2072/1045/1581 2074/1047/1581
f 2077/1049/1584 2075/1047/1582 2073/1046/1582
f 2072/1045/1581 2076/1048/1583 2078/1050/1585
f 2077/1049/1584 2079/1048/1584 2075/1047/1582
f 2080/1051/1586 2078/1050/1585 2076/1048/1583
f 2081/1052/1587 2079/1048/1584 2077/1049/1584
f 2079/1048/1584 2081/1052/1587 2082/1051/1588
f 2078/1050/1585 2080/1051/1586 2083/1053/1589
f 2081/1052/1587 2084/1054/1590 2082/1051/1588
f 2084/1054/1590 2085/1055/1591 2082/1051/1588
f 2084/1054/1590 2086/1056/1592 2085/1055/1591
f 2087/1057/1593 2086/1056/1592 2084/1054/1590
f 2084/1054/1590 2088/1058/1593 2087/1057/1593
f 2088/1058/1593 2089/1059/1594 2087/1057/1593
f 2090/1060/1595 2083/1053/1589 2080/1051/1586
f 2083/1053/1589 2090/1060/1595 2091/1061/1596
f 2092/1055/1597 2090/1060/1595 2080/1051/1586
f 2091/1061/1596 2090/1060/1595 2093/1062/1598
f 2092/1055/1597 2093/1062/1598 2090/1060/1595
f 2091/1061/1596 2093/1062/1598 2094/1063/1599
f 2095/1064/1600 2094/1063/1599 2093/1062/1598
f 2093/1062/1598 2092/1055/1597 2096/1065/1601
f 2093/1062/1598 2097/1065/1599 2095/1064/1600
f 2096/1065/1601 2092/1055/1597 2098/1056/1602
f 2099/1066/1603 2095/1064/1600 2097/1065/1599
f 2098/1056/1602 2099/1066/1603 2096/1065/1601
f 2095/1064/1600 2099/1066/1603 2100/1067/1600
f 2099/1066/1603 2098/1056/1602 2101/1057/1604
f 2099/1066/1603 2102/1059/1605 2100/1067/1600
f 2099/1066/1603 2101/1057/1604 2102/1059/1605
f 2103/630/1606 2104/998/1607 2105/611/1608
f 2106/612/1609 2105/611/1608 2104/998/1607
f 2105/611/1608 2107/629/1610 2103/630/1606
f 2107/629/1610 2105/611/1608 2108/616/1610
f 2108/616/1610 2109/628/1611 2107/629/1610
f 2109/628/1611 2108/616/1610 2110/621/1612
f 2109/628/1611 2110/621/1612 2111/622/1613
f 2112/1068/1614 2104/998/1607 2103/630/1606
f 2112/1068/1614 2113/1069/1615 2104/998/1607
f 2113/1069/1615 2114/997/1616 2104/998/1607
f 2113/1069/1615 2115/1070/1617 2114/997/1616
f 2115/1070/1617 2113/1069/1615 2116/1071/1618
f 2113/1069/1615 2112/1068/1614 2117/1072/1619
f 2113/1069/1615 2118/1073/1620 2116/1071/1618
f 2113/1069/1615 2117/1072/1619 2118/1073/1620
f 2117/1072/1619 2119/1074/1621 2118/1073/1620
f 2118/1073/1620 2119/1074/1621 2120/1075/1622
f 2119/1074/1621 2121/1076/1623 2120/1075/1622
f 2122/1077/1624 2118/1073/1620 2120/1075/1622
f 2123/1078/1625 2120/1075/1622 2121/1076/1623
f 2124/1079/1626 2122/1077/1624 2120/1075/1622
f 2120/1075/1622 2123/1078/1625 2125/1080/1627
f 2124/1079/1626 2120/1075/1622 2125/1080/1627
f 2126/1081/1628 2125/1080/1627 2123/1078/1625
f 2125/1080/1627 2127/1082/1629 2124/1079/1626
f 2125/1080/1627 2126/1081/1628 2128/1083/1630
f 2128/1083/1630 2127/1082/1629 2125/1080/1627
f 2129/1084/1631 2128/1083/1630 2126/1081/1628
f 2128/1083/1630 2130/1085/1632 2127/1082/1629
f 2128/1083/1630 2129/1084/1631 2131/1086/1385
f 2131/1086/1385 2130/1085/1632 2128/1083/1630
f 2132/1087/1633 2133/1088/1634 2134/1089/1635
f 2132/1087/1633 2135/1090/1636 2133/1088/1634
f 2132/1087/1633 2136/1091/1636 2135/1090/1636
f 2136/1091/1636 2137/1092/1637 2135/1090/1636
f 2137/1092/1637 2136/1091/1636 2138/1093/1638
f 2138/1093/1638 2139/1094/1639 2137/1092/1637
f 2139/1094/1639 2138/1093/1638 2140/1095/1639
f 2139/1094/1639 2140/1095/1639 2141/1096/1640
f 2140/1095/1639 2142/1097/1641 2141/1096/1640
f 2143/1098/1642 2141/1096/1640 2142/1097/1641
f 1969/990/1496 2144/1010/1643 1968/989/1495
f 2144/1010/1643 1969/990/1496 2145/1011/1644
f 1968/989/1495 2146/1012/1645 1970/991/1497
f 2146/1012/1645 1968/989/1495 2144/1010/1643
f 1970/991/1497 2147/274/1646 1966/987/1493
f 2147/274/1646 1970/991/1497 2148/278/1647
f 2146/1012/1645 2148/278/1647 1970/991/1497
f 2149/270/1648 1966/987/1493 2147/274/1646
f 2148/278/1647 2146/1012/1645 2150/282/1485
f 2151/185/1485 2150/282/1485 2146/1012/1645
f 2152/1013/1649 2151/185/1485 2146/1012/1645
f 2144/1010/1643 2152/1013/1649 2146/1012/1645
f 2151/185/1485 2152/1013/1649 2153/183/1650
f 2154/1014/1651 2153/183/1650 2152/1013/1649
f 2153/183/1650 2154/1014/1651 2155/181/1652
f 2156/1015/1653 2155/181/1652 2154/1014/1651
f 2155/181/1652 2156/1015/1653 2157/179/1653
f 2156/1015/1653 2158/175/1654 2157/179/1653
f 2159/1016/1655 2152/1013/1649 2144/1010/1643
f 2159/1016/1655 2144/1010/1643 2145/1011/1644
f 2159/1016/1655 2160/1014/1656 2152/1013/1649
f 2145/1011/1644 2161/1017/1657 2159/1016/1655
f 2160/1014/1656 2159/1016/1655 2162/1035/1658
f 2160/1014/1656 2162/1035/1658 2163/1015/1659
f 2161/1017/1657 2164/1018/1660 2159/1016/1655
f 2165/1019/1661 2164/1018/1660 2161/1017/1657
f 2164/1018/1660 2165/1019/1661 2166/1020/1662
f 2167/1021/1663 2166/1020/1662 2165/1019/1661
f 2166/1020/1662 2167/1021/1663 2168/1022/1663
f 2167/1021/1663 2169/1023/1664 2168/1022/1663
f 2170/1024/1664 2168/1022/1663 2169/1023/1664
f 2171/1025/1665 2170/1024/1664 2169/1023/1664
f 2169/1023/1664 2172/1026/1666 2171/1025/1665
f 2171/1025/1665 2172/1026/1666 2173/1027/1557
f 2173/1027/1557 2174/1034/1667 2171/1025/1665
f 2174/1034/1667 2175/1024/1668 2171/1025/1665
f 2175/1024/1668 2174/1034/1667 2176/1033/1669
f 2176/1033/1669 2177/1022/1670 2175/1024/1668
f 2177/1022/1670 2176/1033/1669 2178/1032/1670
f 2178/1032/1670 2179/1020/1671 2177/1022/1670
f 2179/1020/1671 2178/1032/1670 2180/1030/1672
f 2180/1030/1672 2164/1018/1660 2179/1020/1671
f 2164/1018/1660 2180/1030/1672 2181/1029/1673
f 2164/1018/1660 2181/1029/1673 2182/1028/1674
f 2164/1018/1660 2182/1028/1674 2159/1016/1655
f 2183/1031/1675 2182/1028/1674 2181/1029/1673
f 2162/1035/1658 2159/1016/1655 2182/1028/1674
f 2183/1031/1675 2162/1035/1658 2182/1028/1674
f 2184/1036/1676 2162/1035/1658 2183/1031/1675
f 2162/1035/1658 2184/1036/1676 2185/1037/1677
f 2163/1015/1659 2162/1035/1658 2185/1037/1677
f 2186/1038/1678 2185/1037/1677 2184/1036/1676
f 2185/1037/1677 2187/175/1679 2163/1015/1659
f 2185/1037/1677 2186/1038/1678 2188/1039/1680
f 2187/175/1679 2185/1037/1677 2188/1039/1680
f 2189/1040/1681 2188/1039/1680 2186/1038/1678
f 2188/1039/1680 2190/176/1682 2187/175/1679
f 2189/1040/1681 2191/1041/1681 2188/1039/1680
f 2190/176/1682 2188/1039/1680 2192/1041/1683
f 2189/1040/1681 2193/1042/1684 2191/1041/1681
f 2192/1041/1683 2194/1043/1685 2190/176/1682
f 2193/1042/1684 2189/1040/1681 2195/1044/1684
f 2194/1043/1685 2192/1041/1683 2196/1042/1686
f 2193/1042/1684 2195/1044/1684 2197/1045/1687
f 2196/1042/1686 2198/1046/1688 2194/1043/1685
f 2197/1045/1687 2199/1047/1687 2193/1042/1684
f 2198/1046/1688 2196/1042/1686 2200/1047/1688
f 2197/1045/1687 2201/1048/1689 2199/1047/1687
f 2200/1047/1688 2202/1049/1690 2198/1046/1688
f 2201/1048/1689 2197/1045/1687 2203/1050/1691
f 2202/1049/1690 2200/1047/1688 2204/1048/1690
f 2204/1048/1690 2205/1052/1692 2202/1049/1690
f 2203/1050/1691 2206/1051/1693 2201/1048/1689
f 2205/1052/1692 2204/1048/1690 2206/1051/1693
f 2206/1051/1693 2203/1050/1691 2207/1053/1694
f 2208/1054/1695 2205/1052/1692 2206/1051/1693
f 2207/1053/1694 2209/1060/1696 2206/1051/1693
f 2209/1060/1696 2207/1053/1694 2210/1061/1697
f 2209/1060/1696 2210/1061/1697 2211/1062/1698
f 2209/1060/1696 2212/1055/1699 2206/1051/1693
f 2211/1062/1698 2212/1055/1699 2209/1060/1696
f 2212/1055/1699 2208/1054/1695 2206/1051/1693
f 2212/1055/1699 2211/1062/1698 2213/1065/1700
f 2212/1055/1699 2213/1065/1700 2214/1056/1701
f 2214/1056/1701 2208/1054/1695 2212/1055/1699
f 2215/1066/1702 2214/1056/1701 2213/1065/1700
f 2214/1056/1701 2216/1057/1703 2208/1054/1695
f 2214/1056/1701 2215/1066/1702 2216/1057/1703
f 2208/1054/1695 2216/1057/1703 2217/1058/1704
f 2216/1057/1703 2215/1066/1702 2218/1059/1705
f 2218/1059/1705 2217/1058/1704 2216/1057/1703
f 2219/1099/1706 2220/541/1707 2221/1100/1708
f 2220/541/1707 2219/1099/1706 2222/531/1709
f 2223/544/1710 2221/1100/1708 2220/541/1707
f 2221/1100/1708 2223/544/1710 2224/1101/1711
f 2225/549/206 2224/1101/1711 2223/544/1710
f 2224/1101/1711 2225/549/206 2226/1102/1712
f 2226/1102/1712 2225/549/206 2227/1103/1713
f 2228/551/1714 2227/1103/1713 2225/549/206
f 2227/1103/1713 2228/551/1714 2229/1104/1715
f 2230/553/1715 2229/1104/1715 2228/551/1714
f 2229/1104/1715 2230/553/1715 2231/1105/1716
f 2232/555/1717 2231/1105/1716 2230/553/1715
f 2233/1100/1718 2234/541/1719 2235/531/1706
f 2233/1100/1718 2235/531/1706 2236/1099/1709
f 2233/1100/1718 2237/544/1710 2234/541/1719
f 2237/544/1710 2233/1100/1718 2238/1101/1720
f 2238/1101/1720 2239/549/206 2237/544/1710
f 2239/549/206 2238/1101/1720 2240/1102/206
f 2240/1102/206 2241/551/1713 2239/549/206
f 2241/551/1713 2240/1102/206 2242/1103/1714
f 2242/1103/1714 2243/553/1715 2241/551/1713
f 2243/553/1715 2242/1103/1714 2244/1104/1715
f 2245/1105/1717 2243/553/1715 2244/1104/1715
f 2245/1105/1717 2246/555/1717 2243/553/1715
f 2247/1082/1721 2248/1083/1722 2249/1080/1723
f 2250/1085/1724 2248/1083/1722 2247/1082/1721
f 2250/1085/1724 2251/1086/1725 2248/1083/1722
f 2247/1082/1721 2249/1080/1723 2252/1079/1726
f 2253/1084/1727 2248/1083/1722 2254/1086/1728
f 2248/1083/1722 2253/1084/1727 2255/1081/1729
f 2256/1078/1730 2248/1083/1722 2255/1081/1729
f 2256/1078/1730 2249/1080/1723 2248/1083/1722
f 2257/1076/1731 2249/1080/1723 2256/1078/1730
f 2252/1079/1726 2249/1080/1723 2258/1075/1732
f 2257/1076/1731 2258/1075/1732 2249/1080/1723
f 2259/1077/1733 2252/1079/1726 2258/1075/1732
f 2257/1076/1731 2260/1073/1734 2258/1075/1732
f 2259/1077/1733 2258/1075/1732 2260/1073/1734
f 2261/1071/1735 2259/1077/1733 2260/1073/1734
f 2260/1073/1734 2257/1076/1731 2262/1074/1736
f 2263/1069/1737 2261/1071/1735 2260/1073/1734
f 2262/1074/1736 2263/1069/1737 2260/1073/1734
f 2263/1069/1737 2262/1074/1736 2264/1072/1738
f 2265/1068/1614 2263/1069/1737 2264/1072/1738
f 2263/1069/1737 2265/1068/1614 2266/998/1739
f 2266/998/1739 2265/1068/1614 2267/630/1740
f 2266/998/1739 2267/630/1740 2268/611/1741
f 2268/611/1741 2269/612/1742 2266/998/1739
f 2270/997/1743 2263/1069/1737 2266/998/1739
f 2271/995/1744 2270/997/1743 2266/998/1739
f 2270/997/1743 2271/995/1744 2272/996/1745
f 2271/995/1744 2273/993/1746 2272/996/1745
f 2274/999/1505 2271/995/1744 2266/998/1739
f 2273/993/1746 2271/995/1744 2275/992/1747
f 2274/999/1505 2275/992/1747 2271/995/1744
f 2266/998/1739 2276/1001/1507 2274/999/1505
f 2275/992/1747 2274/999/1505 2277/1000/1748
f 2266/998/1739 2278/613/1749 2276/1001/1507
f 2278/613/1749 2266/998/1739 2279/612/1750
f 2278/613/1749 2280/1002/1751 2276/1001/1507
f 2280/1002/1751 2278/613/1749 2281/617/1751
f 2280/1002/1751 2281/617/1751 2282/623/1752
f 2280/1002/1751 2282/623/1752 2283/1003/1752
f 2282/623/1752 2284/1004/1512 2283/1003/1752
f 2284/1004/1512 2282/623/1752 2285/625/1753
f 2285/625/1753 2286/627/1754 2284/1004/1512
f 2277/1000/1748 2287/1005/1755 2275/992/1747
f 2287/1005/1755 2277/1000/1748 2288/1007/1756
f 2288/1007/1756 2289/1008/1757 2287/1005/1755
f 2289/1008/1757 2288/1007/1756 2290/1009/1758
f 2291/1006/1759 2287/1005/1755 2289/1008/1757
f 2287/1005/1755 2291/1006/1759 2292/994/1760
f 2292/994/1760 2275/992/1747 2287/1005/1755
f 2273/993/1746 2275/992/1747 2292/994/1760
f 2292/994/1760 2293/1106/1761 2273/993/1746
f 2294/1107/1762 2293/1106/1761 2292/994/1760
f 2294/1107/1762 2292/994/1760 2295/1006/1763
f 2293/1106/1761 2294/1107/1762 2296/1108/1764
f 2296/1108/1764 2294/1107/1762 2297/1109/1764
f 2298/651/1765 2299/652/1766 2300/653/1767
f 2299/652/1766 2298/651/1765 2301/642/1768
f 2300/653/1767 2302/1110/1769 2298/651/1765
f 2302/1110/1769 2300/653/1767 2303/1111/1770
f 2304/650/1771 2298/651/1765 2302/1110/1769
f 2298/651/1765 2304/650/1771 2305/647/1772
f 2305/647/1772 2301/642/1768 2298/651/1765
f 2305/647/1772 2306/644/1773 2301/642/1768
f 2307/646/1774 2306/644/1773 2305/647/1772
f 2307/646/1774 2305/647/1772 2308/648/1775
f 2305/647/1772 2309/650/949 2308/648/1775
f 2310/649/1776 2308/648/1775 2309/650/949
f 2311/1112/1777 2312/1113/1778 2313/1114/1779
f 2314/1115/1780 2311/1112/1777 2313/1114/1779
f 2313/1114/1779 2315/1116/1781 2314/1115/1780
f 2315/1116/1781 2313/1114/1779 2316/1117/1781
f 2315/1116/1781 2316/1117/1781 2317/1118/1782
f 2315/1116/1781 2317/1118/1782 2318/1119/1783
f 2318/1119/1783 2317/1118/1782 2319/1120/1784
f 2320/1121/1785 2319/1120/1784 2317/1118/1782
f 2321/1122/1786 2319/1120/1784 2320/1121/1785
f 2317/1118/1782 2322/1123/1787 2320/1121/1785
f 2322/1123/1787 2317/1118/1782 2323/1117/1788
f 2324/1124/1789 2320/1121/1785 2322/1123/1787
f 2325/1125/1790 2321/1122/1786 2320/1121/1785
f 2320/1121/1785 2324/1124/1789 2325/1125/1790
f 2326/1126/1791 2321/1122/1786 2325/1125/1790
f 2327/1127/1792 2325/1125/1790 2324/1124/1789
f 2326/1126/1791 2325/1125/1790 2328/1128/1793
f 2325/1125/1790 2327/1127/1792 2328/1128/1793
f 2329/1129/1794 2326/1126/1791 2328/1128/1793
f 2328/1128/1793 2330/1130/1795 2329/1129/1794
f 2327/1127/1792 2331/1131/1796 2328/1128/1793
f 2330/1130/1795 2328/1128/1793 2331/1131/1796
f 2327/1127/1792 2332/1132/1797 2331/1131/1796
f 2331/1131/1796 2333/1133/1798 2330/1130/1795
f 2332/1132/1797 2334/1134/1799 2331/1131/1796
f 2333/1133/1798 2331/1131/1796 2334/1134/1799
f 2332/1132/1797 2335/1135/1800 2334/1134/1799
f 2334/1134/1799 2336/1136/1801 2333/1133/1798
f 2334/1134/1799 2335/1135/1800 2337/1137/1802
f 2336/1136/1801 2334/1134/1799 2337/1137/1802
f 2338/1138/1803 2336/1136/1801 2337/1137/1802
f 2339/1139/1804 2337/1137/1802 2335/1135/1800
f 2338/1138/1803 2337/1137/1802 2340/1140/1805
f 2339/1139/1804 2340/1140/1805 2337/1137/1802
f 2340/1140/1805 2339/1139/1804 2341/1141/1806
f 2342/1142/1807 2340/1140/1805 2341/1141/1806
f 2342/1142/1807 2341/1141/1806 2343/1143/1808
f 2344/1144/1809 2345/1145/1810 2346/1146/1811
f 2344/1144/1809 2346/1146/1811 2347/1147/1812
f 2345/1145/1810 2344/1144/1809 2348/1148/340
f 2348/1148/340 2349/1149/1813 2345/1145/1810
f 2350/1150/1814 2349/1149/1813 2348/1148/340
f 2350/1150/1814 2351/1151/1815 2349/1149/1813
f 2352/1152/1816 2349/1149/1813 2351/1151/1815
f 2353/1153/1817 2352/1152/1816 2351/1151/1815
f 2354/1154/1818 2353/1153/1817 2351/1151/1815
f 2351/1151/1815 2355/1155/1818 2354/1154/1818
f 2355/1155/1818 2356/1156/1819 2354/1154/1818
f 2357/815/1820 2358/952/1821 2359/812/1821
f 2358/952/1821 2360/809/1822 2359/812/1821
f 2360/809/1822 2358/952/1821 2361/953/1822
f 2362/954/1823 2360/809/1822 2361/953/1822
f 2363/807/1823 2360/809/1822 2362/954/1823
f 2363/807/1823 2362/954/1823 2364/224/1824
f 2365/841/1825 2358/952/1821 2357/815/1820
f 2357/815/1820 2366/820/1826 2365/841/1825
f 2365/841/1825 2366/820/1826 2367/821/1827
f 2367/821/1827 2368/842/1828 2365/841/1825
f 2369/843/1829 2365/841/1825 2368/842/1828
f 2365/841/1825 2369/843/1829 2370/838/1830
f 2370/838/1830 2369/843/1829 2371/844/1831
f 2370/838/1830 2372/839/1256 2365/841/1825
f 2373/845/1832 2370/838/1830 2371/844/1831
f 2372/839/1256 2370/838/1830 2374/840/1257
f 2373/845/1832 2374/840/1257 2370/838/1830
f 2375/916/1833 2376/914/1834 2377/918/1835
f 2377/918/1835 2378/920/1836 2375/916/1833
f 2378/920/1836 2377/918/1835 2379/921/1837
f 2379/921/1837 2380/922/1838 2378/920/1836
f 2381/305/1839 2378/920/1836 2380/922/1838
f 2378/920/1836 2381/305/1839 2382/303/1840
f 2382/303/1840 2375/916/1833 2378/920/1836
f 2375/916/1833 2382/303/1840 2383/118/1841
f 2384/116/1842 2375/916/1833 2383/118/1841
f 2375/916/1833 2384/116/1842 2385/915/1843
f 2376/914/1834 2375/916/1833 2385/915/1843
f 2384/116/1842 2386/913/1844 2385/915/1843
f 2386/913/1844 2376/914/1834 2385/915/1843
f 2387/1157/1845 2388/1158/1846 2389/445/1847
f 2389/445/1847 2388/1158/1846 2390/1159/1848
f 2391/447/1849 2389/445/1847 2390/1159/1848
f 2388/1158/1846 2387/1157/1845 2392/1160/1850
f 2393/1161/1851 2394/1162/1852 2387/1157/1845
f 2394/1162/1852 2392/1160/1850 2387/1157/1845
f 2394/1162/1852 2395/1163/1853 2392/1160/1850
f 2396/1164/1854 2392/1160/1850 2395/1163/1853
f 2397/1165/1855 2392/1160/1850 2396/1164/1854
f 2392/1160/1850 2397/1165/1855 2398/1158/1855
f 2399/462/1856 2391/447/1849 2390/1159/1848
f 2399/462/1856 2400/449/1857 2391/447/1849
f 2399/462/1856 2401/460/1858 2400/449/1857
f 2401/460/1858 2402/451/1859 2400/449/1857
f 2401/460/1858 2403/457/1860 2402/451/1859
f 2399/462/1856 2390/1159/1848 2404/464/1861
f 2405/453/1862 2402/451/1859 2403/457/1860
f 2403/457/1860 2406/455/1863 2405/453/1862
f 2406/455/1863 2407/454/1864 2405/453/1862
f 2407/454/1864 2406/455/1863 2408/456/656
f 2406/455/1863 2403/457/1860 2409/458/657
f 2410/459/1865 2409/458/657 2403/457/1860
f 2411/460/659 2410/459/1865 2403/457/1860
f 2412/461/660 2410/459/1865 2411/460/659
f 2413/462/660 2412/461/660 2411/460/659
f 2413/462/660 2414/463/661 2412/461/660
f 2414/463/661 2413/462/660 2404/464/1861
f 2404/464/1861 2415/465/661 2414/463/661
f 2415/465/661 2404/464/1861 2416/466/1866
f 2404/464/1861 2417/1166/1867 2416/466/1866
f 2404/464/1861 2390/1159/1848 2417/1166/1867
f 2418/1167/1868 2419/1166/1869 2390/1159/1848
f 2418/1167/1868 2390/1159/1848 2388/1158/1846
f 2388/1158/1846 2420/1165/1870 2418/1167/1868
f 2421/466/1871 2419/1166/1869 2418/1167/1868
f 2422/1168/1872 2418/1167/1868 2420/1165/1870
f 2418/1167/1868 2422/1168/1872 2421/466/1871
f 2423/465/1873 2421/466/1871 2422/1168/1872
f 2424/1169/1874 2425/1170/1875 2426/1171/1876
f 2427/1172/1877 2425/1170/1875 2424/1169/1874
f 2427/1172/1877 2424/1169/1874 2428/1173/1878
f 2429/1174/1879 2426/1171/1876 2425/1170/1875
f 2430/1175/1880 2428/1173/1878 2424/1169/1874
f 2426/1171/1876 2430/1175/1880 2424/1169/1874
f 2426/1171/1876 2431/1176/1881 2430/1175/1880
f 2426/1171/1876 2429/1174/1879 2432/1177/1879
f 2433/1178/1882 2432/1177/1879 2429/1174/1879
f 2433/1178/1882 2429/1174/1879 2434/1179/1882
f 2434/1179/1882 2435/1180/1883 2433/1178/1882
f 2435/1180/1883 2434/1179/1882 2436/1181/1883
f 2436/1181/1883 2437/1182/1884 2435/1180/1883
f 2437/1182/1884 2436/1181/1883 2438/1183/1884
f 2438/1183/1884 2439/1184/1885 2437/1182/1884
f 2439/1184/1885 2438/1183/1884 2440/1185/1885
f 2439/1184/1885 2440/1185/1885 2441/1186/1886
f 2442/1187/1887 2441/1186/1886 2440/1185/1885
f 2441/1186/1886 2442/1187/1887 2443/1188/1888
f 2444/1189/1889 2443/1188/1888 2442/1187/1887
f 2443/1188/1888 2444/1189/1889 2445/696/1890
f 2445/696/1890 2444/1189/1889 2446/694/1891
f 1813/917/1378 2443/1188/1888 2445/696/1890
f 1813/917/1378 2445/696/1890 2447/695/1892
f 2448/1190/1893 2443/1188/1888 1813/917/1378
f 1813/917/1378 1815/919/1380 2448/1190/1893
f 2448/1190/1893 2449/1186/1894 2443/1188/1888
f 2448/1190/1893 2450/1184/1895 2449/1186/1894
f 2447/695/1892 2445/696/1890 2451/693/1896
f 2451/693/1896 2445/696/1890 2446/694/1891
f 2447/695/1892 2451/693/1896 1774/692/1347
f 2451/693/1896 2446/694/1891 924/471/667
f 1774/692/1347 2451/693/1896 923/470/666
f 923/470/666 2451/693/1896 924/471/667
f 2452/919/1897 2453/1191/1897 2448/1190/1893
f 2453/1191/1897 2454/1192/1898 2448/1190/1893
f 2448/1190/1893 2454/1192/1898 2455/1193/1899
f 2455/1193/1899 2450/1184/1895 2448/1190/1893
f 2454/1192/1898 2456/1194/1900 2455/1193/1899
f 2450/1184/1895 2455/1193/1899 2457/1182/1901
f 2455/1193/1899 2458/1195/1902 2457/1182/1901
f 2457/1182/1901 2458/1195/1902 2459/1180/1903
f 2458/1195/1902 2460/1196/1904 2459/1180/1903
f 2459/1180/1903 2460/1196/1904 2461/1178/1905
f 2460/1196/1904 2462/1197/1905 2461/1178/1905
f 2463/1176/1906 2461/1178/1905 2462/1197/1905
f 2461/1178/1905 2463/1176/1906 2464/1177/1906
f 2463/1176/1906 2465/1171/1907 2464/1177/1906
f 2466/1198/1908 2467/1199/1909 2468/1200/1910
f 2467/1199/1909 2466/1198/1908 2469/1201/1911
f 2466/1198/1908 2468/1200/1910 2470/1202/1912
f 2471/1203/1913 2469/1201/1911 2466/1198/1908
f 2470/1202/1912 2471/1203/1913 2466/1198/1908
f 2472/1204/1914 2470/1202/1912 2468/1200/1910
f 2473/1205/1724 2469/1201/1911 2471/1203/1913
f 2472/1204/1914 2474/1206/1914 2470/1202/1912
f 2475/1207/1915 2474/1206/1914 2472/1204/1914
f 2474/1206/1914 2475/1207/1915 2476/1208/1916
f 2475/1207/1915 2477/1209/1917 2476/1208/1916
f 2477/1209/1917 2475/1207/1915 2478/1210/1917
f 2479/1211/1918 2473/1205/1724 2471/1203/1913
f 2471/1203/1913 2470/1202/1912 2480/1212/1919
f 2380/922/1838 2473/1205/1724 2479/1211/1918
f 2380/922/1838 2481/923/1920 2473/1205/1724
f 2482/924/1921 2479/1211/1918 2471/1203/1913
f 2479/1211/1918 2482/924/1921 2380/922/1838
f 2380/922/1838 2379/921/1837 2481/923/1920
f 2470/1202/1912 2483/1213/1922 2480/1212/1919
f 2480/1212/1919 2484/259/1923 2471/1203/1913
f 2482/924/1921 2471/1203/1913 2484/259/1923
f 2483/1213/1922 2484/259/1923 2480/1212/1919
f 2483/1213/1922 2470/1202/1912 2485/1206/1924
f 2482/924/1921 2484/259/1923 2486/258/1925
f 2483/1213/1922 2487/260/1926 2484/259/1923
f 2482/924/1921 2381/305/1839 2380/922/1838
f 2381/305/1839 2482/924/1921 2488/306/1927
f 2486/258/1925 2489/926/1928 2482/924/1921
f 2489/926/1929 2490/925/1930 2488/306/1927
f 2489/926/1928 2486/258/1925 2491/263/1931
f 2490/925/1930 2489/926/1929 2492/927/1932
f 2491/263/1931 2493/927/1933 2489/926/1928
f 2494/928/1934 2490/925/1930 2492/927/1932
f 2495/267/1935 2493/927/1933 2491/263/1931
f 2494/928/1934 2496/929/1936 2490/925/1930
f 2493/927/1933 2495/267/1935 2497/928/1937
f 2498/930/1938 2496/929/1936 2494/928/1934
f 2499/271/1939 2497/928/1937 2495/267/1935
f 2500/931/1938 2496/929/1936 2498/930/1938
f 2497/928/1937 2499/271/1939 2501/930/1940
f 2502/932/1941 2500/931/1938 2498/930/1938
f 2499/271/1939 2503/277/1942 2501/930/1940
f 2502/932/1941 2504/933/1943 2500/931/1938
f 2505/932/1944 2501/930/1940 2503/277/1942
f 2503/277/1942 2506/279/1945 2505/932/1944
f 2507/934/1946 2505/932/1944 2506/279/1945
f 2506/279/1945 2508/283/1947 2507/934/1946
f 2509/934/1948 2504/933/1943 2502/932/1941
f 2510/937/1949 2507/934/1946 2508/283/1947
f 2504/933/1943 2509/934/1948 2511/935/1950
f 2511/935/1950 2512/945/1951 2504/933/1943
f 2511/935/1950 2513/946/1952 2512/945/1951
f 2509/934/1948 2514/936/1953 2511/935/1950
f 2514/936/1953 2509/934/1948 2515/937/1954
f 2515/937/1954 2516/938/1955 2514/936/1953
f 2516/938/1955 2515/937/1954 2517/939/1955
f 2517/939/1955 2518/940/1956 2516/938/1955
f 2518/940/1956 2517/939/1955 2519/941/1956
f 2519/941/1956 2520/942/1957 2518/940/1956
f 2520/942/1957 2519/941/1956 2521/943/1958
f 2522/944/1959 2520/942/1957 2521/943/1958
f 2521/943/1958 2523/1214/1960 2522/944/1959
f 2524/1215/1961 2523/1214/1960 2521/943/1958
f 2521/943/1958 2525/941/1961 2524/1215/1961
f 2526/1216/1962 2524/1215/1961 2525/941/1961
f 2525/941/1961 2527/939/1962 2526/1216/1962
f 2510/937/1949 2526/1216/1962 2527/939/1962
f 2526/1216/1962 2510/937/1949 2528/1217/1963
f 2528/1217/1963 2510/937/1949 2508/283/1947
f 2508/283/1947 2529/285/1964 2528/1217/1963
f 2530/973/1965 1762/904/1338 1760/902/1336
f 1762/904/1338 2530/973/1965 2531/1218/1966
f 2530/973/1965 2532/956/1965 2531/1218/1966
f 2533/972/1967 2532/956/1965 2530/973/1965
f 2532/956/1965 2533/972/1967 2534/955/1967
f 2535/971/1968 2534/955/1967 2533/972/1967
f 2535/971/1968 2536/957/1968 2534/955/1967
f 2537/970/1969 2536/957/1968 2535/971/1968
f 2536/957/1968 2537/970/1969 2538/960/1969
f 2537/970/1969 2539/962/1970 2538/960/1969
f 2537/970/1969 2540/969/1971 2539/962/1970
f 2539/962/1970 2540/969/1971 2541/966/1972
f 2542/967/1973 2541/966/1972 2540/969/1971
f 2541/966/1972 2542/967/1973 2543/964/1974
f 2544/968/1975 2543/964/1974 2542/967/1973
f 2543/964/1974 2545/963/1976 2541/966/1972
f 2545/963/1976 2539/962/1970 2541/966/1972
f 2545/963/1976 2543/964/1974 2546/965/1977
f 2539/962/1970 2545/963/1976 2547/961/1978
f 2547/961/1978 2548/960/1979 2539/962/1970
f 2548/960/1979 2547/961/1978 2549/959/1979
f 2549/959/1979 2550/957/1980 2548/960/1979
f 2550/957/1980 2549/959/1979 2551/958/1980
f 2552/783/1981 2550/957/1980 2551/958/1980
f 2550/957/1980 2552/783/1981 2553/955/1982
f 2554/780/1983 2553/955/1982 2552/783/1981
f 2554/780/1983 2555/956/1984 2553/955/1982
f 2554/780/1983 2552/783/1981 2556/782/1189
f 2557/1218/1985 2555/956/1984 2554/780/1983
f 2558/781/1986 2554/780/1983 2556/782/1189
f 2554/780/1983 1762/904/1338 2557/1218/1985
f 2554/780/1983 2558/781/1986 2559/784/1986
f 2560/786/1987 2559/784/1986 2558/781/1986
f 2559/784/1986 2560/786/1987 2561/785/1194
f 2562/787/1195 2561/785/1194 2560/786/1987
f 2561/785/1194 2562/787/1195 2563/788/1196
f 2564/789/1988 2563/788/1196 2562/787/1195
f 2562/787/1195 2565/790/1198 2564/789/1988
f 1763/784/1339 1762/904/1338 2554/780/1983
f 2566/791/1989 2564/789/1988 2565/790/1198
f 2565/790/1198 2567/792/1200 2566/791/1989
f 2566/791/1989 2568/1219/1990 2564/789/1988
f 2568/1219/1990 2569/788/1991 2564/789/1988
f 2569/788/1991 2568/1219/1990 2570/1220/1992
f 2571/977/1993 2569/788/1991 2570/1220/1992
f 2571/977/1993 2572/785/1994 2569/788/1991
f 2570/1220/1992 2573/979/1995 2571/977/1993
f 2573/979/1995 2570/1220/1992 2574/1221/1995
f 2572/785/1994 2571/977/1993 2575/975/1996
f 1763/784/1339 2572/785/1994 2575/975/1996
f 2576/1222/1997 2573/979/1995 2574/1221/1995
f 2573/979/1995 2576/1222/1997 2577/983/1998
f 2576/1222/1997 2578/1223/1999 2577/983/1998
f 2001/985/1525 2577/983/1998 2578/1223/1999
f 2575/975/1996 1764/905/1340 1763/784/1339
f 2001/985/1525 2578/1223/1999 2003/987/1527
f 2575/975/1996 2579/976/2000 1764/905/1340
f 2579/976/2000 2575/975/1996 2580/977/1521
f 1996/979/1521 2579/976/2000 2580/977/1521
f 2579/976/2000 2581/974/2001 1764/905/1340
f 1765/906/1341 1764/905/1340 2581/974/2001
f 2581/974/2001 2579/976/2000 1998/978/1522
f 2579/976/2000 1996/979/1521 2582/980/2002
f 1998/978/1522 2579/976/2000 2582/980/2002
f 1996/979/1521 1995/981/1520 2582/980/2002
f 1995/981/1520 1998/978/1522 2582/980/2002
f 2583/882/2003 2584/880/2004 2585/883/2005
f 2585/883/2005 2586/885/2006 2583/882/2003
f 2584/880/2004 2583/882/2003 2587/879/2007
f 2588/881/2008 2585/883/2005 2584/880/2004
f 2585/883/2005 2588/881/2008 2589/884/2009
f 2585/883/2005 2589/884/2009 2590/885/1317
f 2591/886/1317 2590/885/1317 2589/884/2009
f 2584/880/2004 2592/875/1306 2588/881/2008
f 2587/879/2007 2593/878/2010 2584/880/2004
f 2592/875/1306 2584/880/2004 2593/878/2010
f 2593/878/2010 2587/879/2007 2594/877/2011
f 2595/873/2012 2592/875/1306 2593/878/2010
f 2594/877/2011 2595/873/2012 2593/878/2010
f 2592/875/1306 2595/873/2012 2596/874/2013
f 2595/873/2012 2594/877/2011 2597/876/2014
f 2595/873/2012 2598/870/2015 2596/874/2013
f 2599/864/2016 2595/873/2012 2597/876/2014
f 2598/870/2015 2595/873/2012 2600/868/2017
f 2595/873/2012 2599/864/2016 2600/868/2017
f 2601/1200/2018 2602/1198/2019 2603/1202/2020
f 2604/1206/1914 2601/1200/2018 2603/1202/2020
f 2605/1199/2021 2602/1198/2019 2601/1200/2018
f 2601/1200/2018 2604/1206/1914 2606/1204/1914
f 2607/1208/1915 2606/1204/1914 2604/1206/1914
f 2606/1204/1914 2607/1208/1915 2608/1207/2022
f 2609/1209/1917 2608/1207/2022 2607/1208/1915
f 2608/1207/2022 2609/1209/1917 2610/1210/1917
f 2602/1198/2019 2605/1199/2021 2611/1201/2023
f 2611/1201/2023 2612/1203/2024 2602/1198/2019
f 2612/1203/2024 2613/1202/2025 2602/1198/2019
f 2611/1201/2023 2614/1205/1632 2612/1203/2024
f 2613/1202/2025 2612/1203/2024 2615/1212/2026
f 2614/1205/1632 2616/1211/2027 2612/1203/2024
f 2617/1213/2028 2613/1202/2025 2615/1212/2026
f 2614/1205/1632 1819/922/1384 2616/1211/2027
f 2613/1202/2025 2617/1213/2028 2618/1206/2029
f 1820/923/1385 1819/922/1384 2614/1205/1632
f 2616/1211/2027 1821/924/1386 2612/1203/2024
f 1821/924/1386 2616/1211/2027 1819/922/1384
f 2619/259/2030 2615/1212/2026 2612/1203/2024
f 2619/259/2030 2617/1213/2028 2615/1212/2026
f 2612/1203/2024 1821/924/1386 2619/259/2030
f 2617/1213/2028 2619/259/2030 2620/260/2031
f 2619/259/2030 1821/924/1386 2621/258/2032
f 2620/260/2031 2622/1224/2033 2617/1213/2028
f 2622/1224/2033 2618/1206/2029 2617/1213/2028
f 2622/1224/2033 2620/260/2031 2623/266/2034
f 2618/1206/2029 2622/1224/2033 2624/1208/2035
f 1824/926/1389 2621/258/2032 1821/924/1386
f 2621/258/2032 1824/926/1389 2625/263/2036
f 2626/927/2037 2625/263/2036 1824/926/1389
f 2625/263/2036 2626/927/2037 2627/267/2038
f 2627/267/2038 2626/927/2037 2628/928/2039
f 2628/928/2039 2629/271/2040 2627/267/2038
f 2629/271/2040 2628/928/2039 2630/930/2041
f 2631/277/2042 2629/271/2040 2630/930/2041
f 2630/930/2041 2632/932/2043 2631/277/2042
f 2633/279/2044 2631/277/2042 2632/932/2043
f 2632/932/2043 2634/934/2045 2633/279/2044
f 2635/283/2046 2633/279/2044 2634/934/2045
f 2635/283/2046 2634/934/2045 2636/937/2047
f 2636/937/2047 2637/1217/2048 2635/283/2046
f 2638/285/2049 2635/283/2046 2637/1217/2048
f 2637/1217/2048 2636/937/2047 2639/1216/2050
f 2639/1216/2050 2636/937/2047 2640/939/2050
f 2639/1216/2050 2640/939/2050 2641/941/2051
f 2642/1215/2051 2639/1216/2050 2641/941/2051
f 2642/1215/2051 2641/941/2051 2643/943/2052
f 2644/1214/2053 2642/1215/2051 2643/943/2052
f 2644/1214/2053 2643/943/2052 2645/944/1959
f 2646/983/2054 2647/985/2055 2648/1223/2056
f 2648/1223/2056 2647/985/2055 1966/987/1493
f 2648/1223/2056 2649/1222/2057 2646/983/2054
f 2649/1222/2057 2650/979/2058 2646/983/2054
f 2650/979/2058 2649/1222/2057 2651/1221/2058
f 2652/1220/2059 2650/979/2058 2651/1221/2058
f 2650/979/2058 2652/1220/2059 2653/977/2060
f 2654/1225/2061 2648/1223/2056 1966/987/1493
f 1966/987/1493 2149/270/1648 2654/1225/2061
f 2654/1225/2061 2655/1226/2062 2648/1223/2056
f 2656/266/2063 2654/1225/2061 2149/270/1648
f 2657/788/2064 2653/977/2060 2652/1220/2059
f 2658/1219/2065 2657/788/2064 2652/1220/2059
f 2657/788/2064 2658/1219/2065 2659/789/2066
f 2658/1219/2065 2660/791/2067 2659/789/2066
f 2661/785/2068 2653/977/2060 2657/788/2064
f 2653/977/2060 2661/785/2068 2662/975/2068
f 2661/785/2068 2663/784/2069 2662/975/2068
f 2654/1225/2061 2656/266/2063 2664/1227/2070
f 2655/1226/2062 2654/1225/2061 2664/1227/2070
f 2664/1227/2070 2665/1208/2071 2655/1226/2062
f 2665/1208/2071 2666/1209/2072 2655/1226/2062
f 2664/1227/2070 2656/266/2063 2667/1224/2073
f 2665/1208/2071 2664/1227/2070 2667/1224/2073
f 2667/1224/2073 2656/266/2063 2487/260/1926
f 2667/1224/2073 2485/1206/1924 2665/1208/2071
f 2667/1224/2073 2487/260/1926 2483/1213/1922
f 2485/1206/1924 2667/1224/2073 2483/1213/1922
f 2623/266/2034 2668/1227/2074 2622/1224/2033
f 2668/1227/2074 2624/1208/2035 2622/1224/2033
f 2623/266/2034 2669/1225/2075 2668/1227/2074
f 2624/1208/2035 2668/1227/2074 2670/1226/2076
f 2013/270/1537 2669/1225/2075 2623/266/2034
f 2669/1225/2075 2670/1226/2076 2668/1227/2074
f 2013/270/1537 2003/987/1527 2669/1225/2075
f 2578/1223/1999 2669/1225/2075 2003/987/1527
f 2670/1226/2076 2669/1225/2075 2578/1223/1999
f 2671/1209/2077 2624/1208/2035 2670/1226/2076
f 2670/1226/2076 2672/1228/2078 2671/1209/2077
f 2672/1228/2078 2673/1210/2079 2671/1209/2077
f 2674/1229/2080 2672/1228/2078 2670/1226/2076
f 2675/1223/2080 2674/1229/2080 2670/1226/2076
f 2676/1230/2081 2674/1229/2080 2675/1223/2080
f 2677/1222/2081 2676/1230/2081 2675/1223/2080
f 2678/1231/2082 2679/1232/2083 2680/1233/2084
f 2681/1234/2085 2682/1235/2086 2679/1232/2083
f 2683/1236/2087 2680/1233/2084 2679/1232/2083
f 2684/1237/2088 2679/1232/2083 2682/1235/2086
f 2685/98/2089 2683/1236/2087 2679/1232/2083
f 2685/98/2089 2686/1238/2090 2683/1236/2087
f 2679/1232/2083 2684/1237/2088 2687/98/2091
f 2687/98/2091 2684/1237/2088 2688/95/2092
f 2688/95/2092 2689/96/2093 2687/98/2091
f 2689/96/2093 2690/30/2094 2687/98/2091
f 2691/1238/2095 2687/98/2091 2690/30/2094
f 2692/28/2095 2691/1238/2095 2690/30/2094
f 2692/28/2095 2693/1239/2096 2691/1238/2095
f 2693/1239/2096 2692/28/2095 2694/31/2096
f 2694/31/2096 2695/1240/2097 2693/1239/2096
f 2695/1240/2097 2694/31/2096 2696/35/2098
f 2689/96/2093 2697/33/2099 2690/30/2094
f 2696/35/2098 2698/1241/2100 2695/1240/2097
f 2699/94/106 2697/33/2099 2689/96/2093
f 2688/95/2092 2699/94/106 2689/96/2093
f 2699/94/106 2700/34/2101 2697/33/2099
f 2699/94/106 2688/95/2092 2701/97/2102
f 2701/97/2102 2688/95/2092 2702/746/2103
f 2698/1241/2100 2696/35/2098 2703/37/2104
f 2698/1241/2100 2703/37/2104 2704/1242/2105
f 2704/1242/2105 2705/1243/2106 2698/1241/2100
f 2698/1241/2100 2705/1243/2106 2706/1244/2107
f 2706/1244/2107 2707/1245/2107 2698/1241/2100
f 2706/1244/2107 2708/1246/2108 2707/1245/2107
f 2708/1246/2108 2706/1244/2107 2709/1247/2109
f 2709/1247/2109 2710/1248/2110 2708/1246/2108
f 2710/1248/2110 2709/1247/2109 2711/1249/2111
f 2710/1248/2110 2711/1249/2111 2712/1250/2112
f 2702/746/2103 2713/747/2113 2701/97/2102
f 2713/747/2113 2702/746/2103 2714/749/2114
f 2714/749/2114 2715/750/2115 2713/747/2113
f 2716/751/2116 2713/747/2113 2715/750/2115
f 2713/747/2113 2716/751/2116 2717/752/2117
f 2718/753/2118 2717/752/2117 2716/751/2116
f 2718/753/2118 2716/751/2116 2719/754/2118
f 2718/753/2118 2719/754/2118 2720/755/1160
f 2720/755/1160 2719/754/2118 2721/756/2119
f 2720/755/1160 2721/756/2119 2722/757/2120
f 2721/756/2119 2723/763/2121 2722/757/2120
f 2724/754/2122 2723/763/2121 2721/756/2119
f 2723/763/2121 2724/754/2122 2725/762/2122
f 2726/751/2123 2725/762/2122 2724/754/2122
f 2725/762/2122 2726/751/2123 2727/761/2124
f 2728/750/2125 2727/761/2124 2726/751/2123
f 2727/761/2124 2728/750/2125 2729/760/2125
f 2730/749/2126 2729/760/2125 2728/750/2125
f 2729/760/2125 2730/749/2126 2731/759/2126
f 2730/749/2126 2732/758/704 2731/759/2126
f 2732/758/704 2730/749/2126 2733/746/2127
f 2733/746/2127 2734/748/2128 2732/758/704
f 2732/758/704 2734/748/2128 2735/764/1172
f 2734/748/2128 2733/746/2127 2736/95/2129
f 2734/748/2128 2737/765/2130 2735/764/1172
f 2737/765/2130 2738/766/2131 2735/764/1172
f 2738/766/2131 2737/765/2130 2739/767/2131
f 2739/767/2131 2740/768/2132 2738/766/2131
f 2740/768/2132 2739/767/2131 2741/769/2133
f 2740/768/2132 2741/769/2133 2742/770/1178
f 2736/95/2129 2743/1251/2134 2734/748/2128
f 2743/1251/2134 2736/95/2129 2744/1237/2135
f 2745/771/1179 2742/770/2136 2746/769/2137
f 2747/767/2138 2745/771/1179 2746/769/2137
f 2745/771/1179 2747/767/2138 2748/772/2139
f 2749/765/2140 2748/772/2139 2747/767/2138
f 2748/772/2139 2749/765/2140 2750/773/138
f 2750/773/138 2749/765/2140 2751/774/2141
f 2750/773/138 2751/774/2141 2752/775/2142
f 2743/1251/2134 2744/1237/2135 2753/744/2143
f 2744/1237/2135 2754/1235/2144 2753/744/2143
f 2753/744/2143 2754/1235/2144 2755/742/2145
f 2755/742/2145 2754/1235/2144 2756/1234/2145
f 2756/1234/2145 2757/741/2146 2755/742/2145
f 2757/741/2146 2756/1234/2145 2758/1252/2146
f 2757/741/2146 2758/1252/2146 2759/1253/2147
f 2759/1253/2147 2758/1252/2146 2760/1254/2148
f 2761/774/2149 2743/1251/2134 2753/744/2143
f 2761/774/2149 2734/748/2128 2743/1251/2134
f 2734/748/2128 2761/774/2149 2762/765/2150
f 2763/745/1185 2761/774/2149 2753/744/2143
f 2761/774/2149 2763/745/1185 2752/775/1184
f 2764/1255/2151 2759/1253/2147 2760/1254/2148
f 2765/1256/2152 2764/1255/2151 2760/1254/2148
f 2764/1255/2151 2765/1256/2152 2766/1257/2152
f 2764/1255/2151 2767/1258/2153 2759/1253/2147
f 2767/1258/2153 2764/1255/2151 2768/1257/2154
f 2759/1253/2147 2767/1258/2153 2769/741/2155
f 2767/1258/2153 2770/740/2156 2769/741/2155
f 2386/913/1844 2384/116/1842 2771/113/2157
f 2386/913/1844 2772/692/2158 2376/914/1834
f 2772/692/2158 2773/695/2159 2376/914/1834
f 2772/692/2158 2386/913/1844 1356/478/1009
f 1356/478/1009 2386/913/1844 2771/113/2157
f 2773/695/2159 2774/917/2160 2376/914/1834
f 2775/475/2161 1356/478/1009 2771/113/2157
f 2771/113/2157 2776/677/2162 2775/475/2161
f 2776/677/2162 2771/113/2157 2777/112/2163
f 2776/677/2162 2777/112/2163 2778/910/2164
f 2778/910/2164 2779/678/2165 2776/677/2162
f 2774/917/2160 2780/919/2166 2376/914/1834
f 2780/919/2166 2774/917/2160 2781/1190/2167
f 2782/1191/1897 2780/919/2166 2781/1190/2167
f 2782/1191/1897 2781/1190/2167 2783/1192/2168
f 2783/1192/2168 2784/1193/1900 2785/1194/1900
f 2783/1192/2168 2781/1190/2167 2784/1193/1900
f 2786/1188/2169 2781/1190/2167 2774/917/2160
f 2786/1188/2169 2774/917/2160 1377/696/1024
f 1376/695/1023 1377/696/1024 2774/917/2160
f 2787/1189/2170 2786/1188/2169 1377/696/1024
f 2786/1188/2169 2787/1189/2170 2788/1187/2171
f 1377/696/1024 1375/694/1022 2787/1189/2170
f 2788/1187/2171 2789/1186/2172 2786/1188/2169
f 2789/1186/2172 2781/1190/2167 2786/1188/2169
f 2790/1185/2173 2789/1186/2172 2788/1187/2171
f 2791/1184/2174 2781/1190/2167 2789/1186/2172
f 2790/1185/2173 2791/1184/2174 2789/1186/2172
f 2791/1184/2174 2792/1193/2175 2781/1190/2167
f 2790/1185/2173 2793/1183/2176 2791/1184/2174
f 2792/1193/2175 2791/1184/2174 2794/1182/2177
f 2791/1184/2174 2793/1183/2176 2795/1182/2176
f 2792/1193/2175 2794/1182/2177 2796/1195/2178
f 2793/1183/2176 2797/1181/2179 2795/1182/2176
f 2796/1195/2178 2794/1182/2177 2798/1180/2180
f 2795/1182/2176 2797/1181/2179 2799/1180/2179
f 2796/1195/2178 2798/1180/2180 2800/1196/2181
f 2797/1181/2179 2801/1179/2182 2799/1180/2179
f 2800/1196/2181 2798/1180/2180 2802/1178/2183
f 2799/1180/2179 2801/1179/2182 2803/1178/2182
f 2802/1178/2183 2804/1197/2183 2800/1196/2181
f 2801/1179/2182 2805/1174/2184 2803/1178/2182
f 2802/1178/2183 2806/1176/2185 2804/1197/2183
f 2806/1176/2185 2802/1178/2183 2807/1177/2186
f 2807/1177/2186 2803/1178/2182 2805/1174/2184
f 2808/1171/2187 2806/1176/2185 2807/1177/2186
f 2805/1174/2184 2808/1171/2187 2807/1177/2186
f 2808/1171/2187 2805/1174/2184 2809/1170/2188
f 2809/1170/2188 2810/1169/2189 2808/1171/2187
f 2809/1170/2188 2811/1172/2190 2810/1169/2189
f 763/408/554 2812/530/2191 2813/417/2191
f 2812/530/2191 2814/420/2192 2813/417/2191
f 2814/420/2192 2812/530/2191 2815/529/2193
f 2815/529/2193 2816/423/2194 2814/420/2192
f 2816/423/2194 2815/529/2193 2817/528/2194
f 2817/528/2194 2818/424/2195 2816/423/2194
f 2812/530/2191 763/408/554 2819/531/2196
f 2819/531/2196 763/408/554 765/410/556
f 2819/531/2196 765/410/556 2820/532/2197
f 2819/531/2196 2820/532/2197 2821/539/2198
f 2822/540/2199 2819/531/2196 2821/539/2198
f 2819/531/2196 2822/540/2199 2823/541/2199
f 2824/543/2200 2823/541/2199 2822/540/2199
f 2823/541/2199 2824/543/2200 2825/544/2201
f 2825/544/2201 2824/543/2200 2826/547/2202
f 2827/548/2203 2825/544/2201 2826/547/2202
f 2825/544/2201 2827/548/2203 2828/549/2203
f 2829/550/2204 2828/549/2203 2827/548/2203
f 2828/549/2203 2829/550/2204 2830/551/2204
f 2831/552/2205 2830/551/2204 2829/550/2204
f 2830/551/2204 2831/552/2205 2832/553/2205
f 2833/554/2206 2832/553/2205 2831/552/2205
f 2832/553/2205 2833/554/2206 2834/555/2207
f 2835/824/2208 2836/833/2209 2837/823/2210
f 2837/823/2210 2838/822/2211 2835/824/2208
f 2839/832/2212 2836/833/2209 2835/824/2208
f 2840/825/2213 2835/824/2208 2838/822/2211
f 2840/825/2213 2838/822/2211 2841/826/2214
f 2842/827/2215 2840/825/2213 2841/826/2214
f 2843/828/2216 2842/827/2215 2841/826/2214
f 2842/827/2215 2844/829/2217 2840/825/2213
f 2840/825/2213 2844/829/2217 2835/824/2208
f 2844/829/2217 2842/827/2215 2845/830/2218
f 2844/829/2217 2846/831/1248 2835/824/2208
f 2835/824/2208 2846/831/1248 2839/832/2212
f 2846/831/1248 2847/835/1252 2839/832/2212
f 2836/833/2209 2839/832/2212 2848/834/2219
f 2849/836/2220 2839/832/2212 2847/835/1252
f 2839/832/2212 2849/836/2220 2848/834/2219
f 2847/835/1252 2850/837/1254 2849/836/2220
f 2851/1259/2221 2849/836/2220 2852/1260/2222
f 2849/836/2220 2851/1259/2221 2853/1261/2223
f 2849/836/2220 2853/1261/2223 2848/834/2219
f 2854/1262/2224 2853/1261/2223 2851/1259/2221
f 2855/1263/2225 2848/834/2219 2853/1261/2223
f 2853/1261/2223 2854/1262/2224 2856/1263/2226
f 2848/834/2219 2855/1263/2225 2857/833/2225
f 2858/1264/2227 2856/1263/2226 2854/1262/2224
f 2855/1263/2225 2859/823/2228 2857/833/2225
f 2856/1263/2226 2858/1264/2227 2860/1265/2229
f 2861/1266/2230 2860/1265/2229 2858/1264/2227
f 2860/1265/2229 2861/1266/2230 2862/1267/2231
f 2859/823/2228 2855/1263/2225 2863/1265/2232
f 2863/1265/2232 2864/1268/2233 2859/823/2228
f 2865/1267/2234 2864/1268/2233 2863/1265/2232
f 2864/1268/2233 2865/1267/2234 2866/1269/2234
f 2864/1268/2233 2867/822/2235 2859/823/2228
f 2864/1268/2233 2868/1270/2236 2867/822/2235
f 2867/822/2235 2868/1270/2236 2869/826/2237
f 2868/1270/2236 2864/1268/2233 2870/1271/2238
f 2871/1269/1774 2870/1271/2238 2864/1268/2233
f 2870/1271/2238 2871/1269/1774 2872/1272/1775
f 2868/1270/2236 2873/1273/2239 2869/826/2237
f 2869/826/2237 2873/1273/2239 2874/828/1851
f 2873/1273/2239 2875/1274/1852 2874/828/1851
f 2872/1272/2240 2876/1275/2241 2877/1271/2241
f 2876/1275/2241 2872/1272/2240 2878/1276/2242
f 2873/1273/2239 2879/1277/2243 2875/1274/1852
f 2880/1278/2244 2875/1274/1852 2879/1277/2243
f 2873/1273/2239 2881/1279/2245 2879/1277/2243
f 2881/1279/2245 2873/1273/2239 2882/1270/2246
f 2882/1270/2246 2883/1275/2247 2881/1279/2245
f 2883/1275/2247 2882/1270/2246 2884/1271/2248
f 2885/1280/2249 2886/1281/2250 2887/1282/2251
f 2888/1283/2252 2887/1282/2251 2886/1281/2250
f 2887/1282/2251 2888/1283/2252 2889/1284/2253
f 2886/1281/2250 2890/1135/2254 2888/1283/2252
f 2891/1139/2255 2888/1283/2252 2890/1135/2254
f 2890/1135/2254 2886/1281/2250 2892/1132/2256
f 2888/1283/2252 2891/1139/2255 2893/1141/2257
f 2893/1141/2257 2889/1284/2253 2888/1283/2252
f 2889/1284/2253 2893/1141/2257 2894/1143/2258
f 2893/1141/2257 2895/1142/2259 2894/1143/2258
f 2896/1140/2260 2895/1142/2259 2893/1141/2257
f 2897/1139/2261 2896/1140/2260 2893/1141/2257
f 2896/1140/2260 2897/1139/2261 2898/1137/2262
f 2898/1137/2262 2899/1138/2263 2896/1140/2260
f 2900/1136/2264 2899/1138/2263 2898/1137/2262
f 2901/1134/2265 2900/1136/2264 2898/1137/2262
f 2900/1136/2264 2901/1134/2265 2902/1133/2266
f 2903/1135/2267 2901/1134/2265 2898/1137/2262
f 2898/1137/2262 2904/1139/2268 2903/1135/2267
f 2903/1135/2267 2905/1132/2269 2901/1134/2265
f 2906/1131/2270 2902/1133/2266 2901/1134/2265
f 2906/1131/2270 2901/1134/2265 2905/1132/2269
f 2902/1133/2266 2906/1131/2270 2907/1130/2271
f 2905/1132/2269 2908/1127/2272 2906/1131/2270
f 2909/1128/2273 2907/1130/2271 2906/1131/2270
f 2909/1128/2273 2906/1131/2270 2908/1127/2272
f 2907/1130/2271 2909/1128/2273 2910/1129/2274
f 2911/1126/2275 2910/1129/2274 2909/1128/2273
f 2908/1127/2272 2912/1125/2276 2909/1128/2273
f 2909/1128/2273 2912/1125/2276 2911/1126/2275
f 2912/1125/2276 2908/1127/2272 2913/1124/2277
f 2912/1125/2276 2914/1122/2278 2911/1126/2275
f 2913/1124/2277 2915/1121/2279 2912/1125/2276
f 2914/1122/2278 2912/1125/2276 2915/1121/2279
f 2915/1121/2279 2913/1124/2277 2916/1123/2280
f 2915/1121/2279 2917/1120/2281 2914/1122/2278
f 2916/1123/2280 2918/1118/2282 2915/1121/2279
f 2917/1120/2281 2915/1121/2279 2918/1118/2282
f 2918/1118/2282 2916/1123/2280 2919/1117/2283
f 2918/1118/2282 2920/1119/1783 2917/1120/2281
f 2921/1116/2284 2920/1119/1783 2918/1118/2282
f 2922/1117/2284 2921/1116/2284 2918/1118/2282
f 2923/1114/2285 2921/1116/2284 2922/1117/2284
f 2921/1116/2284 2923/1114/2285 2924/1115/2286
f 2925/1112/2287 2924/1115/2286 2923/1114/2285
f 2926/1113/2288 2925/1112/2287 2923/1114/2285
f 2923/1114/2285 2927/1285/2289 2926/1113/2288
f 2927/1285/2289 2923/1114/2285 2928/1117/2290
f 2929/1286/2291 2926/1113/2288 2927/1285/2289
f 2928/1117/2290 2930/1123/2292 2927/1285/2289
f 2927/1285/2289 2931/1287/2293 2929/1286/2291
f 2930/1123/2292 2931/1287/2293 2927/1285/2289
f 2931/1287/2293 2885/1280/2249 2929/1286/2291
f 2931/1287/2293 2930/1123/2292 2932/1124/2294
f 2885/1280/2249 2931/1287/2293 2933/1288/2295
f 2932/1124/2294 2933/1288/2295 2931/1287/2293
f 2886/1281/2250 2885/1280/2249 2933/1288/2295
f 2933/1288/2295 2932/1124/2294 2934/1127/2296
f 2933/1288/2295 2892/1132/2256 2886/1281/2250
f 2892/1132/2256 2933/1288/2295 2934/1127/2296
f 2935/1149/2297 2936/1152/2298 2937/1151/2299
f 2936/1152/2298 2938/1153/2300 2937/1151/2299
f 2937/1151/2299 2939/1150/2301 2935/1149/2297
f 2935/1149/2297 2939/1150/2301 2940/1148/2302
f 2938/1153/2300 2941/1154/2303 2937/1151/2299
f 2937/1151/2299 2941/1154/2303 2942/1155/2304
f 2943/1156/2305 2942/1155/2304 2941/1154/2303
f 2941/1154/2303 2944/1289/2306 2943/1156/2305
f 2941/1154/2303 2945/1290/2307 2944/1289/2306
f 2945/1290/2307 2941/1154/2303 2946/1153/2308
f 2945/1290/2307 2946/1153/2308 2947/1152/2309
f 2947/1152/2309 2948/1291/2310 2945/1290/2307
f 2947/1152/2309 2949/1292/2311 2948/1291/2310
f 2949/1292/2311 2947/1152/2309 2935/1149/2297
f 2950/1293/2312 2948/1291/2310 2949/1292/2311
f 2935/1149/2297 2951/1294/2313 2949/1292/2311
f 2948/1291/2310 2950/1293/2312 2952/1295/2312
f 2950/1293/2312 2953/1296/2314 2952/1295/2312
f 2953/1296/2314 2950/1293/2312 2954/1297/2315
f 2955/1298/2316 2951/1294/2313 2935/1149/2297
f 2935/1149/2297 2956/1145/2317 2955/1298/2316
f 2935/1149/2297 2940/1148/2302 2956/1145/2317
f 2957/1144/1809 2956/1145/2317 2940/1148/2302
f 2956/1145/2317 2958/1146/2318 2955/1298/2316
f 2956/1145/2317 2957/1144/1809 2958/1146/2318
f 2955/1298/2316 2958/1146/2318 2959/1299/2319
f 2958/1146/2318 2957/1144/1809 2960/1147/2320
f 2960/1147/2320 2959/1299/2319 2958/1146/2318
f 2961/1300/2321 2962/1301/2322 2963/1302/2323
f 2964/1303/2324 2963/1302/2323 2962/1301/2322
f 2963/1302/2323 2965/1304/2325 2961/1300/2321
f 2965/1304/2325 2966/1305/2326 2961/1300/2321
f 2967/1306/2327 2965/1304/2325 2963/1302/2323
f 2963/1302/2323 2964/1303/2324 2968/1307/2328
f 2969/1307/2329 2967/1306/2327 2963/1302/2323
f 2970/1308/2330 2968/1307/2328 2964/1303/2324
f 2971/1309/2331 2967/1306/2327 2969/1307/2329
f 2968/1307/2328 2970/1308/2330 2972/1310/2330
f 2973/1310/2332 2971/1309/2331 2969/1307/2329
f 2974/1311/2333 2972/1310/2330 2970/1308/2330
f 2975/1312/2334 2971/1309/2331 2973/1310/2332
f 2972/1310/2330 2974/1311/2333 2976/1312/2333
f 2971/1309/2331 2975/1312/2334 2977/1313/2334
f 2974/1311/2333 2978/1314/2335 2976/1312/2333
f 2979/1314/2336 2977/1313/2334 2975/1312/2334
f 2974/1311/2333 2980/1315/2335 2978/1314/2335
f 2977/1313/2334 2979/1314/2336 2981/1316/2336
f 2980/1315/2335 2982/1317/2337 2978/1314/2335
f 2983/1317/2338 2981/1316/2336 2979/1314/2336
f 2980/1315/2335 2984/1318/2337 2982/1317/2337
f 2981/1316/2336 2983/1317/2338 2985/1319/2338
f 2984/1318/2337 2986/1320/2339 2982/1317/2337
f 2987/1320/2340 2985/1319/2338 2983/1317/2338
f 2984/1318/2337 2988/1321/2341 2986/1320/2339
f 2985/1319/2338 2987/1320/2340 2989/1322/2340
f 2990/1323/2342 2986/1320/2339 2988/1321/2341
f 2991/1324/2343 2989/1322/2340 2987/1320/2340
f 2986/1320/2339 2990/1323/2342 2992/1324/2344
f 2989/1322/2340 2991/1324/2343 2993/1325/2345
f 2992/1324/2344 2990/1323/2342 2994/1326/2346
f 2995/1327/2347 2993/1325/2345 2991/1324/2343
f 2996/1327/2348 2992/1324/2344 2994/1326/2346
f 2993/1325/2345 2995/1327/2347 2997/1328/2349
f 2994/1326/2346 2998/386/2350 2996/1327/2348
f 2999/1329/2351 2997/1328/2349 2995/1327/2347
f 3000/387/2352 2996/1327/2348 2998/386/2350
f 2997/1328/2349 2999/1329/2351 3001/1330/2353
f 3000/387/2352 3002/1329/2354 2996/1327/2348
f 3003/1331/2355 3001/1330/2353 2999/1329/2351
f 3000/387/2352 3004/388/2356 3002/1329/2354
f 3001/1330/2353 3003/1331/2355 3005/1332/2355
f 3004/388/2356 3006/1331/2357 3002/1329/2354
f 3004/388/2356 3007/389/2358 3006/1331/2357
f 3007/389/2358 3008/1333/2359 3006/1331/2357
f 3008/1333/2359 3005/1332/2355 3003/1331/2355
f 3008/1333/2359 3007/389/2358 3009/390/2360
f 3005/1332/2355 3008/1333/2359 3010/1334/2361
f 3008/1333/2359 3009/390/2360 3011/88/2362
f 3011/88/2362 3010/1334/2361 3008/1333/2359
f 3010/1334/2361 3011/88/2362 3012/1335/2363
f 3013/1107/2364 3014/1106/2365 3015/1108/2366
f 3015/1108/2366 3016/1109/2367 3013/1107/2364
f 3014/1106/2365 3013/1107/2364 3017/994/2368
f 3013/1107/2364 3018/1006/2369 3017/994/2368
f 3019/1336/2370 3020/1077/2371 3021/1071/2372
f 3021/1071/2372 3022/1337/2373 3019/1336/2370
f 3023/1297/2374 3019/1336/2370 3022/1337/2373
f 3022/1337/2373 3024/1296/2375 3023/1297/2374
f 3024/1296/2375 3022/1337/2373 3025/1338/2376
f 3022/1337/2373 3026/1339/2377 3025/1338/2376
f 3025/1338/2376 3026/1339/2377 3027/1340/2378
f 3026/1339/2377 3028/1341/2379 3027/1340/2378
f 3027/1340/2378 3028/1341/2379 3029/1342/2379
f 3028/1341/2379 3030/1343/2380 3029/1342/2379
f 3031/1070/2381 3022/1337/2373 3021/1071/2372
f 3022/1337/2373 3031/1070/2381 3032/1339/2382
f 2270/997/1743 3032/1339/2382 3031/1070/2381
f 2270/997/1743 3033/996/2383 3032/1339/2382
f 3033/996/2383 2273/993/1746 3032/1339/2382
f 3031/1070/2381 2263/1069/1737 2270/997/1743
f 2263/1069/1737 3031/1070/2381 2261/1071/1735
f 3034/1344/2384 3032/1339/2382 2273/993/1746
f 3034/1344/2384 3035/1341/2385 3032/1339/2382
f 3035/1341/2385 3034/1344/2384 3036/1345/2386
f 3036/1345/2386 3037/1343/2387 3035/1341/2385
f 3037/1343/2387 3036/1345/2386 3038/1346/2388
f 3038/1346/2388 3039/1347/2389 3037/1343/2387
f 3039/1347/2389 3038/1346/2388 3040/1348/2390
f 3040/1348/2390 3041/1349/2391 3039/1347/2389
f 3034/1344/2384 2293/1106/1761 3036/1345/2386
f 2293/1106/1761 3034/1344/2384 2273/993/1746
f 3042/1350/2392 3036/1345/2386 2293/1106/1761
f 3036/1345/2386 3042/1350/2392 3043/1346/2393
f 3042/1350/2392 2293/1106/1761 3044/1108/2394
f 3045/1351/2395 3043/1346/2393 3042/1350/2392
f 3043/1346/2393 3045/1351/2395 3046/1348/2396
f 3045/1351/2395 3047/1352/2397 3046/1348/2396
f 3041/1349/2391 3040/1348/2390 3047/1352/2397
f 3047/1352/2397 3045/1351/2395 3048/1353/2398
f 3049/1092/2399 3041/1349/2391 3047/1352/2397
f 3049/1092/2399 3047/1352/2397 3048/1353/2398
f 3049/1092/2399 3050/1090/2400 3041/1349/2391
f 3049/1092/2399 3048/1353/2398 3051/1094/2401
f 3048/1353/2398 3052/1096/2402 3051/1094/2401
f 3052/1096/2402 3048/1353/2398 3053/1354/2403
f 3052/1096/2402 3053/1354/2403 3054/1098/2404
f 3041/1349/2391 3050/1090/2400 3055/1088/2405
f 3041/1349/2391 3055/1088/2405 3056/1355/2406
f 3057/1089/2407 3056/1355/2406 3055/1088/2405
f 3055/1088/2405 3058/1087/761 3057/1089/2407
f 3059/1090/2408 3058/1087/761 3055/1088/2405
f 3058/1087/761 3059/1090/2408 3060/1091/2408
f 3061/1092/2409 3060/1091/2408 3059/1090/2408
f 3060/1091/2408 3061/1092/2409 3062/1093/2410
f 3063/1094/2411 3062/1093/2410 3061/1092/2409
f 3062/1093/2410 3063/1094/2411 3064/1095/2411
f 3064/1095/2411 3063/1094/2411 3065/1096/2412
f 3064/1095/2411 3065/1096/2412 3066/1097/2413
f 3065/1096/2412 3067/1098/1642 3066/1097/2413
f 3068/1356/2414 3069/1303/2415 3070/1308/2416
f 3068/1356/2414 3071/1357/2417 3072/1358/2418
f 3068/1356/2414 3070/1308/2416 3073/1311/2419
f 3071/1357/2417 3068/1356/2414 3074/1359/2420
f 3068/1356/2414 3073/1311/2419 3074/1359/2420
f 3074/1359/2420 3075/1360/2421 3071/1357/2417
f 3073/1311/2419 3076/1315/2422 3074/1359/2420
f 3075/1360/2421 3074/1359/2420 3077/1361/2423
f 3076/1315/2422 3078/1361/2422 3074/1359/2420
f 3077/1361/2423 3079/1362/2424 3075/1360/2421
f 3076/1315/2422 3080/1318/2425 3078/1361/2422
f 3079/1362/2424 3077/1361/2423 3081/1363/2426
f 3079/1362/2424 3081/1363/2426 3082/292/2427
f 3079/1362/2424 3082/292/2427 3083/293/2428
f 3080/1318/2425 3084/1363/2425 3078/1361/2422
f 3085/1321/2429 3084/1363/2425 3080/1318/2425
f 3084/1363/2425 3085/1321/2429 3086/292/2430
f 3085/1321/2429 3087/287/2431 3086/292/2430
f 3085/1321/2429 3088/288/2432 3087/287/2431
f 3088/288/2432 3085/1321/2429 3089/1323/2433
f 3090/1326/2434 3088/288/2432 3089/1323/2433
f 3088/288/2432 3090/1326/2434 3091/290/2435
f 3089/1323/2433 3092/1324/2436 3090/1326/2434
f 3089/1323/2433 3093/1320/2437 3092/1324/2436
f 3093/1320/2437 3089/1323/2433 3094/1321/2438
f 3092/1324/2436 3095/1327/2439 3090/1326/2434
f 3094/1321/2438 3096/1318/2440 3093/1320/2437
f 3096/1318/2440 3097/1317/2440 3093/1320/2437
f 3096/1318/2440 3098/1315/2441 3097/1317/2440
f 3099/1314/2441 3097/1317/2440 3098/1315/2441
f 3098/1315/2441 3100/1311/2442 3099/1314/2441
f 3099/1314/2441 3100/1311/2442 3101/1312/2442
f 3100/1311/2442 3102/1310/2443 3101/1312/2442
f 3102/1310/2443 3100/1311/2442 3103/1308/2444
f 3103/1308/2444 3104/1307/2445 3102/1310/2443
f 3104/1307/2445 3103/1308/2444 3105/1303/2446
f 3105/1303/2446 3106/1302/2447 3104/1307/2445
f 3106/1302/2447 3105/1303/2446 3107/1301/2447
f 3107/1301/2447 3108/1300/2448 3106/1302/2447
f 3109/386/2449 3090/1326/2434 3095/1327/2439
f 3109/386/2449 3091/290/2435 3090/1326/2434
f 3095/1327/2439 3110/387/2450 3109/386/2449
f 3109/386/2449 3111/385/2451 3091/290/2435
f 3110/387/2450 3095/1327/2439 3112/1329/2452
f 3111/385/2451 3113/1364/2453 3091/290/2435
f 3114/388/2454 3110/387/2450 3112/1329/2452
f 3111/385/2451 3115/384/2455 3113/1364/2453
f 3112/1329/2452 3116/1331/2456 3114/388/2454
f 3115/384/2455 3117/1365/2457 3113/1364/2453
f 3118/389/2458 3114/388/2454 3116/1331/2456
f 3117/1365/2457 3115/384/2455 3119/383/2457
f 3120/1333/2459 3118/389/2458 3116/1331/2456
f 3119/383/2457 3121/1366/2460 3117/1365/2457
f 3121/1366/2460 3119/383/2457 3122/382/2460
f 3118/389/2458 3120/1333/2459 3123/390/2461
f 3123/390/2461 3120/1333/2459 3124/88/2462
f 3124/88/2462 3125/86/2463 3123/390/2461
f 3126/84/2464 3123/390/2461 3125/86/2463
f 3127/389/2464 3123/390/2461 3126/84/2464
f 3128/82/2465 3127/389/2464 3126/84/2464
f 3129/388/2466 3127/389/2464 3128/82/2465
f 3130/80/2467 3129/388/2466 3128/82/2465
f 3129/388/2466 3130/80/2467 3131/387/2468
f 3132/386/2469 3131/387/2468 3130/80/2467
f 3130/80/2467 3133/78/2470 3132/386/2469
f 3133/78/2470 3134/385/2471 3132/386/2469
f 3134/385/2471 3133/78/2470 3135/76/2471
f 3135/76/2471 3136/384/2472 3134/385/2471
f 3136/384/2472 3135/76/2471 3137/71/2473
f 3137/71/2473 3138/383/2474 3136/384/2472
f 3138/383/2474 3137/71/2473 3139/69/2474
f 3139/69/2474 3140/382/2475 3138/383/2474
f 3140/382/2475 3139/69/2474 3141/65/2476
f 3141/65/2476 3142/380/2477 3140/382/2475
f 3142/380/2477 3141/65/2476 3143/68/2478
f 3143/68/2478 3144/70/2479 3142/380/2477
f 3144/70/2479 3145/381/2480 3142/380/2477
f 3145/381/2480 3144/70/2479 3146/73/2481
f 3145/381/2480 3147/1367/2482 3142/380/2477
f 3147/1367/2482 3145/381/2480 3148/1368/2483
f 3121/1366/2460 3142/380/2477 3147/1367/2482
f 3142/380/2477 3121/1366/2460 3122/382/2460
f 3120/1333/2459 3149/1332/2355 3150/1334/2361
f 3124/88/2462 3150/1334/2361 3151/1335/2363
f 3150/1334/2361 3124/88/2462 3120/1333/2459
f 3149/1332/2355 3120/1333/2459 3152/1331/2355
f 3152/1331/2355 3153/1330/2353 3149/1332/2355
f 3153/1330/2353 3152/1331/2355 3154/1329/2351
f 3154/1329/2351 3155/1328/2349 3153/1330/2353
f 3155/1328/2349 3154/1329/2351 3156/1327/2347
f 3156/1327/2347 3157/1325/2345 3155/1328/2349
f 3157/1325/2345 3156/1327/2347 3158/1324/2484
f 3157/1325/2345 3158/1324/2484 3159/1320/2340
f 3157/1325/2345 3159/1320/2340 3160/1322/2340
f 3160/1322/2340 3159/1320/2340 3161/1317/2338
f 3160/1322/2340 3161/1317/2338 3162/1319/2338
f 3162/1319/2338 3161/1317/2338 3163/1314/2336
f 3162/1319/2338 3163/1314/2336 3164/1316/2336
f 3164/1316/2336 3163/1314/2336 3165/1312/2334
f 3164/1316/2336 3165/1312/2334 3166/1313/2334
f 3166/1313/2334 3165/1312/2334 3167/1310/2332
f 3166/1313/2334 3167/1310/2332 3168/1309/2485
f 3168/1309/2485 3167/1310/2332 3169/1307/2486
f 3168/1309/2485 3169/1307/2486 3170/1306/2327
f 3170/1306/2327 3169/1307/2486 3171/1302/2487
f 3170/1306/2327 3171/1302/2487 3172/1304/2325
f 3172/1304/2325 3171/1302/2487 3173/1300/2488
f 3172/1304/2325 3173/1300/2488 3174/1305/2326
f 3175/156/2489 3176/150/2490 3177/667/2491
f 3177/667/2491 3178/666/2492 3175/156/2489
f 3176/150/2490 3179/1369/2493 3177/667/2491
f 3178/666/2492 3177/667/2491 3180/672/2494
f 3179/1369/2493 3176/150/2490 3181/152/2493
f 3182/154/2495 3179/1369/2493 3181/152/2493
f 3179/1369/2493 3182/154/2495 3183/1370/2495
f 3180/672/2494 3184/668/2494 3178/666/2492
f 3184/668/2494 3180/672/2494 3185/673/2496
f 3186/669/2496 3184/668/2494 3185/673/2496
f 3185/673/2496 3187/674/2497 3186/669/2496
f 3188/670/2498 3186/669/2496 3187/674/2497
f 3187/674/2497 3189/675/2499 3188/670/2498
f 3190/671/2500 3188/670/2498 3189/675/2499
f 3189/675/2499 3191/402/2501 3190/671/2500
f 3191/402/2501 3189/675/2499 3192/406/2502
f 3191/402/2501 3193/405/2503 3190/671/2500
f 3194/527/2504 3190/671/2500 3193/405/2503
f 3190/671/2500 3194/527/2504 3195/670/2504
f 3196/525/2505 3195/670/2504 3194/527/2504
f 3195/670/2504 3196/525/2505 3197/669/2505
f 3198/523/2506 3197/669/2505 3196/525/2505
f 3197/669/2505 3198/523/2506 3199/668/2506
f 3200/521/2507 3199/668/2506 3198/523/2506
f 3199/668/2506 3200/521/2507 3201/666/2507
f 3202/519/2508 3201/666/2507 3200/521/2507
f 3201/666/2507 3202/519/2508 3203/156/2509
f 3203/156/2509 3202/519/2508 3204/517/711
f 3204/517/711 972/157/711 3203/156/2509
f 972/157/711 3204/517/711 970/507/710
f 3205/1079/2510 3206/1082/2511 3207/1371/2512
f 3207/1371/2512 2122/1077/1624 3205/1079/2510
f 3207/1371/2512 3208/1372/2513 3209/1373/2514
f 2122/1077/1624 3207/1371/2512 3209/1373/2514
f 3208/1372/2513 3210/1374/548 3209/1373/2514
f 3211/1375/2515 3209/1373/2514 3210/1374/548
f 3212/1297/2516 3209/1373/2514 3211/1375/2515
f 3211/1375/2515 3213/1293/2517 3212/1297/2516
f 3213/1293/2517 3211/1375/2515 3214/1376/2517
f 3209/1373/2514 3212/1297/2516 3215/1336/2518
f 3214/1376/2517 3216/1292/2519 3213/1293/2517
f 3215/1336/2518 2122/1077/1624 3209/1373/2514
f 3216/1292/2519 3214/1376/2517 3217/1294/2520
f 3217/1294/2520 3218/1149/2521 3216/1292/2519
f 3217/1294/2520 3219/1298/2522 3218/1149/2521
f 3220/1145/2523 3218/1149/2521 3219/1298/2522
f 3221/1146/2524 3220/1145/2523 3219/1298/2522
f 3219/1298/2522 3222/1299/2525 3221/1146/2524
f 3222/1299/2525 3223/1147/2526 3221/1146/2524
f 2122/1077/1624 3215/1336/2518 2116/1071/1618
f 3224/1337/2527 2116/1071/1618 3215/1336/2518
f 3215/1336/2518 3225/1297/2528 3224/1337/2527
f 2122/1077/1624 2116/1071/1618 2118/1073/1620
f 3226/1296/2529 3224/1337/2527 3225/1297/2528
f 3227/1293/2530 3226/1296/2529 3225/1297/2528
f 3226/1296/2529 3227/1293/2530 3228/1295/2530
f 3227/1293/2530 3229/1291/2531 3228/1295/2530
f 3224/1337/2527 3226/1296/2529 3230/1338/2532
f 3229/1291/2531 3227/1293/2530 3231/1292/2533
f 3231/1292/2533 3232/1152/2534 3229/1291/2531
f 3232/1152/2534 3231/1292/2533 3233/1149/2535
f 3234/1290/2536 3229/1291/2531 3232/1152/2534
f 3235/1153/2537 3234/1290/2536 3232/1152/2534
f 3236/1154/2538 3234/1290/2536 3235/1153/2537
f 3234/1290/2536 3236/1154/2538 3237/1289/2306
f 3237/1289/2306 3236/1154/2538 3238/1156/2539
f 3239/1339/2377 3224/1337/2527 3230/1338/2532
f 3230/1338/2532 3240/1340/2378 3239/1339/2377
f 3241/1341/2379 3239/1339/2377 3240/1340/2378
f 3240/1340/2378 3242/1342/2379 3241/1341/2379
f 3243/1343/2380 3241/1341/2379 3242/1342/2379
f 3224/1337/2527 3244/1070/2540 2116/1071/1618
f 3245/1339/2541 3244/1070/2540 3224/1337/2527
f 3245/1339/2541 3246/997/2542 3244/1070/2540
f 3247/996/2543 3246/997/2542 3245/1339/2541
f 3248/993/2544 3247/996/2543 3245/1339/2541
f 3245/1339/2541 3249/1344/2545 3248/993/2544
f 3250/1341/2546 3249/1344/2545 3245/1339/2541
f 3249/1344/2545 3014/1106/2365 3248/993/2544
f 3249/1344/2545 3250/1341/2546 3251/1345/2547
f 3014/1106/2365 3249/1344/2545 3251/1345/2547
f 3252/1343/2548 3251/1345/2547 3250/1341/2546
f 3014/1106/2365 3017/994/2368 3248/993/2544
f 3251/1345/2547 3252/1343/2548 3253/1346/2549
f 3254/1347/2550 3253/1346/2549 3252/1343/2548
f 3253/1346/2549 3254/1347/2550 3255/1348/2551
f 3256/1349/2552 3255/1348/2551 3254/1347/2550
f 3255/1348/2551 3256/1349/2552 3257/1352/2553
f 3256/1349/2552 3258/1092/2554 3257/1352/2553
f 3259/1090/2555 3258/1092/2554 3256/1349/2552
f 3259/1090/2555 3256/1349/2552 3260/1088/2556
f 3256/1349/2552 3261/1355/2556 3260/1088/2556
f 3261/1355/2556 3262/1089/2557 3260/1088/2556
f 3014/1106/2365 3251/1345/2547 3263/1350/2558
f 3263/1350/2558 3251/1345/2547 3264/1346/2559
f 3014/1106/2365 3263/1350/2558 3265/1108/2560
f 3263/1350/2558 3264/1346/2559 3266/1351/2561
f 3266/1351/2561 3264/1346/2559 3267/1348/2561
f 3268/1352/2562 3266/1351/2561 3267/1348/2561
f 3266/1351/2561 3268/1352/2562 3269/1353/2563
f 3268/1352/2562 3270/1092/2564 3269/1353/2563
f 3269/1353/2563 3270/1092/2564 3271/1094/2565
f 3272/1096/2566 3269/1353/2563 3271/1094/2565
f 3269/1353/2563 3272/1096/2566 3273/1354/2567
f 3273/1354/2567 3272/1096/2566 3274/1098/2404
f 3275/852/2568 3276/1377/2569 3277/867/2570
f 3278/1378/2571 3277/867/2570 3276/1377/2569
f 3277/867/2570 3278/1378/2571 3279/1379/2572
f 3279/1379/2572 3280/872/2573 3277/867/2570
f 3280/872/2573 3279/1379/2572 3281/1380/2574
f 3279/1379/2572 3282/1381/2575 3281/1380/2574
f 3282/1381/2575 3279/1379/2572 3283/1382/2576
f 3278/1378/2571 3283/1382/2576 3279/1379/2572
f 3278/1378/2571 3284/1383/2577 3283/1382/2576
f 3285/1377/2578 3286/852/2579 3287/867/2580
f 3287/867/2580 3288/1378/2581 3285/1377/2578
f 3288/1378/2581 3287/867/2580 3289/1379/2582
f 3290/872/2573 3289/1379/2582 3287/867/2580
f 3289/1379/2582 3290/872/2573 3291/1380/2574
f 3289/1379/2582 3291/1380/2574 3292/1381/2583
f 3289/1379/2582 3292/1381/2583 3293/1382/2584
f 3289/1379/2582 3293/1382/2584 3288/1378/2581
f 3294/1383/2585 3288/1378/2581 3293/1382/2584
f 3295/1158/2586 3296/1157/2587 3297/445/2588
f 3295/1158/2586 3297/445/2588 3298/1159/2589
f 3296/1157/2587 3295/1158/2586 3299/1160/2590
f 3297/445/2588 3300/447/2591 3298/1159/2589
f 3301/1162/2592 3296/1157/2587 3299/1160/2590
f 3301/1162/2592 3302/1161/2593 3296/1157/2587
f 3303/1164/2594 3301/1162/2592 3299/1160/2590
f 3301/1162/2592 3303/1164/2594 3304/1163/2595
f 3303/1164/2594 3299/1160/2590 3305/1158/1855
f 3303/1164/2594 3305/1158/1855 3306/1165/1855
f 3298/1159/2589 3307/1167/2596 3295/1158/2586
f 3300/447/2591 3308/462/2597 3298/1159/2589
f 3309/449/2598 3308/462/2597 3300/447/2591
f 3310/1166/2599 3307/1167/2596 3298/1159/2589
f 3310/1166/2599 3311/466/2600 3307/1167/2596
f 3308/462/2597 3312/464/2601 3298/1159/2589
f 3298/1159/2589 3312/464/2601 3310/1166/2599
f 3310/1166/2599 3312/464/2601 3313/466/2602
f 3308/462/2597 3309/449/2598 3314/460/2603
f 3315/451/2604 3314/460/2603 3309/449/2598
f 3314/460/2603 3315/451/2604 3316/457/2604
f 3315/451/2604 3317/453/2605 3316/457/2604
f 3318/446/2606 3319/445/2607 3320/447/2608
f 3320/447/2608 3321/448/2609 3318/446/2606
f 3320/447/2608 3322/449/2609 3321/448/2609
f 3322/449/2609 3323/450/2610 3321/448/2609
f 3323/450/2610 3322/449/2609 3324/451/2610
f 3324/451/2610 3325/452/2611 3323/450/2610
f 3324/451/2610 3326/453/2612 3325/452/2611
f 3325/452/2611 3326/453/2612 3327/454/2613
f 3327/454/2613 3328/1384/2614 3325/452/2611
f 3328/1384/2614 3327/454/2613 3329/1385/2615
f 3330/1386/2616 3325/452/2611 3328/1384/2614
f 3325/452/2611 3330/1386/2616 3331/450/2616
f 3332/1387/2617 3331/450/2616 3330/1386/2616
f 3331/450/2616 3332/1387/2617 3333/448/2618
f 3334/1388/2619 3333/448/2618 3332/1387/2617
f 3333/448/2618 3334/1388/2619 3318/446/2606
f 3335/1389/2620 3318/446/2606 3334/1388/2619
f 3318/446/2606 3335/1389/2620 3336/1390/2621
f 3337/1391/1247 3336/1390/2621 3335/1389/2620
f 3336/1390/2621 3319/445/2607 3318/446/2606
f 3336/1390/2621 3337/1391/1247 3338/1392/2622
f 3319/445/2607 3336/1390/2621 3339/1157/2623
f 3338/1392/2622 3339/1157/2623 3336/1390/2621
f 3339/1157/2623 3338/1392/2622 3340/1161/2216
f 3341/653/1770 3342/1110/1769 3343/1111/1770
f 3342/1110/1769 3341/653/1770 3344/651/1769
f 3344/651/1769 3345/650/1771 3342/1110/1769
f 3345/650/1771 3344/651/1769 3346/647/2624
f 3347/1157/2625 3348/1392/2626 3349/1390/2627
f 3348/1392/2626 3347/1157/2625 3350/1161/2628
f 3349/1390/2627 898/445/647 3347/1157/2625
f 3351/1391/2218 3349/1390/2627 3348/1392/2626
f 3349/1390/2627 3351/1391/2218 3352/1389/2620
f 898/445/647 3349/1390/2627 899/446/648
f 3352/1389/2620 899/446/648 3349/1390/2627
f 899/446/648 3352/1389/2620 3353/1388/2619
f 3354/1387/2618 899/446/648 3353/1388/2619
f 3354/1387/2618 3355/448/2617 899/446/648
f 3356/1386/2616 3355/448/2617 3354/1387/2618
f 3356/1386/2616 3357/450/2616 3355/448/2617
f 3358/1384/2615 3357/450/2616 3356/1386/2616
f 3358/1384/2615 3359/452/2614 3357/450/2616
f 3358/1384/2615 3360/454/2615 3359/452/2614
f 3360/454/2615 3358/1384/2615 3361/1385/2615
f 3362/146/2629 3363/1393/2630 3364/145/2631
f 3363/1393/2630 3362/146/2629 3365/222/2632
f 3366/146/2633 3367/145/2631 3368/1393/2630
f 3366/146/2633 3368/1393/2630 3369/222/2630
f 3370/1394/2634 3371/1395/2635 3372/1396/2636
f 3370/1394/2634 3372/1396/2636 3373/1397/2637
f 3371/1395/2635 3370/1394/2634 3374/1398/2638
f 3371/1395/2635 3374/1398/2638 3375/1371/2513
f 3371/1395/2635 3375/1371/2513 3376/1372/181
f 3375/1371/2513 3377/1374/2639 3376/1372/181
f 2250/1085/1724 3370/1394/2634 3373/1397/2637
f 3377/1374/2639 3375/1371/2513 3378/1373/2640
f 2250/1085/1724 3379/1398/2641 3370/1394/2634
f 3378/1373/2640 3380/1375/2642 3377/1374/2639
f 2250/1085/1724 2247/1082/1721 3379/1398/2641
f 3380/1375/2642 3378/1373/2640 3381/1297/2643
f 3382/1293/2644 3380/1375/2642 3381/1297/2643
f 3383/1376/2644 3380/1375/2642 3382/1293/2644
f 3381/1297/2643 3378/1373/2640 3019/1336/2370
f 2949/1292/2311 3383/1376/2644 3382/1293/2644
f 2247/1082/1721 3384/1371/2645 3379/1398/2641
f 2951/1294/2313 3383/1376/2644 2949/1292/2311
f 3384/1371/2645 3020/1077/2371 3378/1373/2640
f 3020/1077/2371 3019/1336/2370 3378/1373/2640
f 3020/1077/2371 3384/1371/2645 2252/1079/1726
f 2247/1082/1721 2252/1079/1726 3384/1371/2645
f 3385/1280/2646 3386/1281/2647 3387/1288/2648
f 3386/1281/2647 3385/1280/2646 3388/1282/2649
f 3388/1282/2649 3389/1283/2650 3386/1281/2647
f 3389/1283/2650 3388/1282/2649 3390/1284/2651
f 3390/1284/2651 3391/1141/2652 3389/1283/2650
f 3391/1141/2652 3390/1284/2651 3392/1143/2653
f 3393/1139/2654 3389/1283/2650 3391/1141/2652
f 3389/1283/2650 3393/1139/2654 3394/1135/2655
f 3394/1135/2655 3386/1281/2647 3389/1283/2650
f 3386/1281/2647 3394/1135/2655 3395/1132/2656
f 3387/1288/2648 3386/1281/2647 3395/1132/2656
f 3387/1288/2648 3395/1132/2656 3396/1127/2657
f 3397/1124/2658 3387/1288/2648 3396/1127/2657
f 3387/1288/2648 3397/1124/2658 3398/1287/2659
f 3398/1287/2659 3385/1280/2646 3387/1288/2648
f 3399/1123/2660 3398/1287/2659 3397/1124/2658
f 3385/1280/2646 3398/1287/2659 3400/1286/2661
f 3398/1287/2659 3399/1123/2660 3401/1285/2662
f 3401/1285/2662 3400/1286/2661 3398/1287/2659
f 3399/1123/2660 3402/1117/2663 3401/1285/2662
f 2312/1113/1778 3400/1286/2661 3401/1285/2662
f 2313/1114/1779 3401/1285/2662 3402/1117/2663
f 2313/1114/1779 2312/1113/1778 3401/1285/2662
f 3403/1065/1599 3404/1062/2664 3405/1064/1600
f 3405/1064/1600 3406/1066/2664 3403/1065/1599
f 3405/1064/1600 3404/1062/2664 3407/1063/1599
f 3404/1062/2664 3408/1061/2665 3407/1063/1599
f 3406/1066/2664 3405/1064/1600 3409/1067/1600
f 3410/1059/1605 3406/1066/2664 3409/1067/1600
f 3411/366/2666 3412/365/2667 3413/309/2668
f 3414/1399/2669 3411/366/2666 3413/309/2668
f 3411/366/2666 3414/1399/2669 3415/1400/2670
f 3411/366/2666 3416/367/2671 3412/365/2667
f 3411/366/2666 3415/1400/2670 3417/1401/2672
f 3416/367/2671 3411/366/2666 3418/368/2673
f 3411/366/2666 3417/1401/2672 3419/368/2674
f 3420/369/2675 3416/367/2671 3418/368/2673
f 3417/1401/2672 3421/1402/2676 3419/368/2674
f 3418/368/2673 3422/370/2675 3420/369/2675
f 3422/370/2675 3423/371/2677 3420/369/2675
f 3423/371/2677 3422/370/2675 3424/372/2677
f 3419/368/2674 3421/1402/2676 3425/370/2676
f 3421/1402/2676 3426/372/2678 3425/370/2676
f 3426/372/2678 3421/1402/2676 3427/1403/2678
f 3428/309/2669 3429/1400/2679 3430/1399/2680
f 3429/1400/2679 3428/309/2669 3431/366/2670
f 3431/366/2670 3432/1401/2672 3429/1400/2679
f 3432/1401/2672 3431/366/2670 3433/368/2674
f 3433/368/2674 3434/1402/2681 3432/1401/2672
f 3434/1402/2681 3433/368/2674 3435/370/2682
f 3436/372/2678 3434/1402/2681 3435/370/2682
f 3434/1402/2681 3436/372/2678 3437/1403/2678
f 3438/1396/2683 3439/1394/2684 3440/1397/2023
f 3441/1395/2638 3439/1394/2684 3438/1396/2683
f 3439/1394/2684 2130/1085/1632 3440/1397/2023
f 3439/1394/2684 3441/1395/2638 3442/1398/2685
f 3442/1398/2685 2130/1085/1632 3439/1394/2684
f 3208/1372/2513 3442/1398/2685 3441/1395/2638
f 3206/1082/2511 2130/1085/1632 3442/1398/2685
f 3207/1371/2512 3206/1082/2511 3442/1398/2685
f 3442/1398/2685 3208/1372/2513 3207/1371/2512
f 3443/1404/2686 3444/1383/2687 3445/1378/2688
f 3444/1383/2687 3443/1404/2686 3446/1405/2689
f 3443/1404/2686 3447/1406/2690 3446/1405/2689
f 3447/1406/2690 3443/1404/2686 3448/1407/2691
f 3449/1377/2692 3443/1404/2686 3445/1378/2688
f 3448/1407/2691 3443/1404/2686 3450/1408/2693
f 3443/1404/2686 3449/1377/2692 3451/1409/2694
f 3451/1409/2694 3450/1408/2693 3443/1404/2686
f 3449/1377/2692 3452/852/2695 3451/1409/2694
f 3453/853/2696 3450/1408/2693 3451/1409/2694
f 3453/853/2696 3451/1409/2694 3452/852/2695
f 3450/1408/2693 3453/853/2696 3454/863/2697
f 3453/853/2696 3452/852/2695 3455/854/2698
f 3455/854/2698 3452/852/2695 3456/855/2699
f 3452/852/2695 3457/867/2700 3456/855/2699
f 3458/856/2701 3455/854/2698 3456/855/2699
f 3457/867/2700 3459/857/2702 3456/855/2699
f 3459/857/2702 3457/867/2700 3460/866/2702
f 3456/855/2699 3461/857/2703 3458/856/2701
f 3462/865/2704 3459/857/2702 3460/866/2702
f 3459/857/2702 3462/865/2704 3463/859/2705
f 3463/859/2705 3462/865/2704 3464/864/2706
f 3462/865/2704 3465/868/2707 3464/864/2706
f 3462/865/2704 3466/870/1296 3465/868/2707
f 3466/870/1296 3462/865/2704 3467/869/1296
f 3468/866/1297 3467/869/1296 3462/865/2704
f 3467/869/1296 3468/866/1297 3469/871/1298
f 3470/867/1300 3469/871/1298 3468/866/1297
f 3469/871/1298 3470/867/1300 3471/872/1300
f 3461/857/2703 3472/858/2708 3458/856/2701
f 3472/858/2708 3461/857/2703 3473/859/2709
f 3472/858/2708 3473/859/2709 3474/864/2710
f 3472/858/2708 3475/860/2711 3458/856/2701
f 3476/861/1286 3458/856/2701 3475/860/2711
f 3476/861/1286 3477/854/1287 3458/856/2701
f 3477/854/1287 3476/861/1286 3478/862/1287
f 3478/862/1287 3479/853/1288 3477/854/1287
f 3479/853/1288 3478/862/1287 3480/863/1288
f 3481/140/2712 84/63/77 79/60/73
f 75/57/69 84/63/77 3482/137/2713
f 84/63/77 3481/140/2712 3483/139/2714
f 3482/137/2713 84/63/77 3483/139/2714
f 3481/140/2712 3484/141/174 3483/139/2714
f 3485/138/2715 3482/137/2713 3483/139/2714
f 3486/136/2716 3482/137/2713 3485/138/2715
f 3482/137/2713 3486/136/2716 3487/57/2716
f 3483/139/2714 3488/1410/2717 3485/138/2715
f 3488/1410/2717 3483/139/2714 3489/1411/2718
f 3490/1412/2719 3485/138/2715 3488/1410/2717
f 3485/138/2715 3490/1412/2719 3491/136/2719
f 3492/134/2720 3491/136/2719 3490/1412/2719
f 3491/136/2719 3492/134/2720 3493/133/2721
f 3494/133/2722 3487/57/2716 3486/136/2716
f 3487/57/2716 3494/133/2722 3495/56/2723
f 3496/110/2724 3495/56/2723 3494/133/2722
f 3497/109/2725 3496/110/2724 3494/133/2722
f 3494/133/2722 3498/131/2725 3497/109/2725
f 3499/107/2726 3497/109/2725 3498/131/2725
f 3498/131/2725 3500/130/2727 3499/107/2726
f 3501/108/2728 3499/107/2726 3500/130/2727
f 3502/135/2729 3501/108/2728 3500/130/2727
f 3500/130/2727 3503/122/2730 3502/135/2729
f 3503/122/2730 3500/130/2727 3504/128/2731
f 3505/121/2732 3503/122/2730 3504/128/2731
f 3503/122/2730 3505/121/2732 3506/119/2733
f 3507/120/2734 3506/119/2733 3505/121/2732
f 3505/121/2732 3508/123/147 3507/120/2734
f 3507/120/2734 3508/123/147 3509/124/148
f 3510/125/148 3509/124/148 3508/123/147
f 3508/123/147 3505/121/2732 3511/126/149
f 3511/126/149 3505/121/2732 3512/127/2735
f 3504/128/2731 3512/127/2735 3505/121/2732
f 3512/127/2735 3504/128/2731 3513/129/2736
f 3514/130/152 3513/129/2736 3504/128/2731
f 3513/129/2736 3514/130/152 3515/132/153
f 3516/131/153 3515/132/153 3514/130/152
f 3517/133/2737 3515/132/153 3516/131/153
f 3515/132/153 3517/133/2737 3518/134/155
f 3519/1228/2078 3520/1226/2738 3521/1209/2079
f 3519/1228/2078 3521/1209/2079 3522/1210/2079
f 3519/1228/2078 3523/1223/2739 3520/1226/2738
f 3523/1223/2739 3519/1228/2078 3524/1229/2080
f 3525/1230/2740 3523/1223/2739 3524/1229/2080
f 3525/1230/2740 3526/1222/2740 3523/1223/2739
f 3527/858/2741 3528/864/2742 3529/876/2743
f 3529/876/2743 3530/893/2744 3527/858/2741
f 3530/893/2744 3529/876/2743 3531/877/2745
f 3532/879/2746 3530/893/2744 3531/877/2745
f 3530/893/2744 3533/892/2747 3527/858/2741
f 3534/860/1329 3527/858/2741 3533/892/2747
f 3535/888/2748 3533/892/2747 3530/893/2744
f 3530/893/2744 3532/879/2746 3535/888/2748
f 3533/892/2747 3535/888/2748 3536/889/2749
f 3532/879/2746 3537/887/2750 3535/888/2748
f 3537/887/2750 3536/889/2749 3535/888/2748
f 3537/887/2750 3532/879/2746 3538/882/2751
f 3536/889/2749 3537/887/2750 3539/890/2752
f 3537/887/2750 3538/882/2751 3540/885/2753
f 3540/885/2753 3539/890/2752 3537/887/2750
f 3539/890/2752 3540/885/2753 3541/891/1325
f 3542/1413/2754 3543/921/2755 3544/918/2756
f 3545/1414/2757 3543/921/2755 3542/1413/2754
f 3545/1414/2757 3546/923/2758 3543/921/2755
f 3542/1413/2754 3544/918/2756 3547/1415/2756
f 3547/1415/2756 3544/918/2756 3548/914/2759
f 3547/1415/2756 3548/914/2759 3549/1416/2760
f 3549/1416/2760 3548/914/2759 3550/919/2761
f 3549/1416/2760 3550/919/2761 3551/1191/2762
f 3552/918/2756 3553/1416/2763 3554/914/2759
f 3554/914/2759 3553/1416/2763 3555/919/2761
f 3553/1416/2763 3556/1191/2762 3555/919/2761
f 3553/1416/2763 3552/918/2756 3557/1415/2756
f 3558/921/2754 3557/1415/2756 3552/918/2756
f 3557/1415/2756 3558/921/2754 3559/1413/2755
f 1820/923/2764 3559/1413/2755 3558/921/2754
f 3559/1413/2755 1820/923/2764 3560/1414/2765
f 3561/385/2766 3562/386/2767 3563/290/2768
f 3563/290/2768 3562/386/2767 3564/1326/2769
f 3564/1326/2769 3565/288/2770 3563/290/2768
f 3565/288/2770 3564/1326/2769 3566/1323/2770
f 3567/1321/2771 3565/288/2770 3566/1323/2770
f 3565/288/2770 3567/1321/2771 3568/287/2772
f 3568/287/2772 3567/1321/2771 3569/292/2773
f 3569/292/2773 3567/1321/2771 3570/1363/2774
f 3571/293/365 3568/287/2772 3569/292/2773
f 3570/1363/2774 3567/1321/2771 3572/1318/2774
f 3568/287/2772 3571/293/365 3573/291/362
f 3574/1361/2775 3570/1363/2774 3572/1318/2774
f 3573/291/362 3575/288/361 3568/287/2772
f 3572/1318/2774 3576/1315/2775 3574/1361/2775
f 3575/288/361 3573/291/362 3577/286/363
f 3577/286/363 3578/290/364 3575/288/361
f 3578/290/364 3577/286/363 3579/289/364
f 3580/1359/2776 3574/1361/2775 3576/1315/2775
f 3576/1315/2775 3581/1311/2777 3580/1359/2776
f 3582/1356/2778 3580/1359/2776 3581/1311/2777
f 3583/1308/2779 3582/1356/2778 3581/1311/2777
f 3584/1303/2780 3582/1356/2778 3583/1308/2779
f 3582/1356/2778 3585/1358/2781 3580/1359/2776
f 3586/1357/2417 3580/1359/2776 3585/1358/2781
f 3580/1359/2776 3586/1357/2417 3587/1361/2421
f 3586/1357/2417 3588/1360/2423 3587/1361/2421
f 3587/1361/2421 3588/1360/2423 3589/1363/2424
f 3588/1360/2423 3590/1362/2426 3589/1363/2424
f 3591/293/2427 3589/1363/2424 3590/1362/2426
f 3589/1363/2424 3591/293/2427 3592/292/2428
f 3593/1417/2782 3585/1358/2781 3582/1356/2778
f 3582/1356/2778 3584/1303/2780 3593/1417/2782
f 3585/1358/2781 3593/1417/2782 3594/1418/2783
f 3595/1301/2784 3593/1417/2782 3584/1303/2780
f 3596/1419/2785 3594/1418/2783 3593/1417/2782
f 3593/1417/2782 3595/1301/2784 3596/1419/2785
f 3594/1418/2783 3596/1419/2785 3597/1420/2786
f 3596/1419/2785 3595/1301/2784 3598/1300/2787
f 3598/1300/2787 3597/1420/2786 3596/1419/2785
f 3597/1420/2786 3598/1300/2787 3599/1421/2788
f 3600/1422/2789 3601/1254/2790 3602/1252/2791
f 3603/1423/2792 3600/1422/2789 3602/1252/2791
f 3602/1252/2791 2681/1234/2085 3603/1423/2792
f 3604/1424/2793 3601/1254/2790 3600/1422/2789
f 3605/1425/2794 3601/1254/2790 3604/1424/2793
f 3604/1424/2793 3606/1426/2795 3605/1425/2794
f 3606/1426/2795 3604/1424/2793 3607/1427/2796
f 3608/1428/2797 3607/1427/2796 3604/1424/2793
f 3600/1422/2789 3608/1428/2797 3604/1424/2793
f 3600/1422/2789 3603/1423/2792 2678/1231/2082
f 2678/1231/2082 3609/1428/2798 3600/1422/2789
f 2679/1232/2083 2678/1231/2082 3603/1423/2792
f 2679/1232/2083 3603/1423/2792 2681/1234/2085
f 1663/833/1250 1654/824/1241 1653/823/1240
f 1653/823/1240 3610/1263/2799 1663/833/1250
f 3610/1263/2799 3611/834/2800 1663/833/1250
f 3612/1265/2801 3610/1263/2799 1653/823/1240
f 3611/834/2800 3610/1263/2799 3613/1261/2802
f 3613/1261/2802 3614/836/2803 3611/834/2800
f 3615/1259/2221 3614/836/2803 3613/1261/2802
f 3614/836/2803 3615/1259/2221 3616/1260/2222
f 3613/1261/2802 3617/1262/2804 3615/1259/2221
f 3617/1262/2804 3613/1261/2802 3618/1263/2226
f 3618/1263/2226 3619/1264/2229 3617/1262/2804
f 3619/1264/2229 3618/1263/2226 3620/1265/2227
f 3619/1264/2229 3620/1265/2227 3621/1267/2230
f 3619/1264/2229 3621/1267/2230 3622/1266/2231
f 3623/1268/2805 3612/1265/2801 1653/823/1240
f 3623/1268/2805 3624/1267/943 3612/1265/2801
f 3624/1267/943 3623/1268/2805 3625/1269/943
f 3626/822/2806 3623/1268/2805 1653/823/1240
f 3627/1270/2807 3623/1268/2805 3626/822/2806
f 3627/1270/2807 3626/822/2806 3628/826/2808
f 3623/1268/2805 3627/1270/2807 3629/1271/2809
f 3629/1271/2809 3630/1269/946 3623/1268/2805
f 3630/1269/946 3629/1271/2809 3631/1272/947
f 3627/1270/2807 3628/826/2808 3632/1273/2810
f 3632/1273/2810 3628/826/2808 3633/828/2593
f 3632/1273/2810 3633/828/2593 3634/1274/2811
f 3635/1278/2812 3632/1273/2810 3634/1274/2811
f 3632/1273/2810 3635/1278/2812 3636/1277/2813
f 3632/1273/2810 3636/1277/2813 3637/1279/2245
f 3632/1273/2810 3637/1279/2245 3638/1270/2246
f 3638/1270/2246 3637/1279/2245 3639/1275/2248
f 3638/1270/2246 3639/1275/2248 3640/1271/2814
f 3641/1271/2241 3642/1276/2815 3631/1272/2816
f 3641/1271/2241 3643/1275/2241 3642/1276/2815
f 3644/950/1410 3645/929/1411 3646/931/1409
f 3647/951/1412 3645/929/1411 3644/950/1410
f 3644/950/1410 3646/931/1409 3648/949/1409
f 3647/951/1412 3649/925/1412 3645/929/1411
f 3650/307/1414 3649/925/1412 3647/951/1412
f 3650/307/1414 3651/306/1415 3649/925/1412
f 3646/931/1409 3652/948/1408 3648/949/1409
f 3652/948/1408 3646/931/1409 3653/933/1408
f 3653/933/1408 3654/945/1407 3652/948/1408
f 3652/948/1408 3654/945/1407 3655/947/1407
f 3654/945/1407 3656/946/2817 3655/947/1407
f 3657/1404/2818 3658/1383/2819 3659/1405/1060
f 3658/1383/2819 3657/1404/2818 3660/1378/2820
f 3661/1406/2690 3657/1404/2818 3659/1405/1060
f 3657/1404/2818 3661/1406/2690 3662/1407/2691
f 3657/1404/2818 3663/1377/2821 3660/1378/2820
f 3664/1408/2693 3657/1404/2818 3662/1407/2691
f 3663/1377/2821 3657/1404/2818 3665/1409/2822
f 3664/1408/2693 3665/1409/2822 3657/1404/2818
f 3666/852/2823 3663/1377/2821 3665/1409/2822
f 3665/1409/2822 3667/853/2824 3666/852/2823
f 3664/1408/2693 3667/853/2824 3665/1409/2822
f 3667/853/2824 3664/1408/2693 3668/863/2697
f 3669/1368/2825 3670/1429/2825 3671/1430/2826
f 3670/1429/2825 3669/1368/2825 3672/381/2825
f 3670/1429/2825 3672/381/2825 3673/73/2825
f 3670/1429/2825 3673/73/2825 3674/1431/2825
f 3675/381/2827 3676/1429/2825 3677/73/2825
f 3676/1429/2825 3678/1431/2825 3677/73/2825
f 3679/1368/2825 3676/1429/2825 3675/381/2827
f 3676/1429/2825 3679/1368/2825 3680/1430/2826
f 3681/499/2828 3682/1432/2829 3683/1433/2830
f 3681/499/2828 3684/501/704 3685/500/703
f 3686/498/701 3681/499/2828 3685/500/703
f 3682/1432/2829 3681/499/2828 3687/1434/2831
f 3687/1434/2831 3688/1435/2832 3682/1432/2829
f 3686/498/701 3689/497/2833 3681/499/2828
f 3690/495/2834 3689/497/2833 3686/498/701
f 3681/499/2828 3691/502/2835 3687/1434/2831
f 3681/499/2828 3689/497/2833 3691/502/2835
f 3688/1435/2832 3687/1434/2831 3692/1436/2836
f 3691/502/2835 3692/1436/2836 3687/1434/2831
f 3692/1436/2836 3693/1437/2837 3688/1435/2832
f 3692/1436/2836 3691/502/2835 3694/503/2838
f 3694/503/2838 3695/504/2839 3692/1436/2836
f 3689/497/2833 3696/496/2840 3691/502/2835
f 3690/495/2834 3696/496/2840 3689/497/2833
f 3697/503/2841 3691/502/2835 3696/496/2840
f 3698/494/697 3696/496/2840 3690/495/2834
f 3696/496/2840 3699/504/2842 3697/503/2841
f 3698/494/697 3700/492/2843 3696/496/2840
f 3699/504/2842 3696/496/2840 3701/492/2842
f 3702/491/2844 3700/492/2843 3698/494/697
f 3702/491/2844 3703/490/2845 3700/492/2843
f 3703/490/2845 3702/491/2844 3704/493/2846
f 3705/505/2847 3699/504/2842 3701/492/2842
f 3701/492/2842 3706/490/2848 3705/505/2847
f 3707/506/2849 3705/505/2847 3706/490/2848
f 3692/1436/2836 3695/504/2839 3708/1438/2850
f 3693/1437/2837 3692/1436/2836 3708/1438/2850
f 3708/1438/2850 3695/504/2839 3709/505/2851
f 3708/1438/2850 3710/1439/2852 3693/1437/2837
f 3708/1438/2850 3709/505/2851 3711/1440/2853
f 3709/505/2851 3712/1441/2677 3711/1440/2853
f 3712/1441/2677 3709/505/2851 3713/506/2677
f 3710/1439/2852 3708/1438/2850 3714/1440/2854
f 3714/1440/2854 3715/1442/2855 3710/1439/2852
f 3715/1442/2855 3714/1440/2854 3716/1441/2855
f 3717/102/2856 3718/107/2857 3719/104/2858
f 3718/107/2857 3717/102/2856 3720/109/2856
f 3717/102/2856 3721/110/2859 3720/109/2856
f 3718/107/2857 3722/105/2860 3719/104/2858
f 3723/108/2861 3722/105/2860 3718/107/2857
f 3724/100/2862 3721/110/2859 3717/102/2856
f 3722/105/2860 3725/103/2863 3719/104/2858
f 3725/103/2863 3722/105/2860 3726/106/129
f 3727/101/2864 3719/104/2858 3725/103/2863
f 3719/104/2858 3727/101/2864 3728/102/125
f 3728/102/125 3727/101/2864 3729/100/2865
f 3727/101/125 3730/100/123 3731/99/123
f 3724/100/2862 3732/56/2866 3721/110/2859
f 3724/100/2862 3733/482/2867 3732/56/2866
f 3724/100/2862 3734/479/2868 3733/482/2867
f 3734/479/2868 3724/100/2862 3735/480/2869
f 3736/99/2870 3735/480/2869 3724/100/2862
f 3735/480/2869 3736/99/2870 3737/483/681
f 3737/483/681 3738/481/2871 3735/480/2869
f 3734/479/2868 3735/480/2869 3738/481/2871
f 3738/481/2871 3737/483/681 3739/484/2872
f 3740/487/2873 3734/479/2868 3738/481/2871
f 3738/481/2871 3741/488/689 3740/487/2873
f 3741/488/689 3738/481/2871 3742/489/690
f 3743/486/686 3740/487/2873 3741/488/689
f 3744/485/2874 3734/479/2868 3740/487/2873
f 3740/487/2873 3743/486/686 3744/485/2874
f 3734/479/2868 3744/485/2874 3745/482/2875
f 3746/300/685 3744/485/2874 3743/486/686
f 3744/485/2874 3746/300/685 3747/301/2876
f 3744/485/2874 3748/56/2877 3745/482/2875
f 3744/485/2874 3749/54/2878 3748/56/2877
f 3744/485/2874 3750/301/2879 3749/54/2878
f 3750/301/2879 3751/53/2880 3749/54/2878
f 3752/294/2881 3751/53/2880 3750/301/2879
f 3751/53/2880 3752/294/2881 3753/50/2881
f 3754/295/2882 3753/50/2881 3752/294/2881
f 3753/50/2881 3754/295/2882 3755/49/2882
f 3756/296/2883 3755/49/2882 3754/295/2882
f 3755/49/2882 3756/296/2883 3757/47/2884
f 3756/296/2883 3758/7/2885 3757/47/2884
f 3759/8/2886 3758/7/2885 3756/296/2883
f 3760/297/2887 3759/8/2886 3756/296/2883
f 3759/8/2886 3760/297/2887 3761/10/382
f 3756/296/2883 3762/298/2888 3760/297/2887
f 3762/298/2888 3756/296/2883 3763/295/383
f 3764/294/385 3762/298/2888 3763/295/383
f 3762/298/2888 3764/294/385 3765/299/386
f 3765/299/386 3764/294/385 3766/300/2889
f 3767/301/387 3766/300/2889 3764/294/385
f 3768/1443/2890 3769/1247/2891 3770/1444/2891
f 3771/1445/2892 3770/1444/2891 3769/1247/2891
f 3769/1247/2891 3768/1443/2890 3772/1249/2890
f 3768/1443/2890 3773/1250/2893 3772/1249/2890
f 3774/1244/2892 3771/1445/2892 3769/1247/2891
f 3775/1446/2894 3771/1445/2892 3774/1244/2892
f 3776/1243/2894 3775/1446/2894 3774/1244/2892
f 3777/1242/2895 3775/1446/2894 3776/1243/2894
f 3775/1446/2894 3777/1242/2895 3778/1447/2895
f 3779/37/2896 3778/1447/2895 3777/1242/2895
f 3778/1447/2895 3779/37/2896 3780/38/2896
f 3781/1220/2897 3782/1448/2898 3783/1449/2899
f 3782/1448/2898 3781/1220/2897 3784/1221/2898
f 3782/1448/2898 3784/1221/2898 3785/1222/2900
f 3782/1448/2898 3785/1222/2900 3786/1230/2901
f 3783/1449/2899 3787/1219/2902 3781/1220/2897
f 3787/1219/2902 3783/1449/2899 3788/1450/2903
f 3788/1450/2903 3789/791/2904 3787/1219/2902
f 3789/791/2904 3788/1450/2903 3790/792/2905
f 3791/1220/2897 3792/1448/2898 3793/1221/2898
f 3793/1221/2898 3792/1448/2898 3794/1222/2900
f 3792/1448/2898 3795/1230/2900 3794/1222/2900
f 3792/1448/2898 3791/1220/2897 3796/1449/2899
f 3797/1219/2902 3796/1449/2899 3791/1220/2897
f 3796/1449/2899 3797/1219/2902 3798/1450/2902
f 3799/791/2904 3798/1450/2902 3797/1219/2902
f 3798/1450/2902 3799/791/2904 3800/792/2905
f 3801/1451/324 3802/1452/2906 3803/1453/2907
f 3801/1451/324 3803/1453/2907 3804/1454/2908
f 3803/1453/2907 3805/1455/2909 3804/1454/2908
f 3805/1455/2909 3803/1453/2907 3806/850/2910
f 3807/847/2911 3806/850/2910 3803/1453/2907
f 3803/1453/2907 3808/844/2912 3807/847/2911
f 3808/844/2912 3803/1453/2907 3802/1452/2906
f 3809/1456/2913 3802/1452/2906 3801/1451/324
f 3802/1452/2906 3810/843/2914 3808/844/2912
f 3809/1456/2913 3811/1457/2915 3802/1452/2906
f 3810/843/2914 3802/1452/2906 3811/1457/2915
f 3812/1458/2916 3811/1457/2915 3809/1456/2913
f 3811/1457/2915 3813/842/2917 3810/843/2914
f 3814/818/2918 3812/1458/2916 3815/819/2919
f 3812/1458/2916 3814/818/2918 3816/1459/2920
f 3812/1458/2916 3816/1459/2920 3811/1457/2915
f 3813/842/2917 3811/1457/2915 3816/1459/2920
f 3816/1459/2920 3817/821/2921 3813/842/2917
f 3817/821/2921 3816/1459/2920 3818/818/2922
f 3819/952/2923 3820/839/2924 3821/1460/2925
f 3820/839/2924 3819/952/2923 3822/841/2926
f 3821/1460/2925 3823/953/2927 3819/952/2923
f 3823/953/2927 3821/1460/2925 3824/1461/680
f 3825/1462/2928 3823/953/2927 3824/1461/680
f 3823/953/2927 3825/1462/2928 3826/954/2929
f 3827/1460/2925 3828/839/2924 3829/952/2923
f 3829/952/2923 3828/839/2924 3830/841/2926
f 3831/953/2930 3827/1460/2925 3829/952/2923
f 3832/1461/680 3827/1460/2925 3831/953/2930
f 3831/953/2930 3833/1462/2928 3832/1461/680
f 3833/1462/2928 3831/953/2930 3834/954/2931
f 3835/848/2932 3836/849/1267 3837/846/1264
f 3838/851/1267 3836/849/1267 3835/848/2932
f 3839/850/2933 3838/851/1267 3835/848/2932
f 3835/848/2932 3837/846/1264 2373/845/1832
f 2374/840/1257 2373/845/1832 3837/846/1264
f 3839/850/2933 3835/848/2932 3840/847/2934
f 3835/848/2932 2373/845/1832 3840/847/2934
f 3839/850/2933 3840/847/2934 3841/1453/2935
f 3841/1453/2935 3842/1455/2936 3839/850/2933
f 2373/845/1832 2371/844/1831 3840/847/2934
f 3842/1455/2936 3841/1453/2935 3843/1454/2908
f 3844/844/2937 3841/1453/2935 3840/847/2934
f 3845/1451/324 3843/1454/2908 3841/1453/2935
f 3846/1452/2938 3841/1453/2935 3844/844/2937
f 3846/1452/2938 3845/1451/324 3841/1453/2935
f 3847/843/2939 3846/1452/2938 3844/844/2937
f 3848/1456/2913 3845/1451/324 3846/1452/2938
f 3846/1452/2938 3847/843/2939 3849/1457/2940
f 3849/1457/2940 3848/1456/2913 3846/1452/2938
f 3850/842/2941 3849/1457/2940 3847/843/2939
f 3851/1458/2916 3848/1456/2913 3849/1457/2940
f 3849/1457/2940 3850/842/2941 3852/1459/2942
f 3852/1459/2942 3851/1458/2916 3849/1457/2940
f 3853/821/2943 3852/1459/2942 3850/842/2941
f 3852/1459/2942 3853/821/2943 3854/818/2944
f 3855/819/2918 3851/1458/2916 3852/1459/2942
f 3856/818/2919 3855/819/2918 3852/1459/2942
f 3857/374/2945 3858/1463/2946 3859/1464/2947
f 3858/1463/2946 3857/374/2945 3860/373/2948
f 3858/1463/2946 3860/373/2948 3861/371/2949
f 3857/374/2945 3859/1464/2947 3862/375/2950
f 3862/375/2950 3859/1464/2947 3863/1465/2951
f 3863/1465/2951 3864/376/2952 3862/375/2950
f 3864/376/2952 3863/1465/2951 3865/1466/2952
f 3865/1466/2952 3866/377/2953 3864/376/2952
f 3866/377/2953 3865/1466/2952 3867/1467/2953
f 3868/1468/1421 3866/377/2953 3867/1467/2953
f 3866/377/2953 3868/1468/1421 3869/378/2954
f 3870/379/2955 3869/378/2954 3868/1468/1421
f 3871/374/2956 3872/1463/2957 3873/373/2957
f 3873/373/2957 3872/1463/2957 3874/371/2958
f 3872/1463/2957 3871/374/2956 3875/1464/2959
f 3876/375/2960 3875/1464/2959 3871/374/2956
f 3875/1464/2959 3876/375/2960 3877/1465/2961
f 3878/376/2962 3877/1465/2961 3876/375/2960
f 3877/1465/2961 3878/376/2962 3879/1466/2962
f 3880/377/2963 3879/1466/2962 3878/376/2962
f 3879/1466/2962 3880/377/2963 3881/1467/2963
f 3880/377/2963 3882/1468/2964 3881/1467/2963
f 3882/1468/2964 3880/377/2963 3883/378/2964
f 3883/378/2964 3884/379/2965 3882/1468/2964
f 1239/580/928 1240/582/929 1218/583/915
f 1218/583/915 1694/581/1276 1239/580/928
f 659/363/488 1239/580/928 1694/581/1276
f 659/363/488 660/364/489 1239/580/928
f 659/363/488 1694/581/1276 3885/1469/2966
f 1694/581/1276 3886/1470/2967 3885/1469/2966
f 1694/581/1276 3887/586/2968 3886/1470/2967
f 659/363/488 3885/1469/2966 3888/1471/2969
f 3887/586/2968 3889/1472/2970 3886/1470/2967
f 3889/1472/2970 3887/586/2968 3890/589/2971
f 3890/589/2971 3891/1473/2972 3889/1472/2970
f 3890/589/2971 3892/594/2972 3891/1473/2972
f 3892/594/2972 3893/595/2973 3891/1473/2972
f 3888/1471/2969 3894/353/2969 659/363/488
f 3888/1471/2969 3895/352/2974 3894/353/2969
f 3895/352/2974 3888/1471/2969 3896/1474/2975
f 3896/1474/2975 3897/1475/2976 3895/352/2974
f 3898/779/2977 3895/352/2974 3897/1475/2976
f 3898/779/2977 3899/350/2978 3895/352/2974
f 3900/348/2979 3899/350/2978 3898/779/2977
f 3898/779/2977 3901/1476/2980 3900/348/2979
f 3900/348/2979 3901/1476/2980 3902/346/2981
f 3901/1476/2980 3903/1477/2982 3902/346/2981
f 3903/1477/2982 3904/344/2983 3902/346/2981
f 3904/344/2983 3903/1477/2982 3905/1478/2983
f 3905/1478/2983 3906/342/2984 3904/344/2983
f 3906/342/2984 3905/1478/2983 3907/1479/2985
f 3907/1479/2985 3908/341/2986 3906/342/2984
f 3908/341/2986 3907/1479/2985 3909/1480/2987
f 3910/1481/2988 3908/341/2986 3909/1480/2987
f 3908/341/2986 3910/1481/2988 3911/339/2989
f 3912/1482/2990 3911/339/2989 3910/1481/2988
f 3911/339/2989 3912/1482/2990 3913/337/2991
f 3912/1482/2990 3914/336/2992 3913/337/2991
f 3914/336/2992 3912/1482/2990 3915/1483/2993
f 3915/1483/2993 3916/335/2994 3914/336/2992
f 3916/335/2994 3915/1483/2993 3917/1484/2994
f 3917/1484/2994 3918/1485/2995 3916/335/2994
f 3919/213/2995 3916/335/2994 3918/1485/2995
f 3918/1485/2995 3920/210/2996 3919/213/2995
f 3920/210/2996 3918/1485/2995 3921/1486/2996
f 3921/1486/2996 607/204/446 3920/210/2996
f 607/204/446 3921/1486/2996 3922/1487/2997
f 3922/1487/2997 597/203/439 607/204/446
f 597/203/439 602/202/444 607/204/446
f 597/203/439 3922/1487/2997 598/332/440
f 3923/1488/2998 598/332/440 3922/1487/2997
f 3922/1487/2997 3924/1489/2999 3923/1488/2998
f 3924/1489/2999 3922/1487/2997 3925/1486/3000
f 598/332/440 3923/1488/2998 600/333/442
f 3925/1486/3000 3926/1490/3001 3924/1489/2999
f 3926/1490/3001 3925/1486/3000 3927/1485/3002
f 3927/1485/3002 3928/1491/3003 3926/1490/3001
f 3928/1491/3003 3927/1485/3002 3929/1484/3004
f 3929/1484/3004 3930/1492/3005 3928/1491/3003
f 3930/1492/3005 3929/1484/3004 3931/1483/3006
f 3931/1483/3006 3932/1493/3007 3930/1492/3005
f 3932/1493/3007 3931/1483/3006 3933/1482/3007
f 600/333/442 599/205/441 598/332/440
f 3934/1176/1881 3935/1171/1881 3936/1175/3008
f 3936/1175/3008 3935/1171/1881 3937/1169/1878
f 3936/1175/3008 3937/1169/1878 3938/1173/1878
f 3937/1169/1878 3939/1172/1877 3938/1173/1878
f 3940/636/3009 3941/635/3010 3942/637/3011
f 3943/638/3012 3942/637/3011 3941/635/3010
f 3941/635/3010 3940/636/3009 3944/639/3009
f 3945/640/3013 3944/639/3009 3940/636/3009
f 3944/639/3009 3945/640/3013 3946/641/3014
f 3945/640/3013 3947/642/3015 3946/641/3014
f 3948/643/3016 3946/641/3014 3947/642/3015
f 3948/643/3016 3947/642/3015 3949/644/3017
f 3949/644/3017 3950/645/2234 3948/643/3016
f 3950/645/2234 3949/644/3017 3951/646/3018
f 3941/635/3010 3952/1494/3019 3943/638/3012
f 3952/1494/3019 3953/1495/3020 3943/638/3012
f 3954/1496/3021 3952/1494/3019 3941/635/3010
f 3955/639/3021 3954/1496/3021 3941/635/3010
f 3956/641/3022 3954/1496/3021 3955/639/3021
f 3954/1496/3021 3956/641/3022 3957/1497/3022
f 3958/643/3023 3957/1497/3022 3956/641/3022
f 3957/1497/3022 3958/643/3023 3959/1498/3024
f 3960/1496/3021 3961/639/3021 3962/635/3025
f 3963/1497/3022 3961/639/3021 3960/1496/3021
f 3960/1496/3021 3962/635/3025 3964/1494/3019
f 3964/1494/3019 3962/635/3025 3965/638/3020
f 3964/1494/3019 3965/638/3020 3966/1495/3020
f 3963/1497/3022 3967/641/3022 3961/639/3021
f 3968/1498/3023 3967/641/3022 3963/1497/3022
f 3968/1498/3023 3969/643/3024 3967/641/3022
f 859/192/625 3970/190/3026 874/444/632
f 873/443/631 874/444/632 3971/715/3027
f 3972/189/3028 874/444/632 3970/190/3026
f 3973/707/3029 3971/715/3027 874/444/632
f 874/444/632 3972/189/3028 3974/707/3028
f 3971/715/3027 3973/707/3029 3975/716/1076
f 3976/187/3030 3974/707/3028 3972/189/3028
f 3977/633/3031 3975/716/1076 3973/707/3029
f 3974/707/3028 3976/187/3030 3977/633/3031
f 3975/716/1076 3977/633/3031 3978/717/3032
f 3977/633/3031 3976/187/3030 3979/439/3033
f 3979/439/3033 3980/631/3034 3977/633/3031
f 3980/631/3034 3979/439/3033 835/432/603
f 3981/634/3035 3978/717/3032 3977/633/3031
f 3977/633/3031 3980/631/3034 3981/634/3035
f 3982/708/1079 3978/717/3032 3981/634/3035
f 3978/717/3032 3982/708/1079 3983/718/3036
f 3984/710/3037 3983/718/3036 3982/708/1079
f 3983/718/3036 3984/710/3037 3985/719/1082
f 3986/712/1083 3985/719/1082 3984/710/3037
f 3985/719/1082 3986/712/1083 3987/720/1084
f 3988/714/3038 3987/720/1084 3986/712/1083
f 3981/634/3035 3980/631/3034 3989/632/3039
f 3980/631/3034 835/432/603 3989/632/3039
f 3990/708/3040 3981/634/3035 3989/632/3039
f 835/432/603 837/434/605 3989/632/3039
f 3989/632/3039 3991/709/3040 3990/708/3040
f 837/434/605 3992/709/3041 3989/632/3039
f 3993/710/3042 3990/708/3040 3991/709/3040
f 3992/709/3041 837/434/605 3994/733/3043
f 3991/709/3040 3995/711/3042 3993/710/3042
f 3994/733/3043 3996/711/3044 3992/709/3041
f 3997/712/3045 3993/710/3042 3995/711/3042
f 3996/711/3044 3994/733/3043 3998/731/3046
f 3995/711/3042 3999/713/3045 3997/712/3045
f 3998/731/3046 4000/713/3047 3996/711/3044
f 3999/713/3045 3988/714/3038 3997/712/3045
f 3988/714/3038 3999/713/3045 4001/724/3048
f 3988/714/3038 4001/724/3048 4002/722/3049
f 4002/722/3049 4003/721/3050 3988/714/3038
f 3987/720/1084 3988/714/3038 4003/721/3050
f 4003/721/3050 4002/722/3049 4004/723/1087
f 4000/713/3047 3998/731/3046 4005/729/3051
f 4005/729/3051 4006/724/3052 4000/713/3047
f 4006/724/3052 4005/729/3051 4007/727/3053
f 4007/727/3053 4008/722/3054 4006/724/3052
f 4007/727/3053 4009/725/3055 4008/722/3054
f 4009/725/3055 4010/726/1090 4008/722/3054
f 4007/727/3053 4011/728/1092 4009/725/3055
f 4011/728/1092 4007/727/3053 4005/729/3051
f 4005/729/3051 4012/730/1095 4011/728/1092
f 4012/730/1095 4005/729/3051 4013/731/3056
f 4013/731/3056 4014/732/1099 4012/730/1095
f 4014/732/1099 4013/731/3056 4015/733/1101
f 4015/733/1101 4016/734/1102 4014/732/1099
f 4016/734/1102 4015/733/1101 4017/434/732
f 4018/1369/3057 1322/150/983 1321/667/982
f 1322/150/983 4018/1369/3057 4019/152/3057
f 4018/1369/3057 4020/154/3058 4019/152/3057
f 4020/154/3058 4018/1369/3057 4021/1370/3058
f 4022/1300/3059 4023/1420/2786 4024/1421/2788
f 4023/1420/2786 4022/1300/3059 4025/1419/3060
f 4026/1301/3061 4025/1419/3060 4022/1300/3059
f 4025/1419/3060 4027/1418/2783 4023/1420/2786
f 4026/1301/3061 4028/1417/3062 4025/1419/3060
f 4027/1418/2783 4025/1419/3060 4028/1417/3062
f 4028/1417/3062 4026/1301/3061 3069/1303/2415
f 4028/1417/3062 3072/1358/2418 4027/1418/2783
f 3069/1303/2415 3068/1356/2414 4028/1417/3062
f 3072/1358/2418 4028/1417/3062 3068/1356/2414
f 4029/735/3063 841/438/609 4030/243/3064
f 844/240/612 4030/243/3064 841/438/609
f 4031/245/3065 4029/735/3063 4030/243/3064
f 4029/735/3063 4031/245/3065 4032/737/3065
f 4033/249/3066 4032/737/3065 4031/245/3065
f 4032/737/3065 4033/249/3066 4034/739/3067
f 4034/739/3067 4033/249/3066 4035/252/3068
f 4036/735/3069 839/436/607 841/438/609
f 4037/736/3070 839/436/607 4036/735/3069
f 4036/735/3069 4038/737/3070 4037/736/3070
f 4039/738/3071 4037/736/3070 4038/737/3070
f 4038/737/3070 4034/739/3067 4039/738/3071
f 4039/738/3071 4034/739/3067 4035/252/3068
f 4035/252/3068 4040/1499/3072 4039/738/3071
f 4040/1499/3072 4035/252/3068 4041/1500/3073
f 4042/1501/3074 4039/738/3071 4040/1499/3072
f 4039/738/3071 4042/1501/3074 4043/736/3075
f 4044/1502/3076 4043/736/3075 4042/1501/3074
f 4043/736/3075 4044/1502/3076 4045/436/3077
f 4046/1503/3078 4045/436/3077 4044/1502/3076
f 4045/436/3077 4046/1503/3078 4047/437/3079
f 4048/504/3080 4049/1438/3081 4050/505/3082
f 4050/505/3082 4051/1441/496 4052/506/496
f 4051/1441/496 4050/505/3082 4053/1440/3083
f 4049/1438/3081 4053/1440/3083 4050/505/3082
f 4054/1436/3084 4049/1438/3081 4048/504/3080
f 4048/504/3080 4055/503/3085 4054/1436/3084
f 4056/502/3086 4054/1436/3084 4055/503/3085
f 4054/1436/3084 4057/1437/2837 4049/1438/3081
f 4058/1439/2854 4049/1438/3081 4057/1437/2837
f 4049/1438/3081 4058/1439/2854 4059/1440/2854
f 4059/1440/2854 4058/1439/2854 4060/1441/2855
f 4058/1439/2854 4061/1442/2855 4060/1441/2855
f 4057/1437/2837 4054/1436/3084 4062/1435/3087
f 4054/1436/3084 4056/502/3086 4063/1434/3088
f 4063/1434/3088 4062/1435/3087 4054/1436/3084
f 4056/502/3086 4064/499/3089 4063/1434/3088
f 4062/1435/3087 4063/1434/3088 4065/1432/2829
f 4064/499/3089 4065/1432/2829 4063/1434/3088
f 4065/1432/2829 4064/499/3089 4066/1433/2830
f 4067/910/3090 4068/114/1363 4069/911/3091
f 4068/114/1363 4067/910/3090 4070/112/1363
f 4069/911/3091 4071/678/1365 4067/910/3090
f 4071/678/1365 4069/911/3091 4072/912/1365
f 4073/683/1366 4071/678/1365 4072/912/1365
f 3901/1476/2980 4074/1504/3092 3903/1477/2982
f 4075/1505/3093 4074/1504/3092 3901/1476/2980
f 3901/1476/2980 3898/779/2977 4075/1505/3093
f 4075/1505/3093 3898/779/2977 4076/776/3094
f 4075/1505/3093 4077/1506/3095 4074/1504/3092
f 4076/776/3094 4077/1506/3095 4075/1505/3093
f 4078/1507/3096 4077/1506/3095 4076/776/3094
f 4078/1507/3096 4074/1504/3092 4077/1506/3095
f 4078/1507/3096 4076/776/3094 4079/778/3097
f 4074/1504/3092 4078/1507/3096 4080/1508/3098
f 4080/1508/3098 4081/1477/3099 4074/1504/3092
f 4081/1477/3099 4080/1508/3098 4082/1509/3100
f 4082/1509/3100 4083/1478/3101 4081/1477/3099
f 4083/1478/3101 4082/1509/3100 4084/1510/3101
f 4085/1511/3102 4083/1478/3101 4084/1510/3101
f 4085/1511/3102 4086/1479/3102 4083/1478/3101
f 4087/1512/3103 4086/1479/3102 4085/1511/3102
f 4087/1512/3103 4088/1480/3104 4086/1479/3102
f 4087/1512/3103 4089/1481/3105 4088/1480/3104
f 4089/1481/3105 4087/1512/3103 4090/1513/3106
f 4091/1493/3107 4089/1481/3105 4090/1513/3106
f 4091/1493/3107 4092/1482/3105 4089/1481/3105
f 4093/1498/3108 4094/643/3108 4095/1514/3109
f 4096/645/3110 4095/1514/3109 4094/643/3108
f 4097/645/3109 4098/1498/3108 4099/1514/3110
f 4098/1498/3108 4097/645/3109 4100/643/3108
f 4101/1477/3111 4102/1476/3112 4103/346/3113
f 4104/344/3114 4101/1477/3111 4103/346/3113
f 4102/1476/3112 4105/348/3115 4103/346/3113
f 4106/1504/3116 4102/1476/3112 4101/1477/3111
f 4102/1476/3112 4107/779/3117 4105/348/3115
f 4107/779/3117 4102/1476/3112 4108/1505/3118
f 4107/779/3117 4108/1505/3118 4109/776/3119
f 4109/776/3119 4110/778/1187 4107/779/3117
f 4111/777/1187 4107/779/3117 4110/778/1187
f 4106/1504/3116 4112/1505/3120 4102/1476/3112
f 4113/1506/3121 4112/1505/3120 4106/1504/3116
f 4113/1506/3121 4114/776/3122 4112/1505/3120
f 4106/1504/3116 4115/1508/3098 4113/1506/3121
f 4113/1506/3121 4116/1507/3123 4114/776/3122
f 4116/1507/3123 4113/1506/3121 4115/1508/3098
f 4117/778/3097 4114/776/3122 4116/1507/3123
f 4118/1477/3124 4115/1508/3098 4106/1504/3116
f 4115/1508/3098 4118/1477/3124 4119/1509/3100
f 4120/1478/3101 4119/1509/3100 4118/1477/3124
f 4119/1509/3100 4120/1478/3101 4121/1510/2336
f 4122/1479/3102 4121/1510/2336 4120/1478/3101
f 4121/1510/2336 4122/1479/3102 4123/1511/3102
f 4124/1480/3125 4123/1511/3102 4122/1479/3102
f 4123/1511/3102 4124/1480/3125 4125/1512/3126
f 4126/1481/3127 4125/1512/3126 4124/1480/3125
f 4125/1512/3126 4126/1481/3127 4127/1513/3127
f 4128/1482/3107 4127/1513/3127 4126/1481/3127
f 4127/1513/3127 4128/1482/3107 4129/1493/3105
f 4130/1478/3114 4131/342/3128 4132/1479/3129
f 4131/342/3128 4130/1478/3114 4104/344/3114
f 4133/341/3130 4132/1479/3129 4131/342/3128
f 4101/1477/3111 4104/344/3114 4130/1478/3114
f 4132/1479/3129 4133/341/3130 4134/1480/3131
f 4133/341/3130 4135/1481/3132 4134/1480/3131
f 4135/1481/3132 4133/341/3130 4136/339/3132
f 4136/339/3132 4137/1482/3133 4135/1481/3132
f 4137/1482/3133 4136/339/3132 4138/337/3134
f 4139/336/3135 4137/1482/3133 4138/337/3134
f 4137/1482/3133 4139/336/3135 4140/1483/3135
f 4141/335/3136 4140/1483/3135 4139/336/3135
f 4140/1483/3135 4141/335/3136 4142/1484/3136
f 4143/1485/3137 4142/1484/3136 4141/335/3136
f 4141/335/3136 4144/213/3137 4143/1485/3137
f 4145/210/3138 4143/1485/3137 4144/213/3137
f 4143/1485/3137 4145/210/3138 4146/1486/3138
f 4147/204/3139 4146/1486/3138 4145/210/3138
f 4146/1486/3138 4147/204/3139 4148/1487/3140
f 4149/203/3141 4148/1487/3140 4147/204/3139
f 4148/1487/3140 4149/203/3141 4150/332/3142
f 4150/332/3142 4149/203/3141 4151/205/3143
f 4151/205/3143 4152/333/442 4150/332/3142
f 4152/333/442 4151/205/3143 4153/334/443
f 4154/1488/2998 4150/332/3142 4152/333/442
f 4150/332/3142 4154/1488/2998 4148/1487/3140
f 4155/1489/2999 4148/1487/3140 4154/1488/2998
f 4148/1487/3140 4155/1489/2999 4156/1486/3000
f 4157/1490/3001 4156/1486/3000 4155/1489/2999
f 4156/1486/3000 4157/1490/3001 4158/1485/3002
f 4159/1491/3144 4158/1485/3002 4157/1490/3001
f 4158/1485/3002 4159/1491/3144 4160/1484/3145
f 4161/1492/3146 4160/1484/3145 4159/1491/3144
f 4160/1484/3145 4161/1492/3146 4162/1483/3146
f 4162/1483/3146 4161/1492/3146 4163/1482/3007
f 4164/1493/3007 4163/1482/3007 4161/1492/3146
f 4165/968/3147 4166/964/3147 4167/1515/3148
f 4166/964/3147 4168/965/3149 4167/1515/3148
f 4169/964/3147 4170/968/3147 4171/1515/3148
f 4172/965/3149 4169/964/3147 4171/1515/3148
f 4173/1237/3150 161/98/122 146/95/107
f 4173/1237/3150 4174/1232/3151 161/98/122
f 4174/1232/3151 4173/1237/3150 4175/1235/3152
f 4175/1235/3152 4176/1234/3153 4174/1232/3151
f 4176/1234/3153 4177/1423/3154 4174/1232/3151
f 4176/1234/3153 4178/1252/3155 4177/1423/3154
f 4179/1422/3156 4177/1423/3154 4178/1252/3155
f 4180/1233/3157 4174/1232/3151 4177/1423/3154
f 4180/1233/3157 4181/98/3158 4174/1232/3151
f 4181/98/3158 4180/1233/3157 4182/1236/3159
f 4180/1233/3157 4177/1423/3154 4183/1231/3160
f 4177/1423/3154 4179/1422/3156 4183/1231/3160
f 4183/1231/3160 4179/1422/3156 4184/1428/2798
f 4185/1238/2090 4186/98/2090 4182/1236/2087
f 146/95/107 4187/1251/3161 4173/1237/3150
f 4173/1237/3150 4187/1251/3161 4188/744/3162
f 4188/744/3162 4189/1235/3163 4173/1237/3150
f 4190/742/3164 4189/1235/3163 4188/744/3162
f 4189/1235/3163 4190/742/3164 4191/1234/3164
f 4192/741/3165 4191/1234/3164 4190/742/3164
f 4191/1234/3164 4192/741/3165 4193/1252/3166
f 4187/1251/3161 1587/774/1183 4188/744/3162
f 4194/1253/3167 4193/1252/3166 4192/741/3165
f 4187/1251/3161 146/95/107 1553/748/1154
f 1553/748/1154 1587/774/1183 4187/1251/3161
f 4195/740/3168 4194/1253/3167 4196/741/3169
f 4194/1253/3167 4195/740/3168 4197/1258/3170
f 4193/1252/3166 4194/1253/3167 4198/1254/3171
f 4197/1258/3170 4199/1255/3172 4194/1253/3167
f 4199/1255/3172 4197/1258/3170 4200/1257/2154
f 4194/1253/3167 4199/1255/3172 4198/1254/3171
f 4198/1254/3171 4201/1422/3173 4193/1252/3166
f 4199/1255/3172 4202/1256/2152 4198/1254/3171
f 4203/1257/2152 4202/1256/2152 4199/1255/3172
f 4198/1254/3171 4204/1424/3174 4201/1422/3173
f 4198/1254/3171 4205/1425/3175 4204/1424/3174
f 4206/1428/2797 4201/1422/3173 4204/1424/3174
f 4206/1428/2797 4204/1424/3174 4207/1427/2796
f 4204/1424/3174 4208/1426/3176 4207/1427/2796
f 4208/1426/3176 4204/1424/3174 4209/1425/3177
f 4210/252/3178 4211/1499/3072 4212/1500/3073
f 4211/1499/3072 4210/252/3178 4213/738/3072
f 4213/738/3072 4214/1501/3179 4211/1499/3072
f 4214/1501/3179 4213/738/3072 4215/736/3075
f 4215/736/3075 4216/1502/3180 4214/1501/3179
f 4216/1502/3180 4215/736/3075 4217/436/3077
f 4217/436/3077 4218/1503/3078 4216/1502/3180
f 4218/1503/3078 4217/436/3077 4219/437/3079
f 4220/1475/3181 4221/1474/3182 4222/352/3183
f 4220/1475/3181 4222/352/3183 4223/779/3184
f 4224/1471/3185 4222/352/3183 4221/1474/3182
f 4225/350/3186 4223/779/3184 4222/352/3183
f 4225/350/3186 4226/348/3187 4223/779/3184
f 4222/352/3183 4224/1471/3185 4227/353/3185
f 4227/353/3185 4224/1471/3185 4228/363/3188
f 4224/1471/3185 4229/1469/3189 4228/363/3188
f 4230/581/3190 4228/363/3188 4229/1469/3189
f 4231/1470/3191 4230/581/3190 4229/1469/3189
f 4232/586/3192 4230/581/3190 4231/1470/3191
f 4233/1472/3193 4232/586/3192 4231/1470/3191
f 4234/589/3194 4232/586/3192 4233/1472/3193
f 4235/1473/3195 4234/589/3194 4233/1472/3193
f 4236/594/3196 4234/589/3194 4235/1473/3195
f 4237/595/3197 4236/594/3196 4235/1473/3195
f 4235/1473/3195 4238/1516/3198 4237/595/3197
f 4238/1516/3198 4235/1473/3195 4239/1517/3199
f 4239/1517/3199 4235/1473/3195 4240/1518/3200
f 4241/1472/3200 4240/1518/3200 4235/1473/3195
f 4231/1470/3191 4240/1518/3200 4241/1472/3200
f 4240/1518/3200 4231/1470/3191 4242/1519/3201
f 4229/1469/3189 4242/1519/3201 4231/1470/3191
f 4242/1519/3201 4229/1469/3189 4243/1520/3202
f 4244/1471/3203 4243/1520/3202 4229/1469/3189
f 4243/1520/3202 4244/1471/3203 4245/1521/3204
f 4246/1474/3205 4245/1521/3204 4244/1471/3203
f 4245/1521/3204 4246/1474/3205 4247/1522/3206
f 4247/1522/3206 4246/1474/3205 4248/1475/3207
f 4249/779/3208 4247/1522/3206 4248/1475/3207
f 4247/1522/3206 4249/779/3208 4250/777/3208
f 4251/700/3209 4252/699/3210 4253/1523/3211
f 4251/700/3209 4253/1523/3211 4254/1524/3212
f 4253/1523/3211 4252/699/3210 4255/704/3213
f 4256/1525/3214 4253/1523/3211 4255/704/3213
f 4256/1525/3214 4255/704/3213 4257/705/3214
f 4257/705/3214 4258/1526/3058 4256/1525/3214
f 4258/1526/3058 4257/705/3214 4259/706/3058
f 4260/1523/3215 4261/1527/3216 4254/1524/2576
f 4261/1527/3216 4260/1523/3215 4262/1528/3215
f 4263/1525/3217 4262/1528/3215 4260/1523/3215
f 4262/1528/3215 4263/1525/3217 4264/1529/3218
f 4265/1526/3219 4264/1529/3218 4263/1525/3217
f 4264/1529/3218 4265/1526/3219 4266/1530/3220
f 4267/699/3221 4268/700/3222 4269/1523/3223
f 4268/700/3222 4270/1524/3224 4269/1523/3223
f 4267/699/3221 4269/1523/3223 4271/704/3225
f 4272/1525/3226 4271/704/3225 4269/1523/3223
f 4271/704/3225 4272/1525/3226 4273/705/3226
f 4274/1526/2495 4273/705/3226 4272/1525/3226
f 4273/705/3226 4274/1526/2495 4275/706/2495
f 4276/1527/3227 4277/1523/3215 4270/1524/2584
f 4277/1523/3215 4276/1527/3227 4278/1528/3215
f 4278/1528/3215 4279/1525/3217 4277/1523/3215
f 4279/1525/3217 4278/1528/3215 4280/1529/3218
f 4280/1529/3218 4281/1526/3219 4279/1525/3217
f 4281/1526/3219 4280/1529/3218 4282/1530/3219
f 4283/1531/3228 4284/1463/3229 4285/1532/1202
f 4286/1464/1202 4285/1532/1202 4284/1463/3229
f 4285/1532/1202 4286/1464/1202 4287/1533/3230
f 4288/1465/3230 4287/1533/3230 4286/1464/1202
f 4289/1466/3231 4287/1533/3230 4288/1465/3230
f 4287/1533/3230 4289/1466/3231 4290/1534/3232
f 4291/1467/3233 4290/1534/3232 4289/1466/3231
f 4290/1534/3232 4291/1467/3233 4292/1535/3234
f 4292/1535/3234 4291/1467/3233 4293/1536/3235
f 4294/1468/3236 4293/1536/3235 4291/1467/3233
f 4295/1536/3235 4296/1468/3237 4297/1467/3238
f 4295/1536/3235 4297/1467/3238 4298/1535/3234
f 4297/1467/3238 4299/1534/3231 4298/1535/3234
f 4299/1534/3231 4297/1467/3238 4300/1466/3239
f 4299/1534/3231 4300/1466/3239 4301/1465/3230
f 4299/1534/3231 4301/1465/3230 4302/1533/3230
f 4301/1465/3230 4303/1532/1202 4302/1533/3230
f 4303/1532/1202 4301/1465/3230 4304/1464/1202
f 4304/1464/1202 4305/1531/696 4303/1532/1202
f 4305/1531/696 4304/1464/1202 4306/1463/3240
f 4307/1474/3205 4308/1522/3241 4309/1475/3242
f 4308/1522/3241 4310/779/3243 4309/1475/3242
f 4310/779/3243 4308/1522/3241 4311/777/3208
f 4307/1474/3205 4312/1521/3204 4308/1522/3241
f 4312/1521/3204 4307/1474/3205 4313/1471/3203
f 4313/1471/3203 4314/1520/3244 4312/1521/3204
f 4314/1520/3244 4313/1471/3203 4315/1469/3244
f 4315/1469/3244 4316/1519/3245 4314/1520/3244
f 4316/1519/3245 4315/1469/3244 4317/1470/3245
f 4317/1470/3245 4318/1518/3200 4316/1519/3245
f 4318/1518/3200 4317/1470/3245 4319/1472/3200
f 4318/1518/3200 4319/1472/3200 4320/1473/3246
f 4318/1518/3200 4320/1473/3246 4321/1517/3199
f 4321/1517/3199 4320/1473/3246 4322/595/3198
f 4321/1517/3199 4322/595/3198 4323/1516/3198
f 4324/1537/3247 4325/530/3248 4326/1538/3248
f 4325/530/3248 4324/1537/3247 4327/529/3247
f 4328/1539/3249 4327/529/3247 4324/1537/3247
f 4327/529/3247 4328/1539/3249 4329/528/3250
f 4330/1540/3251 4329/528/3250 4328/1539/3249
f 4329/528/3250 4330/1540/3251 4331/424/3252
f 4332/1538/3248 4333/530/3248 4334/529/3247
f 4332/1538/3248 4334/529/3247 4335/1537/3247
f 4335/1537/3247 4334/529/3247 4336/528/3249
f 4335/1537/3247 4336/528/3249 4337/1539/3250
f 4337/1539/3250 4336/528/3249 4338/424/3251
f 4337/1539/3250 4338/424/3251 4339/1540/3252
f 4340/1541/3253 4341/428/3254 4342/1542/3255
f 4343/427/3256 4342/1542/3255 4341/428/3254
f 4342/1542/3255 4343/427/3256 4344/1543/3257
f 4345/433/3258 4344/1543/3257 4343/427/3256
f 4341/428/3254 4340/1541/3253 4346/431/3259
f 4347/1544/3260 4346/431/3259 4340/1541/3253
f 4347/1544/3260 4348/434/3261 4346/431/3259
f 4348/434/3261 4347/1544/3260 4349/734/3261
f 4350/427/3256 4351/1541/3254 4352/1542/3262
f 4353/1543/3263 4350/427/3256 4352/1542/3262
f 4353/1543/3263 4354/433/3258 4350/427/3256
f 4351/1541/3254 4350/427/3256 4355/428/3253
f 4355/428/3253 4356/1544/3260 4351/1541/3254
f 4356/1544/3260 4355/428/3253 4357/431/3259
f 4358/434/3261 4356/1544/3260 4357/431/3259
f 4358/434/3261 4359/734/3261 4356/1544/3260
f 4360/691/3264 4361/689/3265 4362/1545/3264
f 4361/689/3265 4363/688/3265 4362/1545/3264
f 4364/689/3265 4365/691/3264 4366/1545/3264
f 4367/688/3265 4364/689/3265 4366/1545/3264
f 4368/558/3266 4369/547/3267 4370/556/3268
f 4371/548/3269 4369/547/3267 4368/558/3266
f 4370/556/3268 4372/559/783 4368/558/3266
f 4372/559/783 4370/556/3268 4373/557/784
f 4374/561/3270 4368/558/3266 4372/559/783
f 4371/548/3269 4368/558/3266 4375/560/3271
f 4368/558/3266 4374/561/3270 4375/560/3271
f 4371/548/3269 4375/560/3271 4376/550/3272
f 4377/563/790 4375/560/3271 4374/561/3270
f 4375/560/3271 4378/552/3273 4376/550/3272
f 4375/560/3271 4377/563/790 4379/562/3274
f 4378/552/3273 4375/560/3271 4379/562/3274
f 4380/564/3275 4379/562/3274 4377/563/790
f 4379/562/3274 4380/564/3275 4381/565/3276
f 4378/552/3273 4379/562/3274 4381/565/3276
f 4381/565/3276 4382/554/3277 4378/552/3273
f 4383/1364/3278 3561/385/2766 3563/290/2768
f 4384/384/3279 3561/385/2766 4383/1364/3278
f 3563/290/2768 4385/1546/3280 4383/1364/3278
f 4385/1546/3280 3563/290/2768 4386/289/3281
f 4387/1365/3282 4384/384/3279 4383/1364/3278
f 4383/1364/3278 4385/1546/3280 4388/1365/3283
f 4389/383/3282 4384/384/3279 4387/1365/3282
f 4390/1547/3284 4388/1365/3283 4385/1546/3280
f 4391/1548/3285 4388/1365/3283 4390/1547/3284
f 4388/1365/3283 4391/1548/3285 4392/1366/3285
f 4393/1366/3286 4389/383/3282 4387/1365/3282
f 4393/1366/3286 4394/382/3286 4389/383/3282
f 4393/1366/3286 715/380/519 4394/382/3286
f 4395/1367/3287 715/380/519 4393/1366/3286
f 4395/1367/3287 717/381/521 715/380/519
f 717/381/521 4395/1367/3287 4396/1368/3288
f 4397/1193/3289 4398/1195/3289 4399/1194/3289
f 4400/1195/3289 4401/1193/3289 4402/1194/3289
f 4403/1167/3290 4404/465/1873 4405/1168/3291
f 4404/465/1873 4403/1167/3290 4406/466/3292
f 4407/1165/3293 4403/1167/3290 4405/1168/3291
f 4407/1165/3293 4408/1158/3294 4403/1167/3290
f 4409/1547/3284 4410/1365/3283 4411/1366/3285
f 4409/1547/3284 4411/1366/3285 4412/1548/3285
f 4413/1546/3295 4410/1365/3283 4409/1547/3284
f 4413/1546/3295 4414/1364/3295 4410/1365/3283
f 4415/289/3281 4414/1364/3295 4413/1546/3295
f 4415/289/3281 4416/290/3281 4414/1364/3295
f 4417/1548/3296 4418/1366/3297 4419/1367/1196
f 4417/1548/3296 4419/1367/1196 4420/1549/3298
f 4420/1549/3298 4419/1367/1196 4421/1368/3299
f 4420/1549/3298 4421/1368/3299 4422/1430/3300
f 4423/1430/3300 4424/1368/3301 4425/1549/3298
f 4426/1367/1196 4425/1549/3298 4424/1368/3301
f 4425/1549/3298 4426/1367/1196 4427/1548/3296
f 4428/1366/3302 4427/1548/3296 4426/1367/1196
f 4429/673/3303 4430/1550/3304 4431/672/3305
f 4432/1551/3306 4431/672/3305 4430/1550/3304
f 4431/672/3305 4432/1551/3306 4433/667/3307
f 4430/1550/3304 4429/673/3303 4434/1552/3303
f 4435/674/3308 4434/1552/3303 4429/673/3303
f 4434/1552/3303 4435/674/3308 4436/1553/3309
f 4437/675/3310 4436/1553/3309 4435/674/3308
f 4436/1553/3309 4437/675/3310 4438/1554/3311
f 4439/406/3312 4438/1554/3311 4437/675/3310
f 4438/1554/3311 4439/406/3312 4440/1555/3313
f 4441/1552/3303 4442/673/3303 4443/672/3304
f 4444/1553/3308 4442/673/3303 4441/1552/3303
f 4441/1552/3303 4443/672/3304 4445/1550/3305
f 4445/1550/3305 4443/672/3304 4446/667/3306
f 4445/1550/3305 4446/667/3306 4447/1551/3307
f 4444/1553/3308 4448/674/3309 4442/673/3303
f 4449/1554/3310 4448/674/3309 4444/1553/3308
f 4449/1554/3310 4450/675/3311 4448/674/3309
f 4451/1555/3312 4450/675/3311 4449/1554/3310
f 4451/1555/3312 4452/406/3313 4450/675/3311
f 152/30/113 161/98/122 4453/1238/3314
f 4453/1238/3314 4454/28/3314 152/30/113
f 4455/1239/3315 4454/28/3314 4453/1238/3314
f 4454/28/3314 4455/1239/3315 4456/31/3315
f 4457/1240/3316 4456/31/3315 4455/1239/3315
f 4456/31/3315 4457/1240/3316 4458/35/3317
f 4459/1241/3318 4458/35/3317 4457/1240/3316
f 4458/35/3317 4459/1241/3318 4460/37/3319
f 4460/37/3319 4461/1447/3320 4462/38/3321
f 4461/1447/3320 4460/37/3319 4463/1242/3322
f 4460/37/3319 4459/1241/3318 4463/1242/3322
f 4463/1242/3322 4464/1446/3323 4461/1447/3320
f 4465/1243/3324 4463/1242/3322 4459/1241/3318
f 4464/1446/3323 4463/1242/3322 4466/1243/3323
f 4467/1244/3325 4465/1243/3324 4459/1241/3318
f 4464/1446/3323 4466/1243/3323 4468/1244/3326
f 4469/1245/3325 4467/1244/3325 4459/1241/3318
f 4464/1446/3323 4468/1244/3326 4470/1445/3326
f 4471/1246/3327 4467/1244/3325 4469/1245/3325
f 4470/1445/3326 4468/1244/3326 4472/1247/3328
f 4467/1244/3325 4471/1246/3327 4473/1247/3329
f 4470/1445/3326 4472/1247/3328 4474/1444/3328
f 4475/1248/3330 4473/1247/3329 4471/1246/3327
f 4472/1247/3328 4476/1443/3331 4474/1444/3328
f 4473/1247/3329 4475/1248/3330 4477/1249/3332
f 4476/1443/3331 4472/1247/3328 4477/1249/3332
f 4477/1249/3332 4475/1248/3330 4478/1250/2112
f 4478/1250/2112 4476/1443/3331 4477/1249/3332
f 4479/1256/3333 4480/1425/3334 4481/1426/3333
f 4480/1425/3334 4479/1256/3333 4482/1254/3334
f 4483/1425/3335 4484/1256/3336 4485/1426/3333
f 4484/1256/3336 4483/1425/3335 4486/1254/3335
f 4487/1556/3219 4488/1369/3337 4489/1557/3338
f 4488/1369/3337 4487/1556/3219 4490/1370/3219
f 4491/667/3339 4489/1557/3338 4488/1369/3337
f 4489/1557/3338 4491/667/3339 4492/1551/3340
f 4493/1369/3337 4494/1556/3220 4495/1557/3338
f 4494/1556/3220 4493/1369/3337 4496/1370/3219
f 4497/1551/3339 4493/1369/3337 4495/1557/3338
f 4497/1551/3339 4498/667/3340 4493/1369/3337
f 4499/1538/3341 4500/531/3342 4501/1099/3343
f 4500/531/3342 4499/1538/3341 4502/530/3341
f 4503/1099/3342 4504/531/3343 4505/530/3341
f 4503/1099/3342 4505/530/3341 4506/1538/3341
f 4507/1558/3344 4508/120/3345 4509/124/3345
f 4508/120/3345 4507/1558/3344 4510/119/3346
f 4511/122/3347 4510/119/3346 4507/1558/3344
f 4507/1558/3344 4512/1559/3347 4511/122/3347
f 4513/1560/3348 4511/122/3347 4512/1559/3347
f 4511/122/3347 4513/1560/3348 4514/135/3349
f 4514/135/3349 4513/1560/3348 4515/108/3350
f 4516/105/3351 4515/108/3350 4513/1560/3348
f 4517/1561/3352 4516/105/3351 4513/1560/3348
f 4516/105/3351 4517/1561/3352 4518/106/3353
f 4513/1560/3348 4519/1562/3354 4517/1561/3352
f 4519/1562/3354 4513/1560/3348 4520/1559/3354
f 4521/1558/3355 4519/1562/3354 4520/1559/3354
f 4519/1562/3354 4521/1558/3355 4522/1563/3356
f 4523/124/3357 4522/1563/3356 4521/1558/3355
f 4522/1563/3356 4523/124/3357 4524/1564/3358
f 4525/1558/3359 4526/120/3360 4527/119/3361
f 4526/120/3360 4525/1558/3359 4528/124/3360
f 4527/119/3361 4529/122/3362 4525/1558/3359
f 4525/1558/3359 4529/122/3362 4530/1559/3362
f 4529/122/3362 4531/1560/3363 4530/1559/3362
f 4531/1560/3363 4529/122/3362 4532/135/3364
f 4531/1560/3363 4532/135/3364 4533/108/3365
f 4533/108/3365 4534/105/3366 4531/1560/3363
f 4534/105/3366 4535/1561/3352 4531/1560/3363
f 4534/105/3366 4536/106/3353 4535/1561/3352
f 4531/1560/3363 4535/1561/3352 4537/1562/3354
f 4531/1560/3363 4537/1562/3354 4538/1559/3354
f 4537/1562/3354 4539/1558/3355 4538/1559/3354
f 4539/1558/3355 4537/1562/3354 4540/1563/3367
f 4540/1563/3367 4541/124/3368 4539/1558/3355
f 4541/124/3368 4540/1563/3367 4542/1564/3358
f 4543/39/3369 4544/43/3370 4545/41/47
f 4545/41/47 4546/16/3371 4543/39/3369
f 4546/16/3371 4545/41/47 4547/42/48
f 4544/43/3370 4543/39/3369 4548/40/50
f 4548/40/50 4549/44/3372 4544/43/3370
f 4549/44/3372 4548/40/50 4550/45/51
f 4551/1412/3373 4552/138/3374 4553/136/2719
f 4553/136/2719 4554/134/2721 4551/1412/3373
f 4554/134/2721 4553/136/2719 4555/133/2721
f 4552/138/3374 4551/1412/3373 4556/1410/2717
f 4556/1410/2717 4557/139/2718 4552/138/3374
f 4557/139/2718 4556/1410/2717 4558/1411/2718
f 4559/62/3375 4560/45/3376 4561/44/3376
f 4560/45/3376 4559/62/3375 4562/46/3376
f 4563/62/3375 4564/45/3376 4565/46/3377
f 4564/45/3376 4563/62/3375 4566/44/3376
